<?xml version="1.0" encoding="UTF-8"?>
<COLLADA xmlns="http://www.collada.org/2005/11/COLLADASchema" version="1.4.1">
    <asset>
        <contributor>
            <author>VCGLab</author>
            <authoring_tool>VCGLib | MeshLab</authoring_tool>
        </contributor>
        <created>Mon Jul 6 22:41:14 2026 GMT</created>
        <modified>Mon Jul 6 22:41:14 2026 GMT</modified>
        <up_axis>Y_UP</up_axis>
    </asset>
    <library_geometries>
        <geometry id="shape0-lib" name="shape0">
            <mesh>
                <source id="shape0-lib-positions" name="position">
                    <float_array id="shape0-lib-positions-array" count="19515">-0.0802881 -1.0265 0.0337453 -0.0802881 -1.0305 0.0337453 -0.0802881 -1.0265 0.0140453 -0.0802881 -1.0305 0.0130453 -0.0802881 -1.0065 0.0140453 -0.0802881 -1.0025 0.0130453 -0.0802881 -1.0065 0.0337453 -0.0802881 -1.0025 0.0337453 -0.140288 -1.0265 0.0140453 -0.140288 -1.0065 0.0140453 -0.140288 -1.0265 0.00504533 -0.140288 -1.0065 0.00504533 -0.0902881 -1.0065 0.0417453 -0.130288 -1.0065 0.0417453 -0.0902881 -1.0065 0.0377453 -0.130288 -1.0065 0.0377453 -0.130288 -1.0265 0.0417453 -0.0902881 -1.0265 0.0417453 -0.130288 -1.0265 0.0377453 -0.0902881 -1.0265 0.0377453 -0.0752881 -1.0025 0.0417453 -0.0781631 -1.0025 0.0417453 -0.0781631 -1.005 0.0417453 -0.139984 -1.00497 0.0417453 -0.139163 -1.005 0.0417453 -0.139117 -1.00367 0.0417453 -0.130288 -1.0075 0.0417453 -0.131163 -1.0075 0.0417453 -0.130288 -1.0165 0.0417453 -0.131163 -1.0165 0.0417453 -0.130288 -1.0255 0.0417453 -0.131163 -1.0255 0.0417453 -0.131163 -1.028 0.0417453 -0.0894131 -1.028 0.0417453 -0.0902881 -1.0255 0.0417453 -0.0894131 -1.0255 0.0417453 -0.0902881 -1.0165 0.0417453 -0.0894131 -1.0165 0.0417453 -0.0902881 -1.0075 0.0417453 -0.0894131 -1.0075 0.0417453 -0.0894131 -1.005 0.0417453 -0.137819 -1.0028 0.0417453 -0.136288 -1.0025 0.0417453 -0.131163 -1.0025 0.0417453 -0.131163 -1.005 0.0417453 -0.0894131 -1.0025 0.0417453 -0.0719221 -1.003 0.0417453 -0.0722881 -1.00337 0.0417453 -0.0702881 -1.005 0.0417453 -0.0727881 -1.0035 0.0417453 -0.0732881 -1.00337 0.0417453 -0.0717881 -1.0025 0.0417453 -0.0702881 -1.0025 0.0417453 -0.0719221 -1.002 0.0417453 -0.0706231 -1.00125 0.0417453 -0.0722881 -1.00163 0.0417453 -0.0715381 -1.00033 0.0417453 -0.0727881 -1.0015 0.0417453 -0.0727881 -1 0.0417453 -0.0732881 -1.00163 0.0417453 -0.0740381 -1.00033 0.0417453 -0.0736541 -1.002 0.0417453 -0.0749532 -1.00125 0.0417453 -0.0737881 -1.0025 0.0417453 -0.0736541 -1.003 0.0417453 -0.0781631 -1.0305 0.0417453 -0.0752881 -1.0305 0.0417453 -0.0702881 -1.028 0.0417453 -0.0737881 -1.0305 0.0417453 -0.0736541 -1.031 0.0417453 -0.0749532 -1.03175 0.0417453 -0.0732881 -1.03137 0.0417453 -0.0740381 -1.03267 0.0417453 -0.0727881 -1.0315 0.0417453 -0.0727881 -1.033 0.0417453 -0.0722881 -1.03137 0.0417453 -0.0715381 -1.03267 0.0417453 -0.0719221 -1.031 0.0417453 -0.0706231 -1.03175 0.0417453 -0.0717881 -1.0305 0.0417453 -0.0702881 -1.0305 0.0417453 -0.0719221 -1.03 0.0417453 -0.0722881 -1.02963 0.0417453 -0.0736541 -1.03 0.0417453 -0.0732881 -1.02963 0.0417453 -0.0727881 -1.0295 0.0417453 -0.139984 -1.02803 0.0417453 -0.139117 -1.02933 0.0417453 -0.139163 -1.028 0.0417453 -0.137819 -1.0302 0.0417453 -0.140288 -1.0265 0.0417453 -0.139163 -1.0255 0.0417453 -0.140288 -1.0255 0.0417453 -0.140288 -1.0165 0.0417453 -0.139163 -1.0165 0.0417453 -0.140288 -1.0075 0.0417453 -0.139163 -1.0075 0.0417453 -0.140288 -1.0065 0.0417453 -0.137027 -1.00925 0.0417453 -0.135756 -1.00859 0.0417453 -0.136432 -1.01416 0.0417453 -0.135038 -1.0145 0.0417453 -0.133644 -1.01416 0.0417453 -0.13432 -1.00859 0.0417453 -0.133049 -1.00925 0.0417453 -0.137507 -1.0132 0.0417453 -0.138016 -1.01186 0.0417453 -0.137843 -1.01044 0.0417453 -0.132233 -1.01044 0.0417453 -0.13206 -1.01186 0.0417453 -0.132569 -1.0132 0.0417453 -0.135038 -1.0245 0.0417453 -0.136432 -1.02416 0.0417453 -0.13432 -1.01859 0.0417453 -0.133049 -1.01925 0.0417453 -0.132233 -1.02044 0.0417453 -0.13206 -1.02186 0.0417453 -0.132569 -1.0232 0.0417453 -0.133644 -1.02416 0.0417453 -0.135756 -1.01859 0.0417453 -0.137027 -1.01925 0.0417453 -0.137507 -1.0232 0.0417453 -0.138016 -1.02186 0.0417453 -0.137843 -1.02044 0.0417453 -0.136288 -1.0305 0.0417453 -0.0875275 -1.00925 0.0417453 -0.0862561 -1.00859 0.0417453 -0.0880071 -1.0132 0.0417453 -0.0885163 -1.01186 0.0417453 -0.0883432 -1.01044 0.0417453 -0.0781631 -1.0075 0.0417453 -0.0848202 -1.00859 0.0417453 -0.0835488 -1.00925 0.0417453 -0.0827331 -1.01044 0.0417453 -0.0781631 -1.0165 0.0417453 -0.08256 -1.01186 0.0417453 -0.0830692 -1.0132 0.0417453 -0.084144 -1.01416 0.0417453 -0.0855381 -1.0145 0.0417453 -0.0869323 -1.01416 0.0417453 -0.0855381 -1.0245 0.0417453 -0.0869323 -1.02416 0.0417453 -0.0830692 -1.0232 0.0417453 -0.084144 -1.02416 0.0417453 -0.0781631 -1.0255 0.0417453 -0.0880071 -1.0232 0.0417453 -0.0885163 -1.02186 0.0417453 -0.0883432 -1.02044 0.0417453 -0.0875275 -1.01925 0.0417453 -0.0827331 -1.02044 0.0417453 -0.08256 -1.02186 0.0417453 -0.0862561 -1.01859 0.0417453 -0.0848202 -1.01859 0.0417453 -0.0835488 -1.01925 0.0417453 -0.0781631 -1.028 0.0417453 -0.131163 -1.0305 0.0417453 -0.0894131 -1.0305 0.0417453 -0.0702881 -1.0255 0.0417453 -0.0702881 -1.0165 0.0417453 -0.0702881 -1.0075 0.0417453 -0.140288 -1.0065 0.0377453 -0.140288 -1.0075 0.0377453 -0.140288 -1.0165 0.0377453 -0.140288 -1.0255 0.0377453 -0.140288 -1.0265 0.0377453 -0.0752881 -1.0305 0.00904533 -0.0762881 -1.0305 0.00904533 -0.0752881 -1.0305 0.00504533 -0.0778189 -1.0305 0.00934981 -0.136288 -1.0305 0.00504533 -0.0791166 -1.0305 0.0102169 -0.0799836 -1.0305 0.0115146 -0.136288 -1.0305 0.0337453 -0.135984 -1.0305 0.0352761 -0.133819 -1.0305 0.0183498 -0.135117 -1.0305 0.0192169 -0.135984 -1.0305 0.0205146 -0.136288 -1.0305 0.0220453 -0.135117 -1.0305 0.0365738 -0.133819 -1.0305 0.0374408 -0.132288 -1.0305 0.0377453 -0.0752881 -1.0305 0.0377453 -0.0762881 -1.0305 0.0377453 -0.131163 -1.0305 0.0377453 -0.0894131 -1.0305 0.0377453 -0.0882881 -1.0305 0.0377453 -0.0867574 -1.0305 0.0374408 -0.0854597 -1.0305 0.0365738 -0.0842881 -1.0305 0.0220453 -0.0842881 -1.0305 0.0337453 -0.0845926 -1.0305 0.0352761 -0.0799836 -1.0305 0.0352761 -0.0791166 -1.0305 0.0365738 -0.0778189 -1.0305 0.0374408 -0.0845926 -1.0305 0.0205146 -0.0854597 -1.0305 0.0192169 -0.0867574 -1.0305 0.0183498 -0.0882881 -1.0305 0.0180453 -0.132288 -1.0305 0.0180453 -0.135984 -1.0025 0.0352761 -0.136288 -1.0025 0.0337453 -0.135117 -1.0025 0.0365738 -0.0762881 -1.0025 0.00904533 -0.0752881 -1.0025 0.00904533 -0.0752881 -1.0025 0.00504533 -0.0752881 -1.0025 0.0377453 -0.0762881 -1.0025 0.0377453 -0.0778189 -1.0025 0.0374408 -0.0867574 -1.0025 0.0374408 -0.0882881 -1.0025 0.0377453 -0.135117 -1.0025 0.0192169 -0.136288 -1.0025 0.00504533 -0.135984 -1.0025 0.0205146 -0.136288 -1.0025 0.0220453 -0.0842881 -1.0025 0.0220453 -0.0842881 -1.0025 0.0337453 -0.0799836 -1.0025 0.0352761 -0.0845926 -1.0025 0.0352761 -0.0854597 -1.0025 0.0365738 -0.0867574 -1.0025 0.0183498 -0.0854597 -1.0025 0.0192169 -0.0845926 -1.0025 0.0205146 -0.0799836 -1.0025 0.0115146 -0.0791166 -1.0025 0.0102169 -0.0778189 -1.0025 0.00934981 -0.0791166 -1.0025 0.0365738 -0.0894131 -1.0025 0.0377453 -0.131163 -1.0025 0.0377453 -0.132288 -1.0025 0.0377453 -0.133819 -1.0025 0.0374408 -0.133819 -1.0025 0.0183498 -0.132288 -1.0025 0.0180453 -0.0882881 -1.0025 0.0180453 -0.113062 -1.01708 0.00504533 -0.113252 -1.01478 0.00504533 -0.0722881 -1.02963 0.00504533 -0.0727881 -1.0295 0.00504533 -0.0737881 -1.0025 0.00504533 -0.120038 -1.0095 0.00504533 -0.117765 -1.00988 0.00504533 -0.114178 -1.01267 0.00504533 -0.115739 -1.01098 0.00504533 -0.0702881 -1.0025 0.00504533 -0.0717881 -1.0025 0.00504533 -0.0706231 -1.00125 0.00504533 -0.0719221 -1.002 0.00504533 -0.0715381 -1.00033 0.00504533 -0.0722881 -1.00163 0.00504533 -0.0727881 -1 0.00504533 -0.0727881 -1.0015 0.00504533 -0.0740381 -1.00033 0.00504533 -0.0732881 -1.00163 0.00504533 -0.0749532 -1.00125 0.00504533 -0.0736541 -1.002 0.00504533 -0.126824 -1.01478 0.00504533 -0.127014 -1.01708 0.00504533 -0.126449 -1.01931 0.00504533 -0.0732881 -1.02963 0.00504533 -0.113628 -1.01931 0.00504533 -0.114888 -1.02124 0.00504533 -0.0719221 -1.03 0.00504533 -0.0736541 -1.003 0.00504533 -0.0717881 -1.0305 0.00504533 -0.0732881 -1.00337 0.00504533 -0.0727881 -1.0035 0.00504533 -0.125188 -1.02124 0.00504533 -0.12337 -1.02266 0.00504533 -0.0702881 -1.0305 0.00504533 -0.0722881 -1.00337 0.00504533 -0.0719221 -1.003 0.00504533 -0.0719221 -1.031 0.00504533 -0.0706231 -1.03175 0.00504533 -0.0722881 -1.03137 0.00504533 -0.0715381 -1.03267 0.00504533 -0.0727881 -1.0315 0.00504533 -0.0727881 -1.033 0.00504533 -0.0732881 -1.03137 0.00504533 -0.0740381 -1.03267 0.00504533 -0.0736541 -1.031 0.00504533 -0.0749532 -1.03175 0.00504533 -0.0737881 -1.0305 0.00504533 -0.0736541 -1.03 0.00504533 -0.139984 -1.00497 0.00504533 -0.125898 -1.01267 0.00504533 -0.139984 -1.02803 0.00504533 -0.139117 -1.02933 0.00504533 -0.137819 -1.0302 0.00504533 -0.12119 -1.0234 0.00504533 -0.118886 -1.0234 0.00504533 -0.116706 -1.02266 0.00504533 -0.122311 -1.00988 0.00504533 -0.124338 -1.01098 0.00504533 -0.137819 -1.0028 0.00504533 -0.139117 -1.00367 0.00504533 -0.133819 -1.0065 0.0374408 -0.132288 -1.0065 0.0377453 -0.139163 -1.0065 0.0377453 -0.0778189 -1.0065 0.0374408 -0.0762881 -1.0065 0.0377453 -0.0781631 -1.0065 0.0377453 -0.133819 -1.0065 0.0183498 -0.135117 -1.0065 0.0192169 -0.0867574 -1.0065 0.0374408 -0.0799836 -1.0065 0.0352761 -0.0791166 -1.0065 0.0365738 -0.135984 -1.0065 0.0352761 -0.135117 -1.0065 0.0365738 -0.0882881 -1.0065 0.0377453 -0.0845926 -1.0065 0.0205146 -0.0854597 -1.0065 0.0192169 -0.135984 -1.0065 0.0205146 -0.136288 -1.0065 0.0220453 -0.136288 -1.0065 0.0337453 -0.0854597 -1.0065 0.0365738 -0.0845926 -1.0065 0.0352761 -0.0842881 -1.0065 0.0337453 -0.0842881 -1.0065 0.0220453 -0.0867574 -1.0065 0.0183498 -0.0882881 -1.0065 0.0180453 -0.132288 -1.0065 0.0180453 -0.130288 -1.0255 0.0377453 -0.130288 -1.0165 0.0377453 -0.130288 -1.0075 0.0377453 -0.0781631 -1.0265 0.0377453 -0.0762881 -1.0265 0.0377453 -0.0778189 -1.0265 0.0374408 -0.139163 -1.0265 0.0377453 -0.132288 -1.0265 0.0377453 -0.133819 -1.0265 0.0374408 -0.0882881 -1.0265 0.0377453 -0.0791166 -1.0265 0.0365738 -0.0867574 -1.0265 0.0374408 -0.0799836 -1.0265 0.0352761 -0.0854597 -1.0265 0.0365738 -0.0867574 -1.0265 0.0183498 -0.0854597 -1.0265 0.0192169 -0.135984 -1.0265 0.0205146 -0.135117 -1.0265 0.0192169 -0.0845926 -1.0265 0.0205146 -0.0842881 -1.0265 0.0220453 -0.0842881 -1.0265 0.0337453 -0.0845926 -1.0265 0.0352761 -0.135117 -1.0265 0.0365738 -0.135984 -1.0265 0.0352761 -0.136288 -1.0265 0.0337453 -0.136288 -1.0265 0.0220453 -0.133819 -1.0265 0.0183498 -0.132288 -1.0265 0.0180453 -0.0882881 -1.0265 0.0180453 -0.0902881 -1.0075 0.0377453 -0.0902881 -1.0165 0.0377453 -0.0902881 -1.0255 0.0377453 -0.122683 -1.02014 0.0140453 -0.123935 -1.01875 0.0140453 -0.124513 -1.01697 0.0140453 -0.124318 -1.01511 0.0140453 -0.123382 -1.01349 0.0140453 -0.118208 -1.01239 0.0140453 -0.120038 -1.012 0.0140453 -0.121868 -1.01239 0.0140453 -0.116141 -1.01875 0.0140453 -0.117393 -1.02014 0.0140453 -0.119103 -1.0209 0.0140453 -0.120974 -1.0209 0.0140453 -0.116694 -1.01349 0.0140453 -0.115758 -1.01511 0.0140453 -0.115563 -1.01697 0.0140453 -0.0835488 -1.00925 0.0377453 -0.0848202 -1.00859 0.0377453 -0.0781631 -1.0075 0.0377453 -0.133049 -1.01925 0.0377453 -0.13432 -1.01859 0.0377453 -0.131163 -1.0165 0.0377453 -0.139163 -1.0075 0.0377453 -0.0894131 -1.0075 0.0377453 -0.0781631 -1.0255 0.0377453 -0.139163 -1.0255 0.0377453 -0.0702881 -1.005 0.0377453 -0.0702881 -1.0075 0.0377453 -0.0749532 -1.03175 0.0377453 -0.0736541 -1.03 0.0377453 -0.0732881 -1.02963 0.0377453 -0.0727881 -1.0295 0.0377453 -0.0722881 -1.02963 0.0377453 -0.0719221 -1.03 0.0377453 -0.0702881 -1.028 0.0377453 -0.0717881 -1.0305 0.0377453 -0.0702881 -1.0305 0.0377453 -0.0719221 -1.031 0.0377453 -0.0706231 -1.03175 0.0377453 -0.0722881 -1.03137 0.0377453 -0.0715381 -1.03267 0.0377453 -0.0727881 -1.0315 0.0377453 -0.0727881 -1.033 0.0377453 -0.0732881 -1.03137 0.0377453 -0.0740381 -1.03267 0.0377453 -0.0736541 -1.031 0.0377453 -0.0737881 -1.0305 0.0377453 -0.0732881 -1.00337 0.0377453 -0.0727881 -1.0035 0.0377453 -0.0736541 -1.003 0.0377453 -0.0722881 -1.00337 0.0377453 -0.0719221 -1.003 0.0377453 -0.0702881 -1.0025 0.0377453 -0.0717881 -1.0025 0.0377453 -0.0706231 -1.00125 0.0377453 -0.0719221 -1.002 0.0377453 -0.0715381 -1.00033 0.0377453 -0.0722881 -1.00163 0.0377453 -0.0727881 -1 0.0377453 -0.0727881 -1.0015 0.0377453 -0.0740381 -1.00033 0.0377453 -0.0732881 -1.00163 0.0377453 -0.0749532 -1.00125 0.0377453 -0.0736541 -1.002 0.0377453 -0.0737881 -1.0025 0.0377453 -0.0894131 -1.005 0.0377453 -0.131163 -1.005 0.0377453 -0.131163 -1.0075 0.0377453 -0.131163 -1.0255 0.0377453 -0.131163 -1.028 0.0377453 -0.0894131 -1.028 0.0377453 -0.0894131 -1.0255 0.0377453 -0.0894131 -1.0165 0.0377453 -0.139163 -1.0165 0.0377453 -0.136432 -1.02416 0.0377453 -0.135038 -1.0245 0.0377453 -0.133644 -1.02416 0.0377453 -0.135756 -1.01859 0.0377453 -0.137027 -1.01925 0.0377453 -0.137843 -1.02044 0.0377453 -0.138016 -1.02186 0.0377453 -0.137507 -1.0232 0.0377453 -0.132569 -1.0232 0.0377453 -0.13206 -1.02186 0.0377453 -0.132233 -1.02044 0.0377453 -0.138016 -1.01186 0.0377453 -0.137507 -1.0132 0.0377453 -0.137027 -1.00925 0.0377453 -0.137843 -1.01044 0.0377453 -0.13432 -1.00859 0.0377453 -0.133049 -1.00925 0.0377453 -0.132233 -1.01044 0.0377453 -0.135756 -1.00859 0.0377453 -0.13206 -1.01186 0.0377453 -0.132569 -1.0132 0.0377453 -0.136432 -1.01416 0.0377453 -0.135038 -1.0145 0.0377453 -0.133644 -1.01416 0.0377453 -0.0862561 -1.01859 0.0377453 -0.0875275 -1.01925 0.0377453 -0.0848202 -1.01859 0.0377453 -0.0781631 -1.0165 0.0377453 -0.0835488 -1.01925 0.0377453 -0.0883432 -1.02044 0.0377453 -0.0885163 -1.02186 0.0377453 -0.0880071 -1.0232 0.0377453 -0.084144 -1.02416 0.0377453 -0.0855381 -1.0245 0.0377453 -0.0869323 -1.02416 0.0377453 -0.0830692 -1.0232 0.0377453 -0.08256 -1.02186 0.0377453 -0.0827331 -1.02044 0.0377453 -0.0885163 -1.01186 0.0377453 -0.0880071 -1.0132 0.0377453 -0.0830692 -1.0132 0.0377453 -0.08256 -1.01186 0.0377453 -0.0875275 -1.00925 0.0377453 -0.0883432 -1.01044 0.0377453 -0.0862561 -1.00859 0.0377453 -0.0827331 -1.01044 0.0377453 -0.0869323 -1.01416 0.0377453 -0.0855381 -1.0145 0.0377453 -0.084144 -1.01416 0.0377453 -0.0702881 -1.0165 0.0377453 -0.0702881 -1.0255 0.0377453 -0.120038 -1.0095 0.0100453 -0.117765 -1.00988 0.0100453 -0.115739 -1.01098 0.0100453 -0.114178 -1.01267 0.0100453 -0.113252 -1.01478 0.0100453 -0.113062 -1.01708 0.0100453 -0.113628 -1.01931 0.0100453 -0.114888 -1.02124 0.0100453 -0.116706 -1.02266 0.0100453 -0.118886 -1.0234 0.0100453 -0.12119 -1.0234 0.0100453 -0.12337 -1.02266 0.0100453 -0.125188 -1.02124 0.0100453 -0.126449 -1.01931 0.0100453 -0.127014 -1.01708 0.0100453 -0.126824 -1.01478 0.0100453 -0.125898 -1.01267 0.0100453 -0.124338 -1.01098 0.0100453 -0.122311 -1.00988 0.0100453 -0.123382 -1.01349 0.0100453 -0.121868 -1.01239 0.0100453 -0.120038 -1.012 0.0100453 -0.118208 -1.01239 0.0100453 -0.116694 -1.01349 0.0100453 -0.115758 -1.01511 0.0100453 -0.115563 -1.01697 0.0100453 -0.116141 -1.01875 0.0100453 -0.122683 -1.02014 0.0100453 -0.123935 -1.01875 0.0100453 -0.124513 -1.01697 0.0100453 -0.124318 -1.01511 0.0100453 -0.117393 -1.02014 0.0100453 -0.119103 -1.0209 0.0100453 -0.120974 -1.0209 0.0100453 -0.0749532 -1.03175 0.00904533 -0.0740381 -1.03267 0.00904533 -0.0727881 -1.033 0.00904533 -0.0715381 -1.03267 0.00904533 -0.0706231 -1.03175 0.00904533 -0.0702881 -1.0305 0.00904533 -0.0702881 -1.0025 0.00904533 -0.0706231 -1.00125 0.00904533 -0.0715381 -1.00033 0.00904533 -0.0727881 -1 0.00904533 -0.0740381 -1.00033 0.00904533 -0.0749532 -1.00125 0.00904533 -0.0727881 -1.0295 0.00904533 -0.0722881 -1.02963 0.00904533 -0.0719221 -1.03 0.00904533 -0.0717881 -1.0305 0.00904533 -0.0719221 -1.031 0.00904533 -0.0722881 -1.03137 0.00904533 -0.0727881 -1.0315 0.00904533 -0.0732881 -1.03137 0.00904533 -0.0736541 -1.031 0.00904533 -0.0737881 -1.0305 0.00904533 -0.0736541 -1.03 0.00904533 -0.0732881 -1.02963 0.00904533 -0.0727881 -1.0015 0.00904533 -0.0722881 -1.00163 0.00904533 -0.0719221 -1.002 0.00904533 -0.0717881 -1.0025 0.00904533 -0.0719221 -1.003 0.00904533 -0.0722881 -1.00337 0.00904533 -0.0727881 -1.0035 0.00904533 -0.0732881 -1.00337 0.00904533 -0.0736541 -1.003 0.00904533 -0.0737881 -1.0025 0.00904533 -0.0736541 -1.002 0.00904533 -0.0732881 -1.00163 0.00904533 -0.120634 -1.01356 0.0564453 -0.12046 -1.01303 0.0564453 -0.120163 -1.0135 0.0564453 -0.120038 -1.015 0.0564453 -0.119897 -1.013 0.0564453 -0.11965 -1.01505 0.0564453 -0.11968 -1.01352 0.0564453 -0.119288 -1.0152 0.0564453 -0.119207 -1.01362 0.0564453 -0.118589 -1.01611 0.0564453 -0.118739 -1.01575 0.0564453 -0.1192 -1.01362 0.0564453 -0.118797 -1.01323 0.0564453 -0.118756 -1.01379 0.0564453 -0.121012 -1.01314 0.0564453 -0.120642 -1.01356 0.0564453 -0.121098 -1.01369 0.0564453 -0.121099 -1.01544 0.0564453 -0.120426 -1.01505 0.0564453 -0.120155 -1.0135 0.0564453 -0.120788 -1.0152 0.0564453 -0.119338 -1.01307 0.0564453 -0.119673 -1.01352 0.0564453 -0.118977 -1.01544 0.0564453 -0.121535 -1.0139 0.0564453 -0.121539 -1.01334 0.0564453 -0.121106 -1.0137 0.0564453 -0.118538 -1.0165 0.0564453 -0.118749 -1.01379 0.0564453 -0.118337 -1.01403 0.0564453 -0.118288 -1.01347 0.0564453 -0.118331 -1.01403 0.0564453 -0.117825 -1.01379 0.0564453 -0.117963 -1.01433 0.0564453 -0.121541 -1.0139 0.0564453 -0.117957 -1.01434 0.0564453 -0.117418 -1.01418 0.0564453 -0.117642 -1.01469 0.0564453 -0.122797 -1.01532 0.0564453 -0.123137 -1.01487 0.0564453 -0.122576 -1.0149 0.0564453 -0.122286 -1.01451 0.0564453 -0.122281 -1.01451 0.0564453 -0.122026 -1.01362 0.0564453 -0.121932 -1.01417 0.0564453 -0.121938 -1.01418 0.0564453 -0.122463 -1.01398 0.0564453 -0.118589 -1.01689 0.0564453 -0.118739 -1.01725 0.0564453 -0.117637 -1.0147 0.0564453 -0.117384 -1.0151 0.0564453 -0.11708 -1.01463 0.0564453 -0.122281 -1.01849 0.0564453 -0.122286 -1.01849 0.0564453 -0.121487 -1.01611 0.0564453 -0.122836 -1.0144 0.0564453 -0.122572 -1.01489 0.0564453 -0.122952 -1.01721 0.0564453 -0.118749 -1.01921 0.0564453 -0.118756 -1.01921 0.0564453 -0.120788 -1.0178 0.0564453 -0.121938 -1.01882 0.0564453 -0.122463 -1.01902 0.0564453 -0.123029 -1.01626 0.0564453 -0.123028 -1.01625 0.0564453 -0.1228 -1.01533 0.0564453 -0.122836 -1.0186 0.0564453 -0.122572 -1.01811 0.0564453 -0.119207 -1.01938 0.0564453 -0.121099 -1.01756 0.0564453 -0.119338 -1.01993 0.0564453 -0.119673 -1.01948 0.0564453 -0.122576 -1.0181 0.0564453 -0.123137 -1.01813 0.0564453 -0.122797 -1.01768 0.0564453 -0.123538 -1.0165 0.0564453 -0.123029 -1.01674 0.0564453 -0.123028 -1.01675 0.0564453 -0.123493 -1.01706 0.0564453 -0.123358 -1.01539 0.0564453 -0.12295 -1.01578 0.0564453 -0.122952 -1.01579 0.0564453 -0.123493 -1.01594 0.0564453 -0.11738 -1.01511 0.0564453 -0.116818 -1.01513 0.0564453 -0.117194 -1.01555 0.0564453 -0.117637 -1.0183 0.0564453 -0.117642 -1.01831 0.0564453 -0.120038 -1.018 0.0564453 -0.1192 -1.01938 0.0564453 -0.118797 -1.01977 0.0564453 -0.121337 -1.01575 0.0564453 -0.1228 -1.01767 0.0564453 -0.117191 -1.01745 0.0564453 -0.117194 -1.01745 0.0564453 -0.11965 -1.01795 0.0564453 -0.117384 -1.0179 0.0564453 -0.11708 -1.01837 0.0564453 -0.118337 -1.01897 0.0564453 -0.118288 -1.01953 0.0564453 -0.11968 -1.01948 0.0564453 -0.121337 -1.01725 0.0564453 -0.120634 -1.01944 0.0564453 -0.120642 -1.01944 0.0564453 -0.121487 -1.01689 0.0564453 -0.121535 -1.0191 0.0564453 -0.121541 -1.0191 0.0564453 -0.121538 -1.0165 0.0564453 -0.12295 -1.01722 0.0564453 -0.123358 -1.01761 0.0564453 -0.117963 -1.01867 0.0564453 -0.120426 -1.01795 0.0564453 -0.12046 -1.01997 0.0564453 -0.120163 -1.0195 0.0564453 -0.120155 -1.0195 0.0564453 -0.119897 -1.02 0.0564453 -0.121539 -1.01966 0.0564453 -0.121106 -1.0193 0.0564453 -0.121098 -1.01931 0.0564453 -0.121012 -1.01986 0.0564453 -0.121932 -1.01883 0.0564453 -0.122026 -1.01938 0.0564453 -0.117957 -1.01866 0.0564453 -0.117418 -1.01882 0.0564453 -0.118331 -1.01897 0.0564453 -0.117825 -1.01921 0.0564453 -0.118977 -1.01756 0.0564453 -0.117191 -1.01555 0.0564453 -0.117078 -1.01699 0.0564453 -0.11664 -1.01734 0.0564453 -0.11738 -1.01789 0.0564453 -0.116818 -1.01787 0.0564453 -0.117038 -1.0165 0.0564453 -0.117038 -1.0165 0.0564453 -0.119288 -1.0178 0.0564453 -0.116549 -1.01622 0.0564453 -0.117076 -1.01602 0.0564453 -0.117078 -1.01601 0.0564453 -0.11664 -1.01566 0.0564453 -0.117076 -1.01698 0.0564453 -0.116549 -1.01678 0.0564453 -0.118538 -1.0165 0.0614453 -0.118589 -1.01689 0.0614453 -0.118739 -1.01725 0.0614453 -0.118977 -1.01756 0.0614453 -0.119288 -1.0178 0.0614453 -0.11965 -1.01795 0.0614453 -0.120038 -1.018 0.0614453 -0.120426 -1.01795 0.0614453 -0.120788 -1.0178 0.0614453 -0.121099 -1.01756 0.0614453 -0.121337 -1.01725 0.0614453 -0.121487 -1.01689 0.0614453 -0.121538 -1.0165 0.0614453 -0.123029 -1.01674 0.0614453 -0.123028 -1.01675 0.0614453 -0.122952 -1.01721 0.0614453 -0.12295 -1.01722 0.0614453 -0.1228 -1.01767 0.0614453 -0.122797 -1.01768 0.0614453 -0.122576 -1.0181 0.0614453 -0.122572 -1.01811 0.0614453 -0.122286 -1.01849 0.0614453 -0.122281 -1.01849 0.0614453 -0.121938 -1.01882 0.0614453 -0.121932 -1.01883 0.0614453 -0.121541 -1.0191 0.0614453 -0.121535 -1.0191 0.0614453 -0.121106 -1.0193 0.0614453 -0.121098 -1.01931 0.0614453 -0.120642 -1.01944 0.0614453 -0.120634 -1.01944 0.0614453 -0.120163 -1.0195 0.0614453 -0.120155 -1.0195 0.0614453 -0.11968 -1.01948 0.0614453 -0.119673 -1.01948 0.0614453 -0.119207 -1.01938 0.0614453 -0.1192 -1.01938 0.0614453 -0.118756 -1.01921 0.0614453 -0.118749 -1.01921 0.0614453 -0.118337 -1.01897 0.0614453 -0.118331 -1.01897 0.0614453 -0.117963 -1.01867 0.0614453 -0.117957 -1.01866 0.0614453 -0.117642 -1.01831 0.0614453 -0.117637 -1.0183 0.0614453 -0.117384 -1.0179 0.0614453 -0.11738 -1.01789 0.0614453 -0.117194 -1.01745 0.0614453 -0.117191 -1.01745 0.0614453 -0.117078 -1.01699 0.0614453 -0.117076 -1.01698 0.0614453 -0.117038 -1.0165 0.0614453 -0.117038 -1.0165 0.0614453 -0.117076 -1.01602 0.0614453 -0.117078 -1.01601 0.0614453 -0.117191 -1.01555 0.0614453 -0.117194 -1.01555 0.0614453 -0.11738 -1.01511 0.0614453 -0.117384 -1.0151 0.0614453 -0.117637 -1.0147 0.0614453 -0.117642 -1.01469 0.0614453 -0.117957 -1.01434 0.0614453 -0.117963 -1.01433 0.0614453 -0.118331 -1.01403 0.0614453 -0.118337 -1.01403 0.0614453 -0.118749 -1.01379 0.0614453 -0.118756 -1.01379 0.0614453 -0.1192 -1.01362 0.0614453 -0.119207 -1.01362 0.0614453 -0.119673 -1.01352 0.0614453 -0.11968 -1.01352 0.0614453 -0.120155 -1.0135 0.0614453 -0.120163 -1.0135 0.0614453 -0.120634 -1.01356 0.0614453 -0.120642 -1.01356 0.0614453 -0.121098 -1.01369 0.0614453 -0.121106 -1.0137 0.0614453 -0.121535 -1.0139 0.0614453 -0.121541 -1.0139 0.0614453 -0.121932 -1.01417 0.0614453 -0.121938 -1.01418 0.0614453 -0.122281 -1.01451 0.0614453 -0.122286 -1.01451 0.0614453 -0.122572 -1.01489 0.0614453 -0.122576 -1.0149 0.0614453 -0.122797 -1.01532 0.0614453 -0.1228 -1.01533 0.0614453 -0.123028 -1.01625 0.0614453 -0.123029 -1.01626 0.0614453 -0.119897 -1.02 0.0614453 -0.123137 -1.01487 0.0614453 -0.11965 -1.01505 0.0614453 -0.11708 -1.01463 0.0614453 -0.121012 -1.01314 0.0614453 -0.122463 -1.01902 0.0614453 -0.12046 -1.01303 0.0614453 -0.119897 -1.013 0.0614453 -0.120038 -1.015 0.0614453 -0.120426 -1.01505 0.0614453 -0.12295 -1.01578 0.0614453 -0.120788 -1.0152 0.0614453 -0.122952 -1.01579 0.0614453 -0.123137 -1.01813 0.0614453 -0.12046 -1.01997 0.0614453 -0.122026 -1.01362 0.0614453 -0.121539 -1.01334 0.0614453 -0.11708 -1.01837 0.0614453 -0.11664 -1.01734 0.0614453 -0.116818 -1.01513 0.0614453 -0.123493 -1.01706 0.0614453 -0.119338 -1.01307 0.0614453 -0.118797 -1.01323 0.0614453 -0.116549 -1.01678 0.0614453 -0.123358 -1.01539 0.0614453 -0.117418 -1.01418 0.0614453 -0.122836 -1.0144 0.0614453 -0.122463 -1.01398 0.0614453 -0.119338 -1.01993 0.0614453 -0.121099 -1.01544 0.0614453 -0.122026 -1.01938 0.0614453 -0.121487 -1.01611 0.0614453 -0.121012 -1.01986 0.0614453 -0.121539 -1.01966 0.0614453 -0.118288 -1.01347 0.0614453 -0.117825 -1.01379 0.0614453 -0.116549 -1.01622 0.0614453 -0.11664 -1.01566 0.0614453 -0.123538 -1.0165 0.0614453 -0.123493 -1.01594 0.0614453 -0.121337 -1.01575 0.0614453 -0.122836 -1.0186 0.0614453 -0.118797 -1.01977 0.0614453 -0.118288 -1.01953 0.0614453 -0.117418 -1.01882 0.0614453 -0.117825 -1.01921 0.0614453 -0.116818 -1.01787 0.0614453 -0.123358 -1.01761 0.0614453 -0.119288 -1.0152 0.0614453 -0.118977 -1.01544 0.0614453 -0.118739 -1.01575 0.0614453 -0.118589 -1.01611 0.0614453 -0.0935381 -1.00838 0.0140453 -0.0937881 -1.00838 0.0141123 -0.0937328 -1.00795 0.0141123 -0.0939711 -1.00838 0.0142953 -0.0939095 -1.00791 0.0142953 -0.0940381 -1.00838 0.0145453 -0.0939742 -1.00789 0.0145453 -0.0937869 -1.00744 0.0145453 -0.0937289 -1.00747 0.0142953 -0.0934889 -1.00705 0.0145453 -0.0934416 -1.0071 0.0142953 -0.0931006 -1.00675 0.0145453 -0.0930671 -1.00681 0.0142953 -0.0926484 -1.00656 0.0145453 -0.0926311 -1.00663 0.0142953 -0.0921631 -1.0065 0.0145453 -0.0921631 -1.00657 0.0142953 -0.0916778 -1.00656 0.0145453 -0.0916952 -1.00663 0.0142953 -0.0912256 -1.00675 0.0145453 -0.0912591 -1.00681 0.0142953 -0.0908373 -1.00705 0.0145453 -0.0908847 -1.0071 0.0142953 -0.0905393 -1.00744 0.0145453 -0.0905973 -1.00747 0.0142953 -0.090352 -1.00789 0.0145453 -0.0904167 -1.00791 0.0142953 -0.0902881 -1.00838 0.0145453 -0.0903551 -1.00838 0.0142953 -0.0935704 -1.00756 0.0141123 -0.0933122 -1.00723 0.0141123 -0.0929756 -1.00697 0.0141123 -0.0925837 -1.00681 0.0141123 -0.0921631 -1.00675 0.0141123 -0.0917425 -1.00681 0.0141123 -0.0913506 -1.00697 0.0141123 -0.0910141 -1.00723 0.0141123 -0.0907558 -1.00756 0.0141123 -0.0905935 -1.00795 0.0141123 -0.0905381 -1.00838 0.0141123 -0.0934913 -1.00802 0.0140453 -0.0933539 -1.00769 0.0140453 -0.0931354 -1.0074 0.0140453 -0.0928506 -1.00718 0.0140453 -0.092519 -1.00705 0.0140453 -0.0921631 -1.007 0.0140453 -0.0918072 -1.00705 0.0140453 -0.0914756 -1.00718 0.0140453 -0.0911909 -1.0074 0.0140453 -0.0909723 -1.00769 0.0140453 -0.090835 -1.00802 0.0140453 -0.0907881 -1.00838 0.0140453 -0.0935381 -1.02462 0.0140453 -0.0937881 -1.02462 0.0141123 -0.0937328 -1.0242 0.0141123 -0.0939711 -1.02462 0.0142953 -0.0939095 -1.02416 0.0142953 -0.0940381 -1.02462 0.0145453 -0.0939742 -1.02414 0.0145453 -0.0937869 -1.02369 0.0145453 -0.0937289 -1.02372 0.0142953 -0.0934889 -1.0233 0.0145453 -0.0934416 -1.02335 0.0142953 -0.0931006 -1.023 0.0145453 -0.0930671 -1.02306 0.0142953 -0.0926484 -1.02281 0.0145453 -0.0926311 -1.02288 0.0142953 -0.0921631 -1.02275 0.0145453 -0.0921631 -1.02282 0.0142953 -0.0916778 -1.02281 0.0145453 -0.0916952 -1.02288 0.0142953 -0.0912256 -1.023 0.0145453 -0.0912591 -1.02306 0.0142953 -0.0908373 -1.0233 0.0145453 -0.0908847 -1.02335 0.0142953 -0.0905393 -1.02369 0.0145453 -0.0905973 -1.02372 0.0142953 -0.090352 -1.02414 0.0145453 -0.0904167 -1.02416 0.0142953 -0.0902881 -1.02462 0.0145453 -0.0903551 -1.02462 0.0142953 -0.0935704 -1.02381 0.0141123 -0.0933122 -1.02348 0.0141123 -0.0929756 -1.02322 0.0141123 -0.0925837 -1.02306 0.0141123 -0.0921631 -1.023 0.0141123 -0.0917425 -1.02306 0.0141123 -0.0913506 -1.02322 0.0141123 -0.0910141 -1.02348 0.0141123 -0.0907558 -1.02381 0.0141123 -0.0905935 -1.0242 0.0141123 -0.0905381 -1.02462 0.0141123 -0.0934913 -1.02427 0.0140453 -0.0933539 -1.02394 0.0140453 -0.0931354 -1.02365 0.0140453 -0.0928506 -1.02343 0.0140453 -0.092519 -1.0233 0.0140453 -0.0921631 -1.02325 0.0140453 -0.0918072 -1.0233 0.0140453 -0.0914756 -1.02343 0.0140453 -0.0911909 -1.02365 0.0140453 -0.0909723 -1.02394 0.0140453 -0.090835 -1.02427 0.0140453 -0.0907881 -1.02462 0.0140453 -0.129788 -1.00838 0.0140453 -0.130038 -1.00838 0.0141123 -0.129983 -1.00795 0.0141123 -0.130221 -1.00838 0.0142953 -0.13016 -1.00791 0.0142953 -0.130288 -1.00838 0.0145453 -0.130224 -1.00789 0.0145453 -0.130037 -1.00744 0.0145453 -0.129979 -1.00747 0.0142953 -0.129739 -1.00705 0.0145453 -0.129692 -1.0071 0.0142953 -0.129351 -1.00675 0.0145453 -0.129317 -1.00681 0.0142953 -0.128898 -1.00656 0.0145453 -0.128881 -1.00663 0.0142953 -0.128413 -1.0065 0.0145453 -0.128413 -1.00657 0.0142953 -0.127928 -1.00656 0.0145453 -0.127945 -1.00663 0.0142953 -0.127476 -1.00675 0.0145453 -0.127509 -1.00681 0.0142953 -0.127087 -1.00705 0.0145453 -0.127135 -1.0071 0.0142953 -0.126789 -1.00744 0.0145453 -0.126847 -1.00747 0.0142953 -0.126602 -1.00789 0.0145453 -0.126667 -1.00791 0.0142953 -0.126538 -1.00838 0.0145453 -0.126605 -1.00838 0.0142953 -0.12982 -1.00756 0.0141123 -0.129562 -1.00723 0.0141123 -0.129226 -1.00697 0.0141123 -0.128834 -1.00681 0.0141123 -0.128413 -1.00675 0.0141123 -0.127993 -1.00681 0.0141123 -0.127601 -1.00697 0.0141123 -0.127264 -1.00723 0.0141123 -0.127006 -1.00756 0.0141123 -0.126843 -1.00795 0.0141123 -0.126788 -1.00838 0.0141123 -0.129741 -1.00802 0.0140453 -0.129604 -1.00769 0.0140453 -0.129385 -1.0074 0.0140453 -0.129101 -1.00718 0.0140453 -0.128769 -1.00705 0.0140453 -0.128413 -1.007 0.0140453 -0.128057 -1.00705 0.0140453 -0.127726 -1.00718 0.0140453 -0.127441 -1.0074 0.0140453 -0.127222 -1.00769 0.0140453 -0.127085 -1.00802 0.0140453 -0.127038 -1.00838 0.0140453 -0.129788 -1.02462 0.0140453 -0.130038 -1.02462 0.0141123 -0.129983 -1.0242 0.0141123 -0.130221 -1.02462 0.0142953 -0.13016 -1.02416 0.0142953 -0.130288 -1.02462 0.0145453 -0.130224 -1.02414 0.0145453 -0.130037 -1.02369 0.0145453 -0.129979 -1.02372 0.0142953 -0.129739 -1.0233 0.0145453 -0.129692 -1.02335 0.0142953 -0.129351 -1.023 0.0145453 -0.129317 -1.02306 0.0142953 -0.128898 -1.02281 0.0145453 -0.128881 -1.02288 0.0142953 -0.128413 -1.02275 0.0145453 -0.128413 -1.02282 0.0142953 -0.127928 -1.02281 0.0145453 -0.127945 -1.02288 0.0142953 -0.127476 -1.023 0.0145453 -0.127509 -1.02306 0.0142953 -0.127087 -1.0233 0.0145453 -0.127135 -1.02335 0.0142953 -0.126789 -1.02369 0.0145453 -0.126847 -1.02372 0.0142953 -0.126602 -1.02414 0.0145453 -0.126667 -1.02416 0.0142953 -0.126538 -1.02462 0.0145453 -0.126605 -1.02462 0.0142953 -0.12982 -1.02381 0.0141123 -0.129562 -1.02348 0.0141123 -0.129226 -1.02322 0.0141123 -0.128834 -1.02306 0.0141123 -0.128413 -1.023 0.0141123 -0.127993 -1.02306 0.0141123 -0.127601 -1.02322 0.0141123 -0.127264 -1.02348 0.0141123 -0.127006 -1.02381 0.0141123 -0.126843 -1.0242 0.0141123 -0.126788 -1.02462 0.0141123 -0.129741 -1.02427 0.0140453 -0.129604 -1.02394 0.0140453 -0.129385 -1.02365 0.0140453 -0.129101 -1.02343 0.0140453 -0.128769 -1.0233 0.0140453 -0.128413 -1.02325 0.0140453 -0.128057 -1.0233 0.0140453 -0.127726 -1.02343 0.0140453 -0.127441 -1.02365 0.0140453 -0.127222 -1.02394 0.0140453 -0.127085 -1.02427 0.0140453 -0.127038 -1.02462 0.0140453 -0.0929862 -1.00668 0.0154786 -0.0935123 -1.00706 0.0154799 -0.0935289 -1.00705 0.015516 -0.0929853 -1.00669 0.0154453 -0.0931006 -1.00675 0.0154453 -0.0930134 -1.00661 0.0155435 -0.093006 -1.00663 0.0155393 -0.0935548 -1.00702 0.0155391 -0.0929992 -1.00664 0.0155309 -0.0929927 -1.00666 0.015516 -0.0935796 -1.007 0.0155453 -0.0930291 -1.0066 0.0155453 -0.0930229 -1.0066 0.0155452 -0.0940134 -1.00768 0.0155453 -0.0941381 -1.00838 0.0155453 -0.093981 -1.0077 0.0155391 -0.0941035 -1.00838 0.0155391 -0.0939471 -1.00771 0.015516 -0.0940674 -1.00838 0.015516 -0.0939255 -1.00772 0.0154799 -0.0940443 -1.00838 0.0154799 -0.0939197 -1.00772 0.0154453 -0.0940381 -1.00838 0.0154453 -0.0935079 -1.00707 0.0154453 -0.0937869 -1.00744 0.0154453 -0.0904309 -1.02379 0.0155309 -0.090449 -1.0238 0.015516 -0.0907356 -1.02336 0.015516 -0.0904721 -1.0238 0.0154786 -0.090478 -1.0238 0.0154453 -0.0905393 -1.02369 0.0154453 -0.0907529 -1.02338 0.0154799 -0.0903881 -1.02376 0.0155453 -0.0903903 -1.02377 0.0155452 -0.0907085 -1.02334 0.0155391 -0.0904013 -1.02377 0.0155435 -0.090415 -1.02378 0.0155393 -0.0941035 -1.02462 0.0155391 -0.0941381 -1.02462 0.0155453 -0.0940224 -1.02407 0.0155391 -0.0940555 -1.02406 0.0155453 -0.0936273 -1.02335 0.0155391 -0.0936534 -1.02333 0.0155453 -0.0929709 -1.02286 0.0155391 -0.0929853 -1.02283 0.0155453 -0.0921704 -1.02268 0.0155391 -0.0921705 -1.02265 0.0155453 -0.0913685 -1.02285 0.0155391 -0.0913544 -1.02282 0.0155453 -0.0906826 -1.02332 0.0155453 -0.0940381 -1.02462 0.0154453 -0.0940443 -1.02462 0.0154799 -0.0939597 -1.02409 0.0154453 -0.0939656 -1.02409 0.0154799 -0.0937869 -1.02369 0.0154453 -0.0935826 -1.02339 0.0154799 -0.0929462 -1.02291 0.0154799 -0.0931006 -1.023 0.0154453 -0.0935779 -1.02339 0.0154453 -0.0907575 -1.02338 0.0154453 -0.0912256 -1.023 0.0154453 -0.0913928 -1.02291 0.0154799 -0.0913953 -1.02291 0.0154453 -0.0921701 -1.02274 0.0154799 -0.0921701 -1.02275 0.0154453 -0.0929436 -1.02292 0.0154453 -0.0940674 -1.02462 0.015516 -0.0939878 -1.02408 0.015516 -0.0936 -1.02338 0.015516 -0.0929558 -1.02289 0.015516 -0.0921702 -1.02272 0.015516 -0.0913833 -1.02289 0.015516 -0.125038 -1.0165 0.0545453 -0.125052 -1.0165 0.0544953 -0.124962 -1.01737 0.0545453 -0.124975 -1.01737 0.0544953 -0.124737 -1.01821 0.0545453 -0.124749 -1.01821 0.0544953 -0.124368 -1.019 0.0545453 -0.12438 -1.01901 0.0544953 -0.123868 -1.01971 0.0545453 -0.123879 -1.01972 0.0544953 -0.123252 -1.02033 0.0545453 -0.123261 -1.02034 0.0544953 -0.122538 -1.02083 0.0545453 -0.122545 -1.02084 0.0544953 -0.121748 -1.0212 0.0545453 -0.121753 -1.02121 0.0544953 -0.120906 -1.02142 0.0545453 -0.120909 -1.02144 0.0544953 -0.120038 -1.0215 0.0545453 -0.120038 -1.02151 0.0544953 -0.11917 -1.02142 0.0545453 -0.119168 -1.02144 0.0544953 -0.118328 -1.0212 0.0545453 -0.118323 -1.02121 0.0544953 -0.117538 -1.02083 0.0545453 -0.117531 -1.02084 0.0544953 -0.116824 -1.02033 0.0545453 -0.116816 -1.02034 0.0544953 -0.116208 -1.01971 0.0545453 -0.116198 -1.01972 0.0544953 -0.115708 -1.019 0.0545453 -0.115696 -1.01901 0.0544953 -0.11534 -1.01821 0.0545453 -0.115327 -1.01821 0.0544953 -0.115114 -1.01737 0.0545453 -0.115101 -1.01737 0.0544953 -0.115038 -1.0165 0.0545453 -0.115025 -1.0165 0.0544953 -0.125088 -1.0165 0.0544587 -0.125011 -1.01738 0.0544587 -0.124784 -1.01823 0.0544587 -0.124412 -1.01902 0.0544587 -0.123907 -1.01975 0.0544587 -0.123284 -1.02037 0.0544587 -0.122563 -1.02087 0.0544587 -0.121765 -1.02125 0.0544587 -0.120915 -1.02147 0.0544587 -0.120038 -1.02155 0.0544587 -0.119161 -1.02147 0.0544587 -0.118311 -1.02125 0.0544587 -0.117513 -1.02087 0.0544587 -0.116792 -1.02037 0.0544587 -0.11617 -1.01975 0.0544587 -0.115665 -1.01902 0.0544587 -0.115293 -1.01823 0.0544587 -0.115065 -1.01738 0.0544587 -0.114988 -1.0165 0.0544587 -0.125138 -1.0165 0.0544453 -0.125061 -1.01739 0.0544453 -0.124831 -1.01824 0.0544453 -0.124455 -1.01905 0.0544453 -0.123945 -1.01978 0.0544453 -0.123316 -1.02041 0.0544453 -0.122588 -1.02092 0.0544453 -0.121782 -1.02129 0.0544453 -0.120924 -1.02152 0.0544453 -0.120038 -1.0216 0.0544453 -0.119153 -1.02152 0.0544453 -0.118294 -1.02129 0.0544453 -0.117488 -1.02092 0.0544453 -0.11676 -1.02041 0.0544453 -0.116131 -1.01978 0.0544453 -0.115621 -1.01905 0.0544453 -0.115246 -1.01824 0.0544453 -0.115016 -1.01739 0.0544453 -0.114938 -1.0165 0.0544453 -0.125038 -1.0165 0.0563453 -0.125025 -1.0165 0.0563953 -0.124949 -1.01563 0.0563953 -0.124988 -1.0165 0.0564319 -0.124913 -1.01564 0.0564319 -0.124938 -1.0165 0.0564453 -0.124864 -1.01565 0.0564453 -0.124643 -1.01482 0.0564453 -0.12469 -1.01481 0.0564319 -0.124282 -1.01405 0.0564453 -0.124325 -1.01402 0.0564319 -0.123792 -1.01335 0.0564453 -0.12383 -1.01332 0.0564319 -0.123188 -1.01275 0.0564453 -0.12322 -1.01271 0.0564319 -0.122488 -1.01226 0.0564453 -0.122513 -1.01221 0.0564319 -0.121714 -1.0119 0.0564453 -0.121731 -1.01185 0.0564319 -0.120889 -1.01167 0.0564453 -0.120898 -1.01163 0.0564319 -0.120038 -1.0116 0.0564453 -0.120038 -1.01155 0.0564319 -0.119187 -1.01167 0.0564453 -0.119179 -1.01163 0.0564319 -0.118362 -1.0119 0.0564453 -0.118345 -1.01185 0.0564319 -0.117588 -1.01226 0.0564453 -0.117563 -1.01221 0.0564319 -0.116888 -1.01275 0.0564453 -0.116856 -1.01271 0.0564319 -0.116285 -1.01335 0.0564453 -0.116246 -1.01332 0.0564319 -0.115795 -1.01405 0.0564453 -0.115751 -1.01402 0.0564319 -0.115434 -1.01482 0.0564453 -0.115387 -1.01481 0.0564319 -0.115213 -1.01565 0.0564453 -0.115163 -1.01564 0.0564319 -0.115138 -1.0165 0.0564453 -0.115088 -1.0165 0.0564319 -0.124724 -1.01479 0.0563953 -0.124357 -1.01401 0.0563953 -0.123858 -1.01329 0.0563953 -0.123243 -1.01268 0.0563953 -0.122531 -1.01218 0.0563953 -0.121744 -1.01181 0.0563953 -0.120904 -1.01159 0.0563953 -0.120038 -1.01151 0.0563953 -0.119172 -1.01159 0.0563953 -0.118333 -1.01181 0.0563953 -0.117545 -1.01218 0.0563953 -0.116833 -1.01268 0.0563953 -0.116218 -1.01329 0.0563953 -0.11572 -1.01401 0.0563953 -0.115352 -1.01479 0.0563953 -0.115127 -1.01563 0.0563953 -0.115052 -1.0165 0.0563953 -0.124962 -1.01563 0.0563453 -0.124737 -1.01479 0.0563453 -0.124368 -1.014 0.0563453 -0.123868 -1.01329 0.0563453 -0.123252 -1.01267 0.0563453 -0.122538 -1.01217 0.0563453 -0.121748 -1.0118 0.0563453 -0.120906 -1.01158 0.0563453 -0.120038 -1.0115 0.0563453 -0.11917 -1.01158 0.0563453 -0.118328 -1.0118 0.0563453 -0.117538 -1.01217 0.0563453 -0.116824 -1.01267 0.0563453 -0.116208 -1.01329 0.0563453 -0.115708 -1.014 0.0563453 -0.11534 -1.01479 0.0563453 -0.115114 -1.01563 0.0563453 -0.115038 -1.0165 0.0563453 -0.0832098 -1.00923 0.0446453 -0.083177 -1.00925 0.0446453 -0.0832002 -1.00922 0.0446953 -0.0831718 -1.00924 0.0446953 -0.0831739 -1.0092 0.0447319 -0.0831576 -1.00921 0.0447319 -0.0831381 -1.00916 0.0447453 -0.0831381 -1.00926 0.0446453 -0.0831381 -1.00925 0.0446953 -0.0831381 -1.00921 0.0447319 -0.0888881 -1.0115 0.0417453 -0.0888381 -1.0115 0.0417587 -0.0887459 -1.01227 0.0417587 -0.0888015 -1.0115 0.0417953 -0.0887103 -1.01227 0.0417953 -0.0887881 -1.0115 0.0418453 -0.0886973 -1.01226 0.0418453 -0.08843 -1.01298 0.0418453 -0.0884419 -1.01299 0.0417953 -0.088001 -1.01362 0.0418453 -0.0880112 -1.01363 0.0417953 -0.0874345 -1.01414 0.0418453 -0.0874423 -1.01415 0.0417953 -0.0867619 -1.01451 0.0418453 -0.086767 -1.01452 0.0417953 -0.086021 -1.01471 0.0418453 -0.086023 -1.01473 0.0417953 -0.0852531 -1.01474 0.0418453 -0.0852519 -1.01475 0.0417953 -0.0845011 -1.01458 0.0418453 -0.0844968 -1.01459 0.0417953 -0.0838071 -1.01425 0.0418453 -0.0837999 -1.01426 0.0417953 -0.0832098 -1.01377 0.0418453 -0.0832002 -1.01378 0.0417953 -0.0884745 -1.01301 0.0417587 -0.0880389 -1.01365 0.0417587 -0.0874636 -1.01418 0.0417587 -0.0867807 -1.01456 0.0417587 -0.0860284 -1.01476 0.0417587 -0.0852487 -1.01479 0.0417587 -0.0844851 -1.01463 0.0417587 -0.0837804 -1.01429 0.0417587 -0.0831739 -1.0138 0.0417587 -0.0887945 -1.01229 0.0417453 -0.088519 -1.01303 0.0417453 -0.0880768 -1.01369 0.0417453 -0.0874928 -1.01422 0.0417453 -0.0867996 -1.0146 0.0417453 -0.0860358 -1.01481 0.0417453 -0.0852443 -1.01484 0.0417453 -0.0844692 -1.01467 0.0417453 -0.0837538 -1.01434 0.0417453 -0.0831381 -1.01384 0.0417453 -0.0887881 -1.0115 0.0446453 -0.0888015 -1.0115 0.0446953 -0.0887103 -1.01227 0.0446953 -0.0888381 -1.0115 0.0447319 -0.0887459 -1.01227 0.0447319 -0.0888881 -1.0115 0.0447453 -0.0887945 -1.01229 0.0447453 -0.088519 -1.01303 0.0447453 -0.0884745 -1.01301 0.0447319 -0.0880768 -1.01369 0.0447453 -0.0880389 -1.01365 0.0447319 -0.0874928 -1.01422 0.0447453 -0.0874636 -1.01418 0.0447319 -0.0867996 -1.0146 0.0447453 -0.0867807 -1.01456 0.0447319 -0.0860358 -1.01481 0.0447453 -0.0860284 -1.01476 0.0447319 -0.0852443 -1.01484 0.0447453 -0.0852487 -1.01479 0.0447319 -0.0844692 -1.01467 0.0447453 -0.0844851 -1.01463 0.0447319 -0.0837538 -1.01434 0.0447453 -0.0837804 -1.01429 0.0447319 -0.0831381 -1.01384 0.0447453 -0.0831739 -1.0138 0.0447319 -0.0884419 -1.01299 0.0446953 -0.0880112 -1.01363 0.0446953 -0.0874423 -1.01415 0.0446953 -0.086767 -1.01452 0.0446953 -0.086023 -1.01473 0.0446953 -0.0852519 -1.01475 0.0446953 -0.0844968 -1.01459 0.0446953 -0.0837999 -1.01426 0.0446953 -0.0832002 -1.01378 0.0446953 -0.0886973 -1.01226 0.0446453 -0.08843 -1.01298 0.0446453 -0.088001 -1.01362 0.0446453 -0.0874345 -1.01414 0.0446453 -0.0867619 -1.01451 0.0446453 -0.086021 -1.01471 0.0446453 -0.0852531 -1.01474 0.0446453 -0.0845011 -1.01458 0.0446453 -0.0838071 -1.01425 0.0446453 -0.0832098 -1.01377 0.0446453 -0.083177 -1.01375 0.0418453 -0.0831718 -1.01376 0.0417953 -0.0831576 -1.01379 0.0417587 -0.0831381 -1.01374 0.0418453 -0.0831381 -1.01375 0.0417953 -0.0831381 -1.01379 0.0417587 -0.0832098 -1.01923 0.0446453 -0.083177 -1.01925 0.0446453 -0.0832002 -1.01922 0.0446953 -0.0831718 -1.01924 0.0446953 -0.0831739 -1.0192 0.0447319 -0.0831576 -1.01921 0.0447319 -0.0831381 -1.01916 0.0447453 -0.0831381 -1.01926 0.0446453 -0.0831381 -1.01925 0.0446953 -0.0831381 -1.01921 0.0447319 -0.0888881 -1.0215 0.0417453 -0.0888381 -1.0215 0.0417587 -0.0887459 -1.02227 0.0417587 -0.0888015 -1.0215 0.0417953 -0.0887103 -1.02227 0.0417953 -0.0887881 -1.0215 0.0418453 -0.0886973 -1.02226 0.0418453 -0.08843 -1.02298 0.0418453 -0.0884419 -1.02299 0.0417953 -0.088001 -1.02362 0.0418453 -0.0880112 -1.02363 0.0417953 -0.0874345 -1.02414 0.0418453 -0.0874423 -1.02415 0.0417953 -0.0867619 -1.02451 0.0418453 -0.086767 -1.02452 0.0417953 -0.086021 -1.02471 0.0418453 -0.086023 -1.02473 0.0417953 -0.0852531 -1.02474 0.0418453 -0.0852519 -1.02475 0.0417953 -0.0845011 -1.02458 0.0418453 -0.0844968 -1.02459 0.0417953 -0.0838071 -1.02425 0.0418453 -0.0837999 -1.02426 0.0417953 -0.0832098 -1.02377 0.0418453 -0.0832002 -1.02378 0.0417953 -0.0884745 -1.02301 0.0417587 -0.0880389 -1.02365 0.0417587 -0.0874636 -1.02418 0.0417587 -0.0867807 -1.02456 0.0417587 -0.0860284 -1.02476 0.0417587 -0.0852487 -1.02479 0.0417587 -0.0844851 -1.02463 0.0417587 -0.0837804 -1.02429 0.0417587 -0.0831739 -1.0238 0.0417587 -0.0887945 -1.02229 0.0417453 -0.088519 -1.02303 0.0417453 -0.0880768 -1.02369 0.0417453 -0.0874928 -1.02422 0.0417453 -0.0867996 -1.0246 0.0417453 -0.0860358 -1.02481 0.0417453 -0.0852443 -1.02484 0.0417453 -0.0844692 -1.02467 0.0417453 -0.0837538 -1.02434 0.0417453 -0.0831381 -1.02384 0.0417453 -0.0845011 -1.02458 0.0446453 -0.0848724 -1.02468 0.0446453 -0.0848709 -1.02469 0.0446836 -0.086021 -1.02471 0.0446453 -0.0867619 -1.02451 0.0446453 -0.0867648 -1.02452 0.0446836 -0.0874345 -1.02414 0.0446453 -0.0875874 -1.02402 0.0446453 -0.0875922 -1.02403 0.0446836 -0.08843 -1.02298 0.0446453 -0.0886466 -1.02245 0.0446453 -0.0886539 -1.02245 0.0446836 -0.0839432 -1.0244 0.0447377 -0.0839248 -1.02444 0.0447453 -0.0831381 -1.02384 0.0447453 -0.0888881 -1.0215 0.0447453 -0.0887423 -1.02248 0.0447453 -0.0887057 -1.02247 0.0447377 -0.0888381 -1.0215 0.0447319 -0.0886746 -1.02246 0.044716 -0.0888174 -1.0215 0.044716 -0.0831655 -1.02381 0.0447377 -0.0831739 -1.0238 0.0447319 -0.0839588 -1.02437 0.044716 -0.0887881 -1.0215 0.0446453 -0.0887957 -1.0215 0.0446836 -0.0888015 -1.0215 0.0446953 -0.0882344 -1.02331 0.0446453 -0.0882407 -1.02332 0.0446836 -0.0882587 -1.02333 0.044716 -0.0882856 -1.02335 0.0447377 -0.0883174 -1.02337 0.0447453 -0.0876504 -1.0241 0.0447453 -0.0876263 -1.02407 0.0447377 -0.0876059 -1.02405 0.044716 -0.0867996 -1.0246 0.0447453 -0.0867852 -1.02457 0.0447377 -0.0867729 -1.02454 0.044716 -0.0858299 -1.02474 0.0446453 -0.0858306 -1.02474 0.0446836 -0.0858325 -1.02477 0.044716 -0.0858354 -1.0248 0.0447377 -0.0858388 -1.02484 0.0447453 -0.0848519 -1.02478 0.0447453 -0.0848598 -1.02474 0.0447377 -0.0848664 -1.02471 0.044716 -0.0839693 -1.02435 0.0446836 -0.0839729 -1.02435 0.0446453 -0.0831888 -1.02379 0.044716 -0.0832002 -1.02378 0.0446953 -0.0832043 -1.02377 0.0446836 -0.0832098 -1.02377 0.0446453 -0.083177 -1.02375 0.0418453 -0.0831718 -1.02376 0.0417953 -0.0831576 -1.02379 0.0417587 -0.0831381 -1.02374 0.0418453 -0.0831381 -1.02375 0.0417953 -0.0831381 -1.02379 0.0417587 -0.131688 -1.0215 0.0447453 -0.131738 -1.0215 0.0447319 -0.13183 -1.02227 0.0447319 -0.131775 -1.0215 0.0446953 -0.131866 -1.02227 0.0446953 -0.131788 -1.0215 0.0446453 -0.131879 -1.02226 0.0446453 -0.132146 -1.02298 0.0446453 -0.132134 -1.02299 0.0446953 -0.132575 -1.02362 0.0446453 -0.132565 -1.02363 0.0446953 -0.133142 -1.02414 0.0446453 -0.133134 -1.02415 0.0446953 -0.133814 -1.02451 0.0446453 -0.133809 -1.02452 0.0446953 -0.134555 -1.02471 0.0446453 -0.134553 -1.02473 0.0446953 -0.135323 -1.02474 0.0446453 -0.135324 -1.02475 0.0446953 -0.136075 -1.02458 0.0446453 -0.136079 -1.02459 0.0446953 -0.136769 -1.02425 0.0446453 -0.136776 -1.02426 0.0446953 -0.137366 -1.02377 0.0446453 -0.137376 -1.02378 0.0446953 -0.132102 -1.02301 0.0447319 -0.132537 -1.02365 0.0447319 -0.133113 -1.02418 0.0447319 -0.133795 -1.02456 0.0447319 -0.134548 -1.02476 0.0447319 -0.135328 -1.02479 0.0447319 -0.136091 -1.02463 0.0447319 -0.136796 -1.02429 0.0447319 -0.137402 -1.0238 0.0447319 -0.131782 -1.02229 0.0447453 -0.132057 -1.02303 0.0447453 -0.132499 -1.02369 0.0447453 -0.133083 -1.02422 0.0447453 -0.133777 -1.0246 0.0447453 -0.13454 -1.02481 0.0447453 -0.135332 -1.02484 0.0447453 -0.136107 -1.02467 0.0447453 -0.136822 -1.02434 0.0447453 -0.137438 -1.02384 0.0447453 -0.137453 -1.02374 0.0418453 -0.137438 -1.02374 0.0418453 -0.137438 -1.02375 0.0417953 -0.137496 -1.02376 0.0418453 -0.137488 -1.02375 0.0418453 -0.137481 -1.02376 0.0417953 -0.137525 -1.02379 0.0418453 -0.137513 -1.02379 0.0417953 -0.137481 -1.02381 0.0417587 -0.137463 -1.02379 0.0417587 -0.137438 -1.02384 0.0417453 -0.137438 -1.02379 0.0417587 -0.137538 -1.02384 0.0418453 -0.137525 -1.02384 0.0417953 -0.137488 -1.02384 0.0417587 -0.131688 -1.0115 0.0447453 -0.131738 -1.0115 0.0447319 -0.13183 -1.01227 0.0447319 -0.131775 -1.0115 0.0446953 -0.131866 -1.01227 0.0446953 -0.131788 -1.0115 0.0446453 -0.131879 -1.01226 0.0446453 -0.132146 -1.01298 0.0446453 -0.132134 -1.01299 0.0446953 -0.132575 -1.01362 0.0446453 -0.132565 -1.01363 0.0446953 -0.133142 -1.01414 0.0446453 -0.133134 -1.01415 0.0446953 -0.133814 -1.01451 0.0446453 -0.133809 -1.01452 0.0446953 -0.134555 -1.01471 0.0446453 -0.134553 -1.01473 0.0446953 -0.135323 -1.01474 0.0446453 -0.135324 -1.01475 0.0446953 -0.136075 -1.01458 0.0446453 -0.136079 -1.01459 0.0446953 -0.136769 -1.01425 0.0446453 -0.136776 -1.01426 0.0446953 -0.137366 -1.01377 0.0446453 -0.137376 -1.01378 0.0446953 -0.132102 -1.01301 0.0447319 -0.132537 -1.01365 0.0447319 -0.133113 -1.01418 0.0447319 -0.133795 -1.01456 0.0447319 -0.134548 -1.01476 0.0447319 -0.135328 -1.01479 0.0447319 -0.136091 -1.01463 0.0447319 -0.136796 -1.01429 0.0447319 -0.137402 -1.0138 0.0447319 -0.131782 -1.01229 0.0447453 -0.132057 -1.01303 0.0447453 -0.132499 -1.01369 0.0447453 -0.133083 -1.01422 0.0447453 -0.133777 -1.0146 0.0447453 -0.13454 -1.01481 0.0447453 -0.135332 -1.01484 0.0447453 -0.136107 -1.01467 0.0447453 -0.136822 -1.01434 0.0447453 -0.137438 -1.01384 0.0447453 -0.131788 -1.0215 0.0418453 -0.131775 -1.0215 0.0417953 -0.131866 -1.02227 0.0417953 -0.131738 -1.0215 0.0417587 -0.13183 -1.02227 0.0417587 -0.131688 -1.0215 0.0417453 -0.131782 -1.02229 0.0417453 -0.132057 -1.02303 0.0417453 -0.132102 -1.02301 0.0417587 -0.132499 -1.02369 0.0417453 -0.132537 -1.02365 0.0417587 -0.133083 -1.02422 0.0417453 -0.133113 -1.02418 0.0417587 -0.133777 -1.0246 0.0417453 -0.133795 -1.02456 0.0417587 -0.13454 -1.02481 0.0417453 -0.134548 -1.02476 0.0417587 -0.135332 -1.02484 0.0417453 -0.135328 -1.02479 0.0417587 -0.136107 -1.02467 0.0417453 -0.136091 -1.02463 0.0417587 -0.136822 -1.02434 0.0417453 -0.136796 -1.02429 0.0417587 -0.137402 -1.0238 0.0417587 -0.132134 -1.02299 0.0417953 -0.132565 -1.02363 0.0417953 -0.133134 -1.02415 0.0417953 -0.133809 -1.02452 0.0417953 -0.134553 -1.02473 0.0417953 -0.135324 -1.02475 0.0417953 -0.136079 -1.02459 0.0417953 -0.136776 -1.02426 0.0417953 -0.137376 -1.02378 0.0417953 -0.131879 -1.02226 0.0418453 -0.132146 -1.02298 0.0418453 -0.132575 -1.02362 0.0418453 -0.133142 -1.02414 0.0418453 -0.133814 -1.02451 0.0418453 -0.134555 -1.02471 0.0418453 -0.135323 -1.02474 0.0418453 -0.136075 -1.02458 0.0418453 -0.136769 -1.02425 0.0418453 -0.137366 -1.02377 0.0418453 -0.131866 -1.01227 0.0417953 -0.13183 -1.01227 0.0417587 -0.132102 -1.01301 0.0417587 -0.131726 -1.0115 0.0417529 -0.131688 -1.0115 0.0417453 -0.131782 -1.01229 0.0417453 -0.131738 -1.0115 0.0417587 -0.132057 -1.01303 0.0417453 -0.132499 -1.01369 0.0417453 -0.132537 -1.01365 0.0417587 -0.133083 -1.01422 0.0417453 -0.133113 -1.01418 0.0417587 -0.133777 -1.0146 0.0417453 -0.133795 -1.01456 0.0417587 -0.13454 -1.01481 0.0417453 -0.134548 -1.01476 0.0417587 -0.135332 -1.01484 0.0417453 -0.135328 -1.01479 0.0417587 -0.136107 -1.01467 0.0417453 -0.136091 -1.01463 0.0417587 -0.136822 -1.01434 0.0417453 -0.136796 -1.01429 0.0417587 -0.137438 -1.01384 0.0417453 -0.137402 -1.0138 0.0417587 -0.132134 -1.01299 0.0417953 -0.132565 -1.01363 0.0417953 -0.133134 -1.01415 0.0417953 -0.133809 -1.01452 0.0417953 -0.134553 -1.01473 0.0417953 -0.135324 -1.01475 0.0417953 -0.136079 -1.01459 0.0417953 -0.136776 -1.01426 0.0417953 -0.137376 -1.01378 0.0417953 -0.131788 -1.0115 0.0418453 -0.131781 -1.0115 0.0418071 -0.131775 -1.0115 0.0417953 -0.131759 -1.0115 0.0417746 -0.131879 -1.01226 0.0418453 -0.132146 -1.01298 0.0418453 -0.132575 -1.01362 0.0418453 -0.133142 -1.01414 0.0418453 -0.133814 -1.01451 0.0418453 -0.134555 -1.01471 0.0418453 -0.135323 -1.01474 0.0418453 -0.136075 -1.01458 0.0418453 -0.136769 -1.01425 0.0418453 -0.137366 -1.01377 0.0418453 -0.137457 -1.01379 0.0417587 -0.137438 -1.01379 0.0417587 -0.137473 -1.0138 0.0417587 -0.137484 -1.01382 0.0417587 -0.137488 -1.01384 0.0417587 -0.137525 -1.01384 0.0417953 -0.137518 -1.0138 0.0417953 -0.137538 -1.01384 0.0418453 -0.137531 -1.0138 0.0418453 -0.137527 -1.01379 0.0418453 -0.137499 -1.01378 0.0417953 -0.137509 -1.01377 0.0418453 -0.137496 -1.01376 0.0418453 -0.137471 -1.01376 0.0417953 -0.137438 -1.01374 0.0418453 -0.137438 -1.01375 0.0417953 -0.137453 -1.01374 0.0418453 -0.137476 -1.01374 0.0418453 -0.115114 -1.01563 0.0545453 -0.11534 -1.01479 0.0545453 -0.115708 -1.014 0.0545453 -0.116208 -1.01329 0.0545453 -0.116824 -1.01267 0.0545453 -0.117538 -1.01217 0.0545453 -0.118328 -1.0118 0.0545453 -0.11917 -1.01158 0.0545453 -0.120038 -1.0115 0.0545453 -0.120906 -1.01158 0.0545453 -0.121748 -1.0118 0.0545453 -0.122538 -1.01217 0.0545453 -0.123252 -1.01267 0.0545453 -0.123868 -1.01329 0.0545453 -0.124368 -1.014 0.0545453 -0.124737 -1.01479 0.0545453 -0.124962 -1.01563 0.0545453 -0.133142 -1.00886 0.0446453 -0.132989 -1.00898 0.0418453 -0.132575 -1.00938 0.0446453 -0.132342 -1.00969 0.0418453 -0.132146 -1.01002 0.0446453 -0.132146 -1.01002 0.0418453 -0.131879 -1.01074 0.0446453 -0.13193 -1.01055 0.0418453 -0.135323 -1.00826 0.0446453 -0.134746 -1.00826 0.0418453 -0.134555 -1.00829 0.0446453 -0.134555 -1.00829 0.0418453 -0.133814 -1.00849 0.0446453 -0.133814 -1.00849 0.0418453 -0.133142 -1.00886 0.0418453 -0.137366 -1.00923 0.0446453 -0.137366 -1.00923 0.0418453 -0.136769 -1.00875 0.0446453 -0.136603 -1.00865 0.0418453 -0.136075 -1.00842 0.0446453 -0.136075 -1.00842 0.0418453 -0.135704 -1.00832 0.0418453 -0.137366 -1.01923 0.0446453 -0.137366 -1.01923 0.0418453 -0.136769 -1.01875 0.0446453 -0.136769 -1.01875 0.0418453 -0.136075 -1.01842 0.0446453 -0.136075 -1.01842 0.0418453 -0.135323 -1.01826 0.0446453 -0.135323 -1.01826 0.0418453 -0.134555 -1.01829 0.0446453 -0.134555 -1.01829 0.0418453 -0.133814 -1.01849 0.0446453 -0.133814 -1.01849 0.0418453 -0.133142 -1.01886 0.0446453 -0.133142 -1.01886 0.0418453 -0.132575 -1.01938 0.0446453 -0.132575 -1.01938 0.0418453 -0.132146 -1.02002 0.0446453 -0.132146 -1.02002 0.0418453 -0.131879 -1.02074 0.0446453 -0.131879 -1.02074 0.0418453 -0.144038 -1.01935 0.0230453 -0.136038 -1.01935 0.0230453 -0.136038 -1.01924 0.0234703 -0.144038 -1.01924 0.0234703 -0.136038 -1.01892 0.0237814 -0.144038 -1.01892 0.0237814 -0.136038 -1.0185 0.0238953 -0.144038 -1.0185 0.0238953 -0.136038 -1.01807 0.0237814 -0.144038 -1.01807 0.0237814 -0.136038 -1.01776 0.0234703 -0.144038 -1.01776 0.0234703 -0.136038 -1.01765 0.0230453 -0.144038 -1.01765 0.0230453 -0.144038 -1.01735 0.0230453 -0.136038 -1.01735 0.0230453 -0.136038 -1.01724 0.0234703 -0.144038 -1.01724 0.0234703 -0.136038 -1.01692 0.0237814 -0.144038 -1.01692 0.0237814 -0.136038 -1.0165 0.0238953 -0.144038 -1.0165 0.0238953 -0.136038 -1.01608 0.0237814 -0.144038 -1.01608 0.0237814 -0.136038 -1.01576 0.0234703 -0.144038 -1.01576 0.0234703 -0.136038 -1.01565 0.0230453 -0.144038 -1.01565 0.0230453 -0.144038 -1.01535 0.0230453 -0.136038 -1.01535 0.0230453 -0.136038 -1.01524 0.0234703 -0.144038 -1.01524 0.0234703 -0.136038 -1.01493 0.0237814 -0.144038 -1.01493 0.0237814 -0.136038 -1.0145 0.0238953 -0.144038 -1.0145 0.0238953 -0.136038 -1.01408 0.0237814 -0.144038 -1.01408 0.0237814 -0.136038 -1.01376 0.0234703 -0.144038 -1.01376 0.0234703 -0.136038 -1.01365 0.0230453 -0.144038 -1.01365 0.0230453 -0.130288 -1.02462 0.0154453 -0.130241 -1.02421 0.0154453 -0.130098 -1.0238 0.0154453 -0.130037 -1.02369 0.0154453 -0.129897 -1.02348 0.0154453 -0.126538 -1.02462 0.0154453 -0.126659 -1.02396 0.0154453 -0.126789 -1.02369 0.0154453 -0.127087 -1.0233 0.0154453 -0.127476 -1.023 0.0154453 -0.127751 -1.02287 0.0154453 -0.128413 -1.02275 0.0154453 -0.128533 -1.02275 0.0154453 -0.129293 -1.02297 0.0154453 -0.129351 -1.023 0.0154453 -0.130288 -1.00838 0.0154453 -0.130241 -1.00796 0.0154453 -0.130098 -1.00755 0.0154453 -0.130037 -1.00744 0.0154453 -0.129739 -1.00705 0.0154453 -0.129351 -1.00675 0.0154453 -0.129235 -1.00669 0.0154453 -0.128829 -1.00655 0.0154453 -0.128413 -1.0065 0.0154453 -0.127997 -1.00655 0.0154453 -0.127591 -1.00669 0.0154453 -0.127476 -1.00675 0.0154453 -0.127267 -1.00689 0.0154453 -0.126789 -1.00744 0.0154453 -0.126757 -1.0075 0.0154453 -0.126542 -1.00826 0.0154453 -0.126538 -1.00838 0.0154453 -0.0902881 -1.02462 0.0154453 -0.0903349 -1.02421 0.0154453 -0.0925794 -1.00655 0.0154453 -0.0921631 -1.0065 0.0154453 -0.0917468 -1.00655 0.0154453 -0.0913409 -1.00669 0.0154453 -0.0912256 -1.00675 0.0154453 -0.0908373 -1.00705 0.0154453 -0.0902881 -1.00838 0.0154453 -0.0903349 -1.00796 0.0154453 -0.090478 -1.00755 0.0154453 -0.0905393 -1.00744 0.0154453 -0.109707 -1.01804 0.0544453 -0.109543 -1.01812 0.0544453 -0.109429 -1.01474 0.0544453 -0.108621 -1.00855 0.0544453 -0.109388 -1.0076 0.0544453 -0.108688 -1.0088 0.0544453 -0.109388 -1.01456 0.0544453 -0.108688 -1.0242 0.0544453 -0.108438 -1.02463 0.0544453 -0.108621 -1.02445 0.0544453 -0.109388 -1.0254 0.0544453 -0.109388 -1.01844 0.0544453 -0.109429 -1.01826 0.0544453 -0.108438 -1.00837 0.0544453 -0.108188 -1.0083 0.0544453 -0.0932888 -1.0076 0.0544453 -0.0932888 -1.0083 0.0544453 -0.0931539 -1.00761 0.0544453 -0.092754 -1.00777 0.0544453 -0.0931782 -1.00833 0.0544453 -0.0924686 -1.00809 0.0544453 -0.0931043 -1.00839 0.0544453 -0.0923694 -1.0085 0.0544453 -0.0930694 -1.0245 0.0544453 -0.0930852 -1.02457 0.0544453 -0.0925346 -1.02501 0.0544453 -0.0931375 -1.02464 0.0544453 -0.0928682 -1.0253 0.0544453 -0.0932236 -1.02469 0.0544453 -0.0932888 -1.0254 0.0544453 -0.0932888 -1.0247 0.0544453 -0.108188 -1.0247 0.0544453 -0.111095 -1.01512 0.0544453 -0.111424 -1.01537 0.0544453 -0.111424 -1.01763 0.0544453 -0.109543 -1.01488 0.0544453 -0.109707 -1.01496 0.0544453 -0.109888 -1.01805 0.0544453 -0.109888 -1.01495 0.0544453 -0.110301 -1.0181 0.0544453 -0.110301 -1.0149 0.0544453 -0.110712 -1.01804 0.0544453 -0.111095 -1.01788 0.0544453 -0.0930711 -1.00848 0.0544453 -0.0930694 -1.0085 0.0544453 -0.0923694 -1.0245 0.0544453 -0.0923776 -1.02462 0.0544453 -0.110712 -1.01496 0.0544453 -0.111676 -1.0173 0.0544453 -0.111834 -1.01691 0.0544453 -0.111888 -1.0165 0.0544453 -0.111676 -1.0157 0.0544453 -0.111834 -1.01609 0.0544453 -0.130288 -1.0125 0.0251185 -0.130288 -1.0126 0.0251453 -0.130288 -1.0075 0.0251453 -0.130288 -1.01243 0.0250453 -0.130288 -1.0255 0.0251453 -0.130288 -1.0204 0.0251453 -0.130288 -1.0205 0.0251185 -0.130288 -1.02506 0.0156453 -0.130288 -1.02549 0.0156453 -0.130288 -1.02057 0.0210453 -0.130288 -1.02057 0.0250453 -0.130288 -1.0206 0.0249453 -0.130288 -1.0206 0.0211453 -0.130288 -1.00838 0.0156453 -0.130288 -1.00881 0.0156453 -0.130288 -1.01243 0.0210453 -0.130288 -1.0205 0.0209721 -0.130288 -1.02376 0.0156453 -0.130288 -1.02462 0.0156453 -0.130288 -1.0125 0.0209721 -0.130288 -1.00751 0.0156453 -0.130288 -1.0124 0.0211453 -0.130288 -1.0124 0.0249453 -0.130288 -1.0126 0.0209453 -0.130288 -1.0215 0.0154453 -0.130288 -1.0204 0.0209453 -0.130288 -1.02181 0.0155785 -0.130288 -1.02213 0.0156453 -0.130288 -1.0115 0.0141453 -0.130288 -1.0215 0.0141453 -0.130288 -1.0115 0.0154453 -0.130288 -1.01119 0.0155785 -0.130288 -1.01087 0.0156453 -0.130288 -1.00924 0.0156453 -0.0902881 -1.0075 0.0251453 -0.0902881 -1.0255 0.0251453 -0.0902881 -1.0115 0.0154453 -0.0902881 -1.0215 0.0141453 -0.0902881 -1.0115 0.0141453 -0.0902881 -1.0215 0.0154453 -0.0902881 -1.02181 0.0155785 -0.0902881 -1.01119 0.0155785 -0.0902881 -1.01087 0.0156453 -0.0902881 -1.00924 0.0156453 -0.0902881 -1.02549 0.0156453 -0.0902881 -1.02462 0.0156453 -0.0902881 -1.02419 0.0156453 -0.0902881 -1.00838 0.0156453 -0.0902881 -1.00794 0.0156453 -0.0902881 -1.00751 0.0156453 -0.0902881 -1.02376 0.0156453 -0.0902881 -1.02213 0.0156453 -0.129288 -1.0065 0.0251453 -0.129288 -1.0065 0.0416453 -0.0912881 -1.0065 0.0251453 -0.0912881 -1.0065 0.0416453 -0.0912881 -1.0265 0.0416453 -0.129288 -1.0265 0.0416453 -0.0912881 -1.0265 0.0251453 -0.129288 -1.0265 0.0251453 -0.129627 -1.02644 0.0416453 -0.129788 -1.02637 0.0251453 -0.129788 -1.02637 0.0416453 -0.129992 -1.02621 0.0416453 -0.130154 -1.026 0.0251453 -0.130288 -1.0255 0.0416453 -0.130226 -1.02585 0.0416453 -0.130154 -1.026 0.0416453 -0.129627 -1.00656 0.0416453 -0.129671 -1.00658 0.0251453 -0.129788 -1.00663 0.0416453 -0.129788 -1.00663 0.0251453 -0.129992 -1.00679 0.0416453 -0.129995 -1.00679 0.0251453 -0.130154 -1.007 0.0416453 -0.130154 -1.007 0.0251453 -0.130226 -1.00715 0.0416453 -0.130212 -1.00712 0.0251453 -0.130288 -1.0075 0.0416453 -0.0909489 -1.00656 0.0416453 -0.0907881 -1.00663 0.0251453 -0.0907881 -1.00663 0.0416453 -0.0905844 -1.00679 0.0416453 -0.0904221 -1.007 0.0251453 -0.0902881 -1.0075 0.0416453 -0.0903507 -1.00715 0.0416453 -0.0904221 -1.007 0.0416453 -0.0909489 -1.02644 0.0416453 -0.0907881 -1.02637 0.0251453 -0.0907881 -1.02637 0.0416453 -0.0905844 -1.02621 0.0416453 -0.0904221 -1.026 0.0251453 -0.0904221 -1.026 0.0416453 -0.0903507 -1.02585 0.0416453 -0.0902881 -1.0255 0.0416453 -0.125288 -1.0065 0.0154453 -0.0952881 -1.0065 0.0150453 -0.125288 -1.0065 0.0150453 -0.0952881 -1.0065 0.0154453 -0.0949815 -1.0065 0.0155785 -0.0946557 -1.0065 0.0156453 -0.125595 -1.0065 0.0155785 -0.125921 -1.0065 0.0156453 -0.127547 -1.0065 0.0156453 -0.0912981 -1.0065 0.0156453 -0.0921631 -1.0065 0.0156453 -0.128413 -1.0065 0.0156453 -0.128846 -1.0065 0.0156453 -0.129279 -1.0065 0.0156453 -0.0925961 -1.0065 0.0156453 -0.0930291 -1.0065 0.0156453 -0.0952881 -1.0265 0.0154453 -0.125288 -1.0265 0.0141453 -0.0952881 -1.0265 0.0141453 -0.125288 -1.0265 0.0154453 -0.125595 -1.0265 0.0155785 -0.0949815 -1.0265 0.0155785 -0.0946557 -1.0265 0.0156453 -0.0930291 -1.0265 0.0156453 -0.12798 -1.0265 0.0156453 -0.128413 -1.0265 0.0156453 -0.129279 -1.0265 0.0156453 -0.127547 -1.0265 0.0156453 -0.125921 -1.0265 0.0156453 -0.0921631 -1.0265 0.0156453 -0.0917301 -1.0265 0.0156453 -0.0912971 -1.0265 0.0156453 -0.090352 -1.00886 0.0145453 -0.0903349 -1.00879 0.0154453 -0.090478 -1.0092 0.0154453 -0.0905393 -1.00931 0.0145453 -0.0905393 -1.00931 0.0154453 -0.0908373 -1.0097 0.0145453 -0.0907575 -1.00962 0.0154453 -0.0912256 -1.01 0.0145453 -0.0912256 -1.01 0.0154453 -0.0913953 -1.01009 0.0154453 -0.0916778 -1.01019 0.0145453 -0.0921701 -1.01025 0.0154453 -0.0939597 -1.00891 0.0154453 -0.0939742 -1.00886 0.0145453 -0.0937869 -1.00931 0.0154453 -0.0937869 -1.00931 0.0145453 -0.0935779 -1.00961 0.0154453 -0.0934889 -1.0097 0.0145453 -0.0931006 -1.01 0.0154453 -0.0931006 -1.01 0.0145453 -0.0929436 -1.01008 0.0154453 -0.0926484 -1.01019 0.0145453 -0.0921631 -1.01025 0.0145453 -0.090352 -1.02511 0.0145453 -0.0903349 -1.02504 0.0154453 -0.090478 -1.02545 0.0154453 -0.0905393 -1.02556 0.0145453 -0.0905393 -1.02556 0.0154453 -0.0908373 -1.02595 0.0145453 -0.0908373 -1.02595 0.0154453 -0.0912256 -1.02625 0.0145453 -0.0912256 -1.02625 0.0154453 -0.0913409 -1.02631 0.0154453 -0.0916778 -1.02644 0.0145453 -0.0917468 -1.02645 0.0154453 -0.0921631 -1.0265 0.0145453 -0.0921631 -1.0265 0.0154453 -0.0926484 -1.02644 0.0145453 -0.0939197 -1.02528 0.0154453 -0.0939742 -1.02511 0.0145453 -0.0937869 -1.02556 0.0154453 -0.0937869 -1.02556 0.0145453 -0.0935079 -1.02593 0.0154453 -0.0934889 -1.02595 0.0145453 -0.0931006 -1.02625 0.0154453 -0.0931006 -1.02625 0.0145453 -0.0929853 -1.02631 0.0154453 -0.0925794 -1.02645 0.0154453 -0.126602 -1.00886 0.0145453 -0.126659 -1.00904 0.0154453 -0.126789 -1.00931 0.0145453 -0.126789 -1.00931 0.0154453 -0.127087 -1.0097 0.0145453 -0.127087 -1.0097 0.0154453 -0.127476 -1.01 0.0145453 -0.127476 -1.01 0.0154453 -0.127928 -1.01019 0.0145453 -0.127751 -1.01013 0.0154453 -0.128413 -1.01025 0.0145453 -0.128413 -1.01025 0.0154453 -0.128533 -1.01025 0.0154453 -0.128898 -1.01019 0.0145453 -0.129293 -1.01003 0.0154453 -0.129351 -1.01 0.0145453 -0.129351 -1.01 0.0154453 -0.129739 -1.0097 0.0145453 -0.129897 -1.00952 0.0154453 -0.130037 -1.00931 0.0145453 -0.130241 -1.00879 0.0154453 -0.130224 -1.00886 0.0145453 -0.130098 -1.0092 0.0154453 -0.130037 -1.00931 0.0154453 -0.126542 -1.02474 0.0154453 -0.126602 -1.02511 0.0145453 -0.126757 -1.0255 0.0154453 -0.126789 -1.02556 0.0145453 -0.126789 -1.02556 0.0154453 -0.127087 -1.02595 0.0145453 -0.127267 -1.02611 0.0154453 -0.127476 -1.02625 0.0145453 -0.127476 -1.02625 0.0154453 -0.127591 -1.02631 0.0154453 -0.127928 -1.02644 0.0145453 -0.127997 -1.02645 0.0154453 -0.128413 -1.0265 0.0145453 -0.128413 -1.0265 0.0154453 -0.128898 -1.02644 0.0145453 -0.128829 -1.02645 0.0154453 -0.129235 -1.02631 0.0154453 -0.129351 -1.02625 0.0145453 -0.129351 -1.02625 0.0154453 -0.129739 -1.02595 0.0145453 -0.129739 -1.02595 0.0154453 -0.130037 -1.02556 0.0145453 -0.130241 -1.02504 0.0154453 -0.130224 -1.02511 0.0145453 -0.130098 -1.02545 0.0154453 -0.130037 -1.02556 0.0154453 -0.129279 -1.0264 0.0155453 -0.129624 -1.02633 0.0155453 -0.12981 -1.02602 0.0155453 -0.129925 -1.02614 0.0155453 -0.130188 -1.02549 0.0155453 -0.130123 -1.02584 0.0155453 -0.127205 -1.00681 0.0155453 -0.127547 -1.0066 0.0155453 -0.125921 -1.0066 0.0155453 -0.130188 -1.01087 0.0155453 -0.130188 -1.00924 0.0155453 -0.129976 -1.00958 0.0155453 -0.126062 -1.00672 0.0155453 -0.126319 -1.00712 0.0155453 -0.126669 -1.00745 0.0155453 -0.126388 -1.0075 0.0155453 -0.126442 -1.00825 0.0155453 -0.126388 -1.0095 0.0155453 -0.126565 -1.00907 0.0155453 -0.127017 -1.00977 0.0155453 -0.126509 -1.00995 0.0155453 -0.126838 -1.01028 0.0155453 -0.127716 -1.01022 0.0155453 -0.127288 -1.0104 0.0155453 -0.128539 -1.01035 0.0155453 -0.129288 -1.0104 0.0155453 -0.12934 -1.01012 0.0155453 -0.129669 -1.01047 0.0155453 -0.130066 -1.01072 0.0155453 -0.0912971 -1.0066 0.0155453 -0.0909518 -1.00667 0.0155453 -0.0907666 -1.00698 0.0155453 -0.0906517 -1.00686 0.0155453 -0.0903881 -1.00751 0.0155453 -0.0904533 -1.00716 0.0155453 -0.0905087 -1.02595 0.0155453 -0.0907666 -1.02602 0.0155453 -0.0903881 -1.0255 0.0155453 -0.0903881 -1.02549 0.0155453 -0.0908381 -1.02628 0.0155453 -0.0912881 -1.0264 0.0155453 -0.0912971 -1.0264 0.0155453 -0.129288 -1.0265 0.0448453 -0.0912881 -1.0265 0.0448453 -0.0912881 -1.0265 0.0504897 -0.129595 -1.0265 0.0447121 -0.0909815 -1.0265 0.0417785 -0.112296 -1.0265 0.0535455 -0.123279 -1.0265 0.0537451 -0.129288 -1.0265 0.0525433 -0.137438 -1.0265 0.0446453 -0.137438 -1.0265 0.0418453 -0.129921 -1.0265 0.0446453 -0.129921 -1.0265 0.0418453 -0.129595 -1.0265 0.0417785 -0.0831381 -1.0265 0.0418453 -0.0831381 -1.0265 0.0446453 -0.0906557 -1.0265 0.0418453 -0.0906557 -1.0265 0.0446453 -0.0909815 -1.0265 0.0447121 -0.0909815 -1.0065 0.0447121 -0.0912881 -1.0065 0.0448453 -0.129288 -1.0065 0.0448453 -0.129595 -1.0065 0.0417785 -0.0912881 -1.0065 0.0504897 -0.112296 -1.0065 0.0535455 -0.123279 -1.0065 0.0537451 -0.129288 -1.0065 0.0525433 -0.0831381 -1.0065 0.0446453 -0.0831381 -1.0065 0.0418453 -0.0906557 -1.0065 0.0446453 -0.0906557 -1.0065 0.0418453 -0.0909815 -1.0065 0.0417785 -0.137438 -1.0065 0.0418453 -0.137438 -1.0065 0.0446453 -0.129921 -1.0065 0.0418453 -0.129921 -1.0065 0.0446453 -0.129595 -1.0065 0.0447121 -0.126738 -1.01045 0.0140453 -0.126336 -1.01005 0.0140453 -0.126738 -1.02255 0.0140453 -0.126188 -1.0235 0.0140453 -0.0952881 -1.0264 0.0140453 -0.125288 -1.0264 0.0140453 -0.126336 -1.02295 0.0140453 -0.129288 -1.0106 0.0140453 -0.127288 -1.0106 0.0140453 -0.129288 -1.0224 0.0140453 -0.126188 -1.0075 0.0140453 -0.0943881 -1.0075 0.0140453 -0.126188 -1.0095 0.0140453 -0.0943881 -1.0095 0.0140453 -0.0942408 -1.01005 0.0140453 -0.0938381 -1.02255 0.0140453 -0.0942408 -1.02295 0.0140453 -0.125738 -1.02628 0.0140453 -0.126068 -1.02595 0.0140453 -0.126188 -1.0255 0.0140453 -0.127288 -1.0224 0.0140453 -0.0938381 -1.01045 0.0140453 -0.0932881 -1.0106 0.0140453 -0.0932881 -1.0224 0.0140453 -0.0912881 -1.0106 0.0140453 -0.0943881 -1.0235 0.0140453 -0.0943881 -1.0255 0.0140453 -0.0945087 -1.02595 0.0140453 -0.0948381 -1.02628 0.0140453 -0.0903881 -1.0215 0.0140453 -0.0905087 -1.02195 0.0140453 -0.0908381 -1.02228 0.0140453 -0.130068 -1.01105 0.0140453 -0.129738 -1.01072 0.0140453 -0.130188 -1.0115 0.0140453 -0.130188 -1.0215 0.0140453 -0.130068 -1.02195 0.0140453 -0.129738 -1.02228 0.0140453 -0.0908381 -1.01072 0.0140453 -0.0905087 -1.01105 0.0140453 -0.0903881 -1.0115 0.0140453 -0.0912881 -1.0224 0.0140453 -0.130288 -1.00793 0.0523633 -0.130288 -1.0075 0.0523633 -0.130288 -1.01568 0.0467453 -0.130288 -1.0245 0.0543453 -0.130288 -1.0085 0.0543453 -0.130288 -1.0085 0.0525273 -0.130288 -1.0245 0.0525273 -0.130288 -1.01585 0.0468453 -0.130288 -1.01715 0.0468453 -0.130288 -1.01725 0.0468185 -0.130288 -1.02478 0.0524135 -0.130288 -1.01732 0.0467453 -0.130288 -1.02507 0.0523633 -0.130288 -1.0255 0.0523633 -0.130288 -1.0255 0.0448453 -0.130288 -1.01735 0.0466453 -0.130288 -1.01735 0.0448453 -0.130288 -1.01565 0.0466453 -0.130288 -1.0075 0.0448453 -0.130288 -1.01565 0.0448453 -0.130288 -1.01575 0.0468185 -0.130288 -1.00822 0.0524133 -0.130062 -1.00672 0.0447453 -0.129921 -1.0066 0.0447453 -0.137438 -1.0066 0.0447453 -0.137438 -1.0264 0.0447453 -0.130319 -1.02588 0.0447453 -0.130062 -1.02628 0.0447453 -0.129921 -1.0264 0.0447453 -0.136822 -1.01866 0.0447453 -0.136107 -1.01833 0.0447453 -0.136388 -1.01735 0.0447453 -0.133083 -1.01878 0.0447453 -0.132499 -1.01931 0.0447453 -0.130388 -1.01735 0.0447453 -0.132057 -1.01997 0.0447453 -0.130388 -1.01565 0.0447453 -0.131782 -1.02071 0.0447453 -0.130388 -1.0255 0.0447453 -0.137438 -1.00916 0.0447453 -0.136822 -1.00866 0.0447453 -0.136107 -1.00833 0.0447453 -0.135332 -1.00816 0.0447453 -0.136388 -1.01565 0.0447453 -0.135332 -1.01816 0.0447453 -0.13454 -1.01819 0.0447453 -0.133777 -1.0184 0.0447453 -0.13454 -1.00819 0.0447453 -0.130319 -1.00712 0.0447453 -0.137438 -1.01916 0.0447453 -0.133777 -1.0084 0.0447453 -0.133083 -1.00878 0.0447453 -0.130388 -1.0075 0.0447453 -0.132499 -1.00931 0.0447453 -0.132057 -1.00997 0.0447453 -0.131782 -1.01071 0.0447453 -0.112223 -1.01824 0.0544453 -0.112716 -1.01743 0.0544453 -0.110567 -1.01391 0.0544453 -0.110476 -1.01388 0.0544453 -0.110411 -1.01381 0.0544453 -0.110388 -1.0254 0.0544453 -0.112888 -1.0165 0.0544453 -0.115016 -1.01561 0.0544453 -0.112716 -1.01557 0.0544453 -0.115246 -1.01476 0.0544453 -0.1296 -1.00766 0.0544453 -0.129925 -1.00786 0.0544453 -0.130132 -1.00819 0.0544453 -0.110411 -1.01919 0.0544453 -0.110476 -1.01912 0.0544453 -0.110388 -1.01928 0.0544453 -0.110567 -1.01909 0.0544453 -0.111473 -1.01881 0.0544453 -0.129288 -1.0254 0.0544453 -0.115621 -1.01395 0.0544453 -0.112223 -1.01476 0.0544453 -0.116131 -1.01322 0.0544453 -0.130132 -1.02481 0.0544453 -0.130188 -1.0245 0.0544453 -0.130188 -1.0085 0.0544453 -0.125061 -1.01561 0.0544453 -0.123945 -1.01322 0.0544453 -0.123316 -1.01259 0.0544453 -0.129288 -1.0076 0.0544453 -0.122588 -1.01208 0.0544453 -0.121782 -1.01171 0.0544453 -0.124455 -1.01395 0.0544453 -0.124831 -1.01476 0.0544453 -0.1296 -1.02534 0.0544453 -0.129925 -1.02514 0.0544453 -0.120924 -1.01148 0.0544453 -0.120038 -1.0114 0.0544453 -0.110388 -1.0076 0.0544453 -0.119153 -1.01148 0.0544453 -0.118294 -1.01171 0.0544453 -0.117488 -1.01208 0.0544453 -0.110388 -1.01372 0.0544453 -0.111473 -1.01419 0.0544453 -0.11676 -1.01259 0.0544453 -0.0902881 -1.0255 0.0448453 -0.0902881 -1.01735 0.0448453 -0.0902881 -1.0255 0.0503588 -0.0902881 -1.01735 0.0466453 -0.0902881 -1.01732 0.0467453 -0.0902881 -1.01725 0.0468185 -0.0902881 -1.01715 0.0468453 -0.0902881 -1.0075 0.0503588 -0.0902881 -1.01585 0.0468453 -0.0902881 -1.01575 0.0468185 -0.0902881 -1.01565 0.0448453 -0.0902881 -1.0075 0.0448453 -0.0902881 -1.01565 0.0466453 -0.0902881 -1.01568 0.0467453 -0.137538 -1.01384 0.0446453 -0.137538 -1.01916 0.0446453 -0.137538 -1.01916 0.0418453 -0.137538 -1.02384 0.0446453 -0.137538 -1.0264 0.0446453 -0.137538 -1.0264 0.0418453 -0.0830381 -1.02384 0.0418453 -0.0830381 -1.02384 0.0446453 -0.0830381 -1.0264 0.0418453 -0.0830381 -1.0264 0.0446453 -0.0830381 -1.01384 0.0418453 -0.0830381 -1.01384 0.0446453 -0.0830381 -1.01916 0.0418453 -0.0830381 -1.01916 0.0446453 -0.130062 -1.02628 0.0417453 -0.129921 -1.0264 0.0417453 -0.137438 -1.0264 0.0417453 -0.130319 -1.00712 0.0417453 -0.137438 -1.0066 0.0417453 -0.130062 -1.00672 0.0417453 -0.129921 -1.0066 0.0417453 -0.136651 -1.00856 0.0417453 -0.137438 -1.00916 0.0417453 -0.130388 -1.0075 0.0417453 -0.131834 -1.01052 0.0417453 -0.132259 -1.00963 0.0417453 -0.132926 -1.0089 0.0417453 -0.130319 -1.02588 0.0417453 -0.133777 -1.0084 0.0417453 -0.134737 -1.00816 0.0417453 -0.135724 -1.00822 0.0417453 -0.130388 -1.0255 0.0417453 -0.131782 -1.02071 0.0417453 -0.132057 -1.01997 0.0417453 -0.132499 -1.01931 0.0417453 -0.137438 -1.01916 0.0417453 -0.136822 -1.01866 0.0417453 -0.136107 -1.01833 0.0417453 -0.133083 -1.01878 0.0417453 -0.133777 -1.0184 0.0417453 -0.135332 -1.01816 0.0417453 -0.13454 -1.01819 0.0417453 -0.137538 -1.00916 0.0418453 -0.137538 -1.00916 0.0446453 -0.137538 -1.0066 0.0418453 -0.137538 -1.0066 0.0446453 -0.0837538 -1.00866 0.0447453 -0.0831381 -1.0066 0.0447453 -0.0902569 -1.00712 0.0447453 -0.090514 -1.00672 0.0447453 -0.0906557 -1.0066 0.0447453 -0.0906557 -1.0264 0.0447453 -0.0831381 -1.0264 0.0447453 -0.090514 -1.02628 0.0447453 -0.0902569 -1.02588 0.0447453 -0.0844692 -1.00833 0.0447453 -0.0841881 -1.01565 0.0447453 -0.0874928 -1.00878 0.0447453 -0.0880768 -1.00931 0.0447453 -0.0901881 -1.0075 0.0447453 -0.088519 -1.00997 0.0447453 -0.0901881 -1.01565 0.0447453 -0.0887945 -1.02071 0.0447453 -0.0901881 -1.01735 0.0447453 -0.0901881 -1.0255 0.0447453 -0.088519 -1.01997 0.0447453 -0.0880768 -1.01931 0.0447453 -0.0874928 -1.01878 0.0447453 -0.0867996 -1.0084 0.0447453 -0.0860358 -1.00819 0.0447453 -0.0852443 -1.00816 0.0447453 -0.0887945 -1.01071 0.0447453 -0.0844692 -1.01833 0.0447453 -0.0837538 -1.01866 0.0447453 -0.0841881 -1.01735 0.0447453 -0.0867996 -1.0184 0.0447453 -0.0860358 -1.01819 0.0447453 -0.0852443 -1.01816 0.0447453 -0.0830381 -1.0066 0.0418453 -0.0830381 -1.0066 0.0446453 -0.0830381 -1.00916 0.0418453 -0.0830381 -1.00916 0.0446453 -0.0831381 -1.0264 0.0417453 -0.0906557 -1.0066 0.0417453 -0.0831381 -1.0066 0.0417453 -0.090514 -1.00672 0.0417453 -0.0902569 -1.00712 0.0417453 -0.0902569 -1.02588 0.0417453 -0.090514 -1.02628 0.0417453 -0.0906557 -1.0264 0.0417453 -0.0860358 -1.01819 0.0417453 -0.0880768 -1.01931 0.0417453 -0.0831381 -1.01916 0.0417453 -0.0837538 -1.01866 0.0417453 -0.0844692 -1.01833 0.0417453 -0.0831381 -1.00916 0.0417453 -0.0837538 -1.00866 0.0417453 -0.0844692 -1.00833 0.0417453 -0.0880768 -1.00931 0.0417453 -0.0901881 -1.0075 0.0417453 -0.0874928 -1.00878 0.0417453 -0.0852443 -1.01816 0.0417453 -0.088519 -1.00997 0.0417453 -0.0887945 -1.01071 0.0417453 -0.0901881 -1.0255 0.0417453 -0.0867996 -1.0184 0.0417453 -0.0874928 -1.01878 0.0417453 -0.0852443 -1.00816 0.0417453 -0.0860358 -1.00819 0.0417453 -0.0867996 -1.0084 0.0417453 -0.088519 -1.01997 0.0417453 -0.0887945 -1.02071 0.0417453 -0.131788 -1.0126 0.0249453 -0.131788 -1.0126 0.0246343 -0.131788 -1.0204 0.0249453 -0.131788 -1.0204 0.0246343 -0.130388 -1.0204 0.0210453 -0.131688 -1.0204 0.0210453 -0.130388 -1.0126 0.0210453 -0.131688 -1.0126 0.0210453 -0.131788 -1.0204 0.0214564 -0.131788 -1.0126 0.0214564 -0.131788 -1.0204 0.0211453 -0.131788 -1.0126 0.0211453 -0.131688 -1.0126 0.0250453 -0.131688 -1.0204 0.0250453 -0.130388 -1.0126 0.0250453 -0.130388 -1.0204 0.0250453 -0.131876 -1.0204 0.0215557 -0.13595 -1.0204 0.0220349 -0.131876 -1.0126 0.0215557 -0.13595 -1.0126 0.0220349 -0.136038 -1.0204 0.0239564 -0.136038 -1.0204 0.0221343 -0.136038 -1.0126 0.0239564 -0.136038 -1.01376 0.0226203 -0.136038 -1.0126 0.0221343 -0.136038 -1.01408 0.0223092 -0.136038 -1.0145 0.0221953 -0.136038 -1.01924 0.0226203 -0.136038 -1.01892 0.0223092 -0.136038 -1.0185 0.0221953 -0.136038 -1.01776 0.0226203 -0.136038 -1.01724 0.0226203 -0.136038 -1.01807 0.0223092 -0.136038 -1.01692 0.0223092 -0.136038 -1.0165 0.0221953 -0.136038 -1.01493 0.0223092 -0.136038 -1.01608 0.0223092 -0.136038 -1.01524 0.0226203 -0.136038 -1.01576 0.0226203 -0.13595 -1.0204 0.0240557 -0.131876 -1.0204 0.0245349 -0.13595 -1.0126 0.0240557 -0.131876 -1.0126 0.0245349 -0.130388 -1.0125 0.0211453 -0.131711 -1.0125 0.0245411 -0.130388 -1.0125 0.0249453 -0.131688 -1.0125 0.0246343 -0.131688 -1.0125 0.0249453 -0.131688 -1.0125 0.0211453 -0.131688 -1.0125 0.0214564 -0.131711 -1.0125 0.0215496 -0.131775 -1.0125 0.0216213 -0.135938 -1.0125 0.0221343 -0.135938 -1.0125 0.0239564 -0.131865 -1.0125 0.021655 -0.131865 -1.0125 0.0244356 -0.131775 -1.0125 0.0244694 -0.130388 -1.0205 0.0249453 -0.131711 -1.0205 0.0215496 -0.130388 -1.0205 0.0211453 -0.131688 -1.0205 0.0214564 -0.131688 -1.0205 0.0211453 -0.131865 -1.0205 0.0244356 -0.135938 -1.0205 0.0239564 -0.135938 -1.0205 0.0221343 -0.131688 -1.0205 0.0249453 -0.131688 -1.0205 0.0246343 -0.131711 -1.0205 0.0245411 -0.131775 -1.0205 0.0244694 -0.131775 -1.0205 0.0216213 -0.131865 -1.0205 0.021655 -0.144038 -1.01376 0.0226203 -0.144038 -1.01408 0.0223092 -0.144038 -1.0145 0.0221953 -0.144038 -1.01493 0.0223092 -0.144038 -1.01524 0.0226203 -0.144038 -1.01576 0.0226203 -0.144038 -1.01608 0.0223092 -0.144038 -1.0165 0.0221953 -0.144038 -1.01692 0.0223092 -0.144038 -1.01724 0.0226203 -0.144038 -1.01776 0.0226203 -0.144038 -1.01807 0.0223092 -0.144038 -1.0185 0.0221953 -0.144038 -1.01892 0.0223092 -0.144038 -1.01924 0.0226203 -0.0832098 -1.00923 0.0418453 -0.0838071 -1.00875 0.0418453 -0.0838071 -1.00875 0.0446453 -0.0845011 -1.00842 0.0418453 -0.0845011 -1.00842 0.0446453 -0.0852531 -1.00826 0.0418453 -0.0852531 -1.00826 0.0446453 -0.086021 -1.00829 0.0418453 -0.086021 -1.00829 0.0446453 -0.0867619 -1.00849 0.0418453 -0.0867619 -1.00849 0.0446453 -0.0874345 -1.00886 0.0418453 -0.0874345 -1.00886 0.0446453 -0.088001 -1.00938 0.0418453 -0.088001 -1.00938 0.0446453 -0.08843 -1.01002 0.0418453 -0.08843 -1.01002 0.0446453 -0.0886973 -1.01074 0.0418453 -0.0886973 -1.01074 0.0446453 -0.0832098 -1.01923 0.0418453 -0.0838071 -1.01875 0.0418453 -0.0838071 -1.01875 0.0446453 -0.0845011 -1.01842 0.0418453 -0.0845011 -1.01842 0.0446453 -0.0852531 -1.01826 0.0418453 -0.0852531 -1.01826 0.0446453 -0.086021 -1.01829 0.0418453 -0.086021 -1.01829 0.0446453 -0.0867619 -1.01849 0.0418453 -0.0867619 -1.01849 0.0446453 -0.0874345 -1.01886 0.0418453 -0.0874345 -1.01886 0.0446453 -0.088001 -1.01938 0.0418453 -0.088001 -1.01938 0.0446453 -0.08843 -1.02002 0.0418453 -0.08843 -1.02002 0.0446453 -0.0886973 -1.02074 0.0418453 -0.0886973 -1.02074 0.0446453 -0.124962 -1.01737 0.0563453 -0.124737 -1.01821 0.0563453 -0.124368 -1.019 0.0563453 -0.123868 -1.01971 0.0563453 -0.123252 -1.02033 0.0563453 -0.122538 -1.02083 0.0563453 -0.121748 -1.0212 0.0563453 -0.120906 -1.02142 0.0563453 -0.120038 -1.0215 0.0563453 -0.11917 -1.02142 0.0563453 -0.118328 -1.0212 0.0563453 -0.117538 -1.02083 0.0563453 -0.116824 -1.02033 0.0563453 -0.116208 -1.01971 0.0563453 -0.115708 -1.019 0.0563453 -0.11534 -1.01821 0.0563453 -0.115114 -1.01737 0.0563453 -0.115213 -1.01735 0.0564453 -0.115434 -1.01818 0.0564453 -0.124864 -1.01735 0.0564453 -0.124643 -1.01818 0.0564453 -0.123792 -1.01965 0.0564453 -0.123188 -1.02025 0.0564453 -0.117588 -1.02074 0.0564453 -0.122488 -1.02074 0.0564453 -0.121714 -1.0211 0.0564453 -0.120889 -1.02133 0.0564453 -0.116888 -1.02025 0.0564453 -0.116285 -1.01965 0.0564453 -0.115795 -1.01895 0.0564453 -0.124282 -1.01895 0.0564453 -0.120038 -1.0214 0.0564453 -0.119187 -1.02133 0.0564453 -0.118362 -1.0211 0.0564453 -0.130208 -1.0075 0.0524614 -0.130208 -1.00793 0.0524614 -0.129899 -1.0076 0.0525231 -0.129505 -1.00743 0.052602 -0.130046 -1.00699 0.0524938 -0.1302 -1.00738 0.052463 -0.123299 -1.0074 0.0538432 -0.123299 -1.0066 0.0538432 -0.129269 -1.0074 0.0526492 -0.129308 -1.0066 0.0526414 -0.129719 -1.0067 0.0525591 -0.123277 -1.0074 0.0538451 -0.112294 -1.0074 0.0536454 -0.123277 -1.0066 0.0538451 -0.112294 -1.0066 0.0536454 -0.0912737 -1.0066 0.0505887 -0.112282 -1.0066 0.0536444 -0.112282 -1.0074 0.0536444 -0.0917584 -1.00772 0.0506592 -0.0915957 -1.00792 0.0506355 -0.0904721 -1.00709 0.0504721 -0.0903737 -1.0075 0.0504578 -0.0903737 -1.0255 0.0504578 -0.0915171 -1.02494 0.0506241 -0.0903821 -1.02562 0.050459 -0.0918504 -1.02536 0.0506726 -0.0905364 -1.02602 0.0504814 -0.0921345 -1.02552 0.0507139 -0.0912737 -1.0264 0.0505887 -0.0908622 -1.0263 0.0505288 -0.092578 -1.0074 0.0507784 -0.0920001 -1.00755 0.0506943 -0.0911456 -1.00661 0.05057 -0.0907533 -1.00677 0.050513 -0.112282 -1.0256 0.0536444 -0.112282 -1.0264 0.0536444 -0.092578 -1.0256 0.0507784 -0.0923433 -1.02558 0.0507443 -0.0914246 -1.00839 0.0506106 -0.0914189 -1.0085 0.0506098 -0.0914189 -1.0245 0.0506098 -0.129288 -1.0075 0.0543453 -0.110388 -1.0075 0.0543453 -0.110388 -1.0075 0.0542453 -0.0932888 -1.0075 0.0543453 -0.0925636 -1.0075 0.0508774 -0.109488 -1.0075 0.0540721 -0.110361 -1.0075 0.0541453 -0.112267 -1.0075 0.0537434 -0.112293 -1.0075 0.0537454 -0.123275 -1.0075 0.0539451 -0.123318 -1.0075 0.0539413 -0.129288 -1.0075 0.0527473 -0.109415 -1.0075 0.0541453 -0.109388 -1.0075 0.0542453 -0.109388 -1.0075 0.0543453 -0.110288 -1.0075 0.0540721 -0.110188 -1.0075 0.0540453 -0.109588 -1.0075 0.0540453 -0.123277 -1.0256 0.0538451 -0.123277 -1.0264 0.0538451 -0.112294 -1.0256 0.0536454 -0.112294 -1.0264 0.0536454 -0.13005 -1.02527 0.052493 -0.130208 -1.02507 0.0524614 -0.130208 -1.0255 0.0524614 -0.123299 -1.0264 0.0538432 -0.123299 -1.0256 0.0538432 -0.129308 -1.0264 0.0526414 -0.129269 -1.0256 0.0526492 -0.129842 -1.02544 0.0525345 -0.13011 -1.02591 0.0524809 -0.129795 -1.02547 0.0525439 -0.129831 -1.02623 0.0525368 -0.129439 -1.02639 0.0526151 -0.0932888 -1.0255 0.0543453 -0.109388 -1.0255 0.0543453 -0.0925636 -1.0255 0.0508774 -0.109388 -1.0255 0.0542453 -0.109415 -1.0255 0.0541453 -0.109488 -1.0255 0.0540721 -0.109588 -1.0255 0.0540453 -0.112267 -1.0255 0.0537434 -0.110188 -1.0255 0.0540453 -0.110288 -1.0255 0.0540721 -0.123275 -1.0255 0.0539451 -0.112293 -1.0255 0.0537454 -0.110388 -1.0255 0.0542453 -0.110361 -1.0255 0.0541453 -0.129288 -1.0255 0.0527473 -0.123318 -1.0255 0.0539413 -0.129288 -1.0255 0.0543453 -0.110388 -1.0255 0.0543453 -0.0915024 -1.0085 0.0506883 -0.0922715 -1.0085 0.0543658 -0.0915024 -1.0245 0.0506883 -0.0922715 -1.0245 0.0543658 -0.110288 -1.0076 0.0542453 -0.110288 -1.0076 0.0543453 -0.110288 -1.01372 0.0542453 -0.110288 -1.01372 0.0543453 -0.109488 -1.01456 0.0542453 -0.109488 -1.01456 0.0543453 -0.109488 -1.0076 0.0542453 -0.109488 -1.0076 0.0543453 -0.109488 -1.0254 0.0542453 -0.109488 -1.0254 0.0543453 -0.109488 -1.01844 0.0542453 -0.109488 -1.01844 0.0543453 -0.110288 -1.01928 0.0542453 -0.110288 -1.01928 0.0543453 -0.110288 -1.0254 0.0542453 -0.110288 -1.0254 0.0543453 -0.109588 -1.0076 0.0541453 -0.110188 -1.0076 0.0541453 -0.109588 -1.01456 0.0541453 -0.110188 -1.01372 0.0541453 -0.110235 -1.0139 0.0541453 -0.109666 -1.01472 0.0541453 -0.109609 -1.01465 0.0541453 -0.110188 -1.0254 0.0541453 -0.109588 -1.0254 0.0541453 -0.110188 -1.01928 0.0541453 -0.109588 -1.01844 0.0541453 -0.110235 -1.0191 0.0541453 -0.110364 -1.01895 0.0541453 -0.109609 -1.01835 0.0541453 -0.109666 -1.01828 0.0541453 -0.109748 -1.01824 0.0541453 -0.109838 -1.01824 0.0541453 -0.110302 -1.0183 0.0541453 -0.110545 -1.01889 0.0541453 -0.111114 -1.01875 0.0541453 -0.110765 -1.01824 0.0541453 -0.111634 -1.01849 0.0541453 -0.111196 -1.01805 0.0541453 -0.112074 -1.0181 0.0541453 -0.111566 -1.01777 0.0541453 -0.112408 -1.01762 0.0541453 -0.111849 -1.0174 0.0541453 -0.112617 -1.01708 0.0541453 -0.112027 -1.01696 0.0541453 -0.112688 -1.0165 0.0541453 -0.112088 -1.0165 0.0541453 -0.112617 -1.01592 0.0541453 -0.112027 -1.01604 0.0541453 -0.112408 -1.01538 0.0541453 -0.111849 -1.0156 0.0541453 -0.112074 -1.0149 0.0541453 -0.111566 -1.01523 0.0541453 -0.111634 -1.01451 0.0541453 -0.111196 -1.01495 0.0541453 -0.111114 -1.01425 0.0541453 -0.110765 -1.01476 0.0541453 -0.110545 -1.01411 0.0541453 -0.110302 -1.0147 0.0541453 -0.110364 -1.01405 0.0541453 -0.109838 -1.01476 0.0541453 -0.109748 -1.01476 0.0541453 -0.110556 -1.01401 0.0542453 -0.110556 -1.01401 0.0543453 -0.111148 -1.01415 0.0542453 -0.111427 -1.01427 0.0543453 -0.11169 -1.01443 0.0542453 -0.11169 -1.01443 0.0543453 -0.112148 -1.01483 0.0542453 -0.112148 -1.01483 0.0543453 -0.112497 -1.01533 0.0542453 -0.112497 -1.01533 0.0543453 -0.112714 -1.0159 0.0542453 -0.112623 -1.01561 0.0543453 -0.112788 -1.0165 0.0542453 -0.112788 -1.0165 0.0543453 -0.112714 -1.0171 0.0542453 -0.112623 -1.01739 0.0543453 -0.112497 -1.01767 0.0542453 -0.112497 -1.01767 0.0543453 -0.112148 -1.01817 0.0542453 -0.112148 -1.01817 0.0543453 -0.11169 -1.01857 0.0542453 -0.11169 -1.01857 0.0543453 -0.111148 -1.01885 0.0542453 -0.111427 -1.01873 0.0543453 -0.110556 -1.01899 0.0542453 -0.110556 -1.01899 0.0543453 -0.109863 -1.01815 0.0542453 -0.109863 -1.01815 0.0543453 -0.110301 -1.0182 0.0542453 -0.110301 -1.0182 0.0543453 -0.110739 -1.01814 0.0542453 -0.110739 -1.01814 0.0543453 -0.111146 -1.01797 0.0542453 -0.111146 -1.01797 0.0543453 -0.111495 -1.0177 0.0542453 -0.111495 -1.0177 0.0543453 -0.111763 -1.01735 0.0542453 -0.111763 -1.01735 0.0543453 -0.111931 -1.01694 0.0542453 -0.111931 -1.01694 0.0543453 -0.111988 -1.0165 0.0542453 -0.111988 -1.0165 0.0543453 -0.111931 -1.01606 0.0542453 -0.111931 -1.01606 0.0543453 -0.111763 -1.01565 0.0542453 -0.111763 -1.01565 0.0543453 -0.111495 -1.0153 0.0542453 -0.111495 -1.0153 0.0543453 -0.111146 -1.01503 0.0542453 -0.111146 -1.01503 0.0543453 -0.110739 -1.01486 0.0542453 -0.110739 -1.01486 0.0543453 -0.110301 -1.0148 0.0542453 -0.110301 -1.0148 0.0543453 -0.109863 -1.01485 0.0542453 -0.109863 -1.01485 0.0543453 -0.0901881 -1.01715 0.0467453 -0.088427 -1.01715 0.0467453 -0.0901881 -1.01585 0.0467453 -0.088427 -1.01585 0.0467453 -0.0883928 -1.01715 0.0467393 -0.0843539 -1.01715 0.0452693 -0.0883928 -1.01585 0.0467393 -0.0843539 -1.01585 0.0452693 -0.0842881 -1.01585 0.0451753 -0.0842881 -1.01715 0.0451753 -0.0842881 -1.01585 0.0448453 -0.0842881 -1.01715 0.0448453 -0.0843881 -1.01575 0.0451753 -0.0843881 -1.01575 0.0448453 -0.088427 -1.01575 0.0466453 -0.0901881 -1.01575 0.0448453 -0.0901881 -1.01575 0.0466453 -0.0901881 -1.01725 0.0466453 -0.0901881 -1.01725 0.0448453 -0.088427 -1.01725 0.0466453 -0.0843881 -1.01725 0.0448453 -0.0843881 -1.01725 0.0451753 -0.136288 -1.01715 0.0451753 -0.136288 -1.01585 0.0451753 -0.136288 -1.01715 0.0448453 -0.136288 -1.01585 0.0448453 -0.136222 -1.01715 0.0452693 -0.132183 -1.01715 0.0467393 -0.136222 -1.01585 0.0452693 -0.132183 -1.01585 0.0467393 -0.132149 -1.01715 0.0467453 -0.130388 -1.01715 0.0467453 -0.132149 -1.01585 0.0467453 -0.130388 -1.01585 0.0467453 -0.130388 -1.01575 0.0466453 -0.130388 -1.01575 0.0448453 -0.132149 -1.01575 0.0466453 -0.136188 -1.01575 0.0448453 -0.136188 -1.01575 0.0451753 -0.136188 -1.01725 0.0451753 -0.136188 -1.01725 0.0448453 -0.132149 -1.01725 0.0466453 -0.130388 -1.01725 0.0448453 -0.130388 -1.01725 0.0466453 -0.0932881 -1.0225 0.0154453 -0.0932881 -1.0225 0.0141453 -0.0912881 -1.0225 0.0154453 -0.0912881 -1.0225 0.0141453 -0.0942881 -1.0255 0.0154453 -0.0942881 -1.0255 0.0141453 -0.0942881 -1.0235 0.0154453 -0.0942881 -1.0235 0.0141453 -0.0905067 -1.02227 0.0155453 -0.0903881 -1.02213 0.0155453 -0.0942569 -1.02588 0.0155453 -0.0930291 -1.0264 0.0155453 -0.094514 -1.02628 0.0155453 -0.0946557 -1.0264 0.0155453 -0.0909052 -1.02253 0.0155453 -0.0912881 -1.0226 0.0155453 -0.0932881 -1.0226 0.0155453 -0.0937381 -1.02272 0.0155453 -0.0940675 -1.02305 0.0155453 -0.0941881 -1.0235 0.0155453 -0.0941881 -1.0255 0.0155453 -0.0940134 -1.02532 0.0155453 -0.0935796 -1.026 0.0155453 -0.0942881 -1.0095 0.0154453 -0.0942881 -1.0095 0.0141453 -0.0942881 -1.0075 0.0154453 -0.0942881 -1.0075 0.0141453 -0.0912881 -1.0105 0.0154453 -0.0912881 -1.0105 0.0141453 -0.0932881 -1.0105 0.0154453 -0.0932881 -1.0105 0.0141453 -0.094514 -1.00672 0.0155453 -0.0946557 -1.0066 0.0155453 -0.0909052 -1.01047 0.0155453 -0.0903881 -1.00924 0.0155453 -0.0905067 -1.01073 0.0155453 -0.0903881 -1.01087 0.0155453 -0.0942569 -1.00712 0.0155453 -0.0941881 -1.0075 0.0155453 -0.0936534 -1.00967 0.0155453 -0.0929853 -1.01017 0.0155453 -0.0932881 -1.0104 0.0155453 -0.0921705 -1.01035 0.0155453 -0.0912881 -1.0104 0.0155453 -0.0913544 -1.01018 0.0155453 -0.0906826 -1.00968 0.0155453 -0.0937381 -1.01028 0.0155453 -0.0940675 -1.00995 0.0155453 -0.0940555 -1.00894 0.0155453 -0.0941881 -1.0095 0.0155453 -0.127288 -1.0105 0.0154453 -0.127288 -1.0105 0.0141453 -0.129288 -1.0105 0.0154453 -0.129288 -1.0105 0.0141453 -0.126288 -1.0075 0.0154453 -0.126288 -1.0075 0.0141453 -0.126288 -1.0095 0.0154453 -0.126288 -1.0095 0.0141453 -0.130188 -1.00751 0.0155453 -0.130123 -1.00716 0.0155453 -0.12981 -1.00698 0.0155453 -0.129925 -1.00686 0.0155453 -0.129279 -1.0066 0.0155453 -0.129624 -1.00667 0.0155453 -0.126288 -1.0235 0.0154453 -0.126288 -1.0235 0.0141453 -0.126288 -1.0255 0.0154453 -0.126288 -1.0255 0.0141453 -0.129288 -1.0225 0.0154453 -0.129288 -1.0225 0.0141453 -0.127288 -1.0225 0.0154453 -0.127288 -1.0225 0.0141453 -0.129976 -1.02342 0.0155453 -0.130188 -1.02376 0.0155453 -0.130188 -1.02213 0.0155453 -0.125921 -1.0264 0.0155453 -0.127547 -1.0264 0.0155453 -0.127205 -1.02619 0.0155453 -0.126442 -1.02475 0.0155453 -0.126565 -1.02393 0.0155453 -0.126509 -1.02305 0.0155453 -0.127017 -1.02323 0.0155453 -0.126838 -1.02272 0.0155453 -0.127288 -1.0226 0.0155453 -0.126388 -1.0235 0.0155453 -0.126388 -1.0255 0.0155453 -0.126669 -1.02555 0.0155453 -0.126319 -1.02588 0.0155453 -0.126062 -1.02628 0.0155453 -0.13007 -1.02227 0.0155453 -0.129671 -1.02253 0.0155453 -0.12934 -1.02288 0.0155453 -0.129288 -1.0226 0.0155453 -0.128539 -1.02265 0.0155453 -0.127716 -1.02278 0.0155453 -0.0911909 -1.0256 0.0140453 -0.0914756 -1.02582 0.0140453 -0.0928506 -1.02582 0.0140453 -0.0931354 -1.0256 0.0140453 -0.0933539 -1.02531 0.0140453 -0.0918072 -1.02595 0.0140453 -0.0921631 -1.026 0.0140453 -0.0934913 -1.02498 0.0140453 -0.090835 -1.02498 0.0140453 -0.0909723 -1.02531 0.0140453 -0.092519 -1.02595 0.0140453 -0.0914756 -1.00957 0.0140453 -0.0918072 -1.0097 0.0140453 -0.090835 -1.00873 0.0140453 -0.0909723 -1.00906 0.0140453 -0.0911909 -1.00935 0.0140453 -0.0921631 -1.00975 0.0140453 -0.092519 -1.0097 0.0140453 -0.0928506 -1.00957 0.0140453 -0.0931354 -1.00935 0.0140453 -0.0933539 -1.00906 0.0140453 -0.0934913 -1.00873 0.0140453 -0.129741 -1.00873 0.0140453 -0.127085 -1.00873 0.0140453 -0.127222 -1.00906 0.0140453 -0.127441 -1.00935 0.0140453 -0.127726 -1.00957 0.0140453 -0.128057 -1.0097 0.0140453 -0.129101 -1.00957 0.0140453 -0.128769 -1.0097 0.0140453 -0.128413 -1.00975 0.0140453 -0.129385 -1.00935 0.0140453 -0.129604 -1.00906 0.0140453 -0.129741 -1.02498 0.0140453 -0.127085 -1.02498 0.0140453 -0.127222 -1.02531 0.0140453 -0.129604 -1.02531 0.0140453 -0.127441 -1.0256 0.0140453 -0.127726 -1.02582 0.0140453 -0.128413 -1.026 0.0140453 -0.128769 -1.02595 0.0140453 -0.128057 -1.02595 0.0140453 -0.129101 -1.02582 0.0140453 -0.129385 -1.0256 0.0140453 -0.126422 -1.01 0.0154453 -0.126422 -1.01 0.0141453 -0.126788 -1.01037 0.0154453 -0.126788 -1.01037 0.0141453 -0.0949487 -1.00656 0.0147399 -0.0949489 -1.00656 0.0154453 -0.0949055 -1.00658 0.014701 -0.0945844 -1.00679 0.0154453 -0.0946997 -1.00669 0.0145157 -0.0945452 -1.00683 0.0143767 -0.0944567 -1.00694 0.014297 -0.0943507 -1.00715 0.0154453 -0.0943506 -1.00715 0.0142015 -0.0943074 -1.0073 0.0141627 -0.125957 -1.00683 0.0143024 -0.0946517 -1.00679 0.0143382 -0.126036 -1.00694 0.0142139 -0.094474 -1.00707 0.0141408 -0.126132 -1.00715 0.0141078 -0.0943904 -1.00743 0.0140478 -0.126171 -1.0073 0.0140646 -0.125818 -1.00669 0.0144569 -0.125632 -1.00658 0.0146627 -0.0947553 -1.00669 0.0144533 -0.0949438 -1.00658 0.0146627 -0.125594 -1.00656 0.0147059 -0.126286 -1.00743 0.0141476 -0.126226 -1.00715 0.0154453 -0.125992 -1.00679 0.0154453 -0.126193 -1.00707 0.0142312 -0.126225 -1.00715 0.0142017 -0.125671 -1.00658 0.014701 -0.12588 -1.00669 0.0145125 -0.125995 -1.00679 0.0144089 -0.125627 -1.00656 0.0154453 -0.130226 -1.01115 0.0154453 -0.130154 -1.011 0.0141453 -0.130154 -1.011 0.0154453 -0.129995 -1.01079 0.0154453 -0.129788 -1.01063 0.0141453 -0.129634 -1.01056 0.0154453 -0.129788 -1.01063 0.0154453 -0.0937881 -1.01037 0.0154453 -0.0937881 -1.01037 0.0141453 -0.0941541 -1.01 0.0154453 -0.0941541 -1.01 0.0141453 -0.09094 -1.01056 0.0154453 -0.0907881 -1.01063 0.0141453 -0.0907881 -1.01063 0.0154453 -0.0905777 -1.0108 0.0154453 -0.0904221 -1.011 0.0141453 -0.0903474 -1.01116 0.0154453 -0.0904221 -1.011 0.0154453 -0.09094 -1.02244 0.0154453 -0.0907881 -1.02237 0.0141453 -0.0907881 -1.02237 0.0154453 -0.0905777 -1.0222 0.0154453 -0.0904221 -1.022 0.0141453 -0.0904221 -1.022 0.0154453 -0.0903474 -1.02184 0.0154453 -0.0941541 -1.023 0.0154453 -0.0941541 -1.023 0.0141453 -0.0937881 -1.02263 0.0154453 -0.0937881 -1.02263 0.0141453 -0.0949489 -1.02644 0.0154453 -0.0947881 -1.02637 0.0141453 -0.0947881 -1.02637 0.0154453 -0.0945844 -1.02621 0.0154453 -0.0944221 -1.026 0.0141453 -0.0944221 -1.026 0.0154453 -0.0943507 -1.02585 0.0154453 -0.125627 -1.02644 0.0154453 -0.125788 -1.02637 0.0141453 -0.125788 -1.02637 0.0154453 -0.125992 -1.02621 0.0154453 -0.126154 -1.026 0.0141453 -0.126226 -1.02585 0.0154453 -0.126154 -1.026 0.0154453 -0.130229 -1.02184 0.0154453 -0.130154 -1.022 0.0141453 -0.130154 -1.022 0.0154453 -0.129999 -1.0222 0.0154453 -0.129788 -1.02237 0.0141453 -0.129788 -1.02237 0.0154453 -0.129636 -1.02244 0.0154453 -0.126788 -1.02263 0.0154453 -0.126788 -1.02263 0.0141453 -0.126422 -1.023 0.0154453 -0.126422 -1.023 0.0141453 -0.129662 -1.02643 0.0156453 -0.129788 -1.02637 0.0156453 -0.129995 -1.02621 0.0156453 -0.130154 -1.026 0.0156453 -0.130216 -1.02587 0.0156453 -0.130281 -1.02562 0.0523647 -0.130226 -1.02585 0.0448453 -0.130225 -1.02585 0.0523746 -0.130211 -1.02588 0.0523772 -0.129992 -1.02621 0.0448453 -0.130116 -1.02606 0.0523943 -0.129995 -1.02621 0.0524161 -0.129627 -1.02644 0.0448453 -0.129763 -1.02638 0.0524578 -0.129483 -1.02648 0.0525082 -0.129473 -1.02548 0.0527066 -0.129634 -1.02544 0.0543453 -0.129484 -1.02548 0.0527041 -0.129915 -1.02528 0.0526094 -0.129847 -1.02533 0.0526244 -0.129995 -1.02521 0.0543453 -0.129673 -1.02542 0.0526626 -0.129634 -1.02544 0.0526713 -0.129999 -1.0252 0.052591 -0.130226 -1.02485 0.0543453 -0.130205 -1.0249 0.0525456 -0.130281 -1.00838 0.0525288 -0.130226 -1.00815 0.0543453 -0.130226 -1.00815 0.0525409 -0.130215 -1.00812 0.0525435 -0.130121 -1.00795 0.0525641 -0.129995 -1.00779 0.0543453 -0.129995 -1.00779 0.0525918 -0.129634 -1.00756 0.0543453 -0.129766 -1.00762 0.0526421 -0.129673 -1.00758 0.0526626 -0.129627 -1.00656 0.0448453 -0.129992 -1.00679 0.0448453 -0.129995 -1.00679 0.0524161 -0.129862 -1.00668 0.05244 -0.129671 -1.00658 0.0524745 -0.129411 -1.00651 0.0525212 -0.130225 -1.00715 0.0523746 -0.130211 -1.00712 0.0523772 -0.130174 -1.00704 0.052384 -0.130226 -1.00715 0.0448453 -0.129662 -1.00657 0.0156453 -0.129995 -1.00679 0.0156453 -0.130216 -1.00713 0.0156453 -0.0909489 -1.02644 0.0448453 -0.0905844 -1.02621 0.0448453 -0.090581 -1.02621 0.0503972 -0.0907174 -1.02632 0.050415 -0.0909055 -1.02642 0.0504396 -0.0911647 -1.02649 0.0504736 -0.0903508 -1.02585 0.050367 -0.0903651 -1.02588 0.0503689 -0.0904042 -1.02597 0.050374 -0.0903507 -1.02585 0.0448453 -0.0909145 -1.00657 0.0156453 -0.0907881 -1.00663 0.0156453 -0.090581 -1.00679 0.0156453 -0.0904221 -1.007 0.0156453 -0.0903606 -1.00713 0.0156453 -0.0902957 -1.00738 0.0503598 -0.0903507 -1.00715 0.0448453 -0.0903508 -1.00715 0.050367 -0.0903651 -1.00712 0.0503689 -0.0905844 -1.00679 0.0448453 -0.0904625 -1.00694 0.0503816 -0.090581 -1.00679 0.0503972 -0.0909489 -1.00656 0.0448453 -0.0908158 -1.00662 0.0504279 -0.0910929 -1.00652 0.0504642 -0.0912881 -1.0265 0.0156453 -0.0902881 -1.0255 0.0156453 -0.0904221 -1.026 0.0156453 -0.0907881 -1.02637 0.0156453 -0.0920356 -1.02537 0.0507833 -0.0928996 -1.02542 0.0543532 -0.0921575 -1.02542 0.050805 -0.0931625 -1.02549 0.0543479 -0.0915832 -1.02488 0.0507027 -0.0923499 -1.02488 0.0543642 -0.0916637 -1.02503 0.050717 -0.0923878 -1.02496 0.0543635 -0.0918149 -1.02521 0.050744 -0.0925695 -1.02521 0.0543598 -0.0927043 -1.02532 0.0543571 -0.0915087 -1.02461 0.0506894 -0.0915685 -1.02485 0.0507001 -0.092279 -1.00838 0.0543656 -0.091586 -1.00811 0.0507032 -0.0923499 -1.00812 0.0543642 -0.0918132 -1.00779 0.0507437 -0.0924463 -1.00794 0.0543623 -0.0918834 -1.00773 0.0507562 -0.0925695 -1.00779 0.0543598 -0.0921976 -1.00756 0.0508122 -0.092805 -1.00762 0.0543551 -0.0923411 -1.00752 0.0508377 -0.0930902 -1.00752 0.0543493 -0.137399 -1.01375 0.0418453 -0.137404 -1.01376 0.0417953 -0.137419 -1.01379 0.0417587 -0.137525 -1.01916 0.0417953 -0.137488 -1.01916 0.0417587 -0.137527 -1.01379 0.0446453 -0.137496 -1.01376 0.0446453 -0.137453 -1.01374 0.0446453 -0.137406 -1.01374 0.0446453 -0.132336 -1.00968 0.0418071 -0.133811 -1.00848 0.0418071 -0.134746 -1.00826 0.0418071 -0.136607 -1.00865 0.0418071 -0.131871 -1.01053 0.0417529 -0.136633 -1.0086 0.0417529 -0.136617 -1.00863 0.0417746 -0.137387 -1.00921 0.0417746 -0.137411 -1.00919 0.0417529 -0.137402 -1.0092 0.0417587 -0.131902 -1.01054 0.0417746 -0.137372 -1.00923 0.0418071 -0.137376 -1.00922 0.0417953 -0.135705 -1.00831 0.0418071 -0.13571 -1.00829 0.0417746 -0.135716 -1.00826 0.0417529 -0.134741 -1.0082 0.0417529 -0.134744 -1.00823 0.0417746 -0.133791 -1.00843 0.0417529 -0.133803 -1.00846 0.0417746 -0.132984 -1.00897 0.0418071 -0.13297 -1.00895 0.0417746 -0.13295 -1.00893 0.0417529 -0.132291 -1.00965 0.0417529 -0.132318 -1.00967 0.0417746 -0.131922 -1.01055 0.0418071 -0.130038 -1.00674 0.0417391 -0.130287 -1.00713 0.0417391 -0.130354 -1.0075 0.0417391 -0.130253 -1.00714 0.041716 -0.130231 -1.00715 0.0416799 -0.130294 -1.0075 0.0416799 -0.130296 -1.0075 0.0416836 -0.130317 -1.0075 0.041716 -0.13035 -1.0075 0.0417377 -0.129996 -1.00679 0.0416799 -0.129455 -1.00651 0.0416804 -0.129629 -1.00655 0.0416799 -0.129619 -1.00653 0.0417119 -0.129639 -1.00653 0.0417154 -0.129849 -1.00658 0.0417428 -0.129792 -1.00657 0.0417377 -0.130012 -1.00677 0.041716 -0.129775 -1.00656 0.0417357 -0.129698 -1.00654 0.0417251 -0.130354 -1.0255 0.0417391 -0.13035 -1.0255 0.0417377 -0.130317 -1.0255 0.041716 -0.130296 -1.0255 0.0416836 -0.130294 -1.0255 0.0416799 -0.137483 -1.01919 0.0417587 -0.137467 -1.0192 0.0417587 -0.137446 -1.01921 0.0417587 -0.137422 -1.01921 0.0417587 -0.137402 -1.0192 0.0417587 -0.137376 -1.01922 0.0417953 -0.13741 -1.01924 0.0417953 -0.137406 -1.01926 0.0418453 -0.137453 -1.01926 0.0418453 -0.137451 -1.01925 0.0417953 -0.137496 -1.01924 0.0418453 -0.137489 -1.01923 0.0417953 -0.137527 -1.01921 0.0418453 -0.137515 -1.0192 0.0417953 -0.137483 -1.01381 0.0447319 -0.137488 -1.01384 0.0447319 -0.137467 -1.0138 0.0447319 -0.137446 -1.01379 0.0447319 -0.137422 -1.01379 0.0447319 -0.13741 -1.01376 0.0446953 -0.137451 -1.01375 0.0446953 -0.137489 -1.01377 0.0446953 -0.137515 -1.0138 0.0446953 -0.137525 -1.01384 0.0446953 -0.137467 -1.0092 0.0417587 -0.137483 -1.00919 0.0417587 -0.137489 -1.00923 0.0417953 -0.137496 -1.00924 0.0418453 -0.137527 -1.00921 0.0418453 -0.137451 -1.00925 0.0417953 -0.137453 -1.00926 0.0418453 -0.13741 -1.00924 0.0417953 -0.137406 -1.00926 0.0418453 -0.137422 -1.00921 0.0417587 -0.137515 -1.0092 0.0417953 -0.137525 -1.00916 0.0417953 -0.137488 -1.00916 0.0417587 -0.137446 -1.00921 0.0417587 -0.129452 -1.0065 0.0416889 -0.129448 -1.0065 0.0416977 -0.129845 -1.00652 0.0417774 -0.129921 -1.00653 0.041775 -0.129921 -1.00651 0.0417953 -0.129921 -1.00655 0.0417587 -0.129761 -1.0065 0.0417986 -0.129921 -1.00656 0.0417524 -0.129848 -1.00655 0.0417545 -0.129772 -1.00654 0.04175 -0.129614 -1.00652 0.0417261 -0.129608 -1.00651 0.0417427 -0.129601 -1.0065 0.0417606 -0.129693 -1.00653 0.0417402 -0.129767 -1.00652 0.0417718 -0.130253 -1.02586 0.041716 -0.130231 -1.02585 0.0416799 -0.129775 -1.02644 0.0417357 -0.129792 -1.02643 0.0417377 -0.130038 -1.02626 0.0417391 -0.129849 -1.02642 0.0417428 -0.130287 -1.02587 0.0417391 -0.129629 -1.02645 0.0416799 -0.129455 -1.02649 0.0416804 -0.129619 -1.02647 0.0417119 -0.129996 -1.02621 0.0416799 -0.130012 -1.02623 0.041716 -0.129639 -1.02647 0.0417154 -0.136776 -1.01874 0.0417953 -0.136796 -1.01871 0.0417587 -0.136091 -1.01837 0.0417587 -0.135328 -1.01821 0.0417587 -0.134548 -1.01824 0.0417587 -0.133795 -1.01844 0.0417587 -0.133113 -1.01882 0.0417587 -0.132537 -1.01935 0.0417587 -0.132102 -1.01999 0.0417587 -0.13183 -1.02073 0.0417587 -0.136079 -1.01841 0.0417953 -0.135324 -1.01825 0.0417953 -0.134553 -1.01827 0.0417953 -0.133809 -1.01848 0.0417953 -0.133134 -1.01885 0.0417953 -0.132565 -1.01937 0.0417953 -0.132134 -1.02001 0.0417953 -0.131866 -1.02073 0.0417953 -0.137406 -1.01926 0.0446453 -0.137453 -1.01926 0.0446453 -0.137496 -1.01924 0.0446453 -0.137527 -1.01921 0.0446453 -0.137525 -1.01916 0.0446953 -0.137488 -1.01916 0.0447319 -0.137402 -1.0092 0.0447319 -0.136796 -1.00871 0.0447319 -0.137376 -1.00922 0.0446953 -0.136776 -1.00874 0.0446953 -0.136079 -1.00841 0.0446953 -0.135324 -1.00825 0.0446953 -0.134553 -1.00827 0.0446953 -0.133809 -1.00848 0.0446953 -0.133134 -1.00885 0.0446953 -0.132565 -1.00937 0.0446953 -0.132134 -1.01001 0.0446953 -0.131866 -1.01073 0.0446953 -0.136091 -1.00837 0.0447319 -0.135328 -1.00821 0.0447319 -0.134548 -1.00824 0.0447319 -0.133795 -1.00844 0.0447319 -0.133113 -1.00882 0.0447319 -0.132537 -1.00935 0.0447319 -0.132102 -1.00999 0.0447319 -0.13183 -1.01073 0.0447319 -0.137406 -1.00926 0.0446453 -0.137453 -1.00926 0.0446453 -0.137496 -1.00924 0.0446453 -0.137527 -1.00921 0.0446453 -0.137525 -1.0066 0.0417953 -0.137488 -1.0066 0.0417587 -0.137438 -1.00655 0.0417587 -0.137438 -1.00651 0.0417953 -0.129848 -1.02644 0.0417472 -0.129773 -1.02645 0.0417418 -0.129772 -1.02646 0.04175 -0.129761 -1.0265 0.0417987 -0.129448 -1.0265 0.0416977 -0.129601 -1.0265 0.0417607 -0.129614 -1.02648 0.0417261 -0.129616 -1.02648 0.0417187 -0.129921 -1.02642 0.041747 -0.129921 -1.02644 0.0417524 -0.129921 -1.02645 0.0417587 -0.129769 -1.02647 0.0417601 -0.129921 -1.02647 0.041775 -0.129608 -1.02649 0.0417427 -0.129452 -1.0265 0.0416889 -0.129767 -1.02648 0.0417718 -0.129921 -1.02649 0.0417953 -0.137399 -1.02375 0.0418453 -0.137404 -1.02376 0.0417953 -0.137419 -1.02379 0.0417587 -0.137422 -1.01921 0.0447319 -0.137402 -1.0192 0.0447319 -0.137446 -1.01921 0.0447319 -0.137467 -1.0192 0.0447319 -0.137483 -1.01919 0.0447319 -0.137515 -1.0192 0.0446953 -0.137489 -1.01923 0.0446953 -0.137451 -1.01925 0.0446953 -0.13741 -1.01924 0.0446953 -0.137376 -1.01922 0.0446953 -0.137422 -1.00921 0.0447319 -0.137446 -1.00921 0.0447319 -0.137467 -1.0092 0.0447319 -0.137483 -1.00919 0.0447319 -0.137488 -1.00916 0.0447319 -0.137525 -1.00916 0.0446953 -0.137515 -1.0092 0.0446953 -0.137489 -1.00923 0.0446953 -0.137451 -1.00925 0.0446953 -0.13741 -1.00924 0.0446953 -0.137525 -1.00655 0.0418453 -0.137488 -1.00651 0.0418453 -0.137513 -1.00656 0.0417953 -0.137481 -1.00653 0.0417953 -0.137481 -1.00657 0.0417587 -0.137463 -1.00656 0.0417587 -0.137438 -1.02649 0.0417953 -0.137438 -1.02645 0.0417587 -0.137525 -1.0264 0.0417953 -0.137488 -1.0264 0.0417587 -0.137527 -1.02379 0.0446453 -0.137496 -1.02376 0.0446453 -0.137453 -1.02374 0.0446453 -0.137406 -1.02374 0.0446453 -0.136796 -1.01871 0.0447319 -0.136776 -1.01874 0.0446953 -0.136079 -1.01841 0.0446953 -0.135324 -1.01825 0.0446953 -0.134553 -1.01827 0.0446953 -0.133809 -1.01848 0.0446953 -0.133134 -1.01885 0.0446953 -0.132565 -1.01937 0.0446953 -0.132134 -1.02001 0.0446953 -0.131866 -1.02073 0.0446953 -0.136091 -1.01837 0.0447319 -0.135328 -1.01821 0.0447319 -0.134548 -1.01824 0.0447319 -0.133795 -1.01844 0.0447319 -0.133113 -1.01882 0.0447319 -0.132537 -1.01935 0.0447319 -0.132102 -1.01999 0.0447319 -0.13183 -1.02073 0.0447319 -0.137525 -1.0066 0.0446953 -0.137488 -1.0066 0.0447319 -0.137488 -1.00651 0.0446453 -0.137525 -1.00655 0.0446453 -0.137488 -1.02649 0.0418453 -0.137525 -1.02645 0.0418453 -0.137481 -1.02647 0.0417953 -0.137513 -1.02644 0.0417953 -0.137463 -1.02644 0.0417587 -0.137481 -1.02643 0.0417587 -0.137483 -1.02381 0.0447319 -0.137488 -1.02384 0.0447319 -0.137467 -1.0238 0.0447319 -0.137446 -1.02379 0.0447319 -0.137422 -1.02379 0.0447319 -0.13741 -1.02376 0.0446953 -0.137451 -1.02375 0.0446953 -0.137489 -1.02377 0.0446953 -0.137515 -1.0238 0.0446953 -0.137525 -1.02384 0.0446953 -0.137438 -1.00655 0.0447319 -0.137438 -1.00651 0.0446953 -0.137488 -1.00656 0.0447203 -0.137488 -1.00653 0.0446886 -0.137525 -1.00657 0.0446886 -0.137525 -1.00656 0.0446703 -0.137488 -1.02649 0.0446453 -0.137525 -1.02645 0.0446453 -0.137525 -1.0264 0.0446953 -0.137488 -1.0264 0.0447319 -0.129921 -1.00653 0.0447157 -0.129921 -1.00651 0.0446953 -0.129921 -1.00658 0.0447436 -0.129921 -1.00656 0.0447382 -0.129921 -1.00655 0.0447319 -0.137438 -1.02647 0.044716 -0.137438 -1.02645 0.0447319 -0.137488 -1.02644 0.0447203 -0.137438 -1.02649 0.0446953 -0.137488 -1.02647 0.0446886 -0.137525 -1.02644 0.0446703 -0.137525 -1.02643 0.0446886 -0.129448 -1.0065 0.044793 -0.129434 -1.00651 0.0448145 -0.129452 -1.0065 0.0448018 -0.129455 -1.00651 0.0448101 -0.129614 -1.00653 0.0447795 -0.129614 -1.00652 0.0447645 -0.129616 -1.00652 0.044772 -0.129775 -1.00656 0.044755 -0.129639 -1.00653 0.0447752 -0.129619 -1.00653 0.0447787 -0.129772 -1.00654 0.0447407 -0.129848 -1.00656 0.0447435 -0.129773 -1.00655 0.0447488 -0.129842 -1.00658 0.0447485 -0.129798 -1.00657 0.0447524 -0.129761 -1.0065 0.044692 -0.129601 -1.0065 0.04473 -0.129608 -1.00651 0.044748 -0.129769 -1.00653 0.0447306 -0.129767 -1.00652 0.0447189 -0.129921 -1.02644 0.0447382 -0.129921 -1.02647 0.044716 -0.129921 -1.02649 0.0446836 -0.129629 -1.00655 0.0448107 -0.130231 -1.00715 0.0448107 -0.130294 -1.0075 0.0448107 -0.130302 -1.0075 0.0447953 -0.130253 -1.00714 0.0447746 -0.130317 -1.0075 0.0447746 -0.130338 -1.0075 0.0447587 -0.130287 -1.00713 0.0447515 -0.130354 -1.0075 0.0447515 -0.130038 -1.00674 0.0447515 -0.130012 -1.00677 0.0447746 -0.129996 -1.00679 0.0448107 -0.129693 -1.02647 0.0447504 -0.129772 -1.02646 0.0447407 -0.129767 -1.02648 0.0447189 -0.129452 -1.0265 0.0448018 -0.129448 -1.0265 0.044793 -0.129781 -1.02644 0.0447543 -0.129849 -1.02642 0.044748 -0.129848 -1.02645 0.0447362 -0.129638 -1.02647 0.0447753 -0.129698 -1.02646 0.0447656 -0.129775 -1.02644 0.044755 -0.129456 -1.02649 0.0448101 -0.129615 -1.02647 0.0447794 -0.129614 -1.02648 0.0447645 -0.129619 -1.02647 0.0447787 -0.129845 -1.02648 0.0447133 -0.129608 -1.02649 0.044748 -0.129601 -1.0265 0.04473 -0.129761 -1.0265 0.044692 -0.130338 -1.01565 0.0447587 -0.130302 -1.01565 0.0447953 -0.130294 -1.0255 0.0448107 -0.130302 -1.0255 0.0447953 -0.130317 -1.0255 0.0447746 -0.130253 -1.02586 0.0447746 -0.130038 -1.02626 0.0447515 -0.130354 -1.0255 0.0447515 -0.130287 -1.02587 0.0447515 -0.130338 -1.0255 0.0447587 -0.130231 -1.02585 0.0448107 -0.129629 -1.02645 0.0448107 -0.130012 -1.02623 0.0447746 -0.129996 -1.02621 0.0448107 -0.136201 -1.01574 0.0448099 -0.130388 -1.01574 0.0447953 -0.130388 -1.01572 0.0447746 -0.136189 -1.01575 0.0448344 -0.136323 -1.01568 0.0447508 -0.136312 -1.01569 0.044753 -0.136247 -1.01572 0.0447746 -0.130388 -1.0157 0.0447587 -0.130338 -1.01735 0.0447587 -0.130302 -1.01735 0.0447953 -0.136319 -1.01579 0.0447729 -0.136317 -1.01721 0.0447746 -0.136295 -1.01716 0.0448099 -0.136356 -1.01729 0.0447508 -0.136337 -1.01575 0.0447593 -0.13635 -1.01727 0.044753 -0.136289 -1.01715 0.0448344 -0.136291 -1.01585 0.0448234 -0.136301 -1.01582 0.0447962 -0.130388 -1.01728 0.0447746 -0.136286 -1.0173 0.0447593 -0.130388 -1.0173 0.0447587 -0.130388 -1.01726 0.0447953 -0.136193 -1.01725 0.0448234 -0.136214 -1.01726 0.0447962 -0.136247 -1.01728 0.0447746 -0.0831381 -1.02649 0.0446953 -0.0831381 -1.02645 0.0447319 -0.0906557 -1.02647 0.0447157 -0.0906557 -1.02649 0.0446953 -0.0906557 -1.02642 0.0447436 -0.0906557 -1.02644 0.0447382 -0.0906557 -1.02645 0.0447319 -0.0911285 -1.0265 0.044793 -0.0911423 -1.02649 0.0448145 -0.0911245 -1.0265 0.0448018 -0.0911208 -1.02649 0.0448101 -0.090962 -1.02647 0.0447795 -0.0909626 -1.02648 0.0447645 -0.0909599 -1.02648 0.044772 -0.0908014 -1.02644 0.044755 -0.0909374 -1.02647 0.0447752 -0.0909574 -1.02647 0.0447787 -0.0908047 -1.02646 0.0447407 -0.0907278 -1.02644 0.0447435 -0.0908029 -1.02645 0.0447488 -0.0907344 -1.02642 0.0447485 -0.090778 -1.02643 0.0447524 -0.0908153 -1.0265 0.044692 -0.090975 -1.0265 0.04473 -0.0909685 -1.02649 0.044748 -0.0908069 -1.02647 0.0447306 -0.0908095 -1.02648 0.0447189 -0.0830457 -1.02644 0.0446453 -0.0830515 -1.0264 0.0446953 -0.0830674 -1.02647 0.0446453 -0.0830515 -1.02645 0.0446453 -0.0830631 -1.02644 0.0446953 -0.0830999 -1.02649 0.0446453 -0.0830881 -1.02649 0.0446453 -0.0830948 -1.02647 0.0446953 -0.0831131 -1.02644 0.0447319 -0.0830948 -1.02643 0.0447319 -0.0830881 -1.0264 0.0447319 -0.0830881 -1.02384 0.0447319 -0.0830515 -1.02384 0.0446953 -0.0905383 -1.02626 0.0447515 -0.0902381 -1.0255 0.0447587 -0.0902588 -1.0255 0.0447746 -0.0903232 -1.02586 0.0447746 -0.0902747 -1.0255 0.0447953 -0.0902819 -1.0255 0.0448107 -0.0903449 -1.02585 0.0448107 -0.09058 -1.02621 0.0448107 -0.0909468 -1.02645 0.0448107 -0.0902894 -1.02587 0.0447515 -0.0902227 -1.0255 0.0447515 -0.0905637 -1.02623 0.0447746 -0.0830999 -1.02649 0.0418453 -0.0830881 -1.02649 0.0418453 -0.0830674 -1.02647 0.0418453 -0.0830515 -1.02645 0.0418453 -0.0830457 -1.02644 0.0418453 -0.0830881 -1.02384 0.0417587 -0.0830881 -1.0264 0.0417587 -0.0830515 -1.02384 0.0417953 -0.0830515 -1.0264 0.0417953 -0.08317 -1.02374 0.0446453 -0.0831233 -1.02374 0.0446453 -0.0831233 -1.02374 0.0418453 -0.0830999 -1.02374 0.0418453 -0.0830798 -1.02376 0.0446453 -0.0830798 -1.02376 0.0418453 -0.0830674 -1.02377 0.0418453 -0.0830491 -1.02379 0.0446453 -0.0830491 -1.02379 0.0418453 -0.0830457 -1.0238 0.0418453 -0.0831541 -1.02379 0.0447319 -0.0831658 -1.02376 0.0446953 -0.0830611 -1.0238 0.0446953 -0.0830936 -1.02381 0.0447319 -0.0830876 -1.02377 0.0446953 -0.0831089 -1.0238 0.0447319 -0.0831253 -1.02375 0.0446953 -0.0831307 -1.02379 0.0447319 -0.0902747 -1.01735 0.0447953 -0.0902381 -1.01735 0.0447587 -0.0830881 -1.02644 0.0417703 -0.0831381 -1.02645 0.0417587 -0.0831381 -1.02647 0.0417746 -0.0830881 -1.02647 0.041802 -0.0831381 -1.02649 0.0417953 -0.0830515 -1.02644 0.0418203 -0.0830515 -1.02643 0.041802 -0.0830919 -1.02382 0.0417587 -0.0831028 -1.0238 0.0417587 -0.083119 -1.02379 0.0417587 -0.083105 -1.02376 0.0417953 -0.0830769 -1.02378 0.0417953 -0.0830581 -1.0238 0.0417953 -0.0837999 -1.01874 0.0446953 -0.0837804 -1.01871 0.0447319 -0.0887459 -1.02073 0.0447319 -0.0884745 -1.01999 0.0447319 -0.0880389 -1.01935 0.0447319 -0.0874636 -1.01882 0.0447319 -0.0867807 -1.01844 0.0447319 -0.0860284 -1.01824 0.0447319 -0.0852487 -1.01821 0.0447319 -0.0844851 -1.01837 0.0447319 -0.0844968 -1.01841 0.0446953 -0.0852519 -1.01825 0.0446953 -0.086023 -1.01827 0.0446953 -0.086767 -1.01848 0.0446953 -0.0874423 -1.01885 0.0446953 -0.0880112 -1.01937 0.0446953 -0.0884419 -1.02001 0.0446953 -0.0887103 -1.02073 0.0446953 -0.0843752 -1.01726 0.0448099 -0.0901881 -1.01726 0.0447953 -0.0901881 -1.01728 0.0447746 -0.0843869 -1.01725 0.0448344 -0.084253 -1.01732 0.0447508 -0.0842646 -1.01731 0.044753 -0.0843295 -1.01728 0.0447746 -0.0901881 -1.0173 0.0447587 -0.0906557 -1.02649 0.0418071 -0.0906557 -1.02647 0.0417746 -0.0906557 -1.02644 0.0417524 -0.0831739 -1.0192 0.0417587 -0.0837804 -1.01871 0.0417587 -0.0832002 -1.01922 0.0417953 -0.0837999 -1.01874 0.0417953 -0.0844968 -1.01841 0.0417953 -0.0852519 -1.01825 0.0417953 -0.086023 -1.01827 0.0417953 -0.086767 -1.01848 0.0417953 -0.0874423 -1.01885 0.0417953 -0.0880112 -1.01937 0.0417953 -0.0884419 -1.02001 0.0417953 -0.0887103 -1.02073 0.0417953 -0.0844851 -1.01837 0.0417587 -0.0852487 -1.01821 0.0417587 -0.0860284 -1.01824 0.0417587 -0.0867807 -1.01844 0.0417587 -0.0874636 -1.01882 0.0417587 -0.0880389 -1.01935 0.0417587 -0.0884745 -1.01999 0.0417587 -0.0887459 -1.02073 0.0417587 -0.08317 -1.01926 0.0418453 -0.0830798 -1.01924 0.0446453 -0.0830491 -1.01921 0.0418453 -0.0830515 -1.01921 0.0446453 -0.0830881 -1.01925 0.0446453 -0.0831233 -1.01926 0.0418453 -0.0830798 -1.01924 0.0418453 -0.0831233 -1.01926 0.0446453 -0.0830631 -1.01921 0.0446953 -0.0830948 -1.01924 0.0446953 -0.0831131 -1.01921 0.0447319 -0.0830948 -1.01919 0.0447319 -0.0830515 -1.01916 0.0446953 -0.0830881 -1.01916 0.0447319 -0.0842571 -1.01721 0.0447729 -0.0842588 -1.01579 0.0447746 -0.0842816 -1.01584 0.0448099 -0.0842206 -1.01571 0.0447508 -0.0842389 -1.01725 0.0447593 -0.0842264 -1.01573 0.044753 -0.0842875 -1.01585 0.0448344 -0.0842857 -1.01715 0.0448234 -0.0842752 -1.01718 0.0447962 -0.0908828 -1.02647 0.0417402 -0.0908047 -1.02646 0.04175 -0.0908095 -1.02648 0.0417718 -0.0911245 -1.0265 0.0416889 -0.0911285 -1.0265 0.0416977 -0.0907948 -1.02644 0.0417364 -0.0907271 -1.02642 0.0417427 -0.0907287 -1.02645 0.0417545 -0.0909378 -1.02647 0.0417154 -0.0908783 -1.02646 0.0417251 -0.0908014 -1.02644 0.0417356 -0.0911207 -1.02649 0.0416806 -0.0909611 -1.02647 0.0417113 -0.0909626 -1.02648 0.0417261 -0.0909575 -1.02647 0.0417119 -0.0907316 -1.02648 0.0417774 -0.0909685 -1.02649 0.0417427 -0.090975 -1.0265 0.0417606 -0.0908153 -1.0265 0.0417986 -0.0831541 -1.01921 0.0417587 -0.0831307 -1.01921 0.0417587 -0.0831089 -1.0192 0.0417587 -0.0830936 -1.01919 0.0417587 -0.0830881 -1.01916 0.0417587 -0.0830515 -1.01916 0.0417953 -0.0830611 -1.0192 0.0417953 -0.0830876 -1.01923 0.0417953 -0.0831253 -1.01925 0.0417953 -0.0831658 -1.01924 0.0417953 -0.0830881 -1.01384 0.0447319 -0.0830515 -1.01384 0.0446953 -0.0901881 -1.01572 0.0447746 -0.0842898 -1.0157 0.0447593 -0.0901881 -1.0157 0.0447587 -0.0901881 -1.01574 0.0447953 -0.0843833 -1.01575 0.0448234 -0.0843623 -1.01574 0.0447962 -0.0843295 -1.01572 0.0447746 -0.0902819 -1.0255 0.0416799 -0.0902747 -1.0255 0.0416953 -0.0902588 -1.0255 0.041716 -0.0903232 -1.02586 0.041716 -0.0905383 -1.02626 0.0417391 -0.0902227 -1.0255 0.0417391 -0.0902894 -1.02587 0.0417391 -0.0902381 -1.0255 0.0417319 -0.0903449 -1.02585 0.0416799 -0.09058 -1.02621 0.0416799 -0.0909468 -1.02645 0.0416799 -0.0905637 -1.02623 0.041716 -0.0830881 -1.01384 0.0417587 -0.0830515 -1.01384 0.0417953 -0.08317 -1.01374 0.0446453 -0.0831233 -1.01374 0.0446453 -0.0830798 -1.01376 0.0418453 -0.0830881 -1.01375 0.0418453 -0.0831233 -1.01374 0.0418453 -0.0830798 -1.01376 0.0446453 -0.0830491 -1.01379 0.0446453 -0.0830515 -1.01379 0.0418453 -0.0831541 -1.01379 0.0447319 -0.0831307 -1.01379 0.0447319 -0.0831089 -1.0138 0.0447319 -0.0830936 -1.01381 0.0447319 -0.0830611 -1.0138 0.0446953 -0.0830876 -1.01377 0.0446953 -0.0831253 -1.01375 0.0446953 -0.0831658 -1.01376 0.0446953 -0.0902819 -1.0075 0.0448107 -0.0902747 -1.0075 0.0447953 -0.0902747 -1.01565 0.0447953 -0.0902588 -1.0075 0.0447746 -0.0902381 -1.0075 0.0447587 -0.0902381 -1.01565 0.0447587 -0.0902227 -1.0075 0.0447515 -0.0902227 -1.0075 0.0417391 -0.0902381 -1.0075 0.0417319 -0.0902588 -1.0075 0.041716 -0.0902747 -1.0075 0.0416953 -0.0902819 -1.0075 0.0416799 -0.0830631 -1.01379 0.0417953 -0.0830948 -1.01376 0.0417953 -0.0831131 -1.01379 0.0417587 -0.0830948 -1.01381 0.0417587 -0.0837999 -1.00874 0.0446953 -0.0837804 -1.00871 0.0447319 -0.0844851 -1.00837 0.0447319 -0.0852487 -1.00821 0.0447319 -0.0860284 -1.00824 0.0447319 -0.0867807 -1.00844 0.0447319 -0.0874636 -1.00882 0.0447319 -0.0880389 -1.00935 0.0447319 -0.0884745 -1.00999 0.0447319 -0.0887459 -1.01073 0.0447319 -0.0844968 -1.00841 0.0446953 -0.0852519 -1.00825 0.0446953 -0.086023 -1.00827 0.0446953 -0.086767 -1.00848 0.0446953 -0.0874423 -1.00885 0.0446953 -0.0880112 -1.00937 0.0446953 -0.0884419 -1.01001 0.0446953 -0.0887103 -1.01073 0.0446953 -0.0908783 -1.00654 0.0447655 -0.0909391 -1.00653 0.0447755 -0.0905637 -1.00677 0.0447746 -0.09058 -1.00679 0.0448107 -0.0909574 -1.00653 0.0447787 -0.0909468 -1.00655 0.0448107 -0.0911208 -1.00651 0.0448102 -0.0911284 -1.00651 0.0448118 -0.0905383 -1.00674 0.0447515 -0.0907271 -1.00658 0.0447479 -0.0907845 -1.00657 0.044753 -0.0908014 -1.00656 0.0447549 -0.0902894 -1.00713 0.0447515 -0.0903232 -1.00714 0.0447746 -0.0903449 -1.00715 0.0448107 -0.0902894 -1.00713 0.0417391 -0.0907271 -1.00658 0.0417428 -0.0905383 -1.00674 0.0417391 -0.0907845 -1.00657 0.0417377 -0.0908014 -1.00656 0.0417357 -0.0905637 -1.00677 0.041716 -0.0909391 -1.00653 0.0417151 -0.09058 -1.00679 0.0416799 -0.0909468 -1.00655 0.0416799 -0.0911284 -1.00651 0.0416789 -0.0911208 -1.00651 0.0416804 -0.0909574 -1.00653 0.0417119 -0.0903449 -1.00715 0.0416799 -0.0903232 -1.00714 0.041716 -0.0831739 -1.0092 0.0417587 -0.0837804 -1.00871 0.0417587 -0.0832002 -1.00922 0.0417953 -0.0837999 -1.00874 0.0417953 -0.0844968 -1.00841 0.0417953 -0.0852519 -1.00825 0.0417953 -0.086023 -1.00827 0.0417953 -0.086767 -1.00848 0.0417953 -0.0874423 -1.00885 0.0417953 -0.0880112 -1.00937 0.0417953 -0.0884419 -1.01001 0.0417953 -0.0887103 -1.01073 0.0417953 -0.0844851 -1.00837 0.0417587 -0.0852487 -1.00821 0.0417587 -0.0860284 -1.00824 0.0417587 -0.0867807 -1.00844 0.0417587 -0.0874636 -1.00882 0.0417587 -0.0880389 -1.00935 0.0417587 -0.0884745 -1.00999 0.0417587 -0.0887459 -1.01073 0.0417587 -0.08317 -1.00926 0.0418453 -0.0830798 -1.00924 0.0446453 -0.0830491 -1.00921 0.0418453 -0.0830515 -1.00921 0.0446453 -0.0830881 -1.00925 0.0446453 -0.0831233 -1.00926 0.0418453 -0.0830798 -1.00924 0.0418453 -0.0831233 -1.00926 0.0446453 -0.0830631 -1.00921 0.0446953 -0.0830948 -1.00924 0.0446953 -0.0831131 -1.00921 0.0447319 -0.0830948 -1.00919 0.0447319 -0.0830515 -1.00916 0.0446953 -0.0830881 -1.00916 0.0447319 -0.0908828 -1.00653 0.0447504 -0.0908047 -1.00654 0.0447407 -0.0908095 -1.00652 0.0447189 -0.090975 -1.0065 0.04473 -0.0908153 -1.0065 0.044692 -0.0907316 -1.00652 0.0447133 -0.0907287 -1.00655 0.0447362 -0.0906557 -1.00655 0.0447319 -0.0906557 -1.00656 0.0447382 -0.0909626 -1.00652 0.0447645 -0.0911245 -1.0065 0.0448018 -0.0906557 -1.00653 0.0447157 -0.0906557 -1.00651 0.0446953 -0.0911285 -1.0065 0.044793 -0.0909685 -1.00651 0.044748 -0.0907278 -1.00656 0.0417472 -0.0908029 -1.00655 0.0417418 -0.0908047 -1.00654 0.04175 -0.0908153 -1.0065 0.0417987 -0.0911285 -1.0065 0.0416977 -0.090975 -1.0065 0.0417607 -0.0909626 -1.00652 0.0417261 -0.0909599 -1.00652 0.0417187 -0.0906557 -1.00658 0.041747 -0.0906557 -1.00656 0.0417524 -0.0906557 -1.00655 0.0417587 -0.0908069 -1.00653 0.0417601 -0.0906557 -1.00653 0.041775 -0.0909685 -1.00651 0.0417427 -0.0911245 -1.0065 0.0416889 -0.0908095 -1.00652 0.0417718 -0.0906557 -1.00651 0.0417953 -0.0831541 -1.00921 0.0417587 -0.0831307 -1.00921 0.0417587 -0.0831089 -1.0092 0.0417587 -0.0830936 -1.00919 0.0417587 -0.0830881 -1.00916 0.0417587 -0.0830515 -1.00916 0.0417953 -0.0830611 -1.0092 0.0417953 -0.0830876 -1.00923 0.0417953 -0.0831253 -1.00925 0.0417953 -0.0831658 -1.00924 0.0417953 -0.0830881 -1.0066 0.0447319 -0.0830515 -1.0066 0.0446953 -0.0831381 -1.00655 0.0447319 -0.0831381 -1.00651 0.0446953 -0.0831381 -1.00651 0.0417953 -0.0831381 -1.00655 0.0417587 -0.0830881 -1.0066 0.0417587 -0.0830515 -1.0066 0.0417953 -0.0830999 -1.00651 0.0446453 -0.0830674 -1.00653 0.0446453 -0.0830881 -1.00651 0.0446453 -0.0830948 -1.00653 0.0446953 -0.0830457 -1.00656 0.0446453 -0.0830515 -1.00655 0.0446453 -0.0830631 -1.00656 0.0446953 -0.0830948 -1.00657 0.0447319 -0.0831131 -1.00656 0.0447319 -0.0830457 -1.00656 0.0418453 -0.0830674 -1.00653 0.0418453 -0.0830515 -1.00655 0.0418453 -0.0830631 -1.00656 0.0417953 -0.0830999 -1.00651 0.0418453 -0.0830881 -1.00651 0.0418453 -0.0830948 -1.00653 0.0417953 -0.0831131 -1.00656 0.0417587 -0.0830948 -1.00657 0.0417587 -0.136332 -1.01729 0.0447569 -0.136341 -1.01728 0.0447559 -0.136322 -1.0173 0.0447559 -0.136297 -1.01724 0.0447848 -0.136288 -1.01725 0.0447856 -0.136276 -1.01721 0.0448185 -0.136273 -1.01724 0.0448028 -0.136264 -1.01723 0.0448193 -0.136282 -1.01719 0.0448313 -0.136273 -1.01721 0.0448328 -0.13626 -1.01722 0.0448334 -0.136305 -1.01723 0.0447827 -0.136286 -1.0172 0.044816 -0.136312 -1.01722 0.0447792 -0.136292 -1.01718 0.044812 -0.136286 -1.01717 0.0448453 -0.136281 -1.01719 0.0448453 -0.136275 -1.0172 0.0448453 -0.136259 -1.01722 0.0448453 -0.136238 -1.01724 0.0448453 -0.136267 -1.01727 0.0447827 -0.136248 -1.01725 0.0447993 -0.136225 -1.01724 0.0448453 -0.136227 -1.01724 0.0448313 -0.136235 -1.01725 0.044816 -0.136275 -1.0172 0.0451753 -0.136238 -1.01724 0.0451753 -0.136257 -1.01715 0.045248 -0.13628 -1.01715 0.0452149 -0.136248 -1.0172 0.0452383 -0.136268 -1.0172 0.0452096 -0.136222 -1.01724 0.0452117 -0.136234 -1.01724 0.0451951 -0.136218 -1.0172 0.0452567 -0.136205 -1.01724 0.0452223 -0.136332 -1.01571 0.0447569 -0.136322 -1.0157 0.0447559 -0.136341 -1.01572 0.0447559 -0.136278 -1.01574 0.0447848 -0.136288 -1.01575 0.0447856 -0.13625 -1.01576 0.0448185 -0.136273 -1.01576 0.0448028 -0.136264 -1.01577 0.0448193 -0.136227 -1.01576 0.0448313 -0.136245 -1.01577 0.0448328 -0.13626 -1.01578 0.0448334 -0.136267 -1.01573 0.0447827 -0.136235 -1.01575 0.044816 -0.136257 -1.01573 0.0447792 -0.136219 -1.01575 0.044812 -0.136206 -1.01575 0.0448453 -0.136225 -1.01576 0.0448453 -0.136238 -1.01576 0.0448453 -0.136259 -1.01578 0.0448453 -0.136275 -1.0158 0.0448453 -0.136305 -1.01577 0.0447827 -0.136293 -1.01579 0.0447993 -0.136281 -1.01581 0.0448453 -0.136282 -1.01581 0.0448313 -0.136286 -1.0158 0.044816 -0.132179 -1.0172 0.0467267 -0.132166 -1.01724 0.0466923 -0.13628 -1.01585 0.0452149 -0.136257 -1.01585 0.045248 -0.136275 -1.0158 0.0451753 -0.136238 -1.01576 0.0451753 -0.130302 -1.01733 0.044802 -0.130302 -1.01731 0.0448203 -0.130296 -1.01731 0.0448453 -0.130338 -1.01727 0.044802 -0.130338 -1.01731 0.0447703 -0.130302 -1.0173 0.0448453 -0.130317 -1.01728 0.0448453 -0.130338 -1.01726 0.0448453 -0.13035 -1.01726 0.0448453 -0.132149 -1.0172 0.0467319 -0.132149 -1.01724 0.0466953 -0.136201 -1.01576 0.0452113 -0.136222 -1.01576 0.0452117 -0.13622 -1.01581 0.0452621 -0.136248 -1.0158 0.0452383 -0.136268 -1.0158 0.0452096 -0.136234 -1.01576 0.0451951 -0.136218 -1.0158 0.0452567 -0.136212 -1.01578 0.0452418 -0.136205 -1.01576 0.0452223 -0.13035 -1.01726 0.0466453 -0.130338 -1.01726 0.0466453 -0.130317 -1.01728 0.0466453 -0.130302 -1.0173 0.0466453 -0.130296 -1.01731 0.0466453 -0.130388 -1.0172 0.0467319 -0.130388 -1.01724 0.0466953 -0.132181 -1.01581 0.0467321 -0.132179 -1.0158 0.0467267 -0.132173 -1.01578 0.0467118 -0.132166 -1.01576 0.0466923 -0.132162 -1.01576 0.0466813 -0.130338 -1.01725 0.046702 -0.130302 -1.01728 0.0467203 -0.130302 -1.01723 0.0467752 -0.130338 -1.01721 0.0467435 -0.130296 -1.01715 0.0468071 -0.130302 -1.01715 0.0467953 -0.130317 -1.01715 0.0467746 -0.130338 -1.01715 0.0467587 -0.13035 -1.01715 0.0467529 -0.132149 -1.0158 0.0467319 -0.132149 -1.01576 0.0466953 -0.130296 -1.01585 0.0468071 -0.130302 -1.01585 0.0467953 -0.130317 -1.01585 0.0467746 -0.130338 -1.01585 0.0467587 -0.13035 -1.01585 0.0467529 -0.130388 -1.0158 0.0467319 -0.130388 -1.01576 0.0466953 -0.130338 -1.01579 0.0467435 -0.130302 -1.01577 0.0467752 -0.130302 -1.01572 0.0467203 -0.130338 -1.01575 0.046702 -0.130296 -1.01569 0.0466453 -0.130302 -1.0157 0.0466453 -0.130317 -1.01572 0.0466453 -0.130338 -1.01574 0.0466453 -0.13035 -1.01574 0.0466453 -0.13035 -1.01574 0.0448453 -0.130338 -1.01574 0.0448453 -0.130317 -1.01572 0.0448453 -0.130302 -1.0157 0.0448453 -0.130296 -1.01569 0.0448453 -0.130338 -1.01569 0.0447703 -0.130338 -1.01573 0.044802 -0.130302 -1.01569 0.0448203 -0.130302 -1.01567 0.044802 -0.0842444 -1.01729 0.0447569 -0.0842544 -1.0173 0.0447559 -0.084235 -1.01728 0.0447559 -0.0842985 -1.01726 0.0447848 -0.0842887 -1.01725 0.0447856 -0.084326 -1.01724 0.0448185 -0.084303 -1.01724 0.0448028 -0.0843119 -1.01723 0.0448193 -0.0843489 -1.01724 0.0448313 -0.0843317 -1.01723 0.0448328 -0.0843163 -1.01722 0.0448334 -0.0843088 -1.01727 0.0447827 -0.0843414 -1.01725 0.044816 -0.0843192 -1.01727 0.0447792 -0.0843573 -1.01725 0.044812 -0.0843699 -1.01725 0.0448453 -0.0843513 -1.01724 0.0448453 -0.0843381 -1.01724 0.0448453 -0.0843174 -1.01722 0.0448453 -0.0843015 -1.0172 0.0448453 -0.0842716 -1.01723 0.0447827 -0.0842832 -1.01721 0.0447993 -0.0842951 -1.01719 0.0448453 -0.0842942 -1.01719 0.0448313 -0.0842905 -1.0172 0.044816 -0.0843381 -1.01724 0.0451753 -0.0843015 -1.0172 0.0451753 -0.0842444 -1.01571 0.0447569 -0.084235 -1.01572 0.0447559 -0.0842544 -1.0157 0.0447559 -0.0842797 -1.01576 0.0447848 -0.0842887 -1.01575 0.0447856 -0.0842999 -1.01579 0.0448185 -0.084303 -1.01576 0.0448028 -0.0843119 -1.01577 0.0448193 -0.0842942 -1.01581 0.0448313 -0.0843035 -1.01579 0.0448328 -0.0843163 -1.01578 0.0448334 -0.0842716 -1.01577 0.0447827 -0.0842905 -1.0158 0.044816 -0.0842646 -1.01578 0.0447792 -0.0842841 -1.01582 0.044812 -0.0842898 -1.01583 0.0448453 -0.0842951 -1.01581 0.0448453 -0.0843015 -1.0158 0.0448453 -0.0843174 -1.01578 0.0448453 -0.0843381 -1.01576 0.0448453 -0.0843088 -1.01573 0.0447827 -0.084328 -1.01575 0.0447993 -0.0843513 -1.01576 0.0448453 -0.0843489 -1.01576 0.0448313 -0.0843414 -1.01575 0.044816 -0.0842963 -1.01715 0.0452149 -0.0843195 -1.01715 0.045248 -0.0843086 -1.0172 0.0452096 -0.0843287 -1.0172 0.0452383 -0.0843422 -1.01724 0.0451951 -0.0843538 -1.01724 0.0452117 -0.0843585 -1.0172 0.0452567 -0.084371 -1.01724 0.0452223 -0.0843381 -1.01576 0.0451753 -0.0843015 -1.0158 0.0451753 -0.0843195 -1.01585 0.045248 -0.0842963 -1.01585 0.0452149 -0.0884099 -1.01724 0.0466923 -0.0883974 -1.0172 0.0467267 -0.0843086 -1.0158 0.0452096 -0.0843287 -1.0158 0.0452383 -0.0843565 -1.01581 0.0452621 -0.0843585 -1.0158 0.0452567 -0.0843639 -1.01578 0.0452418 -0.0843538 -1.01576 0.0452117 -0.084375 -1.01576 0.0452113 -0.084371 -1.01576 0.0452223 -0.0843422 -1.01576 0.0451951 -0.088427 -1.0172 0.0467319 -0.088427 -1.01724 0.0466953 -0.0902747 -1.01731 0.0448203 -0.0902747 -1.0173 0.0448453 -0.0902747 -1.01733 0.044802 -0.0902381 -1.01731 0.0447703 -0.0902381 -1.01726 0.0448453 -0.0902381 -1.01727 0.044802 -0.0884139 -1.01576 0.0466813 -0.0884099 -1.01576 0.0466923 -0.0884028 -1.01578 0.0467118 -0.0883974 -1.0158 0.0467267 -0.0883954 -1.01581 0.0467321 -0.0901881 -1.01724 0.0466953 -0.0901881 -1.0172 0.0467319 -0.0902381 -1.01726 0.0466453 -0.0902747 -1.0173 0.0466453 -0.088427 -1.01576 0.0466953 -0.088427 -1.0158 0.0467319 -0.0902381 -1.01715 0.0467587 -0.0902381 -1.01721 0.0467435 -0.0902381 -1.01725 0.046702 -0.0902747 -1.01715 0.0467953 -0.0902747 -1.01723 0.0467752 -0.0902747 -1.01728 0.0467203 -0.0901881 -1.01576 0.0466953 -0.0901881 -1.0158 0.0467319 -0.0902747 -1.01585 0.0467953 -0.0902381 -1.01585 0.0467587 -0.0902381 -1.01574 0.0466453 -0.0902381 -1.01575 0.046702 -0.0902381 -1.01579 0.0467435 -0.0902747 -1.0157 0.0466453 -0.0902747 -1.01572 0.0467203 -0.0902747 -1.01577 0.0467752 -0.0902381 -1.01574 0.0448453 -0.0902747 -1.0157 0.0448453 -0.0902747 -1.01567 0.044802 -0.0902747 -1.01569 0.0448203 -0.0902381 -1.01573 0.044802 -0.0902381 -1.01569 0.0447703 -0.115127 -1.01737 0.0563953 -0.115163 -1.01736 0.0564319 -0.115387 -1.01819 0.0564319 -0.115751 -1.01898 0.0564319 -0.116246 -1.01968 0.0564319 -0.116856 -1.02029 0.0564319 -0.117563 -1.02079 0.0564319 -0.118345 -1.02115 0.0564319 -0.119179 -1.02137 0.0564319 -0.120038 -1.02145 0.0564319 -0.120898 -1.02137 0.0564319 -0.121731 -1.02115 0.0564319 -0.122513 -1.02079 0.0564319 -0.12322 -1.02029 0.0564319 -0.12383 -1.01968 0.0564319 -0.124325 -1.01898 0.0564319 -0.12469 -1.01819 0.0564319 -0.124913 -1.01736 0.0564319 -0.115352 -1.01821 0.0563953 -0.11572 -1.01899 0.0563953 -0.116218 -1.01971 0.0563953 -0.116833 -1.02032 0.0563953 -0.117545 -1.02082 0.0563953 -0.118333 -1.02119 0.0563953 -0.119172 -1.02141 0.0563953 -0.120038 -1.02149 0.0563953 -0.120904 -1.02141 0.0563953 -0.121744 -1.02119 0.0563953 -0.122531 -1.02082 0.0563953 -0.123243 -1.02032 0.0563953 -0.123858 -1.01971 0.0563953 -0.124357 -1.01899 0.0563953 -0.124724 -1.01821 0.0563953 -0.124949 -1.01737 0.0563953 -0.115101 -1.01563 0.0544953 -0.115327 -1.01479 0.0544953 -0.115696 -1.01399 0.0544953 -0.116198 -1.01328 0.0544953 -0.116816 -1.01266 0.0544953 -0.117531 -1.01216 0.0544953 -0.118323 -1.01179 0.0544953 -0.119168 -1.01156 0.0544953 -0.120038 -1.01149 0.0544953 -0.120909 -1.01156 0.0544953 -0.121753 -1.01179 0.0544953 -0.122545 -1.01216 0.0544953 -0.123261 -1.01266 0.0544953 -0.123879 -1.01328 0.0544953 -0.12438 -1.01399 0.0544953 -0.124749 -1.01479 0.0544953 -0.124975 -1.01563 0.0544953 -0.115065 -1.01562 0.0544587 -0.115293 -1.01477 0.0544587 -0.115665 -1.01398 0.0544587 -0.11617 -1.01325 0.0544587 -0.116792 -1.01263 0.0544587 -0.117513 -1.01213 0.0544587 -0.118311 -1.01175 0.0544587 -0.119161 -1.01153 0.0544587 -0.120038 -1.01145 0.0544587 -0.120915 -1.01153 0.0544587 -0.121765 -1.01175 0.0544587 -0.122563 -1.01213 0.0544587 -0.123284 -1.01263 0.0544587 -0.123907 -1.01325 0.0544587 -0.124412 -1.01398 0.0544587 -0.124784 -1.01477 0.0544587 -0.125011 -1.01562 0.0544587 -0.11042 -1.01904 0.0543453 -0.11042 -1.01904 0.0542453 -0.110323 -1.01914 0.0543453 -0.110323 -1.01914 0.0542453 -0.110323 -1.01386 0.0543453 -0.110323 -1.01386 0.0542453 -0.11042 -1.01396 0.0543453 -0.11042 -1.01396 0.0542453 -0.109728 -1.01486 0.0542453 -0.109728 -1.01486 0.0543453 -0.109604 -1.0148 0.0542453 -0.109604 -1.0148 0.0543453 -0.109519 -1.0147 0.0542453 -0.109519 -1.0147 0.0543453 -0.109519 -1.0183 0.0542453 -0.109519 -1.0183 0.0543453 -0.109604 -1.0182 0.0542453 -0.109604 -1.0182 0.0543453 -0.109728 -1.01814 0.0542453 -0.109728 -1.01814 0.0543453 -0.110302 -1.00755 0.0543453 -0.110338 -1.00751 0.0543453 -0.110313 -1.00756 0.0543953 -0.110345 -1.00752 0.0543953 -0.110345 -1.00758 0.0544319 -0.110363 -1.00756 0.0544319 -0.110388 -1.00751 0.0543953 -0.110388 -1.00755 0.0544319 -0.110302 -1.0076 0.0543953 -0.110338 -1.0076 0.0544319 -0.129288 -1.00755 0.0544319 -0.129288 -1.00751 0.0543953 -0.110302 -1.01372 0.0543953 -0.110338 -1.01372 0.0544319 -0.110302 -1.00755 0.0542453 -0.110338 -1.00751 0.0542453 -0.130275 -1.0085 0.0543953 -0.130214 -1.00816 0.0543953 -0.130238 -1.0085 0.0544319 -0.130179 -1.00817 0.0544319 -0.12996 -1.00783 0.0544319 -0.129617 -1.00761 0.0544319 -0.129986 -1.0078 0.0543953 -0.12963 -1.00757 0.0543953 -0.110448 -1.01392 0.0544319 -0.110367 -1.01383 0.0544319 -0.110335 -1.01385 0.0543953 -0.110427 -1.01395 0.0543953 -0.110561 -1.01396 0.0544319 -0.110559 -1.01399 0.054416 -0.110557 -1.014 0.0543953 -0.110557 -1.01401 0.0543836 -0.110188 -1.00751 0.0540953 -0.110263 -1.00751 0.0541154 -0.110188 -1.00755 0.0541319 -0.110245 -1.00755 0.0541471 -0.110238 -1.0076 0.0541587 -0.110318 -1.00751 0.0541703 -0.110286 -1.00755 0.0541886 -0.110275 -1.0076 0.0541953 -0.130238 -1.0245 0.0544319 -0.130275 -1.0245 0.0543953 -0.111441 -1.01425 0.054416 -0.110557 -1.019 0.0543953 -0.110557 -1.01899 0.0543836 -0.111431 -1.01873 0.0543836 -0.11263 -1.0174 0.0543836 -0.112154 -1.01818 0.0543836 -0.111431 -1.01427 0.0543836 -0.112154 -1.01482 0.0543836 -0.112796 -1.0165 0.0543836 -0.11263 -1.0156 0.0543836 -0.110561 -1.01904 0.0544319 -0.110559 -1.01901 0.054416 -0.111441 -1.01875 0.054416 -0.11217 -1.01819 0.054416 -0.11265 -1.0174 0.054416 -0.112817 -1.0165 0.054416 -0.11265 -1.0156 0.054416 -0.11217 -1.01481 0.054416 -0.111456 -1.01878 0.0544377 -0.110563 -1.01905 0.0544377 -0.112194 -1.01821 0.0544377 -0.11268 -1.01742 0.0544377 -0.11285 -1.0165 0.0544377 -0.11268 -1.01558 0.0544377 -0.112194 -1.01479 0.0544377 -0.111456 -1.01422 0.0544377 -0.110275 -1.01372 0.0541953 -0.110238 -1.01372 0.0541587 -0.109588 -1.00755 0.0541319 -0.109588 -1.00751 0.0540953 -0.109475 -1.00755 0.0543453 -0.109475 -1.00755 0.0542453 -0.109438 -1.00751 0.0543453 -0.109438 -1.00751 0.0542453 -0.109388 -1.00755 0.0544319 -0.109388 -1.00751 0.0543953 -0.109438 -1.00756 0.0544203 -0.109438 -1.00752 0.0543886 -0.109475 -1.00758 0.0543886 -0.109475 -1.00756 0.0543703 -0.109438 -1.0076 0.0544319 -0.109475 -1.0076 0.0543953 -0.129288 -1.02544 0.0544377 -0.129288 -1.02547 0.054416 -0.129288 -1.02545 0.0544319 -0.129617 -1.02539 0.0544319 -0.12996 -1.02517 0.0544319 -0.130179 -1.02483 0.0544319 -0.129288 -1.02549 0.0543836 -0.129288 -1.02549 0.0543953 -0.12963 -1.02543 0.0543953 -0.129986 -1.0252 0.0543953 -0.130214 -1.02484 0.0543953 -0.110448 -1.01908 0.0544319 -0.110427 -1.01905 0.0543953 -0.110367 -1.01917 0.0544319 -0.110335 -1.01915 0.0543953 -0.110338 -1.01928 0.0544319 -0.110302 -1.01928 0.0543953 -0.110555 -1.01403 0.0541953 -0.110412 -1.01398 0.0541953 -0.110311 -1.01386 0.0541953 -0.110551 -1.01406 0.0541587 -0.110392 -1.01401 0.0541587 -0.110279 -1.01388 0.0541587 -0.109458 -1.00751 0.0541703 -0.10949 -1.00755 0.0541886 -0.109502 -1.0076 0.0541953 -0.109513 -1.00751 0.0541154 -0.109531 -1.00755 0.0541471 -0.109538 -1.0076 0.0541587 -0.109475 -1.01456 0.0543953 -0.109438 -1.01456 0.0544319 -0.0932888 -1.00755 0.0544319 -0.0932888 -1.00753 0.0544164 -0.0932888 -1.00751 0.0543953 -0.0932888 -1.00751 0.0543824 -0.110388 -1.02544 0.0544377 -0.110388 -1.02545 0.0544319 -0.110388 -1.02547 0.054416 -0.110388 -1.02549 0.0543953 -0.110388 -1.02549 0.0543836 -0.110302 -1.0254 0.0543953 -0.110338 -1.0254 0.0544319 -0.111131 -1.0142 0.0541587 -0.111662 -1.01447 0.0541587 -0.112111 -1.01486 0.0541587 -0.112452 -1.01535 0.0541587 -0.112666 -1.01591 0.0541587 -0.112738 -1.0165 0.0541587 -0.112666 -1.01709 0.0541587 -0.112452 -1.01765 0.0541587 -0.112111 -1.01814 0.0541587 -0.111662 -1.01853 0.0541587 -0.111131 -1.0188 0.0541587 -0.110551 -1.01894 0.0541587 -0.111144 -1.01417 0.0541953 -0.111682 -1.01444 0.0541953 -0.112138 -1.01484 0.0541953 -0.112485 -1.01533 0.0541953 -0.112701 -1.0159 0.0541953 -0.112775 -1.0165 0.0541953 -0.112701 -1.0171 0.0541953 -0.112485 -1.01767 0.0541953 -0.112138 -1.01816 0.0541953 -0.111682 -1.01856 0.0541953 -0.111144 -1.01883 0.0541953 -0.110555 -1.01897 0.0541953 -0.109502 -1.01456 0.0541953 -0.109538 -1.01456 0.0541587 -0.109474 -1.01472 0.0544319 -0.109507 -1.0147 0.0543953 -0.109596 -1.01481 0.0543953 -0.109725 -1.01487 0.0543953 -0.109866 -1.01487 0.0543953 -0.109574 -1.01484 0.0544319 -0.109717 -1.01491 0.0544319 -0.109876 -1.0149 0.0544319 -0.0923254 -1.0085 0.0544352 -0.0924107 -1.00814 0.05444 -0.0923821 -1.00813 0.0544228 -0.0925932 -1.00782 0.0544213 -0.092924 -1.00764 0.0544392 -0.0926155 -1.00784 0.0544397 -0.0929115 -1.00761 0.0544191 -0.0922836 -1.0085 0.0543967 -0.0923608 -1.00812 0.0543956 -0.0922904 -1.0085 0.0544067 -0.092577 -1.0078 0.0543926 -0.0927292 -1.00768 0.0543905 -0.0930917 -1.00753 0.0543853 -0.092903 -1.00759 0.054388 -0.110342 -1.02542 0.0544319 -0.110369 -1.02545 0.0544319 -0.110355 -1.02548 0.0543953 -0.110327 -1.02546 0.0543953 -0.110308 -1.02543 0.0543953 -0.110296 -1.02544 0.0543453 -0.110317 -1.02547 0.0543453 -0.11035 -1.02549 0.0543453 -0.110353 -1.02544 0.0544319 -0.110275 -1.01928 0.0541953 -0.110311 -1.01914 0.0541953 -0.110412 -1.01902 0.0541953 -0.110238 -1.01928 0.0541587 -0.110279 -1.01912 0.0541587 -0.110392 -1.01899 0.0541587 -0.109851 -1.01481 0.0541587 -0.109738 -1.01481 0.0541587 -0.109635 -1.01476 0.0541587 -0.109564 -1.01467 0.0541587 -0.10986 -1.01484 0.0541953 -0.10973 -1.01484 0.0541953 -0.109613 -1.01479 0.0541953 -0.109531 -1.01469 0.0541953 -0.109866 -1.01813 0.0543953 -0.110301 -1.01819 0.0543953 -0.109876 -1.0181 0.0544319 -0.110301 -1.01815 0.0544319 -0.110726 -1.01809 0.0544319 -0.111121 -1.01792 0.0544319 -0.111459 -1.01766 0.0544319 -0.111719 -1.01732 0.0544319 -0.111882 -1.01692 0.0544319 -0.111938 -1.0165 0.0544319 -0.111882 -1.01608 0.0544319 -0.111719 -1.01568 0.0544319 -0.111459 -1.01534 0.0544319 -0.111121 -1.01508 0.0544319 -0.110726 -1.01491 0.0544319 -0.110301 -1.01485 0.0544319 -0.110735 -1.01813 0.0543953 -0.111139 -1.01796 0.0543953 -0.111485 -1.01769 0.0543953 -0.111751 -1.01734 0.0543953 -0.111918 -1.01693 0.0543953 -0.111975 -1.0165 0.0543953 -0.111918 -1.01607 0.0543953 -0.111751 -1.01566 0.0543953 -0.111485 -1.01531 0.0543953 -0.111139 -1.01504 0.0543953 -0.110735 -1.01487 0.0543953 -0.110301 -1.01481 0.0543953 -0.0923254 -1.0245 0.0544352 -0.0922836 -1.0245 0.0543967 -0.0922904 -1.0245 0.0544067 -0.0923067 -1.0245 0.0544232 -0.110302 -1.02545 0.0542453 -0.110317 -1.02547 0.0542453 -0.110338 -1.02549 0.0542453 -0.110275 -1.0254 0.0541953 -0.110238 -1.0254 0.0541587 -0.110302 -1.01479 0.0541953 -0.110742 -1.01485 0.0541953 -0.111153 -1.01502 0.0541953 -0.111504 -1.01529 0.0541953 -0.111774 -1.01565 0.0541953 -0.111944 -1.01606 0.0541953 -0.112002 -1.0165 0.0541953 -0.111944 -1.01694 0.0541953 -0.111774 -1.01735 0.0541953 -0.111504 -1.01771 0.0541953 -0.111153 -1.01798 0.0541953 -0.110742 -1.01815 0.0541953 -0.110302 -1.01821 0.0541953 -0.10986 -1.01816 0.0541953 -0.110302 -1.01475 0.0541587 -0.110752 -1.01481 0.0541587 -0.111171 -1.01499 0.0541587 -0.11153 -1.01527 0.0541587 -0.111806 -1.01563 0.0541587 -0.111979 -1.01605 0.0541587 -0.112038 -1.0165 0.0541587 -0.111979 -1.01695 0.0541587 -0.111806 -1.01737 0.0541587 -0.11153 -1.01773 0.0541587 -0.111171 -1.01801 0.0541587 -0.110752 -1.01819 0.0541587 -0.110302 -1.01825 0.0541587 -0.109851 -1.01819 0.0541587 -0.109717 -1.01809 0.0544319 -0.109725 -1.01813 0.0543953 -0.109596 -1.01819 0.0543953 -0.109507 -1.0183 0.0543953 -0.109475 -1.01844 0.0543953 -0.109574 -1.01816 0.0544319 -0.109474 -1.01828 0.0544319 -0.109438 -1.01844 0.0544319 -0.0929006 -1.02542 0.0543705 -0.0926155 -1.02516 0.0544397 -0.0924107 -1.02486 0.05444 -0.092924 -1.02536 0.0544392 -0.0932888 -1.02545 0.0544319 -0.0929115 -1.02539 0.0544191 -0.0932888 -1.02547 0.0544164 -0.0932888 -1.02549 0.0543953 -0.0923821 -1.02487 0.0544227 -0.0925932 -1.02518 0.0544213 -0.0923608 -1.02488 0.0543956 -0.092577 -1.0252 0.0543926 -0.0925722 -1.0252 0.0543763 -0.092903 -1.02541 0.054388 -0.0932888 -1.0255 0.0543636 -0.110318 -1.02549 0.0541703 -0.110286 -1.02545 0.0541886 -0.110263 -1.02549 0.0541154 -0.110245 -1.02545 0.0541471 -0.110188 -1.02549 0.0540953 -0.110188 -1.02545 0.0541319 -0.109538 -1.01844 0.0541587 -0.109564 -1.01833 0.0541587 -0.109635 -1.01824 0.0541587 -0.109738 -1.01819 0.0541587 -0.109502 -1.01844 0.0541953 -0.109531 -1.01831 0.0541953 -0.109613 -1.01821 0.0541953 -0.10973 -1.01816 0.0541953 -0.109475 -1.0254 0.0543953 -0.109438 -1.0254 0.0544319 -0.109388 -1.02545 0.0544319 -0.109388 -1.02549 0.0543953 -0.109588 -1.02545 0.0541319 -0.109588 -1.02549 0.0540953 -0.109502 -1.0254 0.0541953 -0.109538 -1.0254 0.0541587 -0.109475 -1.02545 0.0543453 -0.109438 -1.02549 0.0543453 -0.109463 -1.02544 0.0543953 -0.109431 -1.02548 0.0543953 -0.109431 -1.02542 0.0544319 -0.109413 -1.02544 0.0544319 -0.109513 -1.02549 0.0541154 -0.109531 -1.02545 0.0541471 -0.109458 -1.02549 0.0541703 -0.10949 -1.02545 0.0541886 -0.109438 -1.02549 0.0542453 -0.109475 -1.02545 0.0542453 -0.129489 -1.02647 0.0525438 -0.129296 -1.02649 0.0525809 -0.129302 -1.02647 0.0526127 -0.130278 -1.0255 0.0524075 -0.130283 -1.0255 0.0523963 -0.130207 -1.02588 0.0524104 -0.130249 -1.0255 0.0524426 -0.130166 -1.02586 0.0524642 -0.130191 -1.02587 0.0524414 -0.129984 -1.02618 0.0524814 -0.129664 -1.02636 0.0525639 -0.129966 -1.02616 0.052504 -0.129306 -1.02644 0.0526339 -0.129672 -1.02639 0.0525417 -0.129994 -1.0262 0.0524499 -0.129845 -1.02632 0.0524777 -0.129674 -1.02641 0.0525094 -0.130278 -1.02507 0.0524075 -0.130266 -1.02507 0.0524263 -0.130249 -1.02507 0.0524426 -0.130223 -1.02507 0.0524569 -0.123289 -1.02649 0.0537942 -0.123293 -1.02647 0.0538145 -0.123296 -1.02645 0.0538301 -0.130285 -1.02465 0.0524907 -0.130282 -1.02465 0.0524977 -0.130287 -1.02478 0.052431 -0.130275 -1.02493 0.0524266 -0.130238 -1.02494 0.0524618 -0.130249 -1.02494 0.0524554 -0.130247 -1.0249 0.0524648 -0.130262 -1.02481 0.0524734 -0.130275 -1.02479 0.0524627 -0.130264 -1.0248 0.052475 -0.130281 -1.02466 0.0524969 -0.130239 -1.02494 0.052462 -0.130259 -1.02494 0.0524472 -0.130282 -1.02479 0.0524478 -0.130287 -1.02464 0.052483 -0.123277 -1.02644 0.0538375 -0.123278 -1.02649 0.0537834 -0.123278 -1.02649 0.0537951 -0.123278 -1.02647 0.0538158 -0.123278 -1.02645 0.0538317 -0.12968 -1.02548 0.0525732 -0.12927 -1.02556 0.0526567 -0.129274 -1.02553 0.052678 -0.129672 -1.02545 0.0525954 -0.13001 -1.02523 0.0525257 -0.130028 -1.02525 0.0525031 -0.130235 -1.02489 0.0524793 -0.130219 -1.02488 0.0525103 -0.12967 -1.02543 0.0526277 -0.129845 -1.02534 0.0525901 -0.129281 -1.02551 0.0527098 -0.129479 -1.02549 0.0526685 -0.129999 -1.02521 0.0525572 -0.112296 -1.02649 0.0535837 -0.112295 -1.02649 0.0535954 -0.112295 -1.02647 0.0536162 -0.112295 -1.02645 0.053632 -0.112295 -1.02644 0.0536378 -0.123309 -1.02551 0.0538922 -0.123304 -1.02553 0.0538719 -0.123301 -1.02555 0.0538563 -0.112289 -1.02649 0.0535949 -0.112284 -1.02645 0.0536312 -0.112286 -1.02647 0.0536154 -0.123276 -1.02551 0.0538951 -0.123277 -1.02555 0.0538585 -0.0912855 -1.0265 0.0505079 -0.0912826 -1.02649 0.0505276 -0.0912779 -1.02647 0.0505597 -0.0912748 -1.02644 0.0505812 -0.112293 -1.02551 0.0537072 -0.112294 -1.02551 0.0536954 -0.112294 -1.02553 0.0536747 -0.112294 -1.02555 0.0536588 -0.112294 -1.02556 0.0536531 -0.0909039 -1.02642 0.0504573 -0.0906145 -1.02616 0.0504868 -0.0904135 -1.02586 0.0504578 -0.09033 -1.0255 0.0504402 -0.0909171 -1.02636 0.0505304 -0.0909075 -1.02639 0.0505081 -0.0903128 -1.0255 0.0504246 -0.0903869 -1.02587 0.050435 -0.0905946 -1.02618 0.0504642 -0.0903701 -1.02588 0.0504031 -0.0905829 -1.0262 0.0504319 -0.0902992 -1.0255 0.0504046 -0.0902941 -1.0255 0.0503929 -0.0909036 -1.02641 0.0504752 -0.112273 -1.02551 0.0537055 -0.112275 -1.02551 0.0536939 -0.112278 -1.02553 0.0536734 -0.11228 -1.02555 0.0536577 -0.112281 -1.02556 0.0536519 -0.0902941 -1.0075 0.0503929 -0.0902992 -1.0075 0.0504046 -0.09033 -1.0075 0.0504402 -0.0925662 -1.0255 0.0508592 -0.0925708 -1.02551 0.0508279 -0.0925738 -1.02553 0.050807 -0.0925761 -1.02555 0.0507917 -0.130283 -1.0075 0.0523962 -0.130278 -1.00793 0.0524075 -0.130278 -1.0075 0.0524075 -0.130265 -1.0075 0.0524271 -0.130266 -1.00793 0.0524262 -0.130249 -1.0075 0.0524426 -0.130239 -1.00793 0.0524494 -0.130249 -1.00793 0.0524426 -0.129673 -1.00658 0.0524917 -0.129966 -1.00684 0.052504 -0.130166 -1.00714 0.0524642 -0.129664 -1.00664 0.0525639 -0.129305 -1.00655 0.0526283 -0.129672 -1.00661 0.0525417 -0.129302 -1.00653 0.0526131 -0.129298 -1.00651 0.0525924 -0.130191 -1.00713 0.0524414 -0.129984 -1.00682 0.0524814 -0.130207 -1.00712 0.0524104 -0.129994 -1.0068 0.0524499 -0.129996 -1.0068 0.0524328 -0.129674 -1.00659 0.0525094 -0.129292 -1.0065 0.0525613 -0.0903701 -1.00712 0.0504031 -0.0909171 -1.00664 0.0505304 -0.0904135 -1.00714 0.0504578 -0.090387 -1.00713 0.050435 -0.0912748 -1.00656 0.0505812 -0.0905946 -1.00682 0.0504642 -0.0906145 -1.00684 0.0504868 -0.0905829 -1.0068 0.0504319 -0.0909075 -1.00661 0.0505081 -0.0909036 -1.00659 0.0504752 -0.0910891 -1.00653 0.0505003 -0.0912779 -1.00653 0.0505597 -0.0912826 -1.00651 0.0505276 -0.0921586 -1.02543 0.0507883 -0.0921585 -1.02543 0.0507716 -0.0918088 -1.02522 0.0507131 -0.0915571 -1.0249 0.0506487 -0.0917969 -1.02523 0.0506859 -0.0917787 -1.02526 0.0506671 -0.0921456 -1.02549 0.0507213 -0.0914569 -1.0245 0.0506236 -0.0915331 -1.02491 0.0506309 -0.0921544 -1.02546 0.0507415 -0.0921571 -1.02544 0.0507557 -0.0915745 -1.02489 0.050674 -0.091492 -1.0245 0.0506603 -0.091812 -1.02521 0.0507283 -0.0914863 -1.0245 0.0506512 -0.130275 -1.00807 0.0524266 -0.130224 -1.00799 0.05246 -0.13025 -1.00799 0.0524457 -0.130238 -1.00806 0.0524618 -0.130259 -1.00806 0.0524472 -0.130239 -1.00806 0.052462 -0.130282 -1.00835 0.0524977 -0.130285 -1.00835 0.0524907 -0.130281 -1.00835 0.0524969 -0.130275 -1.00821 0.0524627 -0.130282 -1.00821 0.0524478 -0.130287 -1.00836 0.052483 -0.130264 -1.0082 0.052475 -0.130262 -1.00819 0.0524734 -0.130247 -1.0081 0.0524648 -0.130287 -1.00822 0.0524309 -0.123296 -1.00655 0.0538301 -0.123289 -1.00651 0.0537942 -0.112295 -1.00656 0.0536378 -0.123277 -1.00656 0.0538375 -0.123278 -1.00655 0.0538317 -0.112295 -1.00655 0.053632 -0.123278 -1.00653 0.0538158 -0.112295 -1.00653 0.0536162 -0.123278 -1.00651 0.0537951 -0.112295 -1.00651 0.0535954 -0.123278 -1.00651 0.0537834 -0.112296 -1.00651 0.0535837 -0.112284 -1.00655 0.0536312 -0.112286 -1.00653 0.0536154 -0.112289 -1.00651 0.0535949 -0.0914569 -1.0085 0.0506236 -0.0914727 -1.0085 0.0506356 -0.0914863 -1.0085 0.0506512 -0.091492 -1.0085 0.0506603 -0.129671 -1.00757 0.0526454 -0.130028 -1.00775 0.0525031 -0.130219 -1.00812 0.0525103 -0.13001 -1.00777 0.0525257 -0.130235 -1.00811 0.0524793 -0.129998 -1.00779 0.0525743 -0.129999 -1.00779 0.0525572 -0.12968 -1.00752 0.0525732 -0.129672 -1.00755 0.0525954 -0.129285 -1.0075 0.0527293 -0.12967 -1.00757 0.0526277 -0.129281 -1.00749 0.0527098 -0.129274 -1.00747 0.052678 -0.12927 -1.00744 0.0526567 -0.09236 -1.00751 0.0508055 -0.0925689 -1.00749 0.0508407 -0.0921544 -1.00754 0.0507415 -0.0917969 -1.00777 0.0506859 -0.0921456 -1.00751 0.0507213 -0.0915331 -1.00809 0.0506309 -0.0915571 -1.0081 0.0506487 -0.0915745 -1.00811 0.050674 -0.0918088 -1.00778 0.0507131 -0.0919724 -1.00766 0.0507404 -0.0921585 -1.00757 0.0507716 -0.0925761 -1.00745 0.0507917 -0.0923604 -1.00749 0.0507736 -0.0925738 -1.00747 0.050807 -0.0925708 -1.00749 0.0508279 -0.123309 -1.00749 0.0538922 -0.123304 -1.00747 0.0538719 -0.123301 -1.00745 0.0538563 -0.112273 -1.00749 0.0537055 -0.112275 -1.00749 0.0536939 -0.112278 -1.00747 0.0536734 -0.11228 -1.00745 0.0536577 -0.112281 -1.00744 0.0536519 -0.123276 -1.00749 0.0538951 -0.123277 -1.00745 0.0538585 -0.112293 -1.00749 0.0537072 -0.112294 -1.00749 0.0536954 -0.112294 -1.00747 0.0536747 -0.112294 -1.00745 0.0536588 -0.112294 -1.00744 0.0536531 -0.131875 -1.02045 0.021569 -0.135943 -1.02049 0.0220962 -0.135944 -1.02049 0.0220843 -0.131873 -1.02047 0.0215848 -0.131871 -1.02049 0.0216054 -0.135946 -1.02047 0.022064 -0.135948 -1.02045 0.0220481 -0.135949 -1.02044 0.0220425 -0.135976 -1.0126 0.0220416 -0.135976 -1.0204 0.0220416 -0.135995 -1.0126 0.0220518 -0.135995 -1.0204 0.0220518 -0.136009 -1.0126 0.0220632 -0.136009 -1.0204 0.0220632 -0.136027 -1.0126 0.0220877 -0.136027 -1.0204 0.0220877 -0.13603 -1.0126 0.0220958 -0.13603 -1.0204 0.0220958 -0.131803 -1.02049 0.0215801 -0.131738 -1.02049 0.0214564 -0.131755 -1.02049 0.0215263 -0.131775 -1.02045 0.0214564 -0.131788 -1.02045 0.0215092 -0.1318 -1.0204 0.021503 -0.131824 -1.02045 0.0215499 -0.131832 -1.0204 0.0215388 -0.135949 -1.01256 0.0220425 -0.131871 -1.01251 0.0216054 -0.135948 -1.01255 0.0220481 -0.135946 -1.01253 0.022064 -0.131873 -1.01253 0.0215848 -0.135944 -1.01251 0.0220843 -0.135943 -1.01251 0.0220962 -0.131875 -1.01255 0.021569 -0.1318 -1.0126 0.021503 -0.131832 -1.0126 0.0215388 -0.131738 -1.02049 0.0211453 -0.131775 -1.02045 0.0211453 -0.131738 -1.01251 0.0214564 -0.131755 -1.01251 0.0215263 -0.131803 -1.01251 0.0215801 -0.131775 -1.01255 0.0214564 -0.131788 -1.01255 0.0215092 -0.131824 -1.01255 0.0215499 -0.131688 -1.02045 0.0210587 -0.131688 -1.02049 0.0210953 -0.131738 -1.02044 0.0210703 -0.131738 -1.02048 0.021102 -0.131775 -1.02042 0.021102 -0.131775 -1.02044 0.0211203 -0.131738 -1.0204 0.0210587 -0.131775 -1.0204 0.0210953 -0.131738 -1.01251 0.0211453 -0.131775 -1.01255 0.0211453 -0.131738 -1.0126 0.0210587 -0.131775 -1.0126 0.0210953 -0.130388 -1.02049 0.0210953 -0.130388 -1.02045 0.0210587 -0.130338 -1.02051 0.0249453 -0.130338 -1.02051 0.0211453 -0.130302 -1.02055 0.0249453 -0.130302 -1.02055 0.0211453 -0.131688 -1.01251 0.0210953 -0.131688 -1.01255 0.0210587 -0.131738 -1.01252 0.021102 -0.131738 -1.01256 0.0210703 -0.131775 -1.01256 0.0211203 -0.131775 -1.01258 0.021102 -0.130302 -1.02053 0.0210703 -0.130302 -1.02048 0.0210154 -0.130302 -1.0204 0.0209953 -0.130338 -1.0205 0.0210886 -0.130338 -1.02046 0.0210471 -0.130338 -1.0204 0.0210319 -0.130388 -1.01251 0.0210953 -0.130388 -1.01255 0.0210587 -0.130338 -1.0126 0.0210319 -0.130302 -1.0126 0.0209953 -0.130302 -1.01252 0.0210154 -0.130302 -1.01247 0.0210703 -0.130302 -1.01245 0.0211453 -0.130338 -1.01254 0.0210471 -0.130338 -1.0125 0.0210886 -0.130338 -1.01249 0.0211453 -0.130338 -1.01249 0.0249453 -0.130302 -1.01245 0.0249453 -0.130259 -1.02548 0.0155746 -0.130282 -1.02549 0.0156108 -0.13026 -1.02527 0.0155717 -0.130282 -1.02526 0.0156082 -0.130267 -1.02506 0.0155636 -0.130284 -1.02502 0.0156025 -0.13028 -1.02484 0.0155544 -0.130289 -1.02462 0.0155969 -0.130287 -1.02462 0.0155443 -0.13026 -1.02398 0.0155717 -0.130267 -1.02419 0.0155636 -0.130278 -1.02423 0.0155811 -0.13028 -1.02441 0.0155544 -0.130284 -1.02423 0.0156025 -0.130282 -1.02376 0.0156116 -0.130273 -1.02376 0.0155926 -0.130259 -1.02377 0.0155746 -0.130219 -1.02388 0.0155494 -0.130224 -1.02377 0.0155538 -0.1302 -1.02377 0.015547 -0.130197 -1.02382 0.015545 -0.130194 -1.02389 0.0155368 -0.130226 -1.02401 0.0155404 -0.130161 -1.0239 0.0155064 -0.130192 -1.024 0.0155019 -0.130192 -1.02398 0.0155112 -0.13024 -1.02417 0.015517 -0.130193 -1.02392 0.0155294 -0.130193 -1.02396 0.0155206 -0.13023 -1.02407 0.0155331 -0.130236 -1.02413 0.0155251 -0.130127 -1.0238 0.015516 -0.130136 -1.02379 0.015524 -0.130152 -1.02379 0.0155349 -0.130251 -1.02412 0.01555 -0.130242 -1.02394 0.0155582 -0.130195 -1.02377 0.0155461 -0.130181 -1.02377 0.0155447 -0.130165 -1.02378 0.0155406 -0.130265 -1.02429 0.0155391 -0.130244 -1.02421 0.015509 -0.130104 -1.0238 0.0154789 -0.130155 -1.02391 0.0154888 -0.130191 -1.02402 0.0154853 -0.130188 -1.02402 0.0154707 -0.130248 -1.02424 0.015477 -0.130287 -1.02462 0.0154926 -0.130155 -1.02534 0.0154888 -0.130113 -1.02545 0.0154978 -0.130127 -1.02545 0.015516 -0.130105 -1.02545 0.0154799 -0.130156 -1.02537 0.0155076 -0.130161 -1.02535 0.0155064 -0.130191 -1.02523 0.0154853 -0.130188 -1.02527 0.0155022 -0.130217 -1.02516 0.0155024 -0.130248 -1.02501 0.015477 -0.130188 -1.02523 0.0154707 -0.130103 -1.02545 0.0154745 -0.130242 -1.02505 0.0155081 -0.130244 -1.02504 0.015509 -0.127805 -1.0264 0.0154853 -0.127696 -1.02637 0.0154888 -0.127685 -1.02637 0.0155064 -0.127584 -1.02634 0.015516 -0.128026 -1.02646 0.015477 -0.127805 -1.0264 0.0154707 -0.12759 -1.02632 0.0154786 -0.128413 -1.0265 0.0154926 -0.127788 -1.0264 0.0155019 -0.127891 -1.02643 0.0155027 -0.127994 -1.02646 0.015509 -0.128413 -1.0265 0.0155443 -0.127563 -1.02639 0.0155435 -0.127553 -1.0264 0.0155452 -0.127607 -1.02641 0.015545 -0.12757 -1.02637 0.0155393 -0.127909 -1.02646 0.01555 -0.128076 -1.02648 0.0155391 -0.127917 -1.02645 0.0155251 -0.128199 -1.02649 0.0155544 -0.127983 -1.02648 0.0155636 -0.127767 -1.02647 0.0155717 -0.127553 -1.02647 0.0155746 -0.127727 -1.02645 0.0155582 -0.127556 -1.02645 0.0155607 -0.127668 -1.02643 0.0155494 -0.127555 -1.02641 0.0155469 -0.127798 -1.02644 0.0155404 -0.12783 -1.02643 0.0155207 -0.127737 -1.02642 0.0155374 -0.127743 -1.0264 0.0155206 -0.127677 -1.02641 0.0155368 -0.127659 -1.02638 0.0155242 -0.127577 -1.02636 0.0155309 -0.127549 -1.02649 0.0156108 -0.127782 -1.02649 0.0156082 -0.128015 -1.0265 0.0156025 -0.128413 -1.0265 0.0155969 -0.129059 -1.02647 0.0155717 -0.128843 -1.02648 0.0155636 -0.128812 -1.02649 0.0155811 -0.128627 -1.02649 0.0155544 -0.128811 -1.0265 0.0156025 -0.129277 -1.02649 0.0156116 -0.129275 -1.02648 0.0155926 -0.129273 -1.02647 0.0155746 -0.129225 -1.02641 0.0155448 -0.129161 -1.0264 0.015537 -0.129036 -1.02644 0.0155398 -0.129076 -1.0264 0.0155117 -0.129248 -1.02635 0.0155245 -0.129141 -1.02637 0.0155064 -0.129243 -1.02634 0.015516 -0.129059 -1.0264 0.0155024 -0.129039 -1.0264 0.0155019 -0.128878 -1.02645 0.0155159 -0.128832 -1.02646 0.015509 -0.128921 -1.02646 0.0155497 -0.129101 -1.02645 0.0155579 -0.129162 -1.02643 0.0155489 -0.12927 -1.02644 0.0155538 -0.129264 -1.02637 0.015541 -0.129253 -1.02636 0.0155316 -0.129129 -1.0264 0.0155297 -0.1291 -1.0264 0.015521 -0.128974 -1.02644 0.0155324 -0.128921 -1.02644 0.0155243 -0.128833 -1.02647 0.015544 -0.128755 -1.02648 0.0155386 -0.126317 -1.0235 0.015516 -0.126338 -1.0235 0.0155319 -0.126465 -1.02303 0.0155319 -0.127288 -1.02255 0.0155319 -0.126813 -1.02268 0.0155319 -0.127288 -1.02251 0.0154953 -0.126795 -1.02265 0.0154953 -0.126434 -1.02301 0.0154953 -0.126302 -1.0235 0.0154953 -0.126294 -1.0255 0.0154799 -0.126317 -1.0255 0.015516 -0.126354 -1.0255 0.0155391 -0.129288 -1.02251 0.0154799 -0.129288 -1.02251 0.0154953 -0.129288 -1.02253 0.015516 -0.129288 -1.02255 0.0155319 -0.129288 -1.02257 0.0155391 -0.126287 -1.02587 0.0155391 -0.125849 -1.02642 0.0155428 -0.126038 -1.02626 0.0155391 -0.125792 -1.02643 0.0155377 -0.125775 -1.02644 0.0155357 -0.126013 -1.02623 0.015516 -0.125639 -1.02647 0.0155154 -0.125996 -1.02621 0.0154799 -0.125629 -1.02645 0.0154799 -0.125455 -1.02649 0.0154804 -0.125619 -1.02647 0.0155119 -0.126231 -1.02585 0.0154799 -0.126253 -1.02586 0.015516 -0.130003 -1.02221 0.0154799 -0.13028 -1.02167 0.0154804 -0.130235 -1.02184 0.0154799 -0.130259 -1.02183 0.0155119 -0.130255 -1.02185 0.0155151 -0.130226 -1.02199 0.0155357 -0.130019 -1.02222 0.015516 -0.130222 -1.022 0.0155377 -0.130045 -1.02225 0.0155391 -0.130208 -1.02206 0.0155428 -0.130244 -1.02191 0.0155251 -0.129659 -1.0225 0.0155391 -0.129646 -1.02246 0.015516 -0.129638 -1.02244 0.0154799 -0.125848 -1.02644 0.0155472 -0.125773 -1.02645 0.0155418 -0.125772 -1.02646 0.01555 -0.125761 -1.0265 0.0155987 -0.125448 -1.0265 0.0154977 -0.125601 -1.0265 0.0155607 -0.125614 -1.02648 0.0155261 -0.125616 -1.02648 0.0155187 -0.125921 -1.02643 0.0155515 -0.125921 -1.02646 0.0155618 -0.125769 -1.02647 0.0155601 -0.125921 -1.02647 0.0155746 -0.125608 -1.02649 0.0155427 -0.125452 -1.0265 0.0154889 -0.125767 -1.02648 0.0155718 -0.125921 -1.02649 0.0156107 -0.130286 -1.02166 0.0154977 -0.130282 -1.02213 0.0156107 -0.130284 -1.02197 0.0155986 -0.130286 -1.02181 0.0155607 -0.130271 -1.02183 0.0155261 -0.130262 -1.02191 0.0155402 -0.130271 -1.02198 0.0155718 -0.130251 -1.02198 0.01555 -0.130266 -1.02206 0.0155774 -0.130239 -1.02206 0.0155545 -0.130284 -1.02166 0.0154889 -0.130281 -1.02182 0.0155427 -0.130259 -1.02213 0.0155746 -0.130223 -1.02213 0.0155515 -0.12999 -1.0262 0.0156071 -0.129659 -1.02642 0.0156071 -0.129288 -1.02649 0.0156071 -0.129288 -1.02647 0.0155746 -0.129651 -1.0264 0.0155746 -0.129288 -1.02644 0.0155529 -0.129639 -1.02637 0.0155529 -0.130226 -1.0255 0.0155529 -0.130158 -1.02585 0.0155529 -0.130259 -1.0255 0.0155746 -0.130189 -1.02586 0.0155746 -0.130281 -1.0255 0.0156071 -0.130209 -1.02587 0.0156071 -0.129952 -1.02616 0.0155529 -0.129975 -1.02619 0.0155746 -0.127249 -1.02613 0.015516 -0.129902 -1.02347 0.0154799 -0.129296 -1.02296 0.0154799 -0.128533 -1.02275 0.0154799 -0.127749 -1.02286 0.0154799 -0.127083 -1.02329 0.0154799 -0.126653 -1.02396 0.0154799 -0.126536 -1.02474 0.0154799 -0.126752 -1.02551 0.0154799 -0.127263 -1.02611 0.0154799 -0.127227 -1.02616 0.0155391 -0.129948 -1.02344 0.0155391 -0.129323 -1.02291 0.0155391 -0.128537 -1.02269 0.0155391 -0.127728 -1.02281 0.0155391 -0.127041 -1.02325 0.0155391 -0.126598 -1.02394 0.0155391 -0.126477 -1.02475 0.0155391 -0.1267 -1.02554 0.0155391 -0.12992 -1.02346 0.015516 -0.129306 -1.02294 0.015516 -0.128534 -1.02272 0.015516 -0.127741 -1.02284 0.015516 -0.127067 -1.02328 0.015516 -0.126631 -1.02395 0.015516 -0.126513 -1.02475 0.015516 -0.126731 -1.02552 0.015516 -0.13024 -1.02548 0.0155607 -0.130217 -1.02548 0.0155512 -0.129237 -1.02632 0.0154923 -0.129131 -1.02637 0.0154888 -0.129022 -1.0264 0.0154853 -0.129236 -1.02632 0.0154799 -0.129021 -1.0264 0.0154707 -0.1288 -1.02646 0.015477 -0.130196 -1.02544 0.0155449 -0.130192 -1.02537 0.0155369 -0.130162 -1.02548 0.0155407 -0.130165 -1.02539 0.0155251 -0.130148 -1.02547 0.0155336 -0.130208 -1.02531 0.0155372 -0.130218 -1.02537 0.015549 -0.130224 -1.02525 0.0155399 -0.130241 -1.02531 0.015558 -0.13025 -1.02513 0.0155498 -0.130234 -1.02513 0.0155245 -0.130212 -1.02522 0.0155205 -0.130189 -1.02531 0.0155209 -0.130265 -1.02497 0.0155387 -0.129785 -1.026 0.0155391 -0.12976 -1.02597 0.015516 -0.129743 -1.02596 0.0154799 -0.129273 -1.00653 0.0155746 -0.129277 -1.00651 0.0156108 -0.129059 -1.00653 0.0155717 -0.129044 -1.00651 0.0156082 -0.128843 -1.00652 0.0155636 -0.128811 -1.0065 0.0156025 -0.128627 -1.00651 0.0155544 -0.128413 -1.0065 0.0155969 -0.128413 -1.0065 0.0155443 -0.127767 -1.00653 0.0155717 -0.127983 -1.00652 0.0155636 -0.128014 -1.00651 0.0155811 -0.128199 -1.00651 0.0155544 -0.128015 -1.0065 0.0156025 -0.127549 -1.00651 0.0156116 -0.127551 -1.00652 0.0155926 -0.127553 -1.00653 0.0155746 -0.127668 -1.00657 0.0155494 -0.127557 -1.00656 0.0155538 -0.127555 -1.00659 0.015547 -0.127607 -1.00659 0.015545 -0.127677 -1.00659 0.0155368 -0.127798 -1.00656 0.0155404 -0.127685 -1.00663 0.0155064 -0.127788 -1.0066 0.0155019 -0.127769 -1.0066 0.0155112 -0.127962 -1.00655 0.015517 -0.127712 -1.0066 0.0155294 -0.127743 -1.0066 0.0155206 -0.127862 -1.00656 0.0155331 -0.127917 -1.00655 0.0155251 -0.127584 -1.00666 0.015516 -0.127581 -1.00665 0.015524 -0.127574 -1.00664 0.0155349 -0.127909 -1.00654 0.01555 -0.127727 -1.00655 0.0155582 -0.127553 -1.00659 0.0155461 -0.127559 -1.00661 0.0155446 -0.127568 -1.00662 0.0155406 -0.128076 -1.00652 0.0155391 -0.127994 -1.00654 0.015509 -0.12759 -1.00668 0.0154789 -0.127696 -1.00663 0.0154888 -0.127805 -1.0066 0.0154853 -0.127805 -1.0066 0.0154707 -0.128026 -1.00654 0.015477 -0.128413 -1.0065 0.0154926 -0.129022 -1.0066 0.0154853 -0.129039 -1.0066 0.0155019 -0.128948 -1.00657 0.0155024 -0.129131 -1.00663 0.0154888 -0.129238 -1.00667 0.0154978 -0.129243 -1.00666 0.015516 -0.129236 -1.00668 0.0154799 -0.129158 -1.00663 0.0155076 -0.129141 -1.00663 0.0155064 -0.129053 -1.0066 0.0155022 -0.1288 -1.00654 0.015477 -0.129021 -1.0066 0.0154707 -0.129235 -1.00669 0.0154745 -0.128842 -1.00655 0.0155081 -0.128832 -1.00654 0.015509 -0.130191 -1.00898 0.0154853 -0.130155 -1.00909 0.0154888 -0.130161 -1.0091 0.0155064 -0.130127 -1.0092 0.015516 -0.130248 -1.00876 0.015477 -0.130188 -1.00898 0.0154707 -0.130104 -1.0092 0.0154786 -0.130287 -1.00838 0.0154926 -0.130192 -1.009 0.0155019 -0.13022 -1.0089 0.0155027 -0.130244 -1.00879 0.015509 -0.130287 -1.00838 0.0155443 -0.130175 -1.00923 0.0155435 -0.130186 -1.00923 0.0155452 -0.130197 -1.00918 0.015545 -0.130161 -1.00922 0.0155393 -0.130251 -1.00888 0.01555 -0.130265 -1.00871 0.0155391 -0.130236 -1.00887 0.0155251 -0.13028 -1.00859 0.0155544 -0.130267 -1.00881 0.0155636 -0.13026 -1.00902 0.0155717 -0.130259 -1.00923 0.0155746 -0.130242 -1.00906 0.0155582 -0.13024 -1.00923 0.0155607 -0.130219 -1.00912 0.0155494 -0.1302 -1.00923 0.0155469 -0.130226 -1.00899 0.0155404 -0.130215 -1.00896 0.0155207 -0.13021 -1.00905 0.0155374 -0.130193 -1.00904 0.0155206 -0.130194 -1.00911 0.0155368 -0.130169 -1.00913 0.0155242 -0.130145 -1.00921 0.0155309 -0.130282 -1.00924 0.0156108 -0.130282 -1.00901 0.0156082 -0.130284 -1.00877 0.0156025 -0.130289 -1.00838 0.0155969 -0.13026 -1.00773 0.0155717 -0.130267 -1.00794 0.0155636 -0.130278 -1.00798 0.0155811 -0.13028 -1.00816 0.0155544 -0.130284 -1.00798 0.0156025 -0.130282 -1.00751 0.0156116 -0.130273 -1.00751 0.0155926 -0.130259 -1.00752 0.0155746 -0.130195 -1.00756 0.0155448 -0.130191 -1.00763 0.015537 -0.130223 -1.00775 0.0155398 -0.130187 -1.00771 0.0155117 -0.130135 -1.00754 0.0155245 -0.130161 -1.00765 0.0155064 -0.130127 -1.00755 0.015516 -0.130186 -1.00773 0.0155024 -0.130192 -1.00775 0.0155019 -0.130237 -1.00791 0.0155159 -0.130244 -1.00796 0.015509 -0.13025 -1.00787 0.0155497 -0.130241 -1.00769 0.0155579 -0.130218 -1.00763 0.0155489 -0.130224 -1.00752 0.0155538 -0.130163 -1.00752 0.015541 -0.130144 -1.00753 0.0155316 -0.130189 -1.00766 0.0155297 -0.130188 -1.00769 0.015521 -0.130228 -1.00781 0.0155324 -0.130233 -1.00787 0.0155243 -0.130257 -1.00796 0.015544 -0.130264 -1.00803 0.0155386 -0.126338 -1.0095 0.0155319 -0.126465 -1.00997 0.0155319 -0.126813 -1.01032 0.0155319 -0.127288 -1.01045 0.0155319 -0.126302 -1.0095 0.0154953 -0.126434 -1.00999 0.0154953 -0.126795 -1.01035 0.0154953 -0.127288 -1.01049 0.0154953 -0.129288 -1.01049 0.0154799 -0.129288 -1.01049 0.0154953 -0.129288 -1.01047 0.015516 -0.129288 -1.01043 0.0155391 -0.129288 -1.01045 0.0155319 -0.126294 -1.0075 0.0154799 -0.126302 -1.0075 0.0154953 -0.126317 -1.0075 0.015516 -0.126338 -1.0075 0.0155319 -0.126354 -1.0075 0.0155391 -0.129657 -1.0105 0.0155391 -0.130208 -1.01094 0.0155428 -0.130041 -1.01075 0.0155391 -0.130222 -1.011 0.0155377 -0.13028 -1.01133 0.0154804 -0.130259 -1.01117 0.0155119 -0.130232 -1.01115 0.0154799 -0.130255 -1.01115 0.0155154 -0.130254 -1.01114 0.0155164 -0.130281 -1.01134 0.0154789 -0.13 -1.01079 0.0154799 -0.129636 -1.01056 0.0154799 -0.129644 -1.01053 0.015516 -0.130226 -1.01101 0.0155357 -0.130016 -1.01077 0.015516 -0.125996 -1.00679 0.0154799 -0.125639 -1.00653 0.0155154 -0.125619 -1.00653 0.0155119 -0.125629 -1.00655 0.0154799 -0.125455 -1.00651 0.0154804 -0.125448 -1.00651 0.0154789 -0.125775 -1.00656 0.0155357 -0.126013 -1.00677 0.015516 -0.125792 -1.00657 0.0155377 -0.126038 -1.00674 0.0155391 -0.125849 -1.00658 0.0155428 -0.125698 -1.00654 0.0155251 -0.126287 -1.00713 0.0155391 -0.126253 -1.00714 0.015516 -0.126231 -1.00715 0.0154799 -0.130223 -1.01094 0.0155472 -0.130239 -1.01101 0.0155418 -0.130251 -1.01102 0.01555 -0.130284 -1.01103 0.0155987 -0.130286 -1.01134 0.0154977 -0.130286 -1.01119 0.0155607 -0.130271 -1.01117 0.0155261 -0.130265 -1.01117 0.0155187 -0.130223 -1.01087 0.0155515 -0.130243 -1.01087 0.0155618 -0.130262 -1.01102 0.0155601 -0.130259 -1.01087 0.0155746 -0.130281 -1.01118 0.0155427 -0.130284 -1.01134 0.0154889 -0.130271 -1.01102 0.0155718 -0.130282 -1.01087 0.0156107 -0.125921 -1.00651 0.0156107 -0.125761 -1.0065 0.0155986 -0.125601 -1.0065 0.0155607 -0.125614 -1.00652 0.0155261 -0.125693 -1.00653 0.0155402 -0.125767 -1.00652 0.0155718 -0.125772 -1.00654 0.01555 -0.125845 -1.00652 0.0155774 -0.125848 -1.00655 0.0155545 -0.125452 -1.0065 0.0154889 -0.125448 -1.0065 0.0154977 -0.125608 -1.00651 0.0155427 -0.125921 -1.00653 0.0155746 -0.125921 -1.00657 0.0155515 -0.130209 -1.00713 0.0156071 -0.130281 -1.0075 0.0156071 -0.130259 -1.0075 0.0155746 -0.130189 -1.00714 0.0155746 -0.130226 -1.0075 0.0155529 -0.130158 -1.00715 0.0155529 -0.129288 -1.00651 0.0156071 -0.129639 -1.00663 0.0155529 -0.129952 -1.00684 0.0155529 -0.129651 -1.0066 0.0155746 -0.129975 -1.00681 0.0155746 -0.129659 -1.00658 0.0156071 -0.12999 -1.0068 0.0156071 -0.129288 -1.00653 0.0155746 -0.129288 -1.00656 0.0155529 -0.12992 -1.00954 0.015516 -0.127263 -1.00689 0.0154799 -0.126752 -1.00749 0.0154799 -0.126536 -1.00826 0.0154799 -0.126653 -1.00904 0.0154799 -0.127083 -1.00971 0.0154799 -0.127749 -1.01014 0.0154799 -0.128533 -1.01025 0.0154799 -0.129296 -1.01004 0.0154799 -0.129902 -1.00953 0.0154799 -0.129948 -1.00956 0.0155391 -0.127227 -1.00684 0.0155391 -0.1267 -1.00746 0.0155391 -0.126477 -1.00825 0.0155391 -0.126598 -1.00906 0.0155391 -0.127041 -1.00975 0.0155391 -0.127728 -1.01019 0.0155391 -0.128537 -1.01031 0.0155391 -0.129323 -1.01009 0.0155391 -0.127249 -1.00687 0.015516 -0.126731 -1.00748 0.015516 -0.126513 -1.00825 0.015516 -0.126631 -1.00905 0.015516 -0.127067 -1.00972 0.015516 -0.127741 -1.01016 0.015516 -0.128534 -1.01028 0.015516 -0.129306 -1.01006 0.015516 -0.129271 -1.00655 0.0155607 -0.12927 -1.00657 0.0155512 -0.130188 -1.00777 0.0154707 -0.13011 -1.00755 0.0154923 -0.130105 -1.00755 0.0154799 -0.130155 -1.00766 0.0154888 -0.130191 -1.00777 0.0154853 -0.130248 -1.00799 0.015477 -0.128918 -1.00655 0.0155245 -0.129223 -1.00659 0.0155449 -0.129158 -1.0066 0.0155369 -0.129264 -1.00663 0.0155407 -0.129182 -1.00662 0.0155251 -0.129255 -1.00664 0.0155336 -0.129097 -1.00658 0.0155372 -0.129161 -1.00657 0.015549 -0.129034 -1.00656 0.0155399 -0.129101 -1.00655 0.015558 -0.12892 -1.00654 0.0155498 -0.129007 -1.00658 0.0155205 -0.129095 -1.0066 0.0155209 -0.128754 -1.00652 0.0155387 -0.129785 -1.007 0.0155391 -0.12976 -1.00703 0.015516 -0.129743 -1.00704 0.0154799 -0.0913034 -1.02647 0.0155746 -0.0912991 -1.02649 0.0156108 -0.0915174 -1.02647 0.0155717 -0.0915324 -1.02649 0.0156082 -0.0917329 -1.02648 0.0155636 -0.091765 -1.0265 0.0156025 -0.0919491 -1.02649 0.0155544 -0.0921631 -1.0265 0.0155969 -0.0921631 -1.0265 0.0155443 -0.0928089 -1.02647 0.0155717 -0.0925933 -1.02648 0.0155636 -0.0925618 -1.02649 0.0155811 -0.0923772 -1.02649 0.0155544 -0.0925612 -1.0265 0.0156025 -0.0930272 -1.02649 0.0156116 -0.0930252 -1.02648 0.0155926 -0.0930229 -1.02647 0.0155746 -0.0929081 -1.02643 0.0155494 -0.0930196 -1.02644 0.0155538 -0.0930215 -1.02641 0.015547 -0.0929694 -1.02641 0.015545 -0.0928997 -1.02641 0.0155368 -0.0927778 -1.02644 0.0155404 -0.0928911 -1.02637 0.0155064 -0.0927885 -1.0264 0.0155019 -0.092807 -1.0264 0.0155112 -0.0926147 -1.02645 0.015517 -0.0928642 -1.0264 0.0155294 -0.0928328 -1.0264 0.0155206 -0.0927141 -1.02644 0.0155331 -0.0926592 -1.02645 0.0155251 -0.0929927 -1.02634 0.015516 -0.0929957 -1.02635 0.015524 -0.0930019 -1.02636 0.0155349 -0.0926675 -1.02646 0.01555 -0.0928494 -1.02645 0.0155582 -0.0930231 -1.02641 0.0155461 -0.0930181 -1.02639 0.0155447 -0.0930078 -1.02638 0.0155406 -0.0925004 -1.02648 0.0155391 -0.0925825 -1.02646 0.015509 -0.0929862 -1.02632 0.0154789 -0.0928807 -1.02637 0.0154888 -0.0927716 -1.0264 0.0154853 -0.0927714 -1.0264 0.0154707 -0.0925499 -1.02646 0.015477 -0.0921631 -1.0265 0.0154926 -0.0915547 -1.0264 0.0154853 -0.0915377 -1.0264 0.0155019 -0.0916284 -1.02643 0.0155024 -0.0914455 -1.02637 0.0154888 -0.0913382 -1.02633 0.0154978 -0.0913336 -1.02634 0.015516 -0.0913407 -1.02632 0.0154799 -0.0914179 -1.02637 0.0155076 -0.0914351 -1.02637 0.0155064 -0.0915228 -1.0264 0.0155022 -0.0917764 -1.02646 0.015477 -0.0915548 -1.0264 0.0154707 -0.0913411 -1.02632 0.0154745 -0.0917339 -1.02645 0.0155081 -0.0917438 -1.02646 0.015509 -0.0903851 -1.02402 0.0154853 -0.0904216 -1.02391 0.0154888 -0.0904152 -1.0239 0.0155064 -0.0903279 -1.02424 0.015477 -0.0903879 -1.02402 0.0154707 -0.0902892 -1.02462 0.0154926 -0.0903842 -1.024 0.0155019 -0.0903564 -1.0241 0.0155027 -0.0903322 -1.02421 0.015509 -0.0902888 -1.02462 0.0155443 -0.0903791 -1.02382 0.015545 -0.0903257 -1.02412 0.01555 -0.0903112 -1.02429 0.0155391 -0.0903407 -1.02413 0.0155251 -0.0902964 -1.02441 0.0155544 -0.0903091 -1.02419 0.0155636 -0.0903159 -1.02398 0.0155717 -0.0903174 -1.02377 0.0155746 -0.0903344 -1.02394 0.0155582 -0.0903367 -1.02377 0.0155607 -0.0903568 -1.02388 0.0155494 -0.0903766 -1.02377 0.0155469 -0.0903507 -1.02401 0.0155404 -0.0903614 -1.02404 0.0155207 -0.0903664 -1.02395 0.0155374 -0.0903837 -1.02396 0.0155206 -0.0903823 -1.02389 0.0155368 -0.0904071 -1.02387 0.0155242 -0.0902946 -1.02376 0.0156108 -0.0902941 -1.02399 0.0156082 -0.0902918 -1.02423 0.0156025 -0.0902876 -1.02462 0.0155969 -0.0902986 -1.02502 0.0155811 -0.0903091 -1.02506 0.0155636 -0.0902964 -1.02484 0.0155544 -0.0903159 -1.02527 0.0155717 -0.0902982 -1.02549 0.0156021 -0.0903174 -1.02548 0.0155746 -0.0902918 -1.02502 0.0156025 -0.0903811 -1.02544 0.0155448 -0.0903854 -1.02537 0.015537 -0.0903528 -1.02525 0.0155398 -0.0903894 -1.02529 0.0155117 -0.0904408 -1.02546 0.0155245 -0.0904152 -1.02535 0.0155064 -0.090449 -1.02545 0.015516 -0.0903902 -1.02527 0.0155024 -0.0903842 -1.02525 0.0155019 -0.090339 -1.02509 0.0155159 -0.0903322 -1.02504 0.015509 -0.0903263 -1.02513 0.0155497 -0.0903351 -1.02531 0.0155579 -0.0903584 -1.02537 0.0155489 -0.0903521 -1.02548 0.0155538 -0.0904133 -1.02548 0.015541 -0.0904318 -1.02547 0.0155316 -0.0903871 -1.02534 0.0155297 -0.0903884 -1.02531 0.015521 -0.0903482 -1.02519 0.0155324 -0.0903433 -1.02513 0.0155243 -0.0903193 -1.02504 0.015544 -0.0903119 -1.02497 0.0155386 -0.0942381 -1.0235 0.0155319 -0.0941108 -1.02303 0.0155319 -0.0937631 -1.02268 0.0155319 -0.0932881 -1.02255 0.0155319 -0.0942747 -1.0235 0.0154953 -0.0941425 -1.02301 0.0154953 -0.0937814 -1.02265 0.0154953 -0.0932881 -1.02251 0.0154953 -0.0912881 -1.02251 0.0154799 -0.0912881 -1.02251 0.0154953 -0.0912881 -1.02253 0.015516 -0.0912881 -1.02257 0.0155391 -0.0912881 -1.02255 0.0155319 -0.0942819 -1.0255 0.0154799 -0.0942747 -1.0255 0.0154953 -0.0942588 -1.0255 0.015516 -0.0942381 -1.0255 0.0155319 -0.0942227 -1.0255 0.0155391 -0.0909173 -1.0225 0.0155391 -0.0903686 -1.02206 0.0155428 -0.0905312 -1.02225 0.0155391 -0.090354 -1.022 0.0155377 -0.0903499 -1.02199 0.0155357 -0.0905569 -1.02222 0.015516 -0.0903208 -1.02185 0.0155151 -0.0905733 -1.02221 0.0154799 -0.0903416 -1.02184 0.0154799 -0.0902952 -1.02166 0.0154789 -0.0902959 -1.02167 0.0154804 -0.0903175 -1.02183 0.0155119 -0.0909379 -1.02244 0.0154799 -0.0909298 -1.02246 0.015516 -0.09458 -1.02621 0.0154799 -0.0951284 -1.02649 0.0154789 -0.0949468 -1.02645 0.0154799 -0.0949391 -1.02647 0.0155151 -0.0949574 -1.02647 0.0155119 -0.0951207 -1.02649 0.0154804 -0.0948014 -1.02644 0.0155357 -0.0945637 -1.02623 0.015516 -0.0947845 -1.02643 0.0155377 -0.0945383 -1.02626 0.0155391 -0.0947271 -1.02642 0.0155428 -0.0948783 -1.02646 0.0155251 -0.0942894 -1.02587 0.0155391 -0.0943232 -1.02586 0.015516 -0.0943449 -1.02585 0.0154799 -0.0903529 -1.02206 0.0155472 -0.0903372 -1.02199 0.0155418 -0.0903251 -1.02198 0.01555 -0.0902921 -1.02197 0.0155987 -0.0902901 -1.02166 0.0154977 -0.0902899 -1.02181 0.0155607 -0.0903051 -1.02183 0.0155261 -0.090311 -1.02183 0.0155187 -0.0903535 -1.02213 0.0155515 -0.0903331 -1.02213 0.0155618 -0.0903141 -1.02198 0.0155601 -0.0903174 -1.02213 0.0155746 -0.0902957 -1.02182 0.0155427 -0.0902925 -1.02166 0.0154889 -0.0903048 -1.02198 0.0155718 -0.0902943 -1.02213 0.0156107 -0.0946557 -1.02649 0.0156107 -0.0948153 -1.0265 0.0155986 -0.094975 -1.0265 0.0155607 -0.0949625 -1.02648 0.0155261 -0.0948828 -1.02647 0.0155402 -0.0948095 -1.02648 0.0155718 -0.0948047 -1.02646 0.01555 -0.0947316 -1.02648 0.0155774 -0.0947287 -1.02645 0.0155545 -0.0951245 -1.0265 0.0154889 -0.0951284 -1.0265 0.0154977 -0.0949685 -1.02649 0.0155427 -0.0946557 -1.02647 0.0155746 -0.0946557 -1.02643 0.0155515 -0.0912881 -1.02647 0.0155746 -0.0912881 -1.02645 0.0155587 -0.0908131 -1.02632 0.0155587 -0.0904654 -1.02597 0.0155587 -0.0907948 -1.02635 0.0155953 -0.0912881 -1.02649 0.0155953 -0.0903174 -1.0255 0.0155746 -0.0903381 -1.0255 0.0155587 -0.0904337 -1.02599 0.0155953 -0.0903015 -1.0255 0.0155953 -0.0935548 -1.02598 0.0155391 -0.093981 -1.0253 0.0155391 -0.0939255 -1.02528 0.0154799 -0.0935123 -1.02594 0.0154799 -0.0935289 -1.02595 0.015516 -0.0939471 -1.02529 0.015516 -0.0913057 -1.02645 0.0155607 -0.0913066 -1.02643 0.0155512 -0.0903879 -1.02523 0.0154707 -0.0904658 -1.02545 0.0154923 -0.0904713 -1.02545 0.0154799 -0.0904216 -1.02534 0.0154888 -0.0903851 -1.02523 0.0154853 -0.0903279 -1.02501 0.015477 -0.0916587 -1.02645 0.0155245 -0.0913528 -1.02641 0.0155449 -0.0914181 -1.0264 0.0155369 -0.0913125 -1.02637 0.0155407 -0.0913946 -1.02638 0.0155251 -0.0913211 -1.02636 0.0155336 -0.0914793 -1.02642 0.0155372 -0.0914151 -1.02643 0.015549 -0.0915425 -1.02644 0.0155399 -0.0914756 -1.02645 0.015558 -0.0916565 -1.02646 0.0155498 -0.0915696 -1.02642 0.0155205 -0.091481 -1.0264 0.0155209 -0.0918224 -1.02648 0.0155387 -0.0907911 -1.026 0.0155391 -0.0908166 -1.02597 0.015516 -0.0908329 -1.02596 0.0154799 -0.0927716 -1.0066 0.0154853 -0.0928807 -1.00663 0.0154888 -0.0928911 -1.00663 0.0155064 -0.0925499 -1.00654 0.015477 -0.0927714 -1.0066 0.0154707 -0.0921631 -1.0065 0.0154926 -0.0927885 -1.0066 0.0155019 -0.0926855 -1.00657 0.0155027 -0.0925825 -1.00654 0.015509 -0.0921631 -1.0065 0.0155443 -0.0929694 -1.00659 0.015545 -0.0926675 -1.00654 0.01555 -0.0925004 -1.00652 0.0155391 -0.0926592 -1.00655 0.0155251 -0.0923772 -1.00651 0.0155544 -0.0925933 -1.00652 0.0155636 -0.0928089 -1.00653 0.0155717 -0.0930229 -1.00653 0.0155746 -0.0928494 -1.00655 0.0155582 -0.0930206 -1.00655 0.0155607 -0.0929081 -1.00657 0.0155494 -0.0930216 -1.00659 0.0155469 -0.0927778 -1.00656 0.0155404 -0.0927462 -1.00657 0.0155207 -0.0928396 -1.00658 0.0155374 -0.0928328 -1.0066 0.0155206 -0.0928997 -1.00659 0.0155368 -0.0929176 -1.00662 0.0155242 -0.0930271 -1.00651 0.0156108 -0.0927938 -1.00651 0.0156082 -0.0925612 -1.0065 0.0156025 -0.0921631 -1.0065 0.0155969 -0.0917644 -1.00651 0.0155811 -0.0917329 -1.00652 0.0155636 -0.0919491 -1.00651 0.0155544 -0.0915174 -1.00653 0.0155717 -0.0913001 -1.00651 0.0156021 -0.0913034 -1.00653 0.0155746 -0.091765 -1.0065 0.0156025 -0.0913512 -1.00659 0.0155448 -0.0914149 -1.0066 0.015537 -0.0915401 -1.00656 0.0155398 -0.0915 -1.0066 0.0155117 -0.0913285 -1.00665 0.0155245 -0.0914351 -1.00663 0.0155064 -0.0913336 -1.00666 0.015516 -0.091517 -1.0066 0.0155024 -0.0915377 -1.0066 0.0155019 -0.0916987 -1.00655 0.0155159 -0.0917438 -1.00654 0.015509 -0.0916556 -1.00654 0.0155497 -0.0914751 -1.00655 0.0155579 -0.0914139 -1.00657 0.0155489 -0.0913066 -1.00656 0.0155538 -0.091312 -1.00663 0.015541 -0.091323 -1.00664 0.0155316 -0.0914473 -1.0066 0.0155297 -0.0914762 -1.0066 0.015521 -0.091602 -1.00656 0.0155324 -0.0916554 -1.00656 0.0155243 -0.0917431 -1.00653 0.015544 -0.091821 -1.00652 0.0155386 -0.0903174 -1.00752 0.0155746 -0.0902946 -1.00751 0.0156108 -0.0903159 -1.00773 0.0155717 -0.0902941 -1.00774 0.0156082 -0.0903091 -1.00794 0.0155636 -0.0902918 -1.00798 0.0156025 -0.0902964 -1.00816 0.0155544 -0.0902876 -1.00838 0.0155969 -0.0902888 -1.00838 0.0155443 -0.0903159 -1.00902 0.0155717 -0.0903091 -1.00881 0.0155636 -0.0902986 -1.00877 0.0155811 -0.0902964 -1.00859 0.0155544 -0.0902918 -1.00877 0.0156025 -0.0902943 -1.00924 0.0156116 -0.0903033 -1.00924 0.0155926 -0.0903174 -1.00923 0.0155746 -0.0903568 -1.00912 0.0155494 -0.0903521 -1.00923 0.0155538 -0.0903761 -1.00923 0.015547 -0.0903791 -1.00918 0.015545 -0.0903823 -1.00911 0.0155368 -0.0903507 -1.00899 0.0155404 -0.0904152 -1.0091 0.0155064 -0.0903842 -1.009 0.0155019 -0.0903841 -1.00902 0.0155112 -0.0903361 -1.00883 0.015517 -0.0903833 -1.00908 0.0155294 -0.0903837 -1.00904 0.0155206 -0.0903459 -1.00893 0.0155331 -0.0903407 -1.00887 0.0155251 -0.090449 -1.0092 0.015516 -0.0904403 -1.00921 0.015524 -0.0904241 -1.00921 0.0155349 -0.0903257 -1.00888 0.01555 -0.0903344 -1.00906 0.0155582 -0.090381 -1.00923 0.0155461 -0.0903957 -1.00923 0.0155446 -0.0904114 -1.00922 0.0155406 -0.0903112 -1.00871 0.0155391 -0.0903322 -1.00879 0.015509 -0.090472 -1.0092 0.0154789 -0.0904216 -1.00909 0.0154888 -0.0903851 -1.00898 0.0154853 -0.0903879 -1.00898 0.0154707 -0.0903279 -1.00876 0.015477 -0.0902892 -1.00838 0.0154926 -0.0903851 -1.00777 0.0154853 -0.0903842 -1.00775 0.0155019 -0.0903596 -1.00784 0.0155024 -0.0904216 -1.00766 0.0154888 -0.0904628 -1.00755 0.0154978 -0.090449 -1.00755 0.015516 -0.0904713 -1.00755 0.0154799 -0.0904207 -1.00763 0.0155076 -0.0904152 -1.00765 0.0155064 -0.0903885 -1.00773 0.0155022 -0.0903279 -1.00799 0.015477 -0.0903879 -1.00777 0.0154707 -0.0904731 -1.00755 0.0154745 -0.0903343 -1.00795 0.0155081 -0.0903322 -1.00796 0.015509 -0.0932881 -1.01049 0.0154953 -0.0932881 -1.01049 0.0154836 -0.0937843 -1.01036 0.0154836 -0.0942747 -1.0095 0.0154953 -0.0942588 -1.0095 0.015516 -0.0941288 -1.00999 0.015516 -0.0932881 -1.01045 0.0155319 -0.0932881 -1.01047 0.015516 -0.0937735 -1.01034 0.015516 -0.0942381 -1.0095 0.0155319 -0.0942264 -1.0095 0.0155377 -0.0941007 -1.00997 0.0155377 -0.0932881 -1.01044 0.0155377 -0.0937573 -1.01031 0.0155377 -0.0941476 -1.01 0.0154836 -0.0942805 -1.0095 0.0154836 -0.0912881 -1.01049 0.0154799 -0.0912881 -1.01049 0.0154953 -0.0912881 -1.01047 0.015516 -0.0912881 -1.01045 0.0155319 -0.0912881 -1.01043 0.0155391 -0.0942819 -1.0075 0.0154799 -0.0942747 -1.0075 0.0154953 -0.0942588 -1.0075 0.015516 -0.0942381 -1.0075 0.0155319 -0.0942227 -1.0075 0.0155391 -0.0905733 -1.01079 0.0154799 -0.0902952 -1.01134 0.0154789 -0.0903416 -1.01116 0.0154799 -0.090321 -1.01115 0.0155154 -0.0903175 -1.01117 0.0155119 -0.0902959 -1.01133 0.0154804 -0.0903499 -1.01101 0.0155357 -0.0905569 -1.01078 0.015516 -0.090354 -1.011 0.0155377 -0.0905312 -1.01075 0.0155391 -0.0903686 -1.01094 0.0155428 -0.0903327 -1.01109 0.0155251 -0.0909173 -1.0105 0.0155391 -0.0909298 -1.01054 0.015516 -0.0909379 -1.01056 0.0154799 -0.0942894 -1.00713 0.0155391 -0.0947271 -1.00658 0.0155428 -0.0945383 -1.00674 0.0155391 -0.0947845 -1.00657 0.0155377 -0.0951207 -1.00651 0.0154804 -0.0949574 -1.00653 0.0155119 -0.0949468 -1.00655 0.0154799 -0.0949391 -1.00653 0.0155151 -0.0951284 -1.00651 0.0154789 -0.0948014 -1.00656 0.0155357 -0.0945637 -1.00677 0.015516 -0.09458 -1.00679 0.0154799 -0.0943449 -1.00715 0.0154799 -0.0943232 -1.00714 0.015516 -0.0902943 -1.01087 0.0156107 -0.0902921 -1.01103 0.0155986 -0.09029 -1.01119 0.0155607 -0.0903051 -1.01117 0.0155261 -0.0903142 -1.01109 0.0155402 -0.0903048 -1.01102 0.0155718 -0.0903251 -1.01102 0.01555 -0.0903106 -1.01094 0.0155774 -0.0903374 -1.01094 0.0155545 -0.0902925 -1.01134 0.0154889 -0.0902901 -1.01134 0.0154977 -0.0902957 -1.01118 0.0155427 -0.0903174 -1.01087 0.0155746 -0.0903535 -1.01087 0.0155515 -0.0905864 -1.0068 0.0156071 -0.0909173 -1.00658 0.0156071 -0.0903499 -1.0075 0.0155529 -0.0904178 -1.00715 0.0155529 -0.0903174 -1.0075 0.0155746 -0.0903877 -1.00714 0.0155746 -0.0902957 -1.0075 0.0156071 -0.0903676 -1.00713 0.0156071 -0.0909375 -1.00663 0.0155529 -0.0912881 -1.00656 0.0155529 -0.0909254 -1.0066 0.0155746 -0.0912881 -1.00653 0.0155746 -0.0912881 -1.00651 0.0156071 -0.0906247 -1.00684 0.0155529 -0.0906017 -1.00681 0.0155746 -0.0947278 -1.00656 0.0155472 -0.0948028 -1.00655 0.0155418 -0.0948047 -1.00654 0.01555 -0.0948153 -1.0065 0.0155987 -0.0951284 -1.0065 0.0154977 -0.094975 -1.0065 0.0155607 -0.0949625 -1.00652 0.0155261 -0.0949598 -1.00652 0.0155187 -0.0946557 -1.00657 0.0155515 -0.0946557 -1.00654 0.0155618 -0.0948069 -1.00653 0.0155601 -0.0946557 -1.00653 0.0155746 -0.0949685 -1.00651 0.0155427 -0.0951245 -1.0065 0.0154889 -0.0948095 -1.00652 0.0155718 -0.0946557 -1.00651 0.0156107 -0.0903367 -1.00752 0.0155607 -0.0903597 -1.00752 0.0155512 -0.0907085 -1.00966 0.0155391 -0.0913685 -1.01015 0.0155391 -0.0921704 -1.01032 0.0155391 -0.0929709 -1.01014 0.0155391 -0.0936273 -1.00965 0.0155391 -0.0940224 -1.00893 0.0155391 -0.0913928 -1.01009 0.0154799 -0.0907529 -1.00962 0.0154799 -0.0935826 -1.00961 0.0154799 -0.0929462 -1.01009 0.0154799 -0.0921701 -1.01026 0.0154799 -0.0939656 -1.00891 0.0154799 -0.0907356 -1.00964 0.015516 -0.0913833 -1.01011 0.015516 -0.0921702 -1.01028 0.015516 -0.0929558 -1.01011 0.015516 -0.0936 -1.00962 0.015516 -0.0939878 -1.00892 0.015516 -0.0903426 -1.00787 0.0155245 -0.0903805 -1.00756 0.0155449 -0.0903845 -1.00763 0.0155369 -0.0904142 -1.00752 0.0155407 -0.0904111 -1.00761 0.0155251 -0.0904287 -1.00753 0.0155336 -0.0903683 -1.00769 0.0155372 -0.0903579 -1.00763 0.015549 -0.0903522 -1.00775 0.0155399 -0.0903349 -1.00769 0.015558 -0.0903261 -1.00787 0.0155498 -0.090364 -1.00778 0.0155205 -0.0903871 -1.00769 0.0155209 -0.0903117 -1.00803 0.0155387 -0.0915548 -1.0066 0.0154707 -0.0913392 -1.00668 0.0154923 -0.0913407 -1.00668 0.0154799 -0.0914455 -1.00663 0.0154888 -0.0915547 -1.0066 0.0154853 -0.0917764 -1.00654 0.015477 -0.0908329 -1.00704 0.0154799 -0.0907911 -1.007 0.0155391 -0.0908166 -1.00703 0.015516 -0.0944885 -1.00693 0.0142457 -0.0943956 -1.0071 0.0141528 -0.0944097 -1.00711 0.0141408 -0.094935 -1.00657 0.0146728 -0.0942951 -1.0075 0.0141085 -0.0943015 -1.0075 0.0140953 -0.0943153 -1.0073 0.0141273 -0.0943374 -1.0073 0.0140946 -0.0943743 -1.00711 0.0141823 -0.0944688 -1.00693 0.0142707 -0.0945937 -1.00678 0.0143882 -0.0946414 -1.00679 0.014344 -0.094631 -1.00678 0.0143509 -0.0946207 -1.00678 0.014359 -0.0943699 -1.0075 0.014047 -0.094441 -1.00711 0.014125 -0.0943701 -1.0073 0.0140725 -0.0943513 -1.0075 0.0140523 -0.0943528 -1.0073 0.0140818 -0.0943381 -1.0075 0.0140587 -0.0943174 -1.0075 0.0140746 -0.0944251 -1.00711 0.0141315 -0.0949156 -1.00657 0.0146922 -0.0946109 -1.00678 0.0143681 -0.0949256 -1.00657 0.0146828 -0.0943381 -1.0095 0.0140587 -0.0943015 -1.0095 0.0140953 -0.0932881 -1.01055 0.0140587 -0.0938131 -1.01041 0.0140587 -0.0932881 -1.01051 0.0140953 -0.0937948 -1.01038 0.0140953 -0.0941975 -1.01003 0.0140587 -0.0941657 -1.01001 0.0140953 -0.0912881 -1.01055 0.0140587 -0.0912881 -1.01051 0.0140953 -0.0907948 -1.01065 0.0140953 -0.0908131 -1.01068 0.0140587 -0.0904337 -1.01101 0.0140953 -0.0904654 -1.01102 0.0140587 -0.0903015 -1.0115 0.0140953 -0.0903381 -1.0115 0.0140587 -0.0903499 -1.0215 0.0140529 -0.0903381 -1.0215 0.0140587 -0.0903174 -1.0215 0.0140746 -0.0903015 -1.0215 0.0140953 -0.0902957 -1.0215 0.0141071 -0.0907919 -1.02236 0.0141071 -0.0904287 -1.022 0.0141071 -0.0904475 -1.02199 0.0140746 -0.0912881 -1.02249 0.0141071 -0.0912881 -1.02249 0.0140953 -0.0908028 -1.02234 0.0140746 -0.0904756 -1.02197 0.0140529 -0.090819 -1.02231 0.0140529 -0.0912881 -1.02247 0.0140746 -0.0912881 -1.02245 0.0140587 -0.0912881 -1.02244 0.0140529 -0.0932881 -1.02249 0.0141071 -0.0932881 -1.02249 0.0140953 -0.0932881 -1.02247 0.0140746 -0.0932881 -1.02245 0.0140587 -0.0932881 -1.02244 0.0140529 -0.093819 -1.02258 0.0140529 -0.0942076 -1.02297 0.0140529 -0.0941795 -1.02299 0.0140746 -0.0943174 -1.0235 0.0140746 -0.0943499 -1.0235 0.0140529 -0.0943381 -1.0235 0.0140587 -0.0938028 -1.02261 0.0140746 -0.0941607 -1.023 0.0141071 -0.0942957 -1.0235 0.0141071 -0.0943015 -1.0235 0.0140953 -0.0937919 -1.02263 0.0141071 -0.0943381 -1.0255 0.0140587 -0.0943015 -1.0255 0.0140953 -0.0944337 -1.02599 0.0140953 -0.0944654 -1.02597 0.0140587 -0.0947948 -1.02635 0.0140953 -0.0948131 -1.02632 0.0140587 -0.0952881 -1.02649 0.0140953 -0.0952881 -1.02645 0.0140587 -0.125288 -1.02649 0.0140953 -0.125288 -1.02645 0.0140587 -0.125781 -1.02635 0.0140953 -0.125763 -1.02632 0.0140587 -0.126143 -1.02599 0.0140953 -0.126111 -1.02597 0.0140587 -0.126275 -1.0255 0.0140953 -0.126238 -1.0255 0.0140587 -0.126238 -1.0235 0.0140587 -0.126275 -1.0235 0.0140953 -0.127288 -1.02245 0.0140587 -0.126763 -1.02259 0.0140587 -0.127288 -1.02249 0.0140953 -0.126781 -1.02262 0.0140953 -0.126379 -1.02297 0.0140587 -0.12641 -1.02299 0.0140953 -0.129288 -1.02245 0.0140587 -0.129288 -1.02249 0.0140953 -0.129781 -1.02235 0.0140953 -0.129763 -1.02232 0.0140587 -0.130143 -1.02199 0.0140953 -0.130111 -1.02198 0.0140587 -0.130275 -1.0215 0.0140953 -0.130238 -1.0215 0.0140587 -0.130238 -1.0115 0.0140587 -0.130275 -1.0115 0.0140953 -0.129288 -1.01051 0.0141071 -0.129781 -1.01065 0.0140953 -0.130143 -1.01101 0.0140953 -0.130111 -1.01102 0.0140587 -0.129763 -1.01068 0.0140587 -0.129288 -1.01051 0.0140953 -0.129288 -1.01053 0.0140746 -0.129288 -1.01055 0.0140587 -0.129288 -1.01056 0.0140529 -0.127288 -1.01056 0.0140529 -0.127288 -1.01055 0.0140587 -0.127288 -1.01053 0.0140746 -0.127288 -1.01051 0.0140953 -0.127288 -1.01051 0.0141071 -0.126763 -1.01041 0.0140587 -0.126238 -1.0095 0.0140587 -0.126379 -1.01003 0.0140587 -0.126275 -1.0095 0.0140953 -0.12641 -1.01001 0.0140953 -0.126781 -1.01038 0.0140953 -0.126225 -1.0075 0.0140523 -0.126238 -1.0075 0.0140587 -0.126286 -1.0075 0.0141271 -0.126281 -1.0075 0.0141085 -0.126275 -1.0075 0.0140953 -0.125945 -1.00678 0.0143509 -0.125641 -1.00657 0.0146728 -0.126063 -1.00693 0.014226 -0.126151 -1.00711 0.0141315 -0.126181 -1.0071 0.0141528 -0.125651 -1.00657 0.0146828 -0.125661 -1.00657 0.0146922 -0.126267 -1.0073 0.0141452 -0.126193 -1.00711 0.0141669 -0.126261 -1.0073 0.0141273 -0.126202 -1.00711 0.0141823 -0.126208 -1.00711 0.0141982 -0.126252 -1.0073 0.01411 -0.126239 -1.0073 0.0140946 -0.126206 -1.0073 0.0140725 -0.126088 -1.00693 0.0142457 -0.125989 -1.00679 0.0143986 -0.125983 -1.00678 0.0143882 -0.125974 -1.00678 0.0143779 -0.125965 -1.00678 0.0143681 -0.13603 -1.0126 0.0239949 -0.13603 -1.0204 0.0239949 -0.136027 -1.0126 0.024003 -0.136027 -1.0204 0.024003 -0.136009 -1.0126 0.0240274 -0.136009 -1.0204 0.0240274 -0.135995 -1.0126 0.0240388 -0.135995 -1.0204 0.0240388 -0.135976 -1.0126 0.0240491 -0.135976 -1.0204 0.0240491 -0.131875 -1.01255 0.0245216 -0.131871 -1.01251 0.0244853 -0.135944 -1.01251 0.0240061 -0.135948 -1.01255 0.0240424 -0.131871 -1.02049 0.0244853 -0.135944 -1.02049 0.0240061 -0.131875 -1.02045 0.0245216 -0.135948 -1.02045 0.0240426 -0.131832 -1.0126 0.0245518 -0.131832 -1.0204 0.0245518 -0.1318 -1.0126 0.0245877 -0.1318 -1.0204 0.0245877 -0.131824 -1.01255 0.0245408 -0.131803 -1.01251 0.0245106 -0.131788 -1.01255 0.0245814 -0.131755 -1.01251 0.0245644 -0.131775 -1.01255 0.0246343 -0.131738 -1.01251 0.0246343 -0.131803 -1.02049 0.0245106 -0.131824 -1.02045 0.0245408 -0.131755 -1.02049 0.0245644 -0.131788 -1.02045 0.0245814 -0.131738 -1.02049 0.0246343 -0.131775 -1.02045 0.0246343 -0.131738 -1.01251 0.0249453 -0.131775 -1.01255 0.0249453 -0.131738 -1.02049 0.0249453 -0.131775 -1.02045 0.0249453 -0.131738 -1.0126 0.0250319 -0.131738 -1.0204 0.0250319 -0.131775 -1.0126 0.0249953 -0.131775 -1.0204 0.0249953 -0.135976 -1.01252 0.0220879 -0.135976 -1.01255 0.022054 -0.13603 -1.01258 0.0221009 -0.136009 -1.01256 0.0220727 -0.13603 -1.01256 0.0221343 -0.13603 -1.01257 0.022115 -0.136025 -1.01255 0.0221343 -0.136009 -1.01254 0.0220987 -0.135976 -1.01251 0.0221343 -0.135988 -1.01251 0.0221343 -0.136009 -1.01253 0.0221343 -0.135976 -1.01251 0.0239564 -0.135988 -1.01251 0.0239564 -0.136009 -1.01253 0.0239564 -0.136025 -1.01255 0.0239564 -0.13603 -1.01256 0.0239564 -0.135976 -1.01252 0.0240027 -0.13603 -1.01257 0.0239756 -0.136009 -1.01254 0.0239919 -0.136009 -1.01256 0.0240179 -0.13603 -1.01258 0.0239897 -0.135976 -1.01255 0.0240366 -0.131738 -1.02044 0.0250203 -0.131775 -1.02044 0.0249703 -0.131775 -1.02042 0.0249886 -0.131738 -1.02048 0.0249886 -0.131688 -1.02045 0.0250319 -0.131688 -1.02049 0.0249953 -0.130388 -1.02049 0.0249953 -0.130388 -1.02045 0.0250319 -0.130302 -1.02053 0.0250203 -0.130302 -1.02048 0.0250752 -0.130338 -1.02046 0.0250435 -0.130296 -1.0204 0.0251071 -0.130338 -1.0205 0.025002 -0.130302 -1.0204 0.0250953 -0.130317 -1.0204 0.0250746 -0.130338 -1.0204 0.0250587 -0.13035 -1.0204 0.0250529 -0.13035 -1.0126 0.0250529 -0.130338 -1.0126 0.0250587 -0.130317 -1.0126 0.0250746 -0.130302 -1.0126 0.0250953 -0.130296 -1.0126 0.0251071 -0.130302 -1.01247 0.0250203 -0.130302 -1.01252 0.0250752 -0.130338 -1.01254 0.0250435 -0.130388 -1.01255 0.0250319 -0.130338 -1.0125 0.025002 -0.130388 -1.01251 0.0249953 -0.131688 -1.01251 0.0249953 -0.131688 -1.01255 0.0250319 -0.131738 -1.01252 0.0249886 -0.131775 -1.01258 0.0249886 -0.131775 -1.01256 0.0249703 -0.131738 -1.01256 0.0250203 -0.135976 -1.02048 0.0220879 -0.13603 -1.02044 0.0221343 -0.13603 -1.02043 0.022115 -0.136025 -1.02045 0.0221343 -0.136009 -1.02046 0.0220987 -0.136009 -1.02047 0.0221343 -0.136009 -1.02044 0.0220727 -0.13603 -1.02042 0.0221009 -0.135988 -1.02049 0.0221343 -0.135976 -1.02049 0.0221343 -0.135976 -1.02045 0.022054 -0.13603 -1.02044 0.0239564 -0.136025 -1.02045 0.0239564 -0.136009 -1.02047 0.0239564 -0.135988 -1.02049 0.0239564 -0.135976 -1.02049 0.0239564 -0.135976 -1.02045 0.0240366 -0.13603 -1.02042 0.0239897 -0.136009 -1.02044 0.0240179 -0.13603 -1.02043 0.0239756 -0.136009 -1.02046 0.0239919 -0.135976 -1.02048 0.0240027 -0.126843 -1.02505 0.0141123 -0.126667 -1.02509 0.0142953 -0.126847 -1.02553 0.0142953 -0.127135 -1.0259 0.0142953 -0.127509 -1.02619 0.0142953 -0.127945 -1.02637 0.0142953 -0.128413 -1.02643 0.0142953 -0.128881 -1.02637 0.0142953 -0.129317 -1.02619 0.0142953 -0.129692 -1.0259 0.0142953 -0.129979 -1.02553 0.0142953 -0.13016 -1.02509 0.0142953 -0.127006 -1.02544 0.0141123 -0.127264 -1.02577 0.0141123 -0.127601 -1.02603 0.0141123 -0.127993 -1.02619 0.0141123 -0.128413 -1.02625 0.0141123 -0.128834 -1.02619 0.0141123 -0.129226 -1.02603 0.0141123 -0.129562 -1.02577 0.0141123 -0.12982 -1.02544 0.0141123 -0.129983 -1.02505 0.0141123 -0.126843 -1.0088 0.0141123 -0.126667 -1.00884 0.0142953 -0.126847 -1.00928 0.0142953 -0.127135 -1.00965 0.0142953 -0.127509 -1.00994 0.0142953 -0.127945 -1.01012 0.0142953 -0.128413 -1.01018 0.0142953 -0.128881 -1.01012 0.0142953 -0.129317 -1.00994 0.0142953 -0.129692 -1.00965 0.0142953 -0.129979 -1.00928 0.0142953 -0.13016 -1.00884 0.0142953 -0.127006 -1.00919 0.0141123 -0.127264 -1.00952 0.0141123 -0.127601 -1.00978 0.0141123 -0.127993 -1.00994 0.0141123 -0.128413 -1.01 0.0141123 -0.128834 -1.00994 0.0141123 -0.129226 -1.00978 0.0141123 -0.129562 -1.00952 0.0141123 -0.12982 -1.00919 0.0141123 -0.129983 -1.0088 0.0141123 -0.0905935 -1.02505 0.0141123 -0.0904167 -1.02509 0.0142953 -0.0905973 -1.02553 0.0142953 -0.0908847 -1.0259 0.0142953 -0.0912591 -1.02619 0.0142953 -0.0916952 -1.02637 0.0142953 -0.0921631 -1.02643 0.0142953 -0.0926311 -1.02637 0.0142953 -0.0930671 -1.02619 0.0142953 -0.0934416 -1.0259 0.0142953 -0.0937289 -1.02553 0.0142953 -0.0939095 -1.02509 0.0142953 -0.0907558 -1.02544 0.0141123 -0.0910141 -1.02577 0.0141123 -0.0913506 -1.02603 0.0141123 -0.0917425 -1.02619 0.0141123 -0.0921631 -1.02625 0.0141123 -0.0925837 -1.02619 0.0141123 -0.0929756 -1.02603 0.0141123 -0.0933122 -1.02577 0.0141123 -0.0935704 -1.02544 0.0141123 -0.0937328 -1.02505 0.0141123 -0.0905935 -1.0088 0.0141123 -0.0904167 -1.00884 0.0142953 -0.0905973 -1.00928 0.0142953 -0.0908847 -1.00965 0.0142953 -0.0912591 -1.00994 0.0142953 -0.0916952 -1.01012 0.0142953 -0.0921631 -1.01018 0.0142953 -0.0926311 -1.01012 0.0142953 -0.0930671 -1.00994 0.0142953 -0.0934416 -1.00965 0.0142953 -0.0937289 -1.00928 0.0142953 -0.0939095 -1.00884 0.0142953 -0.0907558 -1.00919 0.0141123 -0.0910141 -1.00952 0.0141123 -0.0913506 -1.00978 0.0141123 -0.0917425 -1.00994 0.0141123 -0.0921631 -1.01 0.0141123 -0.0925837 -1.00994 0.0141123 -0.0929756 -1.00978 0.0141123 -0.0933122 -1.00952 0.0141123 -0.0935704 -1.00919 0.0141123 -0.0937328 -1.0088 0.0141123 -0.120634 -1.01407 0.00504533 -0.120616 -1.00952 0.00504533 -0.119957 -1.014 0.00504533 -0.11946 -1.00952 0.00504533 -0.119286 -1.01412 0.00504533 -0.118671 -1.01441 0.00504533 -0.115297 -1.01135 0.00504533 -0.118157 -1.01485 0.00504533 -0.114514 -1.0122 0.00504533 -0.117782 -1.01542 0.00504533 -0.11832 -1.00971 0.00504533 -0.117226 -1.01009 0.00504533 -0.11621 -1.01064 0.00504533 -0.122219 -1.01528 0.00504533 -0.125562 -1.0122 0.00504533 -0.121809 -1.01474 0.00504533 -0.124779 -1.01135 0.00504533 -0.121267 -1.01432 0.00504533 -0.117575 -1.01607 0.00504533 -0.113038 -1.0165 0.00504533 -0.117551 -1.01675 0.00504533 -0.113134 -1.01765 0.00504533 -0.117711 -1.01741 0.00504533 -0.123867 -1.01064 0.00504533 -0.12285 -1.01009 0.00504533 -0.121757 -1.00971 0.00504533 -0.122468 -1.01591 0.00504533 -0.126659 -1.01423 0.00504533 -0.126194 -1.01317 0.00504533 -0.118043 -1.01801 0.00504533 -0.115297 -1.02165 0.00504533 -0.118524 -1.01849 0.00504533 -0.116209 -1.02236 0.00504533 -0.119117 -1.01882 0.00504533 -0.113882 -1.01317 0.00504533 -0.113417 -1.01423 0.00504533 -0.113134 -1.01535 0.00504533 -0.12242 -1.01726 0.00504533 -0.126943 -1.01765 0.00504533 -0.122537 -1.01659 0.00504533 -0.127038 -1.0165 0.00504533 -0.126943 -1.01535 0.00504533 -0.122126 -1.01787 0.00504533 -0.126194 -1.01983 0.00504533 -0.126659 -1.01877 0.00504533 -0.117226 -1.02291 0.00504533 -0.11832 -1.02329 0.00504533 -0.119778 -1.01899 0.00504533 -0.113417 -1.01877 0.00504533 -0.113882 -1.01983 0.00504533 -0.114514 -1.0208 0.00504533 -0.11946 -1.02348 0.00504533 -0.120616 -1.02348 0.00504533 -0.120458 -1.01896 0.00504533 -0.121756 -1.02329 0.00504533 -0.121108 -1.01876 0.00504533 -0.12285 -1.02291 0.00504533 -0.121405 -1.01859 0.00504533 -0.123867 -1.02236 0.00504533 -0.121678 -1.01839 0.00504533 -0.124779 -1.02165 0.00504533 -0.125562 -1.0208 0.00504533 -0.119778 -1.01899 0.0100453 -0.11832 -1.02329 0.0100453 -0.119117 -1.01882 0.0100453 -0.117226 -1.02291 0.0100453 -0.118524 -1.01849 0.0100453 -0.118671 -1.01441 0.0100453 -0.117226 -1.01009 0.0100453 -0.119286 -1.01412 0.0100453 -0.11832 -1.00971 0.0100453 -0.119957 -1.014 0.0100453 -0.117575 -1.01607 0.0100453 -0.113417 -1.01423 0.0100453 -0.117782 -1.01542 0.0100453 -0.113882 -1.01317 0.0100453 -0.118157 -1.01485 0.0100453 -0.120458 -1.01896 0.0100453 -0.120616 -1.02348 0.0100453 -0.11946 -1.02348 0.0100453 -0.114514 -1.0122 0.0100453 -0.115297 -1.01135 0.0100453 -0.11621 -1.01064 0.0100453 -0.117551 -1.01675 0.0100453 -0.113038 -1.0165 0.0100453 -0.113134 -1.01535 0.0100453 -0.118043 -1.01801 0.0100453 -0.113882 -1.01983 0.0100453 -0.117711 -1.01741 0.0100453 -0.113417 -1.01877 0.0100453 -0.113134 -1.01765 0.0100453 -0.12242 -1.01726 0.0100453 -0.122537 -1.01659 0.0100453 -0.126943 -1.01765 0.0100453 -0.122219 -1.01528 0.0100453 -0.126659 -1.01423 0.0100453 -0.122468 -1.01591 0.0100453 -0.126943 -1.01535 0.0100453 -0.127038 -1.0165 0.0100453 -0.120634 -1.01407 0.0100453 -0.12285 -1.01009 0.0100453 -0.121267 -1.01432 0.0100453 -0.123867 -1.01064 0.0100453 -0.121809 -1.01474 0.0100453 -0.11946 -1.00952 0.0100453 -0.120616 -1.00952 0.0100453 -0.121757 -1.00971 0.0100453 -0.116209 -1.02236 0.0100453 -0.115297 -1.02165 0.0100453 -0.114514 -1.0208 0.0100453 -0.126659 -1.01877 0.0100453 -0.126194 -1.01983 0.0100453 -0.122126 -1.01787 0.0100453 -0.125562 -1.0208 0.0100453 -0.121678 -1.01839 0.0100453 -0.124779 -1.02165 0.0100453 -0.121405 -1.01859 0.0100453 -0.123867 -1.02236 0.0100453 -0.121108 -1.01876 0.0100453 -0.12285 -1.02291 0.0100453 -0.121756 -1.02329 0.0100453 -0.124779 -1.01135 0.0100453 -0.125562 -1.0122 0.0100453 -0.126194 -1.01317 0.0100453</float_array>
                    <technique_common>
                        <accessor count="6505" source="#shape0-lib-positions-array" stride="3">
                            <param name="X" type="float"/>
                            <param name="Y" type="float"/>
                            <param name="Z" type="float"/>
                        </accessor>
                    </technique_common>
                </source>
                <vertices id="shape0-lib-vertices">
                    <input semantic="POSITION" source="#shape0-lib-positions"/>
                </vertices>
                <triangles count="13054">
                    <input offset="0" semantic="VERTEX" source="#shape0-lib-vertices"/>
                    <p>0 1 2 2 1 3 2 3 4 4 3 5 4 5 6 6 5 7 8 9 10 10 9 11 12 13 14 14 13 15 16 17 18 18 17 19 20 21 22 23 24 25 26 27 28 28 27 29 28 29 30 30 29 31 30 31 16 16 31 32 16 32 17 17 32 33 17 33 34 34 33 35 34 35 36 36 35 37 36 37 38 38 37 39 38 39 12 12 39 40 12 40 13 41 25 42 42 25 24 42 24 43 43 24 44 26 13 44 44 13 40 44 40 43 43 40 45 46 47 48 48 47 49 48 49 50 46 48 51 51 48 52 51 52 53 53 52 54 53 54 55 55 54 56 55 56 57 57 56 58 57 58 59 59 58 60 59 60 61 61 60 62 61 62 63 63 62 20 63 20 64 65 66 67 68 66 69 69 66 70 69 70 71 71 70 72 71 72 73 73 72 74 73 74 75 75 74 76 75 76 77 77 76 78 77 78 79 79 78 80 79 80 81 81 80 67 81 67 82 68 83 66 66 83 84 66 84 67 67 84 85 67 85 82 86 87 88 88 87 89 86 88 90 90 88 91 90 91 92 92 91 93 93 91 94 93 94 95 95 94 96 95 96 97 26 44 27 27 44 24 27 24 96 96 24 23 96 23 97 96 98 99 100 94 101 101 94 29 101 29 102 96 99 27 27 99 103 27 103 104 100 105 94 94 105 106 94 106 96 96 106 107 96 107 98 104 108 27 27 108 109 27 109 29 29 109 110 29 110 102 111 112 91 113 114 29 114 115 29 29 115 116 29 116 31 31 116 117 31 117 118 113 29 119 119 29 94 119 94 120 112 121 91 91 121 122 91 122 94 94 122 123 94 123 120 89 124 88 88 124 32 88 32 91 91 32 31 91 31 111 111 31 118 125 126 39 127 128 37 37 128 39 39 128 129 39 129 125 21 45 22 22 45 40 22 40 130 130 40 39 130 39 131 131 39 126 131 132 130 130 132 133 130 133 134 134 133 135 134 135 136 136 137 134 134 137 138 134 138 37 37 138 139 37 139 127 35 140 141 142 143 144 141 145 35 35 145 146 35 146 37 37 146 147 37 147 148 134 149 144 144 149 150 144 150 142 148 151 37 37 151 152 37 152 134 134 152 153 134 153 149 33 154 35 35 154 144 35 144 140 140 144 143 124 155 32 32 155 156 32 156 33 33 156 65 33 65 154 154 65 67 154 67 144 144 67 157 144 157 134 134 157 158 134 158 130 130 158 159 130 159 22 22 159 48 22 48 20 20 48 50 20 50 64 97 160 95 95 160 161 95 161 93 93 161 162 93 162 92 92 162 163 92 163 90 90 163 164 165 166 167 167 166 168 167 168 169 169 168 170 169 170 171 124 172 173 174 175 169 169 175 176 169 176 177 173 178 124 124 178 179 124 179 155 155 179 180 181 66 182 182 66 65 180 183 155 155 183 184 155 184 156 156 184 185 156 185 65 65 185 186 65 186 187 188 3 189 189 3 1 189 1 190 190 1 191 190 191 187 187 191 192 187 192 65 65 192 193 65 193 182 188 194 3 3 194 195 3 195 171 195 196 171 171 196 197 171 197 169 169 197 198 169 198 174 199 200 42 199 42 201 202 203 204 21 20 205 205 206 21 21 206 207 21 207 45 208 209 45 210 211 212 212 211 213 5 214 7 7 214 215 7 215 216 216 215 217 216 217 218 219 220 5 5 220 221 5 221 214 5 222 219 219 222 223 219 223 204 204 223 224 204 224 202 218 208 216 216 208 45 216 45 225 225 45 207 209 226 45 45 226 227 45 227 43 43 227 228 43 228 42 42 228 229 42 229 201 210 230 211 211 230 231 211 231 204 204 231 232 204 232 219 233 234 204 235 236 237 211 204 238 238 204 239 234 240 204 204 240 241 204 241 239 242 243 244 244 243 245 244 245 246 246 245 247 246 247 248 248 247 249 248 249 250 250 249 251 250 251 252 252 251 253 252 253 204 254 255 10 10 255 256 253 237 204 204 237 236 204 236 233 233 236 257 233 257 258 258 257 167 258 167 259 235 237 260 260 237 261 260 261 262 262 261 263 262 263 264 256 265 169 169 265 266 267 268 242 242 268 269 242 269 243 264 268 262 262 268 267 262 267 270 270 267 271 270 271 272 272 271 273 272 273 274 274 273 275 274 275 276 276 275 277 276 277 278 278 277 279 278 279 280 280 279 167 280 167 281 281 167 257 10 11 254 254 11 282 254 282 283 284 10 285 285 10 256 285 256 286 286 256 169 266 287 169 169 287 288 169 288 167 167 288 289 167 289 259 238 290 211 211 290 291 211 291 292 292 291 283 292 283 293 293 283 282 294 295 296 297 298 299 300 301 9 302 303 304 160 305 296 296 305 306 296 306 294 297 299 304 304 299 307 304 307 302 4 308 309 301 310 9 9 310 311 9 311 160 160 311 312 160 312 305 302 313 303 303 313 314 303 314 6 6 314 315 6 315 4 4 315 316 4 316 308 309 317 4 4 317 318 4 318 9 9 318 319 9 319 300 16 18 30 30 18 320 30 320 28 28 320 321 28 321 26 26 321 322 26 322 13 13 322 15 323 324 325 326 327 328 323 325 329 329 325 330 329 330 331 331 330 332 331 332 333 2 334 335 336 337 8 335 338 2 2 338 339 2 339 0 0 339 340 0 340 332 332 340 341 332 341 333 328 342 326 326 342 343 326 343 164 164 343 344 164 344 8 8 344 345 8 345 336 337 346 8 8 346 347 8 347 2 2 347 348 2 348 334 12 14 38 38 14 349 38 349 36 36 349 350 36 350 34 34 350 351 34 351 17 17 351 19 352 353 8 8 353 354 8 354 9 9 354 355 9 355 356 357 4 358 358 4 9 358 9 359 359 9 356 360 361 2 2 361 362 2 362 8 8 362 363 8 363 352 357 364 4 4 364 365 4 365 2 2 365 366 2 366 360 367 368 369 370 371 372 162 161 373 350 349 374 324 323 375 327 326 376 307 299 369 298 377 378 379 181 380 380 181 381 181 182 381 381 182 324 381 324 382 382 324 383 384 385 386 386 385 387 386 387 388 388 387 389 388 389 390 390 389 391 390 391 392 392 391 393 392 393 394 394 393 395 394 395 396 396 395 379 396 379 397 397 379 380 398 399 377 400 398 205 205 398 377 205 377 206 206 377 298 399 401 377 377 401 402 377 402 403 403 402 404 403 404 405 405 404 406 405 406 407 407 406 408 407 408 409 409 408 410 409 410 411 411 410 412 411 412 413 413 412 414 413 414 205 205 414 415 205 415 400 226 209 307 369 374 307 307 374 416 307 416 226 226 416 417 226 417 227 295 228 227 227 417 295 295 417 418 295 418 296 419 420 327 180 327 183 183 327 420 183 420 421 329 185 184 375 323 422 422 323 329 422 329 421 421 329 184 421 184 183 374 349 416 416 349 14 416 14 417 417 14 15 417 15 418 418 15 322 418 322 372 372 322 321 372 321 419 419 321 320 419 320 420 420 320 18 420 18 421 421 18 19 421 19 422 422 19 351 422 351 423 326 164 376 376 164 163 376 163 424 376 425 426 327 376 419 419 376 426 419 426 427 372 371 424 424 371 428 424 428 429 429 430 424 424 430 431 424 431 376 376 431 432 376 432 425 427 433 419 419 433 434 419 434 372 372 434 435 372 435 370 436 437 424 438 439 373 440 418 441 441 418 442 438 373 443 442 418 444 444 418 372 444 372 445 163 162 424 424 162 373 424 373 436 436 373 439 437 446 424 424 446 447 424 447 372 372 447 448 372 448 445 440 443 418 418 443 373 418 373 296 296 373 161 296 161 160 449 450 423 449 423 451 451 423 452 451 452 453 450 454 423 423 454 455 423 455 422 422 455 456 457 375 458 458 375 422 458 422 459 459 422 456 457 460 375 375 460 461 375 461 452 452 461 462 452 462 453 463 464 423 465 466 452 467 468 374 369 368 374 374 368 469 374 469 467 351 350 423 423 350 374 423 374 463 463 374 468 452 466 369 369 466 470 369 470 367 464 471 423 423 471 472 423 472 452 452 472 473 452 473 465 299 298 369 369 298 378 369 378 452 452 378 474 452 474 375 375 474 475 375 475 324 324 475 385 324 385 383 383 385 384 426 111 427 427 111 118 427 118 433 433 118 117 433 117 434 434 117 116 434 116 435 435 116 115 435 115 370 370 115 114 370 114 371 371 114 113 371 113 428 428 113 119 428 119 429 429 119 120 429 120 430 430 120 123 430 123 431 431 123 122 431 122 432 432 122 121 432 121 425 425 121 112 425 112 426 426 112 111 447 101 448 448 101 102 448 102 445 445 102 110 445 110 444 444 110 109 444 109 442 442 109 108 442 108 441 441 108 104 441 104 440 440 104 103 440 103 443 443 103 99 443 99 438 438 99 98 438 98 439 439 98 107 439 107 436 436 107 106 436 106 437 437 106 105 437 105 446 446 105 100 446 100 447 447 100 101 472 138 473 473 138 137 473 137 465 465 137 136 465 136 466 466 136 135 466 135 470 470 135 133 470 133 367 367 133 132 367 132 368 368 132 131 368 131 469 469 131 126 469 126 467 467 126 125 467 125 468 468 125 129 468 129 463 463 129 128 463 128 464 464 128 127 464 127 471 471 127 139 471 139 472 472 139 138 458 140 457 457 140 143 457 143 460 460 143 142 460 142 461 461 142 150 461 150 462 462 150 149 462 149 453 453 149 153 453 153 451 451 153 152 451 152 449 449 152 151 449 151 450 450 151 148 450 148 454 454 148 147 454 147 455 455 147 146 455 146 456 456 146 145 456 145 459 459 145 141 459 141 458 458 141 140 348 347 197 197 347 198 340 339 189 189 339 188 172 177 344 344 177 345 319 318 231 231 318 232 215 214 315 315 214 316 312 311 200 200 311 213 476 238 477 477 238 239 477 239 478 478 239 241 478 241 479 479 241 240 479 240 480 480 240 234 480 234 481 481 234 233 481 233 482 482 233 258 482 258 483 483 258 259 483 259 484 484 259 289 484 289 485 485 289 288 485 288 486 486 288 287 486 287 487 487 287 266 487 266 488 488 266 265 488 265 489 489 265 256 489 256 490 490 256 255 490 255 491 491 255 254 491 254 492 492 254 283 492 283 493 493 283 291 493 291 494 494 291 290 494 290 476 476 290 238 495 493 496 496 493 494 496 494 497 497 494 476 497 476 498 476 477 498 498 477 478 498 478 499 499 478 479 499 479 500 500 479 480 500 480 501 501 480 481 501 481 502 503 488 504 504 488 489 504 489 505 505 489 490 505 490 506 506 490 491 506 491 495 495 491 492 495 492 493 481 482 502 502 482 483 502 483 507 507 483 484 507 484 508 508 484 485 508 485 509 509 485 486 509 486 503 503 486 487 503 487 488 358 497 357 357 497 498 357 498 364 364 498 499 364 499 365 365 499 500 365 500 366 366 500 501 366 501 360 360 501 502 360 502 361 361 502 507 361 507 362 362 507 508 362 508 363 363 508 509 363 509 352 352 509 503 352 503 353 353 503 504 353 504 354 354 504 505 354 505 355 355 505 506 355 506 356 356 506 495 356 495 359 359 495 496 359 496 358 358 496 497 160 97 23 213 211 292 42 200 41 41 200 213 282 11 9 213 292 41 41 292 293 41 293 25 25 293 282 25 282 23 23 282 9 23 9 160 172 124 89 8 10 284 90 164 86 86 164 8 286 169 177 8 284 86 86 284 285 86 285 87 87 285 286 87 286 89 89 286 177 89 177 172 198 347 174 174 347 346 174 346 175 175 346 337 175 337 176 176 337 336 176 336 177 177 336 345 188 339 194 194 339 338 194 338 195 195 338 335 195 335 196 196 335 334 196 334 197 197 334 348 316 214 308 308 214 221 308 221 309 309 221 220 309 220 317 317 220 219 317 219 318 318 219 232 319 231 300 300 231 230 300 230 301 301 230 210 301 210 310 310 210 212 310 212 311 311 212 213 312 200 305 305 200 199 305 199 306 306 199 201 306 201 294 294 201 229 294 229 295 295 229 228 172 344 173 173 344 343 173 343 178 178 343 342 178 342 179 179 342 328 179 328 180 180 328 327 307 209 302 302 209 208 302 208 313 313 208 218 313 218 314 314 218 217 314 217 315 315 217 215 185 329 186 186 329 331 186 331 187 187 331 333 187 333 190 190 333 341 190 341 189 189 341 340 387 80 78 387 78 389 389 78 76 389 76 391 391 76 74 391 74 393 393 74 72 393 72 395 395 72 70 395 70 379 379 70 66 379 66 181 205 20 62 205 62 413 413 62 60 413 60 411 411 60 58 411 58 409 409 58 56 409 56 407 407 56 54 407 54 405 405 54 52 405 52 403 392 73 390 390 73 75 390 75 388 388 75 77 388 77 386 386 77 79 386 79 384 384 79 81 384 81 383 383 81 82 383 82 382 382 82 85 382 85 381 381 85 84 381 84 380 380 84 83 380 83 397 397 83 68 397 68 396 396 68 69 396 69 394 394 69 71 394 71 392 392 71 73 403 52 377 377 52 48 377 48 378 378 48 159 378 159 474 474 159 158 474 158 475 475 158 157 475 157 385 385 157 67 385 67 387 387 67 80 399 49 401 401 49 47 401 47 402 402 47 46 402 46 404 404 46 51 404 51 406 406 51 53 406 53 408 408 53 55 408 55 410 410 55 57 410 57 412 412 57 59 412 59 414 414 59 61 414 61 415 415 61 63 415 63 400 400 63 64 400 64 398 398 64 50 398 50 399 399 50 49 165 167 279 165 279 510 510 279 277 510 277 511 511 277 275 511 275 512 512 275 273 512 273 513 513 273 271 513 271 514 514 271 267 514 267 515 516 515 242 242 515 267 516 242 244 516 244 517 517 244 246 517 246 518 518 246 248 518 248 519 519 248 250 519 250 520 520 250 252 520 252 521 521 252 204 521 204 203 522 236 523 523 236 235 523 235 524 524 235 260 524 260 525 525 260 262 525 262 526 526 262 270 526 270 527 527 270 272 527 272 528 528 272 274 528 274 529 529 274 276 529 276 530 530 276 278 530 278 531 531 278 280 531 280 532 532 280 281 532 281 533 533 281 257 533 257 522 522 257 236 534 249 535 535 249 247 535 247 536 536 247 245 536 245 537 537 245 243 537 243 538 538 243 269 538 269 539 539 269 268 539 268 540 540 268 264 540 264 541 541 264 263 541 263 542 542 263 261 542 261 543 543 261 237 543 237 544 544 237 253 544 253 545 545 253 251 545 251 534 534 251 249 203 202 541 541 202 166 541 166 540 540 166 165 537 516 536 536 516 517 536 517 535 535 517 518 535 518 534 534 518 519 534 519 545 545 519 520 545 520 544 544 520 521 544 521 543 543 521 203 543 203 542 542 203 541 537 538 516 516 538 532 516 532 533 538 539 532 532 539 540 532 540 531 531 540 165 531 165 530 530 165 510 530 510 529 529 510 511 529 511 528 528 511 512 528 512 527 527 512 513 527 513 526 526 513 514 526 514 525 525 514 515 533 522 516 516 522 523 516 523 515 515 523 524 515 524 525 5 3 222 222 3 171 222 171 223 223 171 170 223 170 224 224 170 168 224 168 202 202 168 166 206 298 207 207 298 297 207 297 225 225 297 304 225 304 216 216 304 303 216 303 7 7 303 6 324 182 325 325 182 193 325 193 330 330 193 192 330 192 332 332 192 191 332 191 0 0 191 1 546 547 548 549 550 551 551 550 552 551 552 553 554 555 556 557 558 559 560 561 562 562 561 563 564 548 549 549 548 565 549 565 550 561 546 563 563 546 548 563 548 566 566 548 564 567 554 568 568 554 556 568 556 552 552 556 569 552 569 553 570 571 572 554 557 555 555 557 559 555 559 573 573 559 574 573 574 575 575 574 576 577 578 579 580 570 563 563 570 572 563 572 562 581 582 583 584 585 586 581 583 579 587 588 563 589 580 590 590 580 563 590 563 591 591 563 588 591 588 592 575 577 573 573 577 579 573 579 593 593 579 583 593 583 594 594 583 595 594 595 596 596 595 597 598 599 600 601 587 602 602 587 603 602 603 586 604 605 606 607 608 598 609 610 586 584 586 611 599 612 613 614 615 606 614 616 617 618 619 620 621 609 622 622 609 586 622 586 623 623 586 603 623 603 624 625 611 626 626 611 586 626 586 627 627 586 610 627 610 628 629 630 631 632 633 634 614 606 635 635 606 605 635 605 636 599 613 600 600 613 618 600 618 637 637 618 620 637 620 638 639 640 641 642 643 632 644 645 604 614 617 615 615 617 646 615 646 647 648 649 647 647 649 650 651 652 650 650 652 653 587 563 603 603 563 637 603 637 654 654 637 638 654 638 655 656 657 634 658 648 659 659 648 647 659 647 660 660 647 646 660 646 661 662 651 663 663 651 650 663 650 664 664 650 649 664 649 665 598 600 607 607 600 653 607 653 666 666 653 652 666 652 667 656 634 668 668 634 633 668 633 669 604 606 644 644 606 657 644 657 670 670 657 656 670 656 671 596 629 594 594 629 631 594 631 672 672 631 673 674 675 639 632 634 642 642 634 641 642 641 676 676 641 640 676 640 677 678 679 672 672 679 680 681 678 682 682 678 672 682 672 683 683 672 673 683 673 684 639 641 674 674 641 680 674 680 685 685 680 679 685 679 686 687 573 688 688 573 593 688 593 689 689 593 594 689 594 690 690 594 672 690 672 691 691 672 680 691 680 692 692 680 641 692 641 693 693 641 634 693 634 694 694 634 657 694 657 695 695 657 606 695 606 696 696 606 615 696 615 697 697 615 647 697 647 698 698 647 650 698 650 699 699 650 653 622 623 700 700 623 701 603 654 702 702 654 703 638 620 704 704 620 705 618 613 706 706 613 707 599 598 708 708 598 709 607 666 710 710 666 711 652 651 712 712 651 713 663 664 714 714 664 715 649 648 716 716 648 717 659 660 718 718 660 719 646 617 720 720 617 721 614 635 722 722 635 723 605 604 724 724 604 725 644 670 726 726 670 727 656 668 728 728 668 729 633 632 730 730 632 731 642 676 732 732 676 733 640 639 734 734 639 735 674 685 736 736 685 737 679 678 738 738 678 739 682 683 740 740 683 741 673 631 742 742 631 743 629 596 744 744 596 745 595 583 746 746 583 747 581 579 748 748 579 749 577 575 750 750 575 751 574 559 752 752 559 753 557 554 754 754 554 755 568 552 756 756 552 757 565 548 758 758 548 759 546 561 760 760 561 761 562 572 762 762 572 763 570 580 764 764 580 765 590 591 766 766 591 767 588 587 768 768 587 769 602 586 770 770 586 771 584 611 772 772 611 773 610 609 774 774 609 775 719 776 693 771 777 772 760 761 772 756 757 772 742 743 778 745 779 746 763 772 762 762 772 761 762 761 780 766 767 772 709 781 710 752 753 772 782 760 759 759 760 772 759 772 758 758 772 757 758 757 783 745 784 778 785 786 787 787 786 788 705 789 706 717 790 718 791 766 765 765 766 772 765 772 764 764 772 763 764 763 792 771 772 770 731 793 732 735 794 736 745 778 744 744 778 743 744 743 795 701 796 702 797 756 755 755 756 772 755 772 754 754 772 753 754 753 798 693 722 723 737 799 738 800 786 773 773 786 785 773 785 772 772 785 784 699 712 698 698 712 713 697 698 716 747 801 748 802 770 769 769 770 772 769 772 768 768 772 767 768 767 803 804 722 721 721 722 693 721 693 720 720 693 776 734 735 692 692 735 736 692 736 691 805 787 700 806 712 711 711 712 699 711 699 710 710 699 807 710 807 709 709 807 708 808 716 715 715 716 698 715 698 714 714 698 713 714 713 809 719 693 718 718 693 694 718 694 695 745 746 784 784 746 747 784 747 772 772 747 748 772 748 749 810 752 751 751 752 772 751 772 750 750 772 749 750 749 811 739 812 740 741 813 742 814 700 775 775 700 787 775 787 774 774 787 788 774 788 815 704 705 816 816 705 706 816 706 807 807 706 707 807 707 708 708 707 817 716 717 697 697 717 718 697 718 696 696 718 695 725 693 724 724 693 723 724 723 818 727 693 726 726 693 725 726 725 819 820 730 729 729 730 693 729 693 728 728 693 727 728 727 821 822 734 733 733 734 692 733 692 732 732 692 693 732 693 731 731 693 730 736 737 691 691 737 738 691 738 690 700 701 805 805 701 702 805 702 816 816 702 703 816 703 704 704 703 823 742 778 741 741 778 824 741 824 825 738 739 690 690 739 740 690 740 689 689 740 688 825 826 741 741 826 827 741 827 740 740 827 687 740 687 688 626 627 786 786 627 788 699 653 807 807 653 600 807 600 816 816 600 637 816 637 805 805 637 563 805 563 787 787 563 566 787 566 785 785 566 564 785 564 784 784 564 549 784 549 778 778 549 551 778 551 824 824 551 553 824 553 825 825 553 569 825 569 826 826 569 556 826 556 827 827 556 555 827 555 687 687 555 573 815 788 628 628 788 627 774 815 610 610 815 628 814 775 621 621 775 609 700 814 622 622 814 621 800 773 625 625 773 611 786 800 626 626 800 625 777 771 585 585 771 586 772 777 584 584 777 585 802 769 601 601 769 587 770 802 602 602 802 601 803 767 592 592 767 591 768 803 588 588 803 592 791 765 589 589 765 580 766 791 590 590 791 589 792 763 571 571 763 572 764 792 570 570 792 571 780 761 560 560 761 561 762 780 562 562 780 560 782 759 547 547 759 548 760 782 546 546 782 547 783 757 550 550 757 552 758 783 565 565 783 550 797 755 567 567 755 554 756 797 568 568 797 567 798 753 558 558 753 559 754 798 557 557 798 558 810 751 576 576 751 575 752 810 574 574 810 576 811 749 578 578 749 579 750 811 577 577 811 578 801 747 582 582 747 583 748 801 581 581 801 582 779 745 597 597 745 596 746 779 595 595 779 597 795 743 630 630 743 631 744 795 629 629 795 630 813 741 684 684 741 683 742 813 673 673 813 684 812 739 681 681 739 678 740 812 682 682 812 681 799 737 686 686 737 685 738 799 679 679 799 686 794 735 675 675 735 639 736 794 674 674 794 675 822 733 677 677 733 676 734 822 640 640 822 677 793 731 643 643 731 632 732 793 642 642 793 643 820 729 669 669 729 668 730 820 633 633 820 669 821 727 671 671 727 670 728 821 656 656 821 671 819 725 645 645 725 604 726 819 644 644 819 645 818 723 636 636 723 635 724 818 605 605 818 636 804 721 616 616 721 617 722 804 614 614 804 616 776 719 661 661 719 660 720 776 646 646 776 661 790 717 658 658 717 648 718 790 659 659 790 658 808 715 665 665 715 664 716 808 649 649 808 665 809 713 662 662 713 651 714 809 663 663 809 662 806 711 667 667 711 666 712 806 652 652 806 667 781 709 608 608 709 598 710 781 607 607 781 608 817 707 612 612 707 613 708 817 599 599 817 612 789 705 619 619 705 620 706 789 618 618 789 619 823 703 655 655 703 654 704 823 638 638 823 655 796 701 624 624 701 623 702 796 603 603 796 624 828 829 830 829 831 832 831 833 834 831 834 832 832 834 835 832 835 836 836 835 837 836 837 838 838 837 839 838 839 840 840 839 841 840 841 842 842 841 843 842 843 844 844 843 845 844 845 846 846 845 847 846 847 848 848 847 849 848 849 850 850 849 851 850 851 852 852 851 853 852 853 854 854 853 855 854 855 856 829 832 830 830 832 836 830 836 857 857 836 838 857 838 858 858 838 840 858 840 859 859 840 842 859 842 860 860 842 844 860 844 861 861 844 846 861 846 862 862 846 848 862 848 863 863 848 850 863 850 864 864 850 852 864 852 865 865 852 854 865 854 866 866 854 856 866 856 867 828 830 868 868 830 857 868 857 869 869 857 858 869 858 870 870 858 859 870 859 871 871 859 860 871 860 872 872 860 861 872 861 873 873 861 862 873 862 874 874 862 863 874 863 875 875 863 864 875 864 876 876 864 865 876 865 877 877 865 866 877 866 878 878 866 867 878 867 879 880 881 882 881 883 884 883 885 886 883 886 884 884 886 887 884 887 888 888 887 889 888 889 890 890 889 891 890 891 892 892 891 893 892 893 894 894 893 895 894 895 896 896 895 897 896 897 898 898 897 899 898 899 900 900 899 901 900 901 902 902 901 903 902 903 904 904 903 905 904 905 906 906 905 907 906 907 908 881 884 882 882 884 888 882 888 909 909 888 890 909 890 910 910 890 892 910 892 911 911 892 894 911 894 912 912 894 896 912 896 913 913 896 898 913 898 914 914 898 900 914 900 915 915 900 902 915 902 916 916 902 904 916 904 917 917 904 906 917 906 918 918 906 908 918 908 919 880 882 920 920 882 909 920 909 921 921 909 910 921 910 922 922 910 911 922 911 923 923 911 912 923 912 924 924 912 913 924 913 925 925 913 914 925 914 926 926 914 915 926 915 927 927 915 916 927 916 928 928 916 917 928 917 929 929 917 918 929 918 930 930 918 919 930 919 931 932 933 934 933 935 936 935 937 938 935 938 936 936 938 939 936 939 940 940 939 941 940 941 942 942 941 943 942 943 944 944 943 945 944 945 946 946 945 947 946 947 948 948 947 949 948 949 950 950 949 951 950 951 952 952 951 953 952 953 954 954 953 955 954 955 956 956 955 957 956 957 958 958 957 959 958 959 960 933 936 934 934 936 940 934 940 961 961 940 942 961 942 962 962 942 944 962 944 963 963 944 946 963 946 964 964 946 948 964 948 965 965 948 950 965 950 966 966 950 952 966 952 967 967 952 954 967 954 968 968 954 956 968 956 969 969 956 958 969 958 970 970 958 960 970 960 971 932 934 972 972 934 961 972 961 973 973 961 962 973 962 974 974 962 963 974 963 975 975 963 964 975 964 976 976 964 965 976 965 977 977 965 966 977 966 978 978 966 967 978 967 979 979 967 968 979 968 980 980 968 969 980 969 981 981 969 970 981 970 982 982 970 971 982 971 983 984 985 986 985 987 988 987 989 990 987 990 988 988 990 991 988 991 992 992 991 993 992 993 994 994 993 995 994 995 996 996 995 997 996 997 998 998 997 999 998 999 1000 1000 999 1001 1000 1001 1002 1002 1001 1003 1002 1003 1004 1004 1003 1005 1004 1005 1006 1006 1005 1007 1006 1007 1008 1008 1007 1009 1008 1009 1010 1010 1009 1011 1010 1011 1012 985 988 986 986 988 992 986 992 1013 1013 992 994 1013 994 1014 1014 994 996 1014 996 1015 1015 996 998 1015 998 1016 1016 998 1000 1016 1000 1017 1017 1000 1002 1017 1002 1018 1018 1002 1004 1018 1004 1019 1019 1004 1006 1019 1006 1020 1020 1006 1008 1020 1008 1021 1021 1008 1010 1021 1010 1022 1022 1010 1012 1022 1012 1023 984 986 1024 1024 986 1013 1024 1013 1025 1025 1013 1014 1025 1014 1026 1026 1014 1015 1026 1015 1027 1027 1015 1016 1027 1016 1028 1028 1016 1017 1028 1017 1029 1029 1017 1018 1029 1018 1030 1030 1018 1019 1030 1019 1031 1031 1019 1020 1031 1020 1032 1032 1020 1021 1032 1021 1033 1033 1021 1022 1033 1022 1034 1034 1022 1023 1034 1023 1035 1036 1037 1038 1036 1039 1040 1041 1042 1043 1043 1042 1044 1043 1044 1038 1038 1044 1045 1038 1045 1036 1046 1047 1048 1048 1041 1046 1046 1041 1043 1046 1043 1049 1050 1049 1051 1050 1051 1052 1052 1051 1053 1052 1053 1054 1054 1053 1055 1054 1055 1056 1056 1055 1057 1056 1057 1058 1036 1040 1037 1037 1040 1059 1037 1059 1060 1049 1043 1051 1051 1043 1038 1051 1038 1053 1053 1038 1037 1053 1037 1055 1055 1037 1060 1055 1060 1057 1061 1062 1063 1064 1065 1066 1064 1066 1067 1068 1069 1070 1070 1069 1071 1070 1071 1072 1073 1074 1075 1075 1074 1076 1075 1076 1077 1077 1076 1078 1077 1078 1079 1079 1078 1080 1079 1080 1081 1081 1080 1082 1081 1082 1083 1083 1082 1084 1083 1084 1070 1070 1084 1085 1070 1085 1068 1086 1087 1088 1088 1087 1089 1088 1089 1090 1090 1089 1091 1092 1093 1091 1091 1093 1094 1091 1094 1090 1066 1095 1067 1067 1095 1096 1067 1096 1097 1097 1096 1098 1097 1098 1099 1099 1098 1100 1099 1100 1092 1092 1100 1101 1092 1101 1093 1087 1102 1089 1089 1102 1103 1089 1103 1091 1091 1103 1104 1091 1104 1092 1092 1104 1105 1092 1105 1099 1099 1105 1106 1099 1106 1097 1097 1106 1107 1097 1107 1067 1067 1107 1063 1067 1063 1064 1064 1063 1062 1102 1073 1103 1103 1073 1075 1103 1075 1104 1104 1075 1077 1104 1077 1105 1105 1077 1079 1105 1079 1106 1106 1079 1081 1106 1081 1107 1107 1081 1083 1107 1083 1063 1063 1083 1070 1063 1070 1061 1061 1070 1072 1108 1109 1110 1110 1109 1111 1110 1111 1112 1112 1111 1113 1112 1113 1114 1114 1113 1115 1114 1115 1116 1116 1115 1117 1116 1117 1118 1118 1117 1119 1118 1119 1120 1120 1119 1121 1120 1121 1122 1122 1121 1123 1122 1123 1124 1124 1123 1125 1124 1125 1126 1126 1125 1127 1126 1127 1128 1128 1127 1129 1128 1129 1130 1130 1129 1131 1130 1131 1132 1132 1131 1133 1132 1133 1134 1134 1133 1135 1134 1135 1136 1136 1135 1137 1136 1137 1138 1138 1137 1139 1138 1139 1140 1140 1139 1141 1140 1141 1142 1142 1141 1143 1142 1143 1144 1144 1143 1145 1109 1146 1111 1111 1146 1147 1111 1147 1113 1113 1147 1148 1113 1148 1115 1115 1148 1149 1115 1149 1117 1117 1149 1150 1117 1150 1119 1119 1150 1151 1119 1151 1121 1121 1151 1152 1121 1152 1123 1123 1152 1153 1123 1153 1125 1125 1153 1154 1125 1154 1127 1127 1154 1155 1127 1155 1129 1129 1155 1156 1129 1156 1131 1131 1156 1157 1131 1157 1133 1133 1157 1158 1133 1158 1135 1135 1158 1159 1135 1159 1137 1137 1159 1160 1137 1160 1139 1139 1160 1161 1139 1161 1141 1141 1161 1162 1141 1162 1143 1143 1162 1163 1143 1163 1145 1145 1163 1164 1146 1165 1147 1147 1165 1166 1147 1166 1148 1148 1166 1167 1148 1167 1149 1149 1167 1168 1149 1168 1150 1150 1168 1169 1150 1169 1151 1151 1169 1170 1151 1170 1152 1152 1170 1171 1152 1171 1153 1153 1171 1172 1153 1172 1154 1154 1172 1173 1154 1173 1155 1155 1173 1174 1155 1174 1156 1156 1174 1175 1156 1175 1157 1157 1175 1176 1157 1176 1158 1158 1176 1177 1158 1177 1159 1159 1177 1178 1159 1178 1160 1160 1178 1179 1160 1179 1161 1161 1179 1180 1161 1180 1162 1162 1180 1181 1162 1181 1163 1163 1181 1182 1163 1182 1164 1164 1182 1183 1184 1185 1186 1185 1187 1188 1187 1189 1190 1187 1190 1188 1188 1190 1191 1188 1191 1192 1192 1191 1193 1192 1193 1194 1194 1193 1195 1194 1195 1196 1196 1195 1197 1196 1197 1198 1198 1197 1199 1198 1199 1200 1200 1199 1201 1200 1201 1202 1202 1201 1203 1202 1203 1204 1204 1203 1205 1204 1205 1206 1206 1205 1207 1206 1207 1208 1208 1207 1209 1208 1209 1210 1210 1209 1211 1210 1211 1212 1212 1211 1213 1212 1213 1214 1214 1213 1215 1214 1215 1216 1216 1215 1217 1216 1217 1218 1218 1217 1219 1218 1219 1220 1220 1219 1221 1220 1221 1222 1222 1221 1223 1222 1223 1224 1185 1188 1186 1186 1188 1192 1186 1192 1225 1225 1192 1194 1225 1194 1226 1226 1194 1196 1226 1196 1227 1227 1196 1198 1227 1198 1228 1228 1198 1200 1228 1200 1229 1229 1200 1202 1229 1202 1230 1230 1202 1204 1230 1204 1231 1231 1204 1206 1231 1206 1232 1232 1206 1208 1232 1208 1233 1233 1208 1210 1233 1210 1234 1234 1210 1212 1234 1212 1235 1235 1212 1214 1235 1214 1236 1236 1214 1216 1236 1216 1237 1237 1216 1218 1237 1218 1238 1238 1218 1220 1238 1220 1239 1239 1220 1222 1239 1222 1240 1240 1222 1224 1240 1224 1241 1184 1186 1242 1242 1186 1225 1242 1225 1243 1243 1225 1226 1243 1226 1244 1244 1226 1227 1244 1227 1245 1245 1227 1228 1245 1228 1246 1246 1228 1229 1246 1229 1247 1247 1229 1230 1247 1230 1248 1248 1230 1231 1248 1231 1249 1249 1231 1232 1249 1232 1250 1250 1232 1233 1250 1233 1251 1251 1233 1234 1251 1234 1252 1252 1234 1235 1252 1235 1253 1253 1235 1236 1253 1236 1254 1254 1236 1237 1254 1237 1255 1255 1237 1238 1255 1238 1256 1256 1238 1239 1256 1239 1257 1257 1239 1240 1257 1240 1258 1258 1240 1241 1258 1241 1259 1260 1261 1262 1262 1261 1263 1262 1263 1264 1264 1263 1265 1264 1265 1266 1261 1267 1263 1263 1267 1268 1263 1268 1265 1265 1268 1269 1265 1269 1266 1270 1271 1272 1271 1273 1274 1273 1275 1276 1273 1276 1274 1274 1276 1277 1274 1277 1278 1278 1277 1279 1278 1279 1280 1280 1279 1281 1280 1281 1282 1282 1281 1283 1282 1283 1284 1284 1283 1285 1284 1285 1286 1286 1285 1287 1286 1287 1288 1288 1287 1289 1288 1289 1290 1290 1289 1291 1290 1291 1292 1292 1291 1293 1292 1293 1294 1271 1274 1272 1272 1274 1278 1272 1278 1295 1295 1278 1280 1295 1280 1296 1296 1280 1282 1296 1282 1297 1297 1282 1284 1297 1284 1298 1298 1284 1286 1298 1286 1299 1299 1286 1288 1299 1288 1300 1300 1288 1290 1300 1290 1301 1301 1290 1292 1301 1292 1302 1302 1292 1294 1302 1294 1303 1270 1272 1304 1304 1272 1295 1304 1295 1305 1305 1295 1296 1305 1296 1306 1306 1296 1297 1306 1297 1307 1307 1297 1298 1307 1298 1308 1308 1298 1299 1308 1299 1309 1309 1299 1300 1309 1300 1310 1310 1300 1301 1310 1301 1311 1311 1301 1302 1311 1302 1312 1312 1302 1303 1312 1303 1313 1314 1315 1316 1315 1317 1318 1317 1319 1320 1317 1320 1318 1318 1320 1321 1318 1321 1322 1322 1321 1323 1322 1323 1324 1324 1323 1325 1324 1325 1326 1326 1325 1327 1326 1327 1328 1328 1327 1329 1328 1329 1330 1330 1329 1331 1330 1331 1332 1332 1331 1333 1332 1333 1334 1334 1333 1335 1334 1335 1336 1336 1335 1337 1336 1337 1338 1315 1318 1316 1316 1318 1322 1316 1322 1339 1339 1322 1324 1339 1324 1340 1340 1324 1326 1340 1326 1341 1341 1326 1328 1341 1328 1342 1342 1328 1330 1342 1330 1343 1343 1330 1332 1343 1332 1344 1344 1332 1334 1344 1334 1345 1345 1334 1336 1345 1336 1346 1346 1336 1338 1346 1338 1347 1314 1316 1348 1348 1316 1339 1348 1339 1349 1349 1339 1340 1349 1340 1350 1350 1340 1341 1350 1341 1351 1351 1341 1342 1351 1342 1352 1352 1342 1343 1352 1343 1353 1353 1343 1344 1353 1344 1354 1354 1344 1345 1354 1345 1355 1355 1345 1346 1355 1346 1356 1356 1346 1347 1356 1347 1357 1293 1358 1294 1294 1358 1359 1294 1359 1303 1303 1359 1360 1303 1360 1313 1358 1361 1359 1359 1361 1362 1359 1362 1360 1360 1362 1363 1360 1363 1313 1364 1365 1366 1366 1365 1367 1366 1367 1368 1368 1367 1369 1368 1369 1370 1365 1371 1367 1367 1371 1372 1367 1372 1369 1369 1372 1373 1369 1373 1370 1374 1375 1376 1375 1377 1378 1377 1379 1380 1377 1380 1378 1378 1380 1381 1378 1381 1382 1382 1381 1383 1382 1383 1384 1384 1383 1385 1384 1385 1386 1386 1385 1387 1386 1387 1388 1388 1387 1389 1388 1389 1390 1390 1389 1391 1390 1391 1392 1392 1391 1393 1392 1393 1394 1394 1393 1395 1394 1395 1396 1396 1395 1397 1396 1397 1398 1375 1378 1376 1376 1378 1382 1376 1382 1399 1399 1382 1384 1399 1384 1400 1400 1384 1386 1400 1386 1401 1401 1386 1388 1401 1388 1402 1402 1388 1390 1402 1390 1403 1403 1390 1392 1403 1392 1404 1404 1392 1394 1404 1394 1405 1405 1394 1396 1405 1396 1406 1406 1396 1398 1406 1398 1407 1374 1376 1408 1408 1376 1399 1408 1399 1409 1409 1399 1400 1409 1400 1410 1410 1400 1401 1410 1401 1411 1411 1401 1402 1411 1402 1412 1412 1402 1403 1412 1403 1413 1413 1403 1404 1413 1404 1414 1414 1404 1405 1414 1405 1415 1415 1405 1406 1415 1406 1416 1416 1406 1407 1416 1407 1417 1418 1419 1420 1421 1422 1423 1424 1425 1426 1427 1428 1429 1430 1431 1432 1433 1434 1435 1433 1435 1436 1436 1435 1437 1436 1437 1438 1432 1439 1430 1430 1439 1440 1430 1440 1441 1428 1442 1429 1429 1442 1443 1429 1443 1437 1437 1443 1444 1437 1444 1438 1445 1427 1446 1446 1427 1429 1446 1429 1447 1447 1429 1437 1447 1437 1448 1448 1437 1435 1448 1435 1449 1449 1435 1434 1449 1450 1448 1448 1450 1451 1448 1451 1447 1447 1451 1452 1447 1452 1446 1446 1452 1426 1446 1426 1445 1445 1426 1425 1450 1453 1451 1451 1453 1454 1451 1454 1452 1452 1454 1455 1452 1455 1426 1426 1455 1423 1426 1423 1424 1424 1423 1422 1456 1421 1457 1457 1421 1423 1457 1423 1458 1458 1423 1455 1458 1455 1459 1459 1455 1454 1459 1454 1460 1460 1454 1453 1460 1461 1459 1459 1461 1462 1459 1462 1458 1458 1462 1463 1458 1463 1457 1457 1463 1420 1457 1420 1456 1456 1420 1419 1461 1431 1462 1462 1431 1430 1462 1430 1463 1463 1430 1441 1463 1441 1420 1420 1441 1464 1420 1464 1418 1418 1464 1465 1440 1466 1441 1441 1466 1467 1441 1467 1464 1464 1467 1468 1464 1468 1465 1465 1468 1469 1397 1470 1398 1398 1470 1471 1398 1471 1407 1407 1471 1472 1407 1472 1417 1470 1473 1471 1471 1473 1474 1471 1474 1472 1472 1474 1475 1472 1475 1417 1476 1477 1478 1477 1479 1480 1479 1481 1482 1479 1482 1480 1480 1482 1483 1480 1483 1484 1484 1483 1485 1484 1485 1486 1486 1485 1487 1486 1487 1488 1488 1487 1489 1488 1489 1490 1490 1489 1491 1490 1491 1492 1492 1491 1493 1492 1493 1494 1494 1493 1495 1494 1495 1496 1496 1495 1497 1496 1497 1498 1498 1497 1499 1498 1499 1500 1477 1480 1478 1478 1480 1484 1478 1484 1501 1501 1484 1486 1501 1486 1502 1502 1486 1488 1502 1488 1503 1503 1488 1490 1503 1490 1504 1504 1490 1492 1504 1492 1505 1505 1492 1494 1505 1494 1506 1506 1494 1496 1506 1496 1507 1507 1496 1498 1507 1498 1508 1508 1498 1500 1508 1500 1509 1476 1478 1510 1510 1478 1501 1510 1501 1511 1511 1501 1502 1511 1502 1512 1512 1502 1503 1512 1503 1513 1513 1503 1504 1513 1504 1514 1514 1504 1505 1514 1505 1515 1515 1505 1506 1515 1506 1516 1516 1506 1507 1516 1507 1517 1517 1507 1508 1517 1508 1518 1518 1508 1509 1518 1509 1519 1520 1521 1522 1523 1524 1525 1526 1523 1527 1527 1523 1525 1527 1525 1528 1528 1525 1529 1528 1529 1530 1524 1520 1525 1525 1520 1522 1525 1522 1529 1529 1522 1531 1529 1531 1530 1532 1526 1533 1533 1526 1527 1533 1527 1534 1534 1527 1528 1534 1528 1530 1535 1536 1537 1536 1538 1539 1538 1540 1541 1538 1541 1539 1539 1541 1542 1539 1542 1543 1543 1542 1544 1543 1544 1545 1545 1544 1546 1545 1546 1547 1547 1546 1548 1547 1548 1549 1549 1548 1550 1549 1550 1551 1551 1550 1552 1551 1552 1553 1553 1552 1554 1553 1554 1555 1555 1554 1556 1555 1556 1557 1557 1556 1558 1557 1558 1559 1536 1539 1537 1537 1539 1543 1537 1543 1560 1560 1543 1545 1560 1545 1561 1561 1545 1547 1561 1547 1562 1562 1547 1549 1562 1549 1563 1563 1549 1551 1563 1551 1564 1564 1551 1553 1564 1553 1565 1565 1553 1555 1565 1555 1566 1566 1555 1557 1566 1557 1567 1567 1557 1559 1567 1559 1568 1535 1537 1569 1569 1537 1560 1569 1560 1570 1570 1560 1561 1570 1561 1571 1571 1561 1562 1571 1562 1572 1572 1562 1563 1572 1563 1573 1573 1563 1564 1573 1564 1574 1574 1564 1565 1574 1565 1575 1575 1565 1566 1575 1566 1576 1576 1566 1567 1576 1567 1577 1577 1567 1568 1577 1568 1578 1579 1580 1581 1580 1582 1583 1582 1584 1585 1582 1585 1583 1583 1585 1586 1583 1586 1587 1587 1586 1588 1587 1588 1589 1589 1588 1590 1589 1590 1591 1591 1590 1592 1591 1592 1593 1593 1592 1594 1593 1594 1595 1595 1594 1596 1595 1596 1597 1597 1596 1598 1597 1598 1599 1599 1598 1600 1599 1600 1601 1601 1600 1530 1601 1530 1602 1580 1583 1581 1581 1583 1587 1581 1587 1603 1603 1587 1589 1603 1589 1604 1604 1589 1591 1604 1591 1605 1605 1591 1593 1605 1593 1606 1606 1593 1595 1606 1595 1607 1607 1595 1597 1607 1597 1608 1608 1597 1599 1608 1599 1609 1609 1599 1601 1609 1601 1610 1610 1601 1602 1610 1602 1611 1579 1581 1612 1612 1581 1603 1612 1603 1613 1613 1603 1604 1613 1604 1614 1614 1604 1605 1614 1605 1615 1615 1605 1606 1615 1606 1616 1616 1606 1607 1616 1607 1617 1617 1607 1608 1617 1608 1618 1618 1608 1609 1618 1609 1619 1619 1609 1610 1619 1610 1620 1620 1610 1611 1620 1611 1621 1622 1623 1624 1625 1626 1627 1625 1627 1628 1628 1627 1623 1623 1627 1629 1623 1629 1624 1624 1629 1630 1624 1630 1631 1631 1630 1632 1631 1632 1633 1633 1632 1634 1633 1634 1635 1635 1634 1636 1635 1636 1637 1637 1636 1638 1637 1638 1639 1639 1638 1640 1639 1640 1641 1641 1640 1642 1641 1642 1643 1643 1642 1644 1643 1644 1645 1622 1624 1646 1646 1624 1631 1646 1631 1647 1647 1631 1633 1647 1633 1648 1648 1633 1635 1648 1635 1649 1649 1635 1637 1649 1637 1650 1650 1637 1639 1650 1639 1651 1651 1639 1641 1651 1641 1652 1652 1641 1643 1652 1643 1653 1653 1643 1645 1653 1645 1654 1655 1656 1622 1622 1656 1657 1622 1657 1623 1623 1657 1658 1623 1658 1628 1655 1622 1659 1659 1622 1646 1659 1646 1660 1660 1646 1647 1660 1647 1661 1661 1647 1648 1661 1648 1662 1662 1648 1649 1662 1649 1663 1663 1649 1650 1663 1650 1664 1664 1650 1651 1664 1651 1665 1665 1651 1652 1665 1652 1666 1666 1652 1653 1666 1653 1667 1667 1653 1654 1667 1654 1668 1669 1670 1644 1669 1644 1671 1672 1671 1644 1673 1672 1644 1673 1674 1675 1674 1676 1677 1674 1677 1675 1675 1677 1678 1675 1678 1679 1678 1680 1679 1679 1680 1681 1679 1681 1682 1683 1684 1685 1685 1684 1682 1685 1682 1686 1686 1682 1681 1673 1675 1672 1672 1675 1679 1672 1679 1671 1671 1679 1682 1671 1682 1669 1669 1682 1684 1669 1684 1670 1259 1144 1258 1258 1144 1687 1258 1687 1257 1257 1687 1688 1257 1688 1256 1256 1688 1689 1256 1689 1255 1255 1689 1690 1255 1690 1254 1254 1690 1691 1254 1691 1253 1253 1691 1692 1253 1692 1252 1252 1692 1693 1252 1693 1251 1251 1693 1694 1251 1694 1250 1250 1694 1695 1250 1695 1249 1249 1695 1696 1249 1696 1248 1248 1696 1697 1248 1697 1247 1247 1697 1698 1247 1698 1246 1246 1698 1699 1246 1699 1245 1245 1699 1700 1245 1700 1244 1244 1700 1701 1244 1701 1243 1243 1701 1702 1243 1702 1242 1242 1702 1703 1242 1703 1184 1184 1703 1108 1704 1705 1706 1706 1705 1707 1706 1707 1708 1708 1707 1709 1708 1709 1710 1710 1709 1711 1710 1711 1540 1540 1711 1655 1712 1713 1714 1714 1713 1715 1714 1715 1716 1716 1715 1717 1716 1717 1704 1704 1717 1718 1704 1718 1705 1719 1720 1721 1721 1720 1722 1721 1722 1723 1723 1722 1724 1723 1724 1712 1712 1724 1725 1712 1725 1713 1726 1727 1728 1728 1727 1729 1728 1729 1730 1730 1729 1731 1730 1731 1732 1732 1731 1733 1732 1733 1734 1734 1733 1735 1734 1735 1736 1736 1735 1737 1736 1737 1738 1738 1737 1739 1738 1739 1740 1740 1739 1741 1740 1741 1742 1742 1741 1743 1742 1743 1744 1744 1743 1745 1744 1745 1481 1481 1745 1579 1746 1747 1748 1746 1748 1749 1749 1748 1750 1749 1750 1751 1751 1750 1752 1751 1752 1753 1753 1752 1754 1753 1754 1755 1755 1754 1756 1755 1756 1757 1757 1756 1758 1757 1758 1759 1760 1761 1762 1760 1762 1763 1763 1762 1764 1763 1764 1765 1765 1764 1766 1765 1766 1767 1767 1766 1768 1767 1768 1769 1769 1768 1770 1769 1770 1771 1771 1770 1772 1771 1772 1773 1774 1775 1776 1774 1776 1777 1777 1776 1778 1777 1778 1779 1779 1778 1780 1779 1780 1781 1781 1780 1782 1781 1782 1783 1783 1782 1784 1783 1784 1785 1785 1784 1786 1785 1786 1787 990 989 1788 1788 1789 990 990 1789 1790 990 1790 991 991 1790 1791 991 1791 993 993 1791 1792 993 1792 995 1793 1011 1794 1794 1011 1009 1794 1009 1795 1795 1009 1007 1795 1007 1796 1796 1007 1005 1796 1005 1797 1797 1005 1003 1797 1003 1798 1798 1003 1001 1798 1001 1799 1799 1001 999 1799 999 1800 1800 999 997 1800 997 1801 1801 997 995 1801 995 1802 1802 995 1792 938 937 1803 1803 1804 938 938 1804 1805 938 1805 939 939 1805 1806 939 1806 941 941 1806 1807 941 1807 943 1807 1808 943 943 1808 1809 943 1809 945 945 1809 1810 945 1810 947 947 1810 1811 947 1811 949 1811 1812 949 949 1812 1813 949 1813 951 951 1813 1814 951 1814 953 953 1814 1815 953 1815 955 1815 1816 955 955 1816 1817 955 1817 957 957 1817 1818 957 1818 959 959 1818 1819 885 1086 886 886 1086 1088 886 1088 887 887 1088 1090 887 1090 889 889 1090 1094 889 1094 891 1094 1093 891 891 1093 1101 891 1101 893 893 1101 1100 893 1100 895 895 1100 897 897 1100 1098 897 1098 899 899 1098 1096 899 1096 901 901 1096 1095 901 1095 903 1820 907 1821 1821 907 905 1821 905 1065 1065 905 903 1065 903 1066 1066 903 1095 833 1058 834 834 1058 1057 834 1057 835 835 1057 1060 835 1060 837 837 1060 1059 837 1059 839 1059 1040 839 839 1040 1039 839 1039 841 841 1039 1822 841 1822 843 843 1822 1823 843 1823 845 1823 1824 845 845 1824 1825 845 1825 847 847 1825 1826 847 1826 849 849 1826 1827 849 1827 851 1828 855 1829 1829 855 853 1829 853 1830 1830 853 851 1830 851 1831 1831 851 1827 1832 1833 1834 1835 1836 1837 1837 1836 1838 1837 1838 1839 1839 1838 1834 1840 1841 1842 1842 1841 1839 1842 1839 1843 1843 1839 1834 1843 1834 1844 1844 1834 1833 1835 1845 1836 1836 1845 1846 1836 1846 1847 1847 1846 1848 1847 1848 1849 1849 1848 1850 1850 1848 1851 1850 1851 1852 1852 1851 1853 1852 1853 1854 1855 1856 1857 1857 1856 1858 1857 1858 1859 1859 1858 1860 1859 1860 1861 1861 1860 1862 1861 1862 1842 1842 1862 1863 1842 1863 1840 1864 1865 1866 1834 1867 1832 1832 1867 1868 1832 1868 1869 1869 1868 1870 1869 1870 1871 1871 1870 1872 1871 1872 1873 1873 1872 1874 1853 1875 1854 1854 1875 1876 1854 1876 1877 1877 1876 1855 1877 1855 1878 1878 1855 1857 1874 1872 1866 1866 1872 1879 1866 1879 1864 1880 1866 1881 1881 1866 1882 1865 1883 1866 1866 1883 1884 1866 1884 1882 1885 1886 1887 1885 1887 1888 1889 1890 1891 1892 1893 1894 1891 1895 1889 1889 1895 1896 1889 1896 1893 1893 1896 1897 1893 1897 1894 1898 1899 1900 1901 1902 1894 1894 1902 1903 1894 1903 1892 1900 1899 1904 1898 1900 1905 1905 1900 1906 1905 1906 1887 1887 1906 1907 1887 1907 1888 1908 1909 1910 1910 1909 1911 1910 1911 1901 1901 1911 1912 1901 1912 1902 1913 1914 1915 1915 1914 1909 1915 1909 1916 1916 1909 1908 1916 1908 1917 1917 1908 1904 1917 1904 1918 1918 1904 1899 1919 1920 1921 1922 1923 1924 1924 1923 1921 1924 1921 1925 1925 1921 1920 1921 1926 1919 1919 1926 1927 1919 1927 1928 1929 1930 1920 1920 1930 1931 1928 1932 1919 1919 1932 1933 1919 1933 1934 1931 1935 1920 1920 1935 1936 1920 1936 1925 1937 1938 1939 1939 1938 1940 1941 1942 1943 1943 1942 1944 1942 1945 1944 1944 1945 1946 1945 1947 1946 1946 1947 1948 1946 1948 1949 1950 1889 1951 1951 1889 1949 1951 1949 1952 1952 1949 1948 1938 1937 1953 1953 1937 1954 1953 1954 1955 1955 1954 1956 1955 1956 1957 1957 1956 1958 1957 1958 1959 1959 1958 1960 1959 1960 1961 1961 1960 1962 1961 1962 1963 1963 1962 1887 1940 1964 1939 1939 1964 1965 1964 1966 1965 1965 1966 1967 1965 1967 1968 1969 1919 1970 1970 1919 1968 1970 1968 1971 1971 1968 1967 1941 1943 1972 1972 1943 1973 1972 1973 1974 1974 1973 1975 1975 1973 1976 1975 1976 1977 1977 1976 1978 1978 1976 1920 1978 1920 1979 1937 1939 1980 1981 1982 1983 1983 1982 1980 1983 1980 1984 1984 1980 1939 1984 1939 1985 1980 1986 1937 1937 1986 1987 1937 1987 1988 1939 1989 1990 1988 1991 1937 1937 1991 1992 1937 1992 1993 1990 1994 1939 1939 1994 1995 1939 1995 1985 1943 1944 1996 1997 1998 1999 1999 1998 1996 1999 1996 2000 2000 1996 1944 1996 2001 1943 1943 2001 2002 1943 2002 2003 2004 1944 2005 2005 1944 2006 2004 2007 1944 1944 2007 2008 1944 2008 2000 2003 2009 1943 1943 2009 2010 1943 2010 2011 2012 855 1828 1828 2013 2012 2012 2013 2014 2012 2014 2015 2015 2014 2016 2015 2016 2017 2017 2016 2018 2017 2018 2019 2018 2020 2019 2019 2020 2021 2019 2021 2022 2022 2021 2023 1058 833 2024 2024 833 2025 2024 2025 2026 2026 2025 2027 2026 2027 2028 2028 2027 2029 2028 2029 2030 2030 2029 2031 2030 2031 2032 2032 2031 2033 2032 2033 2023 2023 2033 2034 2023 2034 2022 2035 907 1820 1820 2036 2035 2035 2036 2037 2035 2037 2038 2038 2037 2039 2038 2039 2040 2040 2039 2041 2040 2041 2042 2041 2043 2042 2042 2043 2044 2042 2044 2045 2045 2044 2046 2045 2046 2047 2047 2046 2048 2047 2048 2049 1086 885 2050 2050 885 2051 2050 2051 2052 2052 2051 2053 2052 2053 2054 2054 2053 2055 2054 2055 2056 2056 2055 2057 2056 2057 2058 2058 2057 2049 2058 2049 2059 2059 2049 2048 959 1819 2060 2060 1819 2061 2060 2061 2062 2062 2061 2063 2062 2063 2064 2064 2063 2065 2064 2065 2066 2066 2065 2067 2066 2067 2068 2068 2067 2069 2068 2069 2070 2069 2071 2070 2070 2071 2072 2070 2072 2073 2073 2072 2074 2073 2074 2075 2075 2074 2076 2075 2076 2077 2077 2076 2078 2077 2078 2079 1803 937 2080 2080 937 2081 2080 2081 2082 2082 2081 2079 2082 2079 2083 2083 2079 2078 1011 1793 2084 1011 2084 2085 2085 2084 2086 2085 2086 2087 2087 2086 2088 2087 2088 2089 2089 2088 2090 2089 2090 2091 2090 2092 2091 2091 2092 2093 2091 2093 2094 2094 2093 2095 2094 2095 2096 2096 2095 2097 2096 2097 2098 2097 2099 2098 2098 2099 2100 2098 2100 2101 2101 2100 2102 2101 2102 2103 2103 2102 2104 2103 2104 2105 1788 989 2106 2106 989 2107 2106 2107 2108 2108 2107 2105 2108 2105 2109 2109 2105 2104 2110 2111 2112 2112 2111 2113 2112 2113 2114 2114 2113 2115 2116 2117 2118 2119 2120 2121 2118 2122 2116 2116 2122 2123 2116 2123 2124 2124 2123 2125 2124 2125 2126 2126 2125 2127 2126 2127 2128 2128 2127 2129 2127 2130 2129 2129 2130 2131 2129 2131 2132 2132 2131 2133 2132 2133 2134 2134 2133 2135 2134 2135 2136 2136 2135 2137 2136 2137 2121 2121 2137 2138 2121 2138 2119 2139 2140 2141 2141 2140 2142 2141 2142 2143 2143 2142 2144 2145 2146 2147 2147 2146 2148 2145 2149 2146 2146 2149 2150 2146 2150 2151 2152 2153 2154 2155 1942 2152 2152 1942 1941 2152 1941 2153 2153 1941 2156 2154 2157 2152 2152 2157 2158 2152 2158 2159 2160 2161 2162 2162 2161 2163 2162 2163 2155 2155 2163 2164 2155 2164 1942 2165 2166 2167 2167 2166 2168 2167 2168 2156 2156 2168 2169 2156 2169 2153 2170 1940 2171 2171 1940 1938 2171 1938 2172 2172 1938 2173 2174 2171 2175 2175 2171 2172 2175 2172 2176 2176 2172 2177 2178 2179 2180 2180 2179 2181 2180 2181 2170 2170 2181 2182 2170 2182 1940 2183 2184 2185 2185 2184 2186 2185 2186 2173 2173 2186 2187 2173 2187 2172 1889 1950 1890 1890 1950 1963 1890 1963 1886 1886 1963 1887 2188 2189 2190 2191 2192 2193 2190 2189 2194 2195 2196 2197 2198 2199 2200 2200 2199 2201 2200 2201 2189 2201 2202 2189 2189 2202 2203 2189 2203 2204 2205 2206 2193 2193 2206 2207 2193 2207 2191 2188 2190 2196 2196 2190 2208 2196 2208 2197 2202 2209 2203 2203 2209 2210 2203 2210 2211 2211 2210 2212 2204 2213 2189 2189 2213 2214 2189 2214 2215 2191 2194 2192 2192 2194 2189 2192 2189 2216 2216 2189 2215 2217 2218 2219 2220 2221 2222 2222 2221 2195 2222 2195 2223 2223 2195 2197 2223 2197 2224 2224 2197 2225 2226 2227 2212 2212 2227 2228 2212 2228 2211 2211 2228 2217 2211 2217 2229 2229 2217 2219 1969 1979 1919 1919 1979 1920 2230 2231 2232 2233 2234 2235 2233 2235 2236 2237 2238 2236 2236 2238 2239 2236 2239 2240 2240 2239 2241 2240 2241 2242 2242 2241 2243 2243 2241 2244 2244 2241 2245 2244 2245 2246 2232 2231 2247 2247 2231 2248 2247 2248 2249 2237 2236 2250 2250 2236 2235 2250 2235 2232 2232 2235 2251 2232 2251 2230 2252 2253 2254 1518 1519 2255 2256 2255 2257 2257 2255 2258 2259 2260 2261 1518 2255 1517 2262 2263 2264 2264 2263 2265 1571 1572 2266 2265 2267 2264 2264 2267 1476 2264 1476 2268 2268 1476 1510 2269 2270 2254 2254 2270 2271 2254 2271 2272 1571 2266 1570 1572 1573 2266 2266 1573 1574 2266 1574 2273 2273 1574 1575 2273 1575 1576 2260 2274 2261 2261 2274 2275 2261 2275 2264 2264 2275 2276 2264 2276 2262 1510 1511 2268 2268 1511 1512 2268 1512 2256 2256 1512 1513 1513 1514 2256 2256 1514 1515 2256 1515 2255 2255 1515 1516 2255 1516 1517 2272 2277 2254 2254 2277 2278 2254 2278 2252 1576 1577 2273 2273 1577 1578 2273 1578 2261 2261 1578 2279 2261 2279 2259 2277 2280 2278 2278 2280 2281 2278 2281 2282 2282 2281 2283 2282 2283 2284 2284 2285 2282 2282 2285 1535 2282 1535 2266 2266 1535 1569 2266 1569 1570 1179 1178 2286 1182 1181 2287 2288 2289 2290 1177 1176 2291 2287 1181 2286 2286 1181 1180 2286 1180 1179 1182 2287 1183 1183 2287 2292 1183 2292 2293 2293 2292 2294 2293 2294 2295 2296 2297 2298 2299 2300 2301 2301 2300 2302 2301 2302 2291 1178 1177 2286 2286 1177 2291 2286 2291 2303 2303 2291 2302 1176 1175 2291 2291 1175 1174 2291 1174 2304 2304 1174 1173 2304 1173 1172 2295 2294 2305 2305 2294 2306 2305 2306 2307 2308 1169 2309 2309 1169 1168 1168 1167 2309 2309 1167 1166 2309 1166 2310 2310 1166 1165 2310 1165 2311 2312 2313 2314 2314 2313 2315 2314 2315 2316 2314 2296 2312 2312 2296 2298 2312 2298 2317 2317 2298 2310 2317 2310 2318 2318 2310 2311 1172 1171 2304 2304 1171 1170 2304 1170 2319 2319 1170 1169 2319 1169 2320 2320 1169 2308 2316 2321 2314 2314 2321 2322 2314 2322 2323 2322 2324 2323 2323 2324 2325 2323 2325 2326 2290 2327 2288 2288 2327 2323 2288 2323 2328 2328 2323 2326 2328 2326 2306 2306 2326 2329 2306 2329 2307 1837 1839 1862 1853 1851 1875 1875 1851 1848 1875 1848 1876 1845 1835 1846 1846 1835 1837 1841 1840 1839 1839 1840 1863 1839 1863 1862 1858 1856 1860 1860 1856 1855 1860 1855 1862 1862 1855 1876 1862 1876 1837 1837 1876 1848 1837 1848 1846 2330 2331 2332 2332 2331 2333 2332 2333 2334 2334 2335 2332 2332 2335 2336 2332 2336 2337 2337 2336 2338 2337 2338 2339 2340 2341 2342 2342 2341 2337 2342 2337 2343 2343 2337 2339 2344 1676 2345 2345 1676 2346 2347 1532 2348 2348 1532 2349 2350 2351 2352 2352 2351 2353 2354 2355 2356 2356 2355 2357 2358 2359 2360 2361 2362 2363 2363 2362 2364 2365 2366 2362 1627 1626 2367 1626 2368 2367 2367 2368 2369 2367 2369 2361 2361 2369 2370 1596 1594 2360 2360 1594 2371 2360 2371 2358 2370 2372 2361 2361 2372 2373 2361 2373 2362 2362 2373 2374 2362 2374 2365 1530 1600 2360 2360 1600 1598 2360 1598 1596 1594 1592 2371 2371 1592 1590 2371 1590 2375 2375 1590 1588 2375 1588 1586 1586 1585 2375 2375 1585 1584 2375 1584 2367 2367 1584 2376 2367 2376 1627 1627 2376 2377 1627 2377 1629 1629 2377 2378 2379 1644 2380 2380 1644 2381 2378 2382 1629 1629 2382 2383 1629 2383 1630 1630 2383 1632 1644 1642 2381 2381 1642 1640 2381 1640 2384 2384 1640 1638 2384 1638 2385 2385 1638 1636 2385 1636 2383 2383 1636 1634 2383 1634 1632 2386 2387 2388 2388 2387 2389 2390 1266 2391 2392 2391 2393 2393 2391 2394 2395 2396 2397 2397 2396 2398 2390 2391 2399 2396 1432 1431 2400 1335 1333 2401 2392 2402 2402 2392 2403 2402 2403 2404 1321 2405 1323 1323 2405 1325 1333 1331 2400 2400 1331 1329 2400 1329 2405 2405 1329 1327 2405 1327 1325 2406 2407 1433 1433 2407 2408 1433 2408 1434 2406 2409 2407 2407 2409 2410 2407 2410 2411 2401 2412 2392 2392 2412 2413 2392 2413 2391 2391 2413 2414 2391 2414 2399 1431 1461 2396 2396 1461 1460 2396 1460 2398 1460 1453 2398 2398 1453 1450 2398 1450 2408 2408 1450 1449 2408 1449 1434 1321 1320 2405 2405 1320 1319 2405 1319 2403 2403 1319 2415 2403 2415 2404 2416 2417 2418 2418 2417 1370 2418 1370 2400 2400 1370 1337 2400 1337 1335 2411 2419 2407 2407 2419 2420 2407 2420 2418 2418 2420 2421 2418 2421 2416 2422 2423 2424 2424 2423 2425 1416 1417 2426 2427 2428 2429 2429 2428 2430 2431 2426 2432 2432 2426 2433 2434 1308 1309 1304 1305 2435 2435 1305 1306 1313 2436 1312 1312 2436 2437 1312 2437 2438 2439 2440 2428 2428 2440 2441 2442 2443 2444 2444 2443 2430 1416 2426 1415 2434 1309 2445 2445 1309 1310 2445 1310 2438 2438 1310 1311 2438 1311 1312 2442 2446 2443 2443 2446 2447 2443 2447 1270 1408 2448 1374 1374 2448 2443 1308 2434 1307 1307 2434 2449 1307 2449 1306 1306 2449 2450 1306 2450 2435 2441 2451 2428 2428 2451 2452 2428 2452 2430 2430 2452 2453 2430 2453 2444 1304 2435 1270 1270 2435 2454 1270 2454 2443 2443 2454 2455 2443 2455 1374 1411 2431 1410 1410 2431 2448 1410 2448 1409 1409 2448 1408 1411 1412 2431 2431 1412 1413 2431 1413 2426 2426 1413 1414 2426 1414 1415 2456 2457 2458 2458 2457 2459 2460 2461 2462 2462 2461 2463 2464 2465 2466 2466 2465 2467 2468 2469 2470 2470 2469 2471 2472 2473 2474 2474 2473 2475 1748 1747 2476 2476 1747 2477 1786 2478 2479 2479 2478 2480 2479 2480 2481 2481 2480 2482 1747 2483 2477 2477 2483 2484 2477 2484 2485 1786 1784 2478 2478 1784 1782 2478 1782 1780 1752 1766 1754 1754 1766 1764 1754 1764 1756 1756 1764 1762 1756 1762 1758 1758 1762 1761 1758 1761 2486 2486 1761 2487 2486 2487 2488 2488 2487 2489 2488 2489 2485 2485 2489 2490 2485 2490 2477 2480 2477 2482 2482 2477 2490 2482 2490 2491 2491 2490 2492 2491 2492 2493 2493 2492 2494 2493 2494 1775 1775 2494 1772 1775 1772 1776 1776 1772 1770 1776 1770 1778 1778 1770 1768 1778 1768 1780 1780 1768 1766 1780 1766 2478 2478 1766 1752 2478 1752 2476 2476 1752 1750 2476 1750 1748 2495 2496 2497 2497 2496 2498 2499 2500 2501 2501 2500 2502 2501 2502 2503 2504 2505 2499 2499 2505 2506 2499 2506 2500 2500 2506 2507 2508 2509 2510 2510 2509 2511 2510 2511 2507 2507 2511 2512 2507 2512 2500 2513 2514 2515 2515 2514 2516 2515 2516 2517 2518 2519 2520 2521 2522 2513 2513 2522 2523 2513 2523 2514 2514 2523 2524 2514 2524 2525 2525 2524 2518 2525 2518 2526 2526 2518 2520 1787 1786 2479 1787 2479 2527 2527 2479 2481 2527 2481 2528 2528 2481 2482 2528 2482 2529 2529 2482 2491 2529 2491 2530 2530 2491 2493 2530 2493 2531 2531 2493 1775 2531 1775 1774 1785 1787 1774 1774 1787 2527 2530 2531 2529 2529 2531 1774 2529 1774 2528 2528 1774 2527 1783 1785 1781 1781 1785 1774 1781 1774 1779 1779 1774 1777 1773 1772 2494 1773 2494 2532 2532 2494 2492 2532 2492 2533 2533 2492 2490 2533 2490 2534 2534 2490 2489 2534 2489 2535 2535 2489 2487 2535 2487 2536 2536 2487 1761 2536 1761 1760 1769 1771 2534 1769 2534 1767 1767 2534 2535 1767 2535 2536 1771 1773 2534 2534 1773 2532 2534 2532 2533 2536 1760 1767 1767 1760 1763 1767 1763 1765 1759 1758 2486 1759 2486 2537 2537 2486 2488 2537 2488 2538 2538 2488 2485 2538 2485 2539 2539 2485 2484 2539 2484 2540 2540 2484 2483 2540 2483 2541 2541 2483 1747 2541 1747 1746 1755 1757 2539 1755 2539 1753 1753 2539 2540 1753 2540 2541 1757 1759 2539 2539 1759 2537 2539 2537 2538 2541 1746 1753 1753 1746 1749 1753 1749 1751 2542 1260 2543 2543 1260 2544 2543 2544 2545 2545 2544 2546 2545 2546 2547 2547 2546 2548 2547 2548 2549 2549 2548 2550 2549 2550 2551 2551 2550 2552 2551 2552 2553 2553 2552 2554 2553 2554 2555 2555 2554 2556 2555 2556 2557 2557 2556 2558 2557 2558 2559 2559 2558 2560 2559 2560 1275 1275 2560 1314 1275 1314 1276 1276 1314 1348 1276 1348 1277 1277 1348 1349 1277 1349 1279 1279 1349 1350 1279 1350 1281 1281 1350 1351 1281 1351 1283 1283 1351 1352 1283 1352 1285 1285 1352 1353 1285 1353 1287 1287 1353 1354 1287 1354 1289 1289 1354 1355 1289 1355 1291 1291 1355 1356 1291 1356 1293 1293 1356 1357 2561 1364 2562 2562 1364 2563 2562 2563 2564 2564 2563 2565 2564 2565 2566 2566 2565 2567 2566 2567 2568 2568 2567 2569 2568 2569 2570 2570 2569 2571 2570 2571 2572 2572 2571 2573 2572 2573 2574 2574 2573 2575 2574 2575 2576 2576 2575 2577 2576 2577 2578 2578 2577 2579 2578 2579 1379 1379 2579 1442 1379 1442 1380 1380 1442 1428 1380 1428 1381 1428 1427 1381 1381 1427 1445 1381 1445 1383 1383 1445 1425 1383 1425 1385 1385 1425 1424 1385 1424 1387 1387 1424 1422 1387 1422 1389 1422 1421 1389 1389 1421 1456 1389 1456 1391 1391 1456 1419 1391 1419 1393 1393 1419 1418 1393 1418 1395 1395 1418 1465 1395 1465 1397 1397 1465 1469 1481 1579 1482 1482 1579 1612 1482 1612 1483 1483 1612 1613 1483 1613 1485 1485 1613 1614 1485 1614 1487 1487 1614 1615 1487 1615 1489 1489 1615 1616 1489 1616 1491 1491 1616 1617 1491 1617 1493 1493 1617 1618 1493 1618 1495 1495 1618 1619 1495 1619 1497 1497 1619 1620 1497 1620 1499 1499 1620 1621 1540 1655 1541 1541 1655 1659 1541 1659 1542 1542 1659 1660 1542 1660 1544 1544 1660 1661 1544 1661 1546 1546 1661 1662 1546 1662 1548 1548 1662 1663 1548 1663 1550 1550 1663 1664 1550 1664 1552 1552 1664 1665 1552 1665 1554 1554 1665 1666 1554 1666 1556 1556 1666 1667 1556 1667 1558 1558 1667 1668 1184 1108 2580 2580 1108 1110 2580 1110 2581 2581 1110 1112 2581 1112 2582 2582 1112 1114 2582 1114 2583 2583 1114 1116 2583 1116 2584 2584 1116 1118 2584 1118 2585 2585 1118 1120 2585 1120 2586 2586 1120 1122 2586 1122 2587 2587 1122 1124 2587 1124 2588 2588 1124 1126 2588 1126 2589 2589 1126 1128 2589 1128 2590 2590 1128 1130 2590 1130 2591 2591 1130 1132 2591 1132 2592 2592 1132 1134 2592 1134 2593 2593 1134 1136 2593 1136 2594 2594 1136 1138 2594 1138 2595 2595 1138 1140 2595 1140 2596 2596 1140 1142 2596 1142 1259 1259 1142 1144 2597 1191 2598 2598 1191 1190 1190 1189 2598 2598 1189 2599 2598 2599 2600 2601 2602 2603 2597 1223 1191 1191 1223 1221 1191 1221 1219 2602 2604 2603 2603 2604 2605 2603 2605 2606 2607 2608 2600 2600 2608 2609 2600 2609 2598 1191 1201 1199 1199 1197 1191 1191 1197 1195 1191 1195 1193 2607 2600 2603 2603 2600 2610 2603 2610 2601 2606 2611 2603 2603 2611 2612 2603 2612 2613 1219 1217 1191 1191 1217 1215 1191 1215 1213 1213 1211 1191 1191 1211 1209 1191 1209 1207 1207 1205 1191 1191 1205 1203 1191 1203 1201 2614 2615 2616 2617 2618 2616 2616 2618 2619 2616 2619 2614 2620 2621 2622 2622 2621 2623 2622 2623 2617 2617 2623 2624 2617 2624 2618 2625 2626 2627 2627 2626 2628 2629 2630 2631 2632 2633 2634 2634 2633 2635 2636 2637 2638 2638 2637 2639 2638 2639 2640 2641 2642 2639 2639 2642 2643 2639 2643 2640 2631 2644 2629 2629 2644 2645 2629 2645 2646 2646 2645 2632 2646 2632 2647 2647 2632 2634 2648 2649 2650 2650 2649 2642 2650 2642 2651 2651 2642 2641 2633 2652 2635 2635 2652 2653 2635 2653 2636 2636 2653 2654 2636 2654 2637 2655 2656 2657 2658 2659 2660 2657 2661 2662 2662 2663 2657 2657 2663 2664 2657 2664 2655 2655 2664 2665 2655 2665 2666 2660 2667 2658 2658 2667 2668 2658 2668 2669 2661 2670 2662 2662 2670 2671 2662 2671 2659 2659 2671 2672 2659 2672 2660 2673 2674 2675 2675 2674 2676 2677 2678 2679 2680 2681 2682 2682 2681 2683 2677 2679 2684 2684 2679 2685 2684 2685 2686 2686 2685 2687 2686 2687 2683 2683 2687 2688 2683 2688 2682 2689 2690 2691 2691 2690 2692 2691 2692 2693 2693 2694 2691 2691 2694 2695 2691 2695 2696 2696 2695 2697 2696 2697 2698 2699 2700 2701 2701 2700 2696 2701 2696 2702 2702 2696 2698 2703 2704 2705 2705 2704 2699 2705 2699 2706 2706 2699 2701 2707 2708 2709 2709 2708 2710 2711 2712 2713 2713 2712 2714 2715 2716 2717 2717 2716 2718 2719 2720 2721 2721 2720 2722 2723 2724 2725 2725 2724 2726 2727 2728 2729 2729 2728 2730 2730 2731 2729 2729 2731 2732 2729 2732 2733 2734 2735 2736 2736 2735 2737 2736 2737 2738 2738 2737 2739 2737 2740 2739 2739 2740 2741 2739 2741 2742 2742 2743 2739 2739 2743 2744 2739 2744 2745 2745 2744 2746 2746 2744 2747 2746 2747 2748 2748 2747 2749 2748 2749 2750 2750 2749 2751 2750 2751 2752 2752 2751 2753 2752 2753 2754 2754 2753 2755 2754 2755 2756 2756 2755 2757 2756 2757 2758 2758 2757 2759 2758 2759 2760 2760 2759 2761 2760 2761 2762 2762 2761 2763 2762 2763 2764 2764 2763 2765 2764 2765 2766 2766 2765 2767 2766 2767 2768 2768 2767 2769 2768 2769 2770 2770 2769 2771 2770 2771 2731 2731 2771 2772 2731 2772 2732 2773 2774 2775 2775 2774 2776 2775 2776 2777 2777 2776 2778 2777 2778 2779 2779 2778 2780 2779 2780 2781 2781 2780 2782 2781 2782 2783 2783 2782 2784 2783 2784 2785 2785 2784 2786 2785 2786 2787 2787 2786 2788 2787 2788 2789 2789 2788 2790 2789 2790 2791 2791 2790 2792 2791 2792 2793 2793 2792 2794 2793 2794 2795 2795 2794 2796 2795 2796 2797 2797 2796 2798 2799 2800 2801 2801 2800 2802 2801 2802 2803 2803 2802 2804 2803 2804 2805 2805 2804 2806 2805 2806 2807 2807 2806 2808 2807 2808 2809 2809 2808 2810 2809 2810 2811 2811 2810 2812 2811 2812 2813 2813 2812 2814 2813 2814 2815 2815 2814 2816 2815 2816 2817 2817 2816 2818 2817 2818 2819 2819 2818 2820 2819 2820 2821 2821 2820 2822 2821 2822 2823 2823 2822 2824 2823 2824 2825 2825 2824 2826 2825 2826 2827 2827 2826 2828 2829 2830 2831 2831 2830 2832 2833 2834 2835 2835 2834 2836 2837 2838 2839 2839 2838 2840 2841 2842 2843 2843 2842 2844 2843 2844 2845 2846 2847 2848 2848 2847 2849 2848 2849 2850 2851 2852 2853 2853 2852 2854 2855 2856 2857 2857 2856 2858 2859 2860 2861 2861 2860 2862 2863 2864 2865 2865 2864 2866 2865 2866 2867 2868 2869 2870 2870 2869 2871 2870 2871 2872 2873 2874 2875 2875 2874 2876 2877 2878 2879 2879 2878 2880 2881 2882 1068 2883 2884 2885 2885 2884 2886 2881 1068 2887 2887 1068 1085 2887 1085 2888 1085 1084 2888 2888 1084 1082 2888 1082 2889 2889 1082 1080 2889 1080 2890 2890 1080 1078 2890 1078 2891 2891 1078 2892 1078 1076 2892 2892 1076 1074 2892 1074 2893 2893 1074 2894 2893 2894 2883 2883 2894 2895 2883 2895 2884 2896 2897 2898 2898 2897 2899 2900 2901 2902 2902 2901 2903 2904 2905 1047 2906 2907 2908 2908 2907 2909 2904 1047 2910 2910 1047 1046 2910 1046 2911 2912 2913 2914 2914 2913 2915 2914 2915 2916 2916 2915 2917 2916 2917 2906 2906 2917 2918 2906 2918 2907 2914 2919 2912 2912 2919 2920 2912 2920 2921 2921 2920 2922 2921 2922 1050 1050 2922 2911 1050 2911 1049 1049 2911 1046 2923 2924 2925 2925 2924 2926 2927 2928 2929 2929 2928 2930 2931 2932 2933 2933 2932 2934 2933 2934 2935 2935 2934 2936 2937 2938 2939 2939 2938 2940 2941 2942 2943 2943 2942 2944 2945 2946 2947 2948 2949 2950 2951 2952 2953 2953 2952 2954 2953 2954 2955 2955 2954 2956 2953 2957 2951 2951 2957 2958 2951 2958 2959 2959 2958 2960 2959 2960 2950 2950 2960 2961 2950 2961 2948 2947 2962 2945 2945 2962 2963 2945 2963 2964 2964 2963 2965 2964 2965 2966 2966 2965 2956 2966 2956 2967 2967 2956 2954 2968 2969 920 927 928 929 2970 2971 2972 2969 2973 920 920 2973 2974 920 2974 880 880 2974 2975 923 2976 922 922 2976 921 930 931 925 925 931 2976 925 2976 924 924 2976 923 921 2976 920 920 2976 2977 920 2977 2968 930 925 929 929 925 926 929 926 927 2975 2974 2972 2972 2974 2978 2972 2978 2970 2979 2980 828 877 878 870 870 878 879 870 879 2981 2981 2982 870 870 2982 2983 870 2983 869 2979 828 2983 2983 828 868 2983 868 869 874 875 876 2980 2984 828 828 2984 2985 828 2985 2986 2986 2987 828 828 2987 2988 828 2988 2989 870 871 877 877 871 872 877 872 876 876 872 873 876 873 874 973 983 972 972 983 932 932 983 2990 2990 983 2991 2990 2991 2992 974 981 973 973 981 982 973 982 983 974 975 981 981 975 976 981 976 977 977 978 981 981 978 979 981 979 980 2992 2993 2990 2990 2993 2994 2990 2994 2995 2996 2995 2997 2997 2995 2998 2996 2999 2995 2995 2999 3000 2995 3000 2990 3001 984 1035 984 1024 1035 1035 1024 1025 1035 1025 1034 1034 1025 1033 1033 1025 1026 1033 1026 1027 1035 3002 3001 3001 3002 3003 3001 3003 3004 3004 3003 3005 3004 3005 3006 1029 1030 1028 1028 1030 1031 1028 1031 1027 1027 1031 1032 1027 1032 1033 3007 3008 3009 3009 3008 3010 3009 3010 3006 3006 3010 3011 3006 3011 3004 2929 2930 3012 3012 2930 3013 3012 3013 3014 3014 3013 3015 3014 3015 2923 2923 3015 2924 1981 1983 3016 3016 1983 3017 3016 3017 3018 3018 3017 3019 3018 3019 3020 3020 3019 3021 3021 3019 3022 3022 3019 3023 3022 3023 3024 3024 3023 3025 3025 3023 2898 3025 2898 2899 3026 3027 3028 3028 3027 3029 3028 3029 3030 3030 3029 3031 3030 3031 3032 3032 3031 2199 3032 2199 2198 3026 3033 3027 3027 3033 3034 3027 3034 3035 3035 3034 3036 3034 3037 3036 3036 3037 1982 3036 1982 1981 2928 2927 3038 3038 2927 3039 3040 3041 3039 3039 3041 3042 3039 3042 3038 3043 3044 3040 3040 3044 3045 3040 3045 3041 3040 3046 3043 3043 3046 1980 3043 1980 1982 1915 3047 1913 1913 3047 3048 3047 3049 3048 3048 3049 3050 3048 3050 3051 2925 2926 3052 3052 2926 3051 3052 3051 3053 3053 3051 3050 2902 2903 3054 3054 2903 3055 3054 3055 3056 3056 3055 3057 3056 3057 2896 2896 3057 2897 2900 3058 2901 2901 3058 3059 3058 3060 3059 3059 3060 3061 3059 3061 3062 1921 1923 3063 3063 1923 3062 3063 3062 3064 3064 3062 3061 2875 2876 3065 3065 2876 3066 3065 3066 3067 3067 3066 3068 3068 3066 3069 3068 3069 3070 3070 3069 3071 3071 3069 1922 3071 1922 1924 2879 2880 3072 3072 2880 3073 3072 3073 3074 3074 3073 3075 3074 3075 2873 2873 3075 2874 1996 1998 3076 3076 1998 3077 3076 3077 3078 3078 3077 3079 3079 3077 3080 3079 3080 3081 3081 3080 3082 3082 3080 2878 3082 2878 2877 1999 3083 1997 1997 3083 3084 3083 3085 3084 3084 3085 3086 3084 3086 3087 2939 2940 3088 3088 2940 3087 3088 3087 3089 3089 3087 3086 1909 1914 3090 3090 1914 3091 3090 3091 3092 3092 3091 3093 3093 3091 3094 3093 3094 3095 3095 3094 3096 3096 3094 2942 3096 2942 2941 2943 2944 3097 3097 2944 3098 3097 3098 3099 3099 3098 3100 3099 3100 2937 2937 3100 2938 2006 1944 3101 3101 1944 1946 3101 1946 3102 3102 1946 3103 3103 1946 1949 3103 1949 3104 3104 1949 3105 3105 1949 1889 3105 1889 1893 2243 2244 3106 3106 2244 3107 3106 3107 3108 3108 3107 3109 3109 3107 3110 3109 3110 3111 3111 3110 3112 3112 3110 3113 3112 3113 3114 3114 3113 3115 3115 3113 2152 3115 2152 2159 2703 2705 3116 3116 2705 3117 3116 3117 3118 3119 3120 3121 3121 3120 3122 3121 3122 3117 3117 3122 3123 3117 3123 3118 3119 3121 3124 3124 3121 3125 3124 3125 3126 3126 3125 2233 3126 2233 2236 2235 2234 3127 3127 2234 3128 3127 3128 3129 3129 3128 3130 3130 3128 3131 3131 3128 3132 3131 3132 3133 3133 3132 3134 3133 3134 3135 3135 3134 3136 3136 3134 2655 3136 2655 2666 3137 3138 3139 3139 3140 3137 3137 3140 3141 3137 3141 2172 2172 3141 3142 2172 3142 2177 3143 3144 3138 3138 3144 3145 3138 3145 3139 3138 3146 3143 3143 3146 2248 3143 2248 2231 1954 1937 3147 3147 1937 1993 1954 3147 1956 1956 3147 3148 1956 3148 1958 1958 3148 1960 1960 3148 3149 1960 3149 1962 1962 3149 1905 1962 1905 1887 3150 3151 3152 3152 3153 3150 3150 3153 3154 3150 3154 2153 2153 3154 3155 2153 3155 2154 3156 3157 3151 3151 3157 3158 3151 3158 3152 3151 3159 3156 3156 3159 2330 3156 2330 2332 1989 1939 3160 3160 1939 1965 3160 1965 3161 3161 1965 3162 3162 1965 1968 3162 1968 3163 3163 1968 3164 3164 1968 1919 3164 1919 1934 2337 2341 3165 3165 2341 3166 3165 3166 3167 3167 3166 3168 3168 3166 3169 3168 3169 3170 3170 3169 3171 3171 3169 3172 3171 3172 3173 3173 3172 3174 3174 3172 2171 3174 2171 2174 1943 2011 1973 1973 2011 3175 1929 1920 3176 3176 1920 1976 3176 1976 3177 3177 1976 1973 3177 1973 3178 3178 1973 3175 3179 3180 3181 3181 3180 3182 3181 3182 2691 2691 3182 2689 3183 3184 3185 3185 3184 3186 3185 3186 3187 3187 3186 3188 3187 3188 3179 3179 3188 3189 3179 3189 3180 2709 2710 3190 3190 2710 3184 3190 3184 3191 3191 3184 3183 2708 2707 3192 3192 2707 3193 3192 3193 3194 3194 3193 3195 3194 3195 3196 3196 3195 3197 3196 3197 3198 3198 3197 3199 3198 3199 3200 3200 3199 3201 3200 3201 3202 3202 3201 2659 3202 2659 2658 1683 3203 1684 1684 3203 3204 1684 3204 1670 1670 3204 3205 1670 3205 1644 3203 1668 3204 3204 1668 1654 3204 1654 3205 3205 1654 1645 3205 1645 1644 2346 1676 1674 2346 1674 3206 3206 1674 1673 3206 1673 3207 3207 1673 1644 3207 1644 2379 1677 1676 2344 1677 2344 1678 1678 2344 3208 1678 3208 1680 1680 3208 3209 1680 3209 1681 1681 3209 1686 1686 3209 3210 1686 3210 1685 1685 3210 1683 1683 3210 3211 1683 3211 3203 3203 3211 1558 3203 1558 1668 1709 1707 3212 1718 1717 3213 1715 1713 3214 1724 1722 3215 3216 2368 1626 3217 3218 3219 2366 2365 3220 3220 2365 3217 3220 3217 3221 3221 3217 3219 1626 1625 3216 3216 1625 1628 3216 1628 3222 1722 1720 3215 3215 1720 3223 3215 3223 3218 3218 3223 3224 3218 3224 3219 1725 1724 3225 3225 1724 3215 3225 3215 3226 3226 3215 3218 3226 3218 3227 3227 3218 3217 3227 3217 2374 2374 3217 2365 2374 2373 3227 3227 2373 3228 3227 3228 3226 3226 3228 3229 3226 3229 3225 3225 3229 3214 3225 3214 1725 1725 3214 1713 2373 2372 3228 3228 2372 3230 3228 3230 3229 3229 3230 3231 3229 3231 3214 3214 3231 3213 3214 3213 1715 1715 3213 1717 1705 1718 3232 3232 1718 3213 3232 3213 3233 3233 3213 3231 3233 3231 3234 3234 3231 3230 3234 3230 2370 2370 3230 2372 2370 2369 3234 3234 2369 3235 3234 3235 3233 3233 3235 3236 3233 3236 3232 3232 3236 3212 3232 3212 1705 1705 3212 1707 2369 2368 3235 3235 2368 3216 3235 3216 3236 3236 3216 3222 3236 3222 3212 3212 3222 3237 3212 3237 1709 1709 3237 1711 1628 1658 3222 3222 1658 1657 3222 1657 3237 3237 1657 1656 3237 1656 1711 1711 1656 1655 3238 2363 2364 2361 3239 2367 2367 3239 3240 3241 3242 3243 3243 3244 3241 3241 3244 3245 3241 3245 3239 3239 3245 3246 3239 3246 3240 1963 3243 1961 1961 3243 3242 1961 3242 1959 1955 1957 3247 3247 1957 1959 1938 1953 3248 3248 1953 3249 3248 3249 3250 3250 3249 3251 2364 3252 3238 3238 3252 3253 3238 3253 3254 3254 3253 3255 1953 1955 3249 3249 1955 3247 3249 3247 3251 3251 3247 3254 3251 3254 3256 3256 3254 3255 1959 3242 3247 3247 3242 3241 3247 3241 3254 3254 3241 3239 3254 3239 3238 3238 3239 2361 3238 2361 2363 2375 2367 3257 3257 2367 3240 3257 3240 3258 3258 3240 3246 3258 3246 3259 3259 3246 3245 3259 3245 3260 3260 3245 3244 3260 3244 3261 3261 3244 3243 3261 3243 1950 1950 3243 1963 3262 3207 2379 3262 2379 3263 3264 3263 2379 3265 3264 2379 3266 3265 2379 3266 3267 3268 3267 1727 3269 3267 3269 3268 3268 3269 3270 3268 3270 3271 3271 3270 3272 3271 3272 3273 3273 3272 3274 3273 3274 3275 3275 3274 2346 3275 2346 3206 3266 3268 3265 3265 3268 3271 3265 3271 3264 3264 3271 3273 3264 3273 3263 3263 3273 3275 3263 3275 3262 3262 3275 3206 3262 3206 3207 3276 3277 1578 3276 1578 3278 3279 3278 1578 3280 3279 1578 1568 3280 1578 1568 1559 3281 1559 1558 3211 1559 3211 3281 3281 3211 3210 3281 3210 3282 3282 3210 3209 3282 3209 3283 3283 3209 3208 3283 3208 3284 3284 3208 2344 3284 2344 3285 1568 3281 3280 3280 3281 3282 3280 3282 3279 3279 3282 3283 3279 3283 3278 3278 3283 3284 3278 3284 3276 3276 3284 3285 3276 3285 3277 3286 3287 2366 3288 3289 3290 3291 3292 3289 3293 3294 3292 1720 3294 3223 3223 3294 3293 3223 3293 3224 3224 3293 3219 3292 3291 3293 3293 3291 3295 3293 3295 3219 3287 3286 3296 3290 2386 3296 3296 2386 3297 3296 3297 3287 3287 3297 3298 3287 3298 2366 2366 3220 3295 3295 3220 3221 3295 3221 3219 3289 3288 3291 3291 3288 3299 3291 3299 3295 3295 3299 2366 3290 3296 3288 3288 3296 3286 3288 3286 3299 3299 3286 2366 3300 3301 1938 3302 3303 3304 3303 3302 3305 3306 2185 2173 3307 3305 3308 3308 3305 3302 3308 3302 3309 2364 3307 3252 3252 3307 3308 3252 3308 3253 3253 3308 3309 3253 3309 3255 3255 3309 3256 3300 3310 3301 3301 3310 3311 3301 3311 3312 3251 3256 3313 3313 3256 3309 3313 3309 3314 3314 3309 3302 3314 3302 3306 3306 3302 3304 3306 3304 2185 1938 3248 3300 3300 3248 3250 3300 3250 3310 3310 3250 3251 3251 3313 3310 3310 3313 3314 3310 3314 3311 3311 3314 3306 3311 3306 3312 3312 3306 2173 3312 2173 3301 3301 2173 1938 3258 3259 3315 3260 3261 3316 3316 3261 1950 3317 3318 3319 3320 2359 2358 3318 3320 3319 3319 3320 2358 3319 2358 3321 3321 2358 2371 3321 2371 3257 3257 2371 2375 3322 3323 3324 1942 3323 1945 1945 3323 3322 1945 3322 1947 1947 3322 3325 1950 1951 3316 3316 1951 1952 3316 1952 3325 3325 1952 1948 3325 1948 1947 3257 3258 3321 3321 3258 3315 3321 3315 3319 3319 3315 3326 3319 3326 3317 3317 3326 3327 3259 3260 3315 3315 3260 3316 3315 3316 3326 3326 3316 3325 3326 3325 3327 3327 3325 3322 3327 3322 3324 1727 3267 3328 3267 3266 3329 3266 2379 2380 3266 2380 3329 3329 2380 2381 3329 2381 3330 3330 2381 2384 3330 2384 3331 3331 2384 2385 3331 2385 3332 3332 2385 2383 3332 2383 3333 3333 2383 2382 3333 2382 3334 3334 2382 2378 3334 2378 3335 3335 2378 2377 3335 2377 3336 3336 2377 2376 3336 2376 3337 3337 2376 1584 3337 1584 1582 3267 3329 3328 3328 3329 3330 3328 3330 3338 3338 3330 3331 3338 3331 3339 3339 3331 3332 3339 3332 3340 3340 3332 3333 3340 3333 3341 3341 3333 3334 3341 3334 3342 3342 3334 3335 3342 3335 3343 3343 3335 3336 3343 3336 3344 3344 3336 3337 3344 3337 3345 3345 3337 1582 3345 1582 1580 1727 3328 1729 1729 3328 3338 1729 3338 1731 1731 3338 3339 1731 3339 1733 1733 3339 3340 1733 3340 1735 1735 3340 3341 1735 3341 1737 1737 3341 3342 1737 3342 1739 1739 3342 3343 1739 3343 1741 1741 3343 3344 1741 3344 1743 1743 3344 3345 1743 3345 1745 1745 3345 1580 1745 1580 1579 1727 1726 3346 1727 3346 3269 3269 3346 3347 3269 3347 3270 3270 3347 3348 3270 3348 3272 3272 3348 3349 3272 3349 3274 3274 3349 2345 3274 2345 2346 2344 2345 3350 2344 3350 3285 3285 3350 3351 3285 3351 3277 3277 3351 2279 3277 2279 1578 2269 3352 3353 3352 3354 3355 3354 1719 1721 3354 1721 3355 3355 1721 1723 3355 1723 3356 3356 1723 1712 3356 1712 3357 3357 1712 1714 3357 1714 3358 3358 1714 1716 3358 1716 3359 3359 1716 1704 3359 1704 3360 3360 1704 1706 3360 1706 3361 3361 1706 1708 3361 1708 3362 3362 1708 1710 3362 1710 3363 3363 1710 1540 3363 1540 1538 3352 3355 3353 3353 3355 3356 3353 3356 3364 3364 3356 3357 3364 3357 3365 3365 3357 3358 3365 3358 3366 3366 3358 3359 3366 3359 3367 3367 3359 3360 3367 3360 3368 3368 3360 3361 3368 3361 3369 3369 3361 3362 3369 3362 3370 3370 3362 3363 3370 3363 3371 3371 3363 1538 3371 1538 1536 2269 3353 2270 2270 3353 3364 2270 3364 2271 2271 3364 3365 2271 3365 2272 2272 3365 3366 2272 3366 2277 2277 3366 3367 2277 3367 2280 2280 3367 3368 2280 3368 2281 2281 3368 3369 2281 3369 2283 2283 3369 3370 2283 3370 2284 2284 3370 3371 2284 3371 2285 2285 3371 1536 2285 1536 1535 1720 1719 3372 1720 3372 3294 3294 3372 3373 3294 3373 3292 3292 3373 3374 3292 3374 3289 3289 3374 3375 3289 3375 3290 3290 3375 2387 3290 2387 2386 2386 2388 3376 2386 3376 3297 3297 3376 3377 3297 3377 3298 3298 3377 2362 3298 2362 2366 3378 3379 3304 3304 3379 2183 3304 2183 2185 3304 3303 3378 3378 3303 3305 3378 3305 2362 2362 3305 3307 2362 3307 2364 3380 3381 3382 2164 2163 3383 1942 2164 3384 3384 2164 3385 3386 3387 3323 3388 2359 3380 3380 2359 3320 3380 3320 3381 3381 3320 3318 3317 3327 3387 3387 3327 3324 3387 3324 3323 3388 3380 3389 3389 3380 3382 3389 3382 3390 3390 3382 3391 3390 3391 3392 3385 3393 3384 3384 3393 3394 3384 3394 1942 2164 3383 3385 3385 3383 3395 3385 3395 3393 3393 3395 3386 3393 3386 3394 3394 3386 3323 3394 3323 1942 3318 3317 3381 3381 3317 3387 3381 3387 3382 3382 3387 3386 3382 3386 3391 3391 3386 3395 3391 3395 3392 3392 3395 3383 3392 3383 3396 3396 3383 2163 1521 3397 1522 1522 3397 3398 1522 3398 1531 1531 3398 3399 1531 3399 1530 3397 1621 3398 3398 1621 1611 3398 1611 3399 3399 1611 1602 3399 1602 1530 3400 3401 2279 3400 2279 3402 3403 3402 2279 3404 3403 2279 3351 3404 2279 3351 3350 3405 3350 2345 3349 3350 3349 3405 3405 3349 3348 3405 3348 3406 3406 3348 3347 3406 3347 3407 3407 3347 3346 3407 3346 3408 3408 3346 1726 3408 1726 3409 3351 3405 3404 3404 3405 3406 3404 3406 3403 3403 3406 3407 3403 3407 3402 3402 3407 3408 3402 3408 3400 3400 3408 3409 3400 3409 3401 3410 3352 2269 3410 2269 3411 3412 3411 2269 3413 3412 2269 3414 3413 2269 3414 3415 3416 3415 2387 3375 3415 3375 3416 3416 3375 3374 3416 3374 3417 3417 3374 3373 3417 3373 3418 3418 3373 3372 3418 3372 3419 3419 3372 1719 3419 1719 3354 3414 3416 3413 3413 3416 3417 3413 3417 3412 3412 3417 3418 3412 3418 3411 3411 3418 3419 3411 3419 3410 3410 3419 3354 3410 3354 3352 3420 3421 3422 3422 3421 3423 3422 3423 3424 3424 3423 3425 3424 3425 2362 3421 2183 3423 3423 2183 3379 3423 3379 3425 3425 3379 3378 3425 3378 2362 2388 3420 3376 3376 3420 3422 3376 3422 3377 3377 3422 3424 3377 3424 2362 2163 2161 3426 3427 3392 3426 3426 3392 3396 3426 3396 2163 2360 2359 3427 3427 2359 3388 3388 3389 3427 3427 3389 3390 3427 3390 3392 2349 1532 1533 2349 1533 3428 3428 1533 1534 3428 1534 3429 3429 1534 1530 3429 1530 2360 1532 2347 3430 1532 3430 1526 1526 3430 3431 1526 3431 1523 1523 3431 1524 1524 3431 3432 1524 3432 1520 1520 3432 1521 1521 3432 3433 1521 3433 3397 3397 3433 1499 3397 1499 1621 2279 3401 3434 3401 3409 3435 3409 1726 1728 3409 1728 3435 3435 1728 1730 3435 1730 3436 3436 1730 1732 3436 1732 3437 3437 1732 1734 3437 1734 3438 3438 1734 1736 3438 1736 3439 3439 1736 1738 3439 1738 3440 3440 1738 1740 3440 1740 3441 3441 1740 1742 3441 1742 3442 3442 1742 1744 3442 1744 3443 3443 1744 1481 3443 1481 1479 3401 3435 3434 3434 3435 3436 3434 3436 3444 3444 3436 3437 3444 3437 3445 3445 3437 3438 3445 3438 3446 3446 3438 3439 3446 3439 3447 3447 3439 3440 3447 3440 3448 3448 3440 3441 3448 3441 3449 3449 3441 3442 3449 3442 3450 3450 3442 3443 3450 3443 3451 3451 3443 1479 3451 1479 1477 2279 3434 2259 2259 3434 3444 2259 3444 2260 2260 3444 3445 2260 3445 2274 2274 3445 3446 2274 3446 2275 2275 3446 3447 2275 3447 2276 2276 3447 3448 2276 3448 2262 2262 3448 3449 2262 3449 2263 2263 3449 3450 2263 3450 2265 2265 3450 3451 2265 3451 2267 2267 3451 1477 2267 1477 1476 2389 2387 3415 2389 3415 3452 3452 3415 3414 3452 3414 3453 3453 3414 2269 3453 2269 2254 2184 2183 3421 2184 3421 3454 3454 3421 3420 3454 3420 3455 3455 3420 2388 3455 2388 2389 3456 3457 3458 3458 3457 3459 3458 3459 3460 3460 3459 3461 3460 3461 2360 3457 2349 3459 3459 2349 3428 3459 3428 3461 3461 3428 3429 3461 3429 2360 2161 3456 3426 3426 3456 3458 3426 3458 3427 3427 3458 3460 3427 3460 2360 3462 3463 1519 3462 1519 3464 3465 3464 1519 3466 3465 1519 1509 3466 1519 1509 1500 3467 1500 1499 3433 1500 3433 3467 3467 3433 3432 3467 3432 3468 3468 3432 3431 3468 3431 3469 3469 3431 3430 3469 3430 3470 3470 3430 2347 3470 2347 3471 1509 3467 3466 3466 3467 3468 3466 3468 3465 3465 3468 3469 3465 3469 3464 3464 3469 3470 3464 3470 3462 3462 3470 3471 3462 3471 3463 3472 3473 3474 3474 3473 3475 3474 3475 3476 3476 3475 3477 3476 3477 2389 3473 2184 3475 3475 2184 3454 3475 3454 3477 3477 3454 3455 3477 3455 2389 2254 3472 3453 3453 3472 3474 3453 3474 3452 3452 3474 3476 3452 3476 2389 2161 2160 3478 2161 3478 3456 3456 3478 3479 3456 3479 3457 3457 3479 2348 3457 2348 2349 2347 2348 3480 2347 3480 3471 3471 3480 3481 3471 3481 3463 3463 3481 2255 3463 2255 1519 2186 2184 3473 3472 3482 3473 3473 3482 3483 3473 3483 2186 2254 2253 3472 3472 2253 3484 3484 3485 3472 3472 3485 3486 3472 3486 3482 3487 3488 3489 3490 3487 3491 3491 3487 3489 3491 3489 3492 3492 3489 3493 3492 3493 2348 3488 2255 3489 3489 2255 3481 3489 3481 3493 3493 3481 3480 3493 3480 2348 2160 3490 3478 3478 3490 3491 3478 3491 3479 3479 3491 3492 3479 3492 2348 3494 2172 2187 2172 3494 3495 3495 3494 3496 3495 3496 3497 3498 3499 3500 3501 3502 3500 3500 3502 3503 3500 3503 3498 3504 3505 3506 3506 3505 3507 3506 3507 3508 2187 2186 3509 2187 3510 3494 3494 3510 3511 3494 3511 3496 2253 3507 3484 3484 3507 3505 3484 3505 3485 3485 3505 3504 3485 3504 3486 3486 3504 3512 3486 3512 3482 2187 3509 3510 3510 3509 3513 3510 3513 3511 3511 3513 3499 3511 3499 3496 3496 3499 3498 3496 3498 3497 3508 3501 3506 3506 3501 3500 3506 3500 3504 3504 3500 3499 3504 3499 3512 3512 3499 3513 3512 3513 3482 3482 3513 3509 3482 3509 3483 3483 3509 2186 2258 2255 3514 3514 2255 3488 3514 3488 3487 3514 3487 3515 3515 3487 3490 3515 3490 3516 3516 3490 2160 3516 2160 2162 3503 3502 3517 3137 2172 3495 3146 3518 2248 2248 3518 3519 3519 3518 3520 3520 3518 3521 3520 3521 3522 3522 3521 3523 3523 3521 3524 3523 3524 3525 2282 3525 2278 2278 3525 3524 2278 3524 2252 2253 2252 3507 3507 2252 3526 3507 3526 3508 3503 3517 3498 3137 3495 3517 3517 3495 3497 3517 3497 3498 3508 3526 3501 3501 3526 3527 3501 3527 3502 3502 3527 3528 3502 3528 3517 3517 3528 3138 3517 3138 3137 2252 3524 3526 3526 3524 3521 3526 3521 3527 3527 3521 3518 3527 3518 3528 3528 3518 3146 3528 3146 3138 3529 3530 3531 3532 3533 2152 3534 3535 3536 3536 3535 2258 3537 3538 3529 3529 3538 3539 3529 3539 3530 3530 3539 3534 3540 3541 3542 3542 3541 3543 3542 3543 3537 2258 3514 3536 3536 3514 3544 3544 3514 3515 3544 3515 3516 2152 3540 3532 3532 3540 3542 3532 3542 3533 3533 3542 3545 3533 3545 3546 3534 3536 3530 3530 3536 3544 3530 3544 3531 3531 3544 3516 3531 3516 3547 3547 3516 2162 3547 2162 2155 3537 3529 3542 3542 3529 3531 3542 3531 3545 3545 3531 3547 3545 3547 3546 3546 3547 2155 3546 2155 3533 3533 2155 2152 3525 2282 2266 3525 2266 3523 3523 2266 3548 3523 3548 3522 3522 3548 3549 3522 3549 3520 3520 3549 3519 3519 3549 2249 3519 2249 2248 3107 2244 3550 3551 3552 3553 3554 2257 2258 2257 3554 2256 3555 2268 3556 3556 2268 2256 3553 3552 3556 3556 3552 3557 3556 3557 3555 3551 3553 3550 3550 3553 3558 3550 3558 3107 3559 3537 3543 2152 3113 3540 3540 3113 3559 3540 3559 3541 3541 3559 3543 2258 3535 3554 3554 3535 3534 3554 3534 3560 3560 3534 3539 3560 3539 3538 3538 3537 3560 3560 3537 3559 3560 3559 3561 3561 3559 3113 3561 3113 3110 2256 3554 3556 3556 3554 3560 3556 3560 3553 3553 3560 3561 3553 3561 3558 3558 3561 3110 3558 3110 3107 3562 3563 3564 3563 3562 2864 2864 3562 3565 2864 3565 2866 3566 3567 3564 3564 3567 3568 3564 3568 3562 3564 3569 3566 3566 3569 2266 3566 2266 2273 2264 2268 3555 2264 3555 3570 3570 3555 3557 3570 3557 3571 3557 3552 3571 3571 3552 3551 3571 3551 2246 2246 3551 3550 2246 3550 2244 3572 3573 3574 2261 3575 2273 2273 3575 3576 3576 3575 3572 3572 3575 3577 3572 3577 3573 2853 2854 3578 3578 2854 3579 3578 3579 3574 3574 3579 3580 3574 3580 3572 3581 3582 3583 3583 3582 2261 3583 2261 2264 3584 2871 2869 2869 3585 3584 3584 3585 3586 3584 3586 3581 3581 3586 3587 3581 3587 3582 2168 2166 3588 3589 3590 3588 3588 3590 3591 3588 3591 2168 2396 2395 3589 3589 2395 3592 3592 3593 3589 3589 3593 3594 3589 3594 3590 3595 2153 2169 2153 3595 3596 3596 3595 3597 3596 3597 3598 3599 3600 3601 3602 3603 3601 3601 3603 3604 3601 3604 3599 3605 3606 3607 3607 3606 3608 3607 3608 3609 2169 2168 3610 2169 3611 3595 3595 3611 3612 3595 3612 3597 2395 3608 3592 3592 3608 3606 3592 3606 3593 3593 3606 3605 3593 3605 3594 3594 3605 3613 3594 3613 3590 2169 3610 3611 3611 3610 3614 3611 3614 3612 3612 3614 3600 3612 3600 3597 3597 3600 3599 3597 3599 3598 3609 3602 3607 3607 3602 3601 3607 3601 3605 3605 3601 3600 3605 3600 3613 3613 3600 3614 3613 3614 3590 3590 3614 3610 3590 3610 3591 3591 3610 2168 3615 2353 3616 3617 3618 3619 3620 3621 3622 3621 3617 3622 3622 3617 3619 3622 3619 3623 3623 3619 3624 3623 3624 2396 3618 3615 3619 3619 3615 3616 3619 3616 3624 3624 3616 3625 3624 3625 2396 2166 3620 3588 3588 3620 3622 3588 3622 3589 3589 3622 3623 3589 3623 2396 1432 2396 3625 1432 3625 3626 3626 3625 3616 3626 3616 3627 3627 3616 2353 3627 2353 2351 3602 3609 3628 3608 2395 2397 3629 3630 3631 3632 3633 3634 3150 2153 3596 3633 2330 3634 3634 2330 3159 3634 3159 3635 3635 3159 3151 3635 3151 3636 3636 3151 3150 3609 3608 3628 3628 3608 2397 3628 2397 3637 3637 2397 2398 3637 2398 3638 3638 2398 2408 3150 3596 3636 3636 3596 3598 3636 3598 3599 3638 3629 3637 3637 3629 3631 3637 3631 3628 3628 3631 3639 3628 3639 3602 3602 3639 3603 3630 3632 3631 3631 3632 3634 3631 3634 3639 3639 3634 3635 3639 3635 3603 3603 3635 3636 3603 3636 3604 3604 3636 3599 2165 3640 2166 2166 3640 3620 3620 3640 3621 3621 3640 3641 3621 3641 3617 3617 3641 3642 3617 3642 3618 3618 3642 3643 3618 3643 3615 3643 3644 3615 3615 3644 2352 3615 2352 2353 2426 1417 3645 2426 3645 3646 3646 3645 3647 3646 3647 3648 3648 3647 2350 3648 2350 2352 1470 1397 3649 3649 1397 1469 1470 3649 1473 1473 3649 3650 1473 3650 3651 3651 3650 3652 3652 3650 3653 3652 3653 3654 3654 3653 3655 3655 3653 3656 3655 3656 3657 3657 3656 3658 3658 3656 2351 3658 2351 2350 1439 1432 3659 1469 1468 3649 3649 1468 3660 2351 3656 3627 3627 3656 3661 3627 3661 3626 3626 3661 3662 3626 3662 1432 3656 3653 3661 3661 3653 3663 3661 3663 3662 3662 3663 3664 3662 3664 1432 3650 3649 3665 3665 3649 3660 3665 3660 3666 3666 3660 3659 3666 3659 1432 1468 1467 3660 3660 1467 1466 3660 1466 3659 3659 1466 1440 3659 1440 1439 3653 3650 3663 3663 3650 3665 3663 3665 3664 3664 3665 3666 3664 3666 1432 2330 3633 2331 2331 3633 3667 3633 3632 3667 3667 3632 3630 3667 3630 3668 3668 3630 3629 3668 3629 2407 2407 3629 3638 2407 3638 2408 3669 3670 2426 3670 3669 3671 3642 3641 3672 3672 3641 3640 3671 3672 3673 3673 3672 3640 3673 3640 2165 3671 3669 3672 3672 3669 3674 3672 3674 3642 2352 3644 3674 3674 3644 3643 3674 3643 3642 2426 3646 3669 3669 3646 3675 3669 3675 3674 3674 3675 2352 3646 3648 3675 3675 3648 2352 3676 3645 1417 3676 1417 3677 3678 3677 1417 1475 3678 1417 1473 3651 1474 1474 3651 3679 1474 3679 1475 3651 3652 3679 3679 3652 3654 3679 3654 3680 3654 3655 3680 3680 3655 3657 3680 3657 3681 3657 3658 3681 3681 3658 2350 3681 2350 3647 1475 3679 3678 3678 3679 3680 3678 3680 3677 3677 3680 3681 3677 3681 3676 3676 3681 3647 3676 3647 3645 1364 1366 3682 1366 1368 3683 1433 3684 2406 2406 3684 3685 2406 3685 2409 2409 3685 3686 2409 3686 2410 2410 3686 3687 2410 3687 2411 2411 3687 3688 2411 3688 2419 2419 3688 3689 2419 3689 2420 2420 3689 3690 2420 3690 2421 2421 3690 3691 2421 3691 2416 2416 3691 3683 2416 3683 2417 2417 3683 1368 2417 1368 1370 1366 3683 3682 3682 3683 3691 3682 3691 3692 3692 3691 3690 3692 3690 3693 3693 3690 3689 3693 3689 3694 3694 3689 3688 3694 3688 3695 3695 3688 3687 3695 3687 3696 3696 3687 3686 3696 3686 3697 3697 3686 3685 3697 3685 3698 3698 3685 3684 3698 3684 3699 1433 1436 3684 3684 1436 1438 3684 1438 3699 3699 1438 1444 3699 1444 1443 1364 3682 2563 2563 3682 3692 2563 3692 2565 2565 3692 3693 2565 3693 2567 2567 3693 3694 2567 3694 2569 2569 3694 3695 2569 3695 2571 2571 3695 3696 2571 3696 2573 2573 3696 3697 2573 3697 2575 2575 3697 3698 2575 3698 2577 2577 3698 3699 2577 3699 2579 2579 3699 1443 2579 1443 1442 3700 3701 3702 3701 3700 2847 2847 3700 3703 2847 3703 2849 3704 3705 3702 3702 3705 3706 3702 3706 3700 3702 3707 3704 3704 3707 2407 3704 2407 2418 2165 2167 3708 2165 3708 3673 3673 3708 3709 3673 3709 3671 3671 3709 3710 3671 3710 3670 3670 3710 2426 2426 3710 2433 2436 3711 3712 3711 3713 3714 3713 2561 2562 3713 2562 3714 3714 2562 2564 3714 2564 3715 3715 2564 2566 3715 2566 3716 3716 2566 2568 3716 2568 3717 3717 2568 2570 3717 2570 3718 3718 2570 2572 3718 2572 3719 3719 2572 2574 3719 2574 3720 3720 2574 2576 3720 2576 3721 3721 2576 2578 3721 2578 3722 3722 2578 1379 3722 1379 1377 3711 3714 3712 3712 3714 3715 3712 3715 3723 3723 3715 3716 3723 3716 3724 3724 3716 3717 3724 3717 3725 3725 3717 3718 3725 3718 3726 3726 3718 3719 3726 3719 3727 3727 3719 3720 3727 3720 3728 3728 3720 3721 3728 3721 3729 3729 3721 3722 3729 3722 3730 3730 3722 1377 3730 1377 1375 2436 3712 2437 2437 3712 3723 2437 3723 2438 2438 3723 3724 2438 3724 2445 2445 3724 3725 2445 3725 2434 2434 3725 3726 2434 3726 2449 2449 3726 3727 2449 3727 2450 2450 3727 3728 2450 3728 2435 2435 3728 3729 2435 3729 2454 2454 3729 3730 2454 3730 2455 2455 3730 1375 2455 1375 1374 1364 2561 3731 3732 3733 3734 3734 3733 2356 3734 2356 2357 3735 3736 3732 3732 3736 3737 3732 3737 3733 3735 3738 3736 3736 3738 1371 3736 1371 3731 3731 1371 1365 3731 1365 1364 3732 3734 3739 3738 3735 3740 3735 3732 3740 3740 3732 3739 3740 3739 3741 3741 3739 3742 3741 3742 1370 3734 2357 3739 3739 2357 3743 3739 3743 3742 3742 3743 3744 3742 3744 1370 1371 3738 1372 1372 3738 3740 1372 3740 1373 1373 3740 3741 1373 3741 1370 3745 3746 3747 2400 3748 2418 2418 3748 3749 3749 3748 3745 3745 3748 3750 3745 3750 3746 2839 2840 3751 3751 2840 3752 3751 3752 3747 3747 3752 3753 3747 3753 3745 3754 3755 3756 3757 3758 1941 3759 3760 3761 3761 3760 2433 3762 3763 3754 3754 3763 3764 3754 3764 3755 3755 3764 3759 3765 3766 3767 3767 3766 3768 3767 3768 3762 2433 3710 3761 3761 3710 3769 3769 3710 3709 3769 3709 3708 1941 3765 3757 3757 3765 3767 3757 3767 3758 3758 3767 3770 3758 3770 3771 3759 3761 3755 3755 3761 3769 3755 3769 3756 3756 3769 3708 3756 3708 3772 3772 3708 2167 3772 2167 2156 3762 3754 3767 3767 3754 3756 3767 3756 3770 3770 3756 3772 3770 3772 3771 3771 3772 2156 3771 2156 3758 3758 2156 1941 3773 3711 2436 3773 2436 3774 3775 3774 2436 3776 3775 2436 3777 3776 2436 3777 3778 3779 3778 2356 3733 3778 3733 3779 3779 3733 3737 3779 3737 3780 3780 3737 3736 3780 3736 3781 3781 3736 3731 3781 3731 3782 3782 3731 2561 3782 2561 3713 3777 3779 3776 3776 3779 3780 3776 3780 3775 3775 3780 3781 3775 3781 3774 3774 3781 3782 3774 3782 3773 3773 3782 3713 3773 3713 3711 1337 1370 3744 1337 3744 3783 3783 3744 3743 3783 3743 3784 3784 3743 2357 3784 2357 2355 3785 3786 3787 3787 3786 2400 3787 2400 2405 3788 2844 2842 2842 3789 3788 3788 3789 3790 3788 3790 3785 3785 3790 3791 3785 3791 3786 1978 1979 3792 3793 3794 3795 3796 2432 2433 2432 3796 2431 3797 2448 3798 3798 2448 2431 3795 3794 3798 3798 3794 3799 3798 3799 3797 3793 3795 3792 3792 3795 3800 3792 3800 1978 3801 1975 1977 3802 1972 1974 3802 3762 3768 1941 1972 3765 3765 1972 3802 3765 3802 3766 3766 3802 3768 2433 3760 3796 3796 3760 3759 3796 3759 3803 3803 3759 3764 3803 3764 3763 3763 3762 3803 3803 3762 3802 3803 3802 3801 3801 3802 1974 3801 1974 1975 2431 3796 3798 3798 3796 3803 3798 3803 3795 3795 3803 3801 3795 3801 3800 3800 3801 1977 3800 1977 1978 2436 1313 3804 2436 3804 3777 3777 3804 3805 3777 3805 3778 3778 3805 2354 3778 2354 2356 1293 1357 3806 3807 1361 3806 3806 1361 1358 3806 1358 1293 3808 3809 3807 3807 3809 3810 3807 3810 1361 3807 3811 3808 3808 3811 3812 3808 3812 3813 3813 3812 2355 3813 2355 2354 3814 1338 1337 3814 1337 3815 3816 3815 1337 3817 3816 1337 3783 3817 1337 3783 3784 3818 3784 2355 3812 3784 3812 3818 3818 3812 3811 3818 3811 3819 3819 3811 3807 3819 3807 3820 3820 3807 3806 3820 3806 3821 3821 3806 1357 3821 1357 1347 3783 3818 3817 3817 3818 3819 3817 3819 3816 3816 3819 3820 3816 3820 3815 3815 3820 3821 3815 3821 3814 3814 3821 1347 3814 1347 1338 3822 2341 2340 3822 2340 3823 3823 2340 3824 3823 3824 3825 3825 3824 3826 3826 3824 3827 3826 3827 3828 3828 3827 2405 3828 2405 2403 2443 2448 3829 3829 2448 3797 3829 3797 3830 3830 3797 3799 3830 3799 3831 3831 3799 3794 3831 3794 3832 3832 3794 3793 3832 3793 3833 3833 3793 3792 3833 3792 1969 1969 3792 1979 3808 3813 3834 3810 3809 3835 3809 3808 3835 3835 3808 3834 3835 3834 3836 3836 3834 3837 3836 3837 1313 3813 2354 3834 3834 2354 3805 3834 3805 3837 3837 3805 3804 3837 3804 1313 1361 3810 1362 1362 3810 3835 1362 3835 1363 1363 3835 3836 1363 3836 1313 1260 1262 3838 1262 1264 3839 1264 1266 2390 1264 2390 3839 3839 2390 2399 3839 2399 3840 3840 2399 2414 3840 2414 3841 3841 2414 2413 3841 2413 3842 3842 2413 2412 3842 2412 3843 3843 2412 2401 3843 2401 3844 3844 2401 2402 3844 2402 3845 3845 2402 2404 3845 2404 3846 3846 2404 2415 3846 2415 3847 3847 2415 1319 3847 1319 1317 1262 3839 3838 3838 3839 3840 3838 3840 3848 3848 3840 3841 3848 3841 3849 3849 3841 3842 3849 3842 3850 3850 3842 3843 3850 3843 3851 3851 3843 3844 3851 3844 3852 3852 3844 3845 3852 3845 3853 3853 3845 3846 3853 3846 3854 3854 3846 3847 3854 3847 3855 3855 3847 1317 3855 1317 1315 1260 3838 2544 2544 3838 3848 2544 3848 2546 2546 3848 3849 2546 3849 2548 2548 3849 3850 2548 3850 2550 2550 3850 3851 2550 3851 2552 2552 3851 3852 2552 3852 2554 2554 3852 3853 2554 3853 2556 2556 3853 3854 2556 3854 2558 2558 3854 3855 2558 3855 2560 2560 3855 1315 2560 1315 1314 3856 3857 3858 3166 2341 3822 3172 3169 3859 3857 3860 3861 3861 3860 3862 3861 3862 3863 3858 3857 3859 3859 3857 3861 3859 3861 3172 3172 3861 3863 3172 3863 2171 3864 2393 2394 2394 3865 3864 3864 3865 3866 3864 3866 3858 3858 3866 3867 3858 3867 3856 2392 3868 2403 2403 3868 3828 3869 3825 3868 3868 3825 3826 3868 3826 3828 3169 3166 3870 3870 3166 3822 3870 3822 3869 3869 3822 3823 3869 3823 3825 3169 3870 3859 3859 3870 3869 3859 3869 3858 3858 3869 3868 3858 3868 3864 3864 3868 2392 3864 2392 2393 2429 2430 3871 2427 2429 3872 3872 2429 3873 3872 3873 3874 3874 3873 3875 3875 3873 3876 3875 3876 3877 3877 3876 3878 3877 3878 3879 3879 3880 3881 3881 3882 3879 3879 3882 3877 1940 3880 1964 1964 3880 3879 1964 3879 1966 1966 3879 3878 1966 3878 1967 3833 1969 3883 3883 1969 1970 3883 1970 1971 3833 3883 3832 3832 3883 3884 3832 3884 3831 3831 3884 3830 3830 3884 3871 3830 3871 3829 3829 3871 2430 3829 2430 2443 2429 3871 3873 3873 3871 3884 3873 3884 3876 3876 3884 3883 3876 3883 3878 3878 3883 1971 3878 1971 1967 2439 3885 3886 3885 3887 3888 3887 2542 2543 3887 2543 3888 3888 2543 2545 3888 2545 3889 3889 2545 2547 3889 2547 3890 3890 2547 2549 3890 2549 3891 3891 2549 2551 3891 2551 3892 3892 2551 2553 3892 2553 3893 3893 2553 2555 3893 2555 3894 3894 2555 2557 3894 2557 3895 3895 2557 2559 3895 2559 3896 3896 2559 1275 3896 1275 1273 3885 3888 3886 3886 3888 3889 3886 3889 3897 3897 3889 3890 3897 3890 3898 3898 3890 3891 3898 3891 3899 3899 3891 3892 3899 3892 3900 3900 3892 3893 3900 3893 3901 3901 3893 3894 3901 3894 3902 3902 3894 3895 3902 3895 3903 3903 3895 3896 3903 3896 3904 3904 3896 1273 3904 1273 1271 2439 3886 2440 2440 3886 3897 2440 3897 2441 2441 3897 3898 2441 3898 2451 2451 3898 3899 2451 3899 2452 2452 3899 3900 2452 3900 2453 2453 3900 3901 2453 3901 2444 2444 3901 3902 2444 3902 2442 2442 3902 3903 2442 3903 2446 2446 3903 3904 2446 3904 2447 2447 3904 1271 2447 1271 1270 1260 2542 3905 3906 3907 3908 3908 3907 2424 3908 2424 2425 3909 3910 3906 3906 3910 3911 3906 3911 3907 3909 3912 3910 3910 3912 1267 3910 1267 3905 3905 1267 1261 3905 1261 1260 3906 3908 3913 3912 3909 3914 3909 3906 3914 3914 3906 3913 3914 3913 3915 3915 3913 3916 3915 3916 1266 3908 2425 3913 3913 2425 3917 3913 3917 3916 3916 3917 3918 3916 3918 1266 1267 3912 1268 1268 3912 3914 1268 3914 1269 1269 3914 3915 1269 3915 1266 3919 3920 3921 2170 3922 3923 3924 3925 3926 3926 3925 3927 3927 3925 3865 3927 3865 2394 3919 3921 3928 3862 3860 3929 3929 3860 3928 3926 3930 3924 3924 3930 3931 3924 3931 3923 3923 3931 2180 3923 2180 2170 3932 2171 3863 3921 3933 3928 3928 3933 3932 3928 3932 3929 3929 3932 3863 3929 3863 3862 2170 2171 3932 3860 3857 3928 3928 3857 3919 3919 3857 3856 3919 3856 3920 3920 3856 3867 3920 3867 3866 2170 3932 3922 3922 3932 3933 3922 3933 3923 3923 3933 3921 3923 3921 3924 3924 3921 3920 3924 3920 3925 3925 3920 3866 3925 3866 3865 3934 3935 3936 2182 2181 3937 1940 2182 3938 3938 2182 3939 3880 1940 3938 3940 3941 3881 3942 2427 3934 3934 2427 3872 3934 3872 3935 3935 3872 3874 3875 3877 3941 3941 3877 3882 3941 3882 3881 3942 3934 3943 3943 3934 3936 3943 3936 3944 3944 3936 3945 3944 3945 3946 3939 3947 3938 3938 3947 3948 3938 3948 3880 2182 3937 3939 3939 3937 3949 3939 3949 3947 3947 3949 3940 3947 3940 3948 3948 3940 3881 3948 3881 3880 3874 3875 3935 3935 3875 3941 3935 3941 3936 3936 3941 3940 3936 3940 3945 3945 3940 3949 3945 3949 3946 3946 3949 3937 3946 3937 3950 3950 3937 2181 3951 3885 2439 3951 2439 3952 3953 3952 2439 3954 3953 2439 3955 3954 2439 3955 3956 3957 3956 2424 3907 3956 3907 3957 3957 3907 3911 3957 3911 3958 3958 3911 3910 3958 3910 3959 3959 3910 3905 3959 3905 3960 3960 3905 2542 3960 2542 3887 3955 3957 3954 3954 3957 3958 3954 3958 3953 3953 3958 3959 3953 3959 3952 3952 3959 3960 3952 3960 3951 3951 3960 3887 3951 3887 3885 2391 1266 3918 2391 3918 3961 3961 3918 3917 3961 3917 3962 3962 3917 2425 3962 2425 2423 3963 3964 3931 3931 3964 2178 3931 2178 2180 3931 3930 3963 3963 3930 3926 3963 3926 2391 2391 3926 3927 2391 3927 2394 2181 2179 3965 3966 3946 3965 3965 3946 3950 3965 3950 2181 2428 2427 3966 3966 2427 3942 3942 3943 3966 3966 3943 3944 3966 3944 3946 2439 2428 3967 2439 3967 3955 3955 3967 3968 3955 3968 3956 3956 3968 2422 3956 2422 2424 3969 2178 3964 3970 3971 3972 3973 3974 3975 3974 3970 3975 3975 3970 3972 3975 3972 3976 3976 3972 3977 3976 3977 2391 3971 3969 3972 3972 3969 3964 3972 3964 3977 3977 3964 3963 3977 3963 2391 2423 3973 3962 3962 3973 3975 3962 3975 3961 3961 3975 3976 3961 3976 2391 3978 2422 3968 3979 3980 3981 3982 3983 3984 3983 3979 3984 3984 3979 3981 3984 3981 3985 3985 3981 3986 3985 3986 2428 3980 3978 3981 3981 3978 3968 3981 3968 3986 3986 3968 3967 3986 3967 2428 2179 3982 3965 3965 3982 3984 3965 3984 3966 3966 3984 3985 3966 3985 2428 2178 3969 2179 2179 3969 3982 3982 3969 3983 3983 3969 3971 3983 3971 3979 3979 3971 3970 3979 3970 3980 3980 3970 3974 3980 3974 3978 3974 3973 3978 3978 3973 2423 3978 2423 2422 2261 3987 3988 3577 3575 3988 3988 3575 2261 3989 3987 2261 3990 3991 3992 3992 3991 3993 3992 3993 3994 3995 3992 3996 3996 3992 3994 3996 3994 3997 3998 3999 4000 4000 3999 4001 4002 3995 4003 4003 3995 3996 4003 3996 4004 4004 3996 3997 4004 3997 4005 4005 3997 4006 4007 3587 4008 4008 3587 3586 2869 4009 3585 3585 4009 4010 3585 4010 3586 3586 4010 4011 3586 4011 4008 3582 3989 2261 3988 3998 3577 3577 3998 4000 3577 4000 3573 3573 4000 4001 3573 4001 3574 3574 4001 3578 4009 4006 4010 4010 4006 3997 4010 3997 4011 4011 3997 3994 4011 3994 4008 4008 3994 3993 4008 3993 4007 4007 3993 3991 2853 3578 4002 4002 3578 4001 4002 4001 3995 3995 4001 3999 3995 3999 3992 3992 3999 3998 3992 3998 3990 3990 3998 3988 3990 3988 3991 3991 3988 3987 3991 3987 4007 4007 3987 3989 4007 3989 3587 3587 3989 3582 2853 4002 2851 2851 4002 4003 2851 4003 4012 4003 4004 4012 4012 4004 4005 4012 4005 4013 2869 2868 4009 4009 2868 4013 4009 4013 4006 4006 4013 4005 4014 4015 4016 4016 4015 4017 4016 4017 4018 4018 4017 4019 4018 4019 2868 4015 2851 4017 4017 2851 4012 4017 4012 4019 4019 4012 4013 4019 4013 2868 2855 4014 4020 4020 4014 4016 4020 4016 4021 4021 4016 4018 4021 4018 2868 2273 4022 4023 3567 3566 4023 4023 3566 2273 4024 4022 2273 4025 4026 4027 4027 4026 4028 4027 4028 4029 4030 4027 4031 4031 4027 4029 4031 4029 4032 4033 4034 4035 4035 4034 4036 4037 4030 4038 4038 4030 4031 4038 4031 4039 4039 4031 4032 4039 4032 4040 4040 4032 4041 4042 3572 4043 4043 3572 3580 2854 4044 3579 3579 4044 4045 3579 4045 3580 3580 4045 4046 3580 4046 4043 3576 4024 2273 4023 4033 3567 3567 4033 4035 3567 4035 3568 3568 4035 4036 3568 4036 3562 3562 4036 3565 4044 4041 4045 4045 4041 4032 4045 4032 4046 4046 4032 4029 4046 4029 4043 4043 4029 4028 4043 4028 4042 4042 4028 4026 2866 3565 4037 4037 3565 4036 4037 4036 4030 4030 4036 4034 4030 4034 4027 4027 4034 4033 4027 4033 4025 4025 4033 4023 4025 4023 4026 4026 4023 4022 4026 4022 4042 4042 4022 4024 4042 4024 3572 3572 4024 3576 2856 2855 4020 2856 4020 4047 4047 4020 4021 4047 4021 4048 4048 4021 2868 4048 2868 2870 2852 2851 4015 2852 4015 4049 4049 4015 4014 4049 4014 4050 4050 4014 2855 4050 2855 2857 2854 2852 4044 4044 2852 4051 4038 4039 4052 4052 4039 4040 4052 4040 4051 4051 4040 4041 4051 4041 4044 4038 4052 4037 4037 4052 2867 4037 2867 2866 2246 4053 3571 4054 4053 2246 4055 4054 2246 4054 4056 4053 4053 4056 4057 4053 4057 3571 3571 4057 3570 4055 4058 4054 4054 4058 4059 4054 4059 4056 4056 4059 4060 4056 4060 4061 2264 3570 3583 3583 3570 4057 3583 4057 3581 3581 4057 4056 3581 4056 3584 3584 4056 4061 3584 4061 2871 2859 2856 4062 4062 2856 4047 4062 4047 4063 4063 4047 4048 4063 4048 2870 4064 2867 4065 2857 4066 4050 4050 4066 4067 4049 4050 4068 4068 4050 4067 4068 4067 4069 4069 4067 4065 4069 4065 2867 4066 4070 4067 4067 4070 4071 4067 4071 4065 4065 4071 4072 4065 4072 4064 2852 4049 4051 4051 4049 4068 4051 4068 4052 4052 4068 4069 4052 4069 2867 2872 2871 4073 4073 2871 4061 4073 4061 4074 4074 4061 4060 4074 4060 4075 4075 4060 4059 4075 4059 4076 4076 4059 4058 4076 4058 4077 4077 4058 4055 4077 4055 2245 2245 4055 2246 2860 2859 4062 2860 4062 4078 4078 4062 4063 4078 4063 4079 4079 4063 2870 4079 2870 2872 2856 2859 2858 2858 2859 2861 2858 4080 2857 2857 4080 4066 4066 4080 4070 4070 4080 4081 4070 4081 4071 4071 4081 4082 4071 4082 4072 4072 4082 4083 4072 4083 4064 4083 4084 4064 4064 4084 2865 4064 2865 2867 4073 4074 4085 4086 4087 4088 2238 4089 2239 2239 4089 4087 2239 4087 2241 2241 4087 4086 4074 4075 4086 4086 4075 4076 4086 4076 2241 2241 4076 4077 2241 4077 2245 4078 4079 4085 4085 4079 2872 4085 2872 4073 4089 4090 4087 4087 4090 4091 4087 4091 4088 4088 4091 4092 4088 4092 4093 4074 4086 4085 4085 4086 4088 4085 4088 4078 4078 4088 4093 4078 4093 2860 2858 2861 4080 4080 2861 4094 4080 4094 4081 2865 4084 4095 4095 4084 4083 4095 4083 4094 4094 4083 4082 4094 4082 4081 2238 2237 4089 4089 2237 4096 4089 4096 4090 4090 4096 4097 4090 4097 4091 4091 4097 4098 4091 4098 4092 4092 4098 4099 4092 4099 4093 4093 4099 4100 4093 4100 2860 2860 4100 2862 2861 2862 4101 2861 4101 4094 4094 4101 4102 4094 4102 4095 4095 4102 2863 4095 2863 2865 4100 4099 4103 4104 4105 4106 2247 4107 2232 2232 4107 4105 2232 4105 2250 2250 4105 4104 4099 4098 4104 4104 4098 4097 4104 4097 2250 2250 4097 4096 2250 4096 2237 4102 4101 4103 4103 4101 2862 4103 2862 4100 4107 4108 4105 4105 4108 4109 4105 4109 4106 4106 4109 4110 4106 4110 4111 4099 4104 4103 4103 4104 4106 4103 4106 4102 4102 4106 4111 4102 4111 2863 2864 2863 4112 4112 2863 4111 4112 4111 4113 4113 4111 4110 4113 4110 4114 4114 4110 4109 4114 4109 4115 4115 4109 4108 4115 4108 4116 4116 4108 4107 4116 4107 2249 2249 4107 2247 4117 3548 2266 4112 4113 4118 4114 4115 4119 2249 4120 4119 4115 4116 4119 4119 4116 2249 3549 4120 2249 3549 3548 4120 4120 3548 4117 4120 4117 4119 4119 4117 4118 4119 4118 4114 4114 4118 4113 2864 4112 3563 3563 4112 4118 3563 4118 3564 3564 4118 4117 3564 4117 3569 3569 4117 2266 2418 4121 4122 3705 3704 4122 4122 3704 2418 4123 4121 2418 4124 4125 4126 4126 4125 4127 4126 4127 4128 4129 4126 4130 4130 4126 4128 4130 4128 4131 4132 4133 4134 4134 4133 4135 4136 4129 4137 4137 4129 4130 4137 4130 4138 4138 4130 4131 4138 4131 4139 4139 4131 4140 4141 3745 4142 4142 3745 3753 2840 4143 3752 3752 4143 4144 3752 4144 3753 3753 4144 4145 3753 4145 4142 3749 4123 2418 4122 4132 3705 3705 4132 4134 3705 4134 3706 3706 4134 4135 3706 4135 3700 3700 4135 3703 4143 4140 4144 4144 4140 4131 4144 4131 4145 4145 4131 4128 4145 4128 4142 4142 4128 4127 4142 4127 4141 4141 4127 4125 2849 3703 4136 4136 3703 4135 4136 4135 4129 4129 4135 4133 4129 4133 4126 4126 4133 4132 4126 4132 4124 4124 4132 4122 4124 4122 4125 4125 4122 4121 4125 4121 4141 4141 4121 4123 4141 4123 3745 3745 4123 3749 2849 4136 2850 2850 4136 4137 2850 4137 4146 4137 4138 4146 4146 4138 4139 4146 4139 4147 2840 2838 4143 4143 2838 4147 4143 4147 4140 4140 4147 4139 2400 4148 4149 3750 3748 4149 4149 3748 2400 4150 4148 2400 4151 4152 4153 4153 4152 4154 4153 4154 4155 4156 4153 4157 4157 4153 4155 4157 4155 4158 4159 4160 4161 4161 4160 4162 4163 4156 4164 4164 4156 4157 4164 4157 4165 4165 4157 4158 4165 4158 4166 4166 4158 4167 4168 3791 4169 4169 3791 3790 2842 4170 3789 3789 4170 4171 3789 4171 3790 3790 4171 4172 3790 4172 4169 3786 4150 2400 4149 4159 3750 3750 4159 4161 3750 4161 3746 3746 4161 4162 3746 4162 3747 3747 4162 3751 4170 4167 4171 4171 4167 4158 4171 4158 4172 4172 4158 4155 4172 4155 4169 4169 4155 4154 4169 4154 4168 4168 4154 4152 2839 3751 4163 4163 3751 4162 4163 4162 4156 4156 4162 4160 4156 4160 4153 4153 4160 4159 4153 4159 4151 4151 4159 4149 4151 4149 4152 4152 4149 4148 4152 4148 4168 4168 4148 4150 4168 4150 3791 3791 4150 3786 4173 4174 4175 4175 4174 4176 4175 4176 4177 4177 4176 4178 4177 4178 2850 4174 2834 4176 4176 2834 4179 4176 4179 4178 4178 4179 4180 4178 4180 2850 2838 4173 4147 4147 4173 4175 4147 4175 4146 4146 4175 4177 4146 4177 2850 2842 2841 4170 4170 2841 4181 4164 4165 4182 4182 4165 4166 4182 4166 4181 4181 4166 4167 4181 4167 4170 4164 4182 4163 4163 4182 2837 4163 2837 2839 2836 2834 4174 2836 4174 4183 4183 4174 4173 4183 4173 4184 4184 4173 2838 4184 2838 2837 2848 2850 4180 2848 4180 4185 4185 4180 4179 4185 4179 4186 4186 4179 2834 4186 2834 2833 4187 4184 2837 4188 4183 4184 2836 4183 4189 4189 4183 4188 4189 4188 4190 4190 4188 4191 4184 4187 4188 4188 4187 4192 4188 4192 4191 2841 4193 4192 4192 4193 4194 4192 4194 4191 2837 4182 4187 4187 4182 4195 4187 4195 4192 4192 4195 2841 4182 4181 4195 4195 4181 2841 2833 2830 4186 4186 2830 4196 4186 4196 4185 4185 4196 4197 4185 4197 2848 4198 4199 2331 4198 2331 4200 4201 3668 2407 2847 4202 3701 3701 4202 4203 3701 4203 3702 3702 4203 4201 3702 4201 3707 3707 4201 2407 4202 4199 4203 4203 4199 4198 4203 4198 4201 4201 4198 4200 4201 4200 3668 3668 4200 3667 3667 4200 2331 2843 4204 2841 2841 4204 4193 4193 4204 4194 4194 4204 4205 4194 4205 4191 4191 4205 4206 4191 4206 4190 4190 4206 4207 4190 4207 4189 4207 4208 4189 4189 4208 2835 4189 2835 2836 2830 2833 2832 2832 2833 2835 2846 2848 4197 2846 4197 4209 4209 4197 4196 4209 4196 4210 4210 4196 2830 4210 2830 2829 2847 2846 4202 4202 2846 4211 4202 4211 4199 4199 4211 4212 4199 4212 2331 2331 4212 2333 4204 2843 4213 2835 4208 2832 2832 4208 4214 4208 4207 4214 4214 4207 4206 4214 4206 4213 4213 4206 4205 4213 4205 4204 2829 4215 4210 4210 4215 4216 4210 4216 4209 4209 4216 4217 4209 4217 2846 2846 4217 4211 4215 4218 4216 4216 4218 4219 4216 4219 4217 4217 4219 4220 4217 4220 4211 4211 4220 4212 4218 2336 4219 4219 2336 2335 4219 2335 4220 4220 2335 2334 4220 2334 4212 4212 2334 2333 2843 2845 4221 2843 4221 4213 4213 4221 4222 4213 4222 4214 4214 4222 2831 4214 2831 2832 2338 2336 4223 4223 2336 4218 4223 4218 4224 4224 4218 4215 4224 4215 2831 2831 4215 2829 2845 4225 4221 4221 4225 4226 4221 4226 4222 4222 4226 4227 4222 4227 2831 2831 4227 4224 4225 4228 4226 4226 4228 4229 4226 4229 4227 4227 4229 4230 4227 4230 4224 4224 4230 4223 4228 2342 4229 4229 2342 2343 4229 2343 4230 4230 2343 2339 4230 2339 4223 4223 2339 2338 2845 2844 4225 4225 2844 4231 4225 4231 4228 4228 4231 4232 4228 4232 2342 2342 4232 2340 4233 3824 2340 4233 2340 4234 4235 4231 2844 2405 3827 3787 3787 3827 4236 3787 4236 3785 3785 4236 4235 3785 4235 3788 3788 4235 2844 3827 3824 4236 4236 3824 4233 4236 4233 4235 4235 4233 4234 4235 4234 4231 4231 4234 4232 4232 4234 2340 1259 1241 4237 1241 1224 4238 1224 1223 2597 1224 2597 4238 4238 2597 2598 4238 2598 4239 4239 2598 2609 4239 2609 4240 4240 2609 2608 4240 2608 4241 4241 2608 2607 4241 2607 4242 4242 2607 2603 4242 2603 4243 4243 2603 2613 4243 2613 4244 4244 2613 2612 4244 2612 4245 4245 2612 2611 4245 2611 4246 4246 2611 2606 4246 2606 4247 4247 2606 2605 4247 2605 4248 4248 2605 2604 4248 2604 4249 4249 2604 2602 4249 2602 4250 4250 2602 2601 4250 2601 4251 4251 2601 2610 4251 2610 4252 4252 2610 2600 4252 2600 4253 4253 2600 2599 4253 2599 4254 4254 2599 1189 4254 1189 1187 1241 4238 4237 4237 4238 4239 4237 4239 4255 4255 4239 4240 4255 4240 4256 4256 4240 4241 4256 4241 4257 4257 4241 4242 4257 4242 4258 4258 4242 4243 4258 4243 4259 4259 4243 4244 4259 4244 4260 4260 4244 4245 4260 4245 4261 4261 4245 4246 4261 4246 4262 4262 4246 4247 4262 4247 4263 4263 4247 4248 4263 4248 4264 4264 4248 4249 4264 4249 4265 4265 4249 4250 4265 4250 4266 4266 4250 4251 4266 4251 4267 4267 4251 4252 4267 4252 4268 4268 4252 4253 4268 4253 4269 4269 4253 4254 4269 4254 4270 4270 4254 1187 4270 1187 1185 1259 4237 2596 2596 4237 4255 2596 4255 2595 2595 4255 4256 2595 4256 2594 2594 4256 4257 2594 4257 2593 2593 4257 4258 2593 4258 2592 2592 4258 4259 2592 4259 2591 2591 4259 4260 2591 4260 2590 2590 4260 4261 2590 4261 2589 2589 4261 4262 2589 4262 2588 2588 4262 4263 2588 4263 2587 2587 4263 4264 2587 4264 2586 2586 4264 4265 2586 4265 2585 2585 4265 4266 2585 4266 2584 2584 4266 4267 2584 4267 2583 2583 4267 4268 2583 4268 2582 2582 4268 4269 2582 4269 2581 2581 4269 4270 2581 4270 2580 2580 4270 1185 2580 1185 1184 1144 1145 1687 1687 1145 4271 1687 4271 1688 1688 4271 4272 1688 4272 1689 1689 4272 4273 1689 4273 1690 1690 4273 4274 1690 4274 1691 1691 4274 4275 1691 4275 1692 1692 4275 4276 1692 4276 1693 1693 4276 4277 1693 4277 1694 1694 4277 4278 1694 4278 1695 1695 4278 4279 1695 4279 1696 1696 4279 4280 1696 4280 1697 1697 4280 4281 1697 4281 1698 1698 4281 4282 1698 4282 1699 1699 4282 4283 1699 4283 1700 1700 4283 4284 1700 4284 1701 1701 4284 4285 1701 4285 1702 1702 4285 4286 1702 4286 1703 1703 4286 4287 1703 4287 1108 1108 4287 1109 1145 1164 4271 4271 1164 4288 4271 4288 4272 4272 4288 4289 4272 4289 4273 4273 4289 4290 4273 4290 4274 4274 4290 4291 4274 4291 4275 4275 4291 4292 4275 4292 4276 4276 4292 4293 4276 4293 4277 4277 4293 4294 4277 4294 4278 4278 4294 4295 4278 4295 4279 4279 4295 4296 4279 4296 4280 4280 4296 4297 4280 4297 4281 4281 4297 4298 4281 4298 4282 4282 4298 4299 4282 4299 4283 4283 4299 4300 4283 4300 4284 4284 4300 4301 4284 4301 4285 4285 4301 4302 4285 4302 4286 4286 4302 4303 4286 4303 4287 4287 4303 4304 4287 4304 1109 1109 4304 1146 1164 1183 4288 4288 1183 2293 4288 2293 4289 4289 2293 2295 4289 2295 4290 4290 2295 2305 4290 2305 4291 4291 2305 2307 4291 2307 4292 4292 2307 2329 4292 2329 4293 4293 2329 2326 4293 2326 4294 4294 2326 2325 4294 2325 4295 4295 2325 2324 4295 2324 4296 4296 2324 2322 4296 2322 4297 4297 2322 2321 4297 2321 4298 4298 2321 2316 4298 2316 4299 4299 2316 2315 4299 2315 4300 4300 2315 2313 4300 2313 4301 4301 2313 2312 4301 2312 4302 4302 2312 2317 4302 2317 4303 4303 2317 2318 4303 2318 4304 4304 2318 2311 4304 2311 1146 1146 2311 1165 2797 2798 4305 2797 4305 4306 4306 4305 4307 4306 4307 4308 4308 4307 2724 4308 2724 2723 2713 2714 4309 2713 4309 4310 4310 4309 4311 4310 4311 4312 4312 4311 2774 4312 2774 2773 2827 2828 4313 4313 2828 4314 4313 4314 4315 4315 4314 4316 4315 4316 4317 4317 4316 4318 4317 4318 2715 2715 4318 2716 2721 2722 4319 4319 2722 4320 4319 4320 4321 4321 4320 4322 4321 4322 4323 4323 4322 4324 4323 4324 2799 2799 4324 2800 4325 4326 4327 4327 4326 4328 4327 4328 4329 4329 4328 4330 4329 4330 2323 4326 2656 4328 4328 2656 4331 4328 4331 4330 4330 4331 4332 4330 4332 2323 2712 4325 4333 4333 4325 4327 4333 4327 4334 4334 4327 4329 4334 4329 2323 2314 2323 4332 2314 4332 4335 4335 4332 4331 4335 4331 4336 4336 4331 2656 4336 2656 2655 2714 2712 4333 2714 4333 4337 4337 4333 4334 4337 4334 4338 4338 4334 2323 4338 2323 2327 2712 2711 4339 2712 4339 4325 4325 4339 4340 4325 4340 4326 4326 4340 2657 4326 2657 2656 2234 4341 4342 4341 4343 4344 4343 2310 2298 4343 2298 4344 4344 2298 2297 4344 2297 4345 4345 2297 2296 4345 2296 4346 4346 2296 2314 4346 2314 4335 4341 4344 4342 4342 4344 4345 4342 4345 4347 4347 4345 4346 4347 4346 4348 4348 4346 4335 4348 4335 4336 2234 4342 3128 3128 4342 4347 3128 4347 3132 3132 4347 4348 3132 4348 3134 3134 4348 4336 3134 4336 2655 4349 2289 2288 2327 2290 4338 4338 2290 4350 4338 4350 4337 4337 4350 4351 4337 4351 2714 2290 2289 4350 4350 2289 4349 4350 4349 4351 4351 4349 4352 2288 4353 4349 4349 4353 4354 4349 4354 4352 4352 4354 4355 4352 4355 4356 2714 4351 4309 4309 4351 4352 4309 4352 4311 4311 4352 4356 4311 4356 2774 2671 2670 4357 4357 2670 4358 4357 4358 4359 4359 4358 4360 4359 4360 2728 2728 4360 4361 2670 2661 4358 4358 2661 4362 4358 4362 4360 4360 4362 4363 4360 4363 4361 4361 4363 4364 2661 2657 4362 4362 2657 4340 4362 4340 4363 4363 4340 4339 4363 4339 4364 4364 4339 2711 2309 2310 4343 2309 4343 4365 4365 4343 4341 4365 4341 4366 4366 4341 2234 4366 2234 2233 4367 4354 4353 4354 4367 4355 4368 4369 4370 4369 2798 2796 2790 4371 4372 4369 2796 4370 4370 2796 2794 4370 2794 4372 4372 2794 2792 4372 2792 2790 2778 4373 4374 2790 2788 4371 4371 2788 2786 4371 2786 4375 4375 2786 2784 4375 2784 4376 4376 2784 2782 4376 2782 4374 4374 2782 2780 4374 2780 2778 2778 2776 4373 4373 2776 2774 4373 2774 4356 4377 4378 4379 4379 4378 4368 4368 4370 4379 4379 4370 4372 4379 4372 4380 4380 4372 4371 4380 4371 4381 4381 4371 4375 4381 4375 4382 4382 4375 4376 4382 4376 4383 4383 4376 4374 4383 4374 4384 4384 4374 4373 4384 4373 4367 4367 4373 4356 4367 4356 4355 4385 4386 4377 4377 4379 4385 4385 4379 4380 4385 4380 4387 4387 4380 4381 4387 4381 4388 4388 4381 4382 4388 4382 4389 4389 4382 4383 4389 4383 4390 4390 4383 4384 4390 4384 4391 4391 4384 4367 4391 4367 4392 4392 4367 4353 4392 4353 2288 2288 2328 4392 4392 2328 2306 4392 2306 4391 4391 2306 2294 4391 2294 4390 4390 2294 2292 4390 2292 4389 4389 2292 2287 4389 2287 4388 4388 2287 2286 4388 2286 4387 4387 2286 2303 4387 2303 4385 4385 2303 2302 4385 2302 4386 2711 2713 4364 4364 2713 4393 4364 4393 4361 4361 4393 4394 4361 4394 2728 2728 4394 2730 2728 2727 4395 2728 4395 4359 4359 4395 4396 4359 4396 4357 4357 4396 2672 4357 2672 2671 2717 2718 4397 2717 4397 4398 4398 4397 4399 4398 4399 4400 4400 4399 2669 4400 2669 2668 4401 4402 4403 4403 4402 4404 4403 4404 4405 4405 4404 4406 4405 4406 2718 4402 2669 4404 4404 2669 4399 4404 4399 4406 4406 4399 4397 4406 4397 2718 1836 4401 4407 4407 4401 4403 4407 4403 4408 4408 4403 4405 4408 4405 2718 4409 2304 2319 4410 4411 4412 4412 4411 4409 4409 2319 4412 4412 2319 2320 4412 2320 4413 4413 2320 2308 4413 2308 4414 4414 2308 2309 4414 2309 4365 4415 4416 4417 4417 4416 4410 4410 4412 4417 4417 4412 4413 4417 4413 4418 4418 4413 4414 4418 4414 4419 4419 4414 4365 4419 4365 4366 3117 2705 4415 4415 4417 3117 3117 4417 4418 3117 4418 3121 3121 4418 4419 3121 4419 3125 3125 4419 4366 3125 4366 2233 2302 2300 4386 4386 2300 4420 4386 4420 4377 4377 4420 4378 4378 4420 4421 4378 4421 4368 4368 4421 4369 4369 4421 4305 4369 4305 2798 2300 2299 4420 4420 2299 4422 4420 4422 4421 4421 4422 4423 4421 4423 4305 4305 4423 4307 2299 2301 4422 4422 2301 4424 4422 4424 4423 4423 4424 4425 4423 4425 4307 4307 4425 2724 2773 4426 4312 4312 4426 4427 4312 4427 4310 4310 4427 4428 4310 4428 2713 2713 4428 4393 4426 4429 4427 4427 4429 4430 4427 4430 4428 4428 4430 4431 4428 4431 4393 4393 4431 4394 4429 2768 4430 4430 2768 2770 4430 2770 4431 4431 2770 2731 4431 2731 4394 4394 2731 2730 2668 2667 4400 4400 2667 4432 4400 4432 4398 4398 4432 4433 4398 4433 2717 2717 4433 4434 2667 2660 4432 4432 2660 4435 4432 4435 4433 4433 4435 4436 4433 4436 4434 4434 4436 4437 2660 2672 4435 4435 2672 4396 4435 4396 4436 4436 4396 4395 4436 4395 4437 4437 4395 2727 2718 2716 4438 2718 4438 4408 4408 4438 4439 4408 4439 4407 4407 4439 1838 4407 1838 1836 4402 4401 4440 4440 4401 1836 4440 1836 1847 4440 4441 4402 4402 4441 4442 4402 4442 2669 2669 4442 4443 2669 4443 2658 2304 4409 2291 2291 4409 4444 4444 4409 4445 4445 4409 4411 4445 4411 4446 4446 4411 4410 4446 4410 4447 4447 4410 4416 4447 4416 4448 4416 4415 4448 4448 4415 2705 4448 2705 2706 2726 2724 4425 2726 4425 4449 4449 4425 4424 4449 4424 4450 4450 4424 2301 4450 2301 2291 2768 4429 2766 2766 4429 4451 2766 4451 2764 2764 4451 4452 2764 4452 2762 2762 4452 4453 2762 4453 2760 2760 4453 4454 2760 4454 2758 2758 4454 4455 2758 4455 2756 2756 4455 4456 2756 4456 2754 2754 4456 4457 2754 4457 2752 2752 4457 4458 2752 4458 2750 2750 4458 4459 2750 4459 2748 2748 4459 4460 2748 4460 2746 2746 4460 4461 2746 4461 2745 2745 4461 4462 4429 4426 4451 4451 4426 4463 4451 4463 4452 4452 4463 4464 4452 4464 4453 4453 4464 4465 4453 4465 4454 4454 4465 4466 4454 4466 4455 4455 4466 4467 4455 4467 4456 4456 4467 4468 4456 4468 4457 4457 4468 4469 4457 4469 4458 4458 4469 4470 4458 4470 4459 4459 4470 4471 4459 4471 4460 4460 4471 4472 4460 4472 4461 4461 4472 4473 4461 4473 4462 4462 4473 4474 4426 2773 4463 4463 2773 2775 4463 2775 4464 4464 2775 2777 4464 2777 4465 4465 2777 2779 4465 2779 4466 4466 2779 2781 4466 2781 4467 4467 2781 2783 4467 2783 4468 4468 2783 2785 4468 2785 4469 4469 2785 2787 4469 2787 4470 4470 2787 2789 4470 2789 4471 4471 2789 2791 4471 2791 4472 4472 2791 2793 4472 2793 4473 4473 2793 2795 4473 2795 4474 4474 2795 2797 2715 2717 4475 4475 2717 4434 4475 4434 4476 4476 4434 4437 4476 4437 2729 2729 4437 2727 1838 4439 4477 4439 4438 4478 4438 2716 4318 4438 4318 4478 4478 4318 4316 4478 4316 4479 4479 4316 4314 4479 4314 4480 4480 4314 2828 4480 2828 4481 4439 4478 4477 4477 4478 4479 4477 4479 4482 4482 4479 4480 4482 4480 4483 4483 4480 4481 4483 4481 4484 1838 4477 1834 1834 4477 4482 1834 4482 1867 1867 4482 4483 1867 4483 1868 1868 4483 4484 1868 4484 1870 1854 4485 4486 4486 4485 4487 4486 4487 4488 4489 1850 4490 4490 1850 1852 4440 1847 1849 4491 4489 4488 4488 4489 4490 4488 4490 4486 4486 4490 1852 4486 1852 1854 2708 3192 4492 4492 3192 4493 4492 4493 4494 3192 3194 4493 4493 3194 3196 4493 3196 4495 4495 3196 3198 4495 3198 4496 4496 3198 3200 2658 4443 3202 3202 4443 4497 3202 4497 4498 4498 4497 4491 4443 4442 4497 4497 4442 4441 4497 4441 4491 4491 4441 4440 4491 4440 4489 4489 4440 1849 4489 1849 1850 4485 4494 4487 4487 4494 4493 4487 4493 4488 4488 4493 4495 4488 4495 4491 4491 4495 4496 4491 4496 4498 4498 4496 3200 4498 3200 3202 4499 4450 2291 4500 4501 4502 4503 4504 2726 4501 4447 4448 4504 4502 4505 4505 4502 4501 4505 4501 4506 4506 4501 4448 4506 4448 2706 4450 4499 4449 2291 4444 4500 4500 4444 4445 4500 4445 4501 4501 4445 4446 4501 4446 4447 4504 4503 4502 4502 4503 4507 4502 4507 4500 4500 4507 2291 2726 4449 4503 4503 4449 4499 4503 4499 4507 4507 4499 2291 2723 4508 4308 4308 4508 4509 4308 4509 4306 4306 4509 4510 4306 4510 2797 2797 4510 4474 4508 4511 4509 4509 4511 4512 4509 4512 4510 4510 4512 4513 4510 4513 4474 4474 4513 4462 4511 2736 4512 4512 2736 2738 4512 2738 4513 4513 2738 2739 4513 2739 4462 4462 2739 2745 2771 4514 2772 2772 4514 4515 2772 4515 2732 2732 4515 4516 2732 4516 2733 2733 4516 4517 2733 4517 2729 2729 4517 4476 4514 4518 4515 4515 4518 4519 4515 4519 4516 4516 4519 4520 4516 4520 4517 4517 4520 4521 4517 4521 4476 4476 4521 4475 4518 2827 4519 4519 2827 4313 4519 4313 4520 4520 4313 4315 4520 4315 4521 4521 4315 4317 4521 4317 4475 4475 4317 2715 2800 4522 4523 4522 4524 4525 4524 1869 1871 4524 1871 4525 4525 1871 1873 4525 1873 4526 4526 1873 1874 4526 1874 4527 4527 1874 1866 4527 1866 4528 4528 1866 1880 4528 1880 4529 4529 1880 1881 4529 1881 4530 4530 1881 1882 4530 1882 4531 4531 1882 1884 4531 1884 4532 4532 1884 1883 4532 1883 4533 4533 1883 1865 4533 1865 4534 4534 1865 1864 4534 1864 4535 4535 1864 1879 4535 1879 4536 4536 1879 1872 4536 1872 4537 4537 1872 1870 4537 1870 4484 4522 4525 4523 4523 4525 4526 4523 4526 4538 4538 4526 4527 4538 4527 4539 4539 4527 4528 4539 4528 4540 4540 4528 4529 4540 4529 4541 4541 4529 4530 4541 4530 4542 4542 4530 4531 4542 4531 4543 4543 4531 4532 4543 4532 4544 4544 4532 4533 4544 4533 4545 4545 4533 4534 4545 4534 4546 4546 4534 4535 4546 4535 4547 4547 4535 4536 4547 4536 4548 4548 4536 4537 4548 4537 4549 4549 4537 4484 4549 4484 4481 2800 4523 2802 2802 4523 4538 2802 4538 2804 2804 4538 4539 2804 4539 2806 2806 4539 4540 2806 4540 2808 2808 4540 4541 2808 4541 2810 2810 4541 4542 2810 4542 2812 2812 4542 4543 2812 4543 2814 2814 4543 4544 2814 4544 2816 2816 4544 4545 2816 4545 2818 2818 4545 4546 2818 4546 2820 2820 4546 4547 2820 4547 2822 2822 4547 4548 2822 4548 2824 2824 4548 4549 2824 4549 2826 2826 4549 4481 2826 4481 2828 4494 4485 4550 4550 4485 1854 4550 1854 1877 2710 2708 4551 4551 2708 4492 4551 4492 4552 4552 4492 4494 4552 4494 4553 4553 4494 4550 2725 2726 4504 2725 4504 4554 4554 4504 4505 4554 4505 4555 4555 4505 4506 4555 4506 4556 4556 4506 2706 4556 2706 2701 2723 2725 4508 4508 2725 4557 4508 4557 4511 4511 4557 4558 4511 4558 2736 2736 4558 2734 2827 4518 2825 2825 4518 4559 2825 4559 2823 2823 4559 4560 2823 4560 2821 2821 4560 4561 2821 4561 2819 2819 4561 4562 2819 4562 2817 2817 4562 4563 2817 4563 2815 2815 4563 4564 2815 4564 2813 2813 4564 4565 2813 4565 2811 2811 4565 4566 2811 4566 2809 2809 4566 4567 2809 4567 2807 2807 4567 4568 2807 4568 2805 2805 4568 4569 2805 4569 2803 2803 4569 4570 2803 4570 2801 2801 4570 4571 2801 4571 2799 2799 4571 4572 4518 4514 4559 4559 4514 4573 4559 4573 4560 4560 4573 4574 4560 4574 4561 4561 4574 4575 4561 4575 4562 4562 4575 4576 4562 4576 4563 4563 4576 4577 4563 4577 4564 4564 4577 4578 4564 4578 4565 4565 4578 4579 4565 4579 4566 4566 4579 4580 4566 4580 4567 4567 4580 4581 4567 4581 4568 4568 4581 4582 4568 4582 4569 4569 4582 4583 4569 4583 4570 4570 4583 4584 4570 4584 4571 4571 4584 4585 4571 4585 4572 4572 4585 4586 4514 2771 4573 4573 2771 2769 4573 2769 4574 4574 2769 2767 4574 2767 4575 4575 2767 2765 4575 2765 4576 4576 2765 2763 4576 2763 4577 4577 2763 2761 4577 2761 4578 4578 2761 2759 4578 2759 4579 4579 2759 2757 4579 2757 4580 4580 2757 2755 4580 2755 4581 4581 2755 2753 4581 2753 4582 4582 2753 2751 4582 2751 4583 4583 2751 2749 4583 2749 4584 4584 2749 2747 4584 2747 4585 4585 2747 2744 4585 2744 4586 4586 2744 2743 1869 4524 4587 4524 4522 4588 4522 2800 4324 4522 4324 4588 4588 4324 4322 4588 4322 4589 4589 4322 4320 4589 4320 4590 4590 4320 2722 4590 2722 4591 4524 4588 4587 4587 4588 4589 4587 4589 4592 4592 4589 4590 4592 4590 4593 4593 4590 4591 4593 4591 4594 1869 4587 1832 1832 4587 4592 1832 4592 1833 1833 4592 4593 1833 4593 1844 1844 4593 4594 1844 4594 1843 3182 3180 4595 1857 4596 4597 1857 4597 1878 1878 4597 4550 1878 4550 1877 1859 1861 4598 4598 1861 4599 4598 4599 4600 4600 4599 4601 4600 4601 4602 4553 4550 4603 4603 4550 4597 4603 4597 4604 4604 4597 4596 4605 4606 4607 3184 4605 3186 3186 4605 4607 3186 4607 3188 3188 4607 3189 3184 2710 4605 4605 2710 4551 4605 4551 4552 3180 3189 4595 4595 3189 4607 4595 4607 4608 4608 4607 4606 4608 4606 4604 4604 4606 4605 4604 4605 4603 4603 4605 4552 4603 4552 4553 2689 3182 4609 4609 3182 4595 4609 4595 4602 4602 4595 4608 4602 4608 4600 4600 4608 4604 4600 4604 4598 4598 4604 4596 4598 4596 1859 1859 4596 1857 2701 2702 4556 4556 2702 4610 4557 2725 4611 4611 2725 4554 4611 4554 4610 4610 4554 4555 4610 4555 4556 2702 2698 4610 4610 2698 4612 4610 4612 4611 4611 4612 4613 4611 4613 4557 4557 4613 4558 2698 2697 4612 4612 2697 4614 4612 4614 4613 4613 4614 4615 4613 4615 4558 4558 4615 2734 2737 4616 2740 2740 4616 4617 2740 4617 2741 2741 4617 4618 2741 4618 2742 2742 4618 4619 2742 4619 2743 2743 4619 4586 4616 4620 4617 4617 4620 4621 4617 4621 4618 4618 4621 4622 4618 4622 4619 4619 4622 4623 4619 4623 4586 4586 4623 4572 4620 2721 4621 4621 2721 4319 4621 4319 4622 4622 4319 4321 4622 4321 4623 4623 4321 4323 4623 4323 4572 4572 4323 2799 2722 2720 4624 2722 4624 4591 4591 4624 4625 4591 4625 4594 4594 4625 1842 4594 1842 1843 1842 4626 1861 1861 4626 4599 4599 4626 4601 4601 4626 4627 4601 4627 4602 2690 2689 4627 4627 2689 4609 4627 4609 4602 2735 2734 4615 2735 4615 4628 4628 4615 4614 4628 4614 4629 4629 4614 2697 4629 2697 2695 2719 2721 4630 4630 2721 4620 4630 4620 4631 4631 4620 4616 4631 4616 2735 2735 4616 2737 4632 4633 4634 4634 4633 4635 4634 4635 4636 4636 4635 4637 4636 4637 1842 4633 2690 4635 4635 2690 4627 4635 4627 4637 4637 4627 4626 4637 4626 1842 2720 4632 4624 4624 4632 4634 4624 4634 4625 4625 4634 4636 4625 4636 1842 2695 2694 4629 4629 2694 4638 4629 4638 4628 4628 4638 4639 4628 4639 2735 2735 4639 4631 2694 2693 4638 4638 2693 4640 4638 4640 4639 4639 4640 4641 4639 4641 4631 4631 4641 4630 2693 2692 4640 4640 2692 4642 4640 4642 4641 4641 4642 4643 4641 4643 4630 4630 4643 2719 2720 2719 4643 2720 4643 4632 4632 4643 4642 4632 4642 4633 4633 4642 2692 4633 2692 2690 4644 4645 4646 4647 4648 4649 2679 4650 4651 4651 4650 4652 4651 4652 4653 4654 2687 4655 4655 2687 2685 4656 2682 2688 4657 4654 4653 4653 4654 4655 4653 4655 4651 4651 4655 2685 4651 2685 2679 3108 4649 3106 3106 4649 4648 3106 4648 2243 3108 3109 4649 4649 3109 3111 4649 3111 4658 4658 3111 3112 4658 3112 4659 4659 3112 3114 2159 4645 3115 3115 4645 4644 3115 4644 4660 4660 4644 4646 4660 4646 4657 4657 4646 4656 4657 4656 4654 4654 4656 2688 4654 2688 2687 4650 4647 4652 4652 4647 4649 4652 4649 4653 4653 4649 4658 4653 4658 4657 4657 4658 4659 4657 4659 4660 4660 4659 3114 4660 3114 3115 2242 2243 4648 2242 4648 4661 4661 4648 4647 4661 4647 4662 4662 4647 4650 4662 4650 4663 4663 4650 4664 4664 4650 2679 4664 2679 2678 2159 2158 4665 2159 4665 4645 4645 4665 4666 4645 4666 4646 4646 4666 4667 4646 4667 4656 4656 4667 2680 4656 2680 2682 4668 4669 2236 2240 2242 4670 4670 2242 4661 4670 4661 4671 4671 4661 4662 4671 4662 4663 2678 4672 4673 4674 4675 4676 4676 4675 4677 4676 4677 4668 4668 4677 4678 4668 4678 4669 4672 4679 4673 4673 4679 4674 4673 4674 4680 4680 4674 4676 4680 4676 4681 4681 4676 4668 4681 4668 4682 4682 4668 2236 2236 2240 4682 4682 2240 4670 4682 4670 4681 4681 4670 4671 4681 4671 4680 4680 4671 4663 4680 4663 4673 4673 4663 4664 4673 4664 2678 2674 2680 4683 4683 2680 4667 2158 4684 4665 4665 4684 4685 4665 4685 4666 4666 4685 4686 4666 4686 4667 4667 4686 4687 4667 4687 4683 4688 4689 4690 4691 4692 4693 4689 4688 2683 2677 2684 4688 4688 2684 2686 4688 2686 2683 4672 4693 4679 4679 4693 4692 4679 4692 4674 4674 4692 4694 4674 4694 4675 4695 4678 4677 3126 2236 4669 3118 3123 4696 4696 3123 3122 4696 3122 4697 4698 2703 4699 4699 2703 3116 3122 3120 4697 4697 3120 3119 4697 3119 4700 4700 3119 3124 4700 3124 4695 4695 3124 3126 4695 3126 4678 4678 3126 4669 4698 4699 4690 4690 4699 4691 4690 4691 4688 4688 4691 4693 4688 4693 2677 2677 4693 4672 2677 4672 2678 3116 3118 4699 4699 3118 4696 4699 4696 4691 4691 4696 4697 4691 4697 4692 4692 4697 4700 4692 4700 4694 4694 4700 4695 4694 4695 4675 4675 4695 4677 2157 4701 2158 2158 4701 4684 4684 4701 4685 4685 4701 4702 4685 4702 4686 4686 4702 4703 4686 4703 4687 4687 4703 4704 4687 4704 4683 4704 4705 4683 4683 4705 2676 4683 2676 2674 2680 2674 2681 2681 2674 2673 2704 2703 4698 2704 4698 4706 4706 4698 4690 4706 4690 4707 4707 4690 4689 4707 4689 4708 4708 4689 2683 4708 2683 2681 4701 2157 4709 4710 2649 2676 2676 4705 4710 4710 4705 4704 4710 4704 4711 4711 4704 4703 4711 4703 4709 4709 4703 4702 4709 4702 4701 2699 2704 4706 2699 4706 4712 4712 4706 4707 4712 4707 4713 4707 4708 4713 4713 4708 2681 4713 2681 2673 2157 2154 4709 4709 2154 4714 4714 4715 4709 4709 4715 4716 4709 4716 4711 4711 4716 4717 4711 4717 4710 4710 4717 2642 4710 2642 2649 2676 2649 2675 2675 2649 2648 4718 2700 2699 4718 2699 4719 4719 2699 4712 4719 4712 4720 4720 4712 4713 4720 4713 4721 4721 4713 4722 4722 4713 2673 4722 2673 2675 3155 3154 4723 2640 4724 4725 2640 4725 2638 2638 4725 4726 2638 4726 2636 2643 2642 4727 4727 2642 4717 4727 4717 4728 4728 4717 4716 4728 4716 4715 4729 4726 4730 4730 4726 4725 4730 4725 4731 4731 4725 4724 4732 4733 3152 3152 3158 4732 4732 3158 3157 4732 3157 3156 4734 4732 4735 4735 4732 3156 4735 3156 2332 3154 3153 4723 4723 3153 3152 4723 3152 4736 4736 3152 4733 4736 4733 4731 4731 4733 4732 4731 4732 4730 4730 4732 4734 4730 4734 4729 2154 3155 4714 4714 3155 4723 4714 4723 4715 4715 4723 4736 4715 4736 4728 4728 4736 4731 4728 4731 4727 4727 4731 4724 4727 4724 2643 2643 4724 2640 2700 4718 2696 2696 4718 4737 4737 4718 4738 4738 4718 4719 4738 4719 4739 4739 4719 4720 4739 4720 4740 4740 4720 4721 4740 4721 4741 4721 4722 4741 4741 4722 2675 4741 2675 2648 2332 2337 4735 4735 2337 4742 4735 4742 4734 4734 4742 4743 4734 4743 4729 4729 4743 4726 4743 4744 4726 4726 4744 2635 4726 2635 2636 2691 2696 4745 4745 2696 4737 4745 4737 4746 4746 4737 4738 4746 4738 4747 4747 4738 4739 4747 4739 4748 4748 4739 4740 4748 4740 2650 2650 4740 4741 2650 4741 2648 2231 2230 4749 4749 2230 4750 4749 4750 4751 4751 4750 4752 4752 4750 4753 4752 4753 4754 2615 2614 4755 4755 2614 4754 4755 4754 4756 4756 4754 4753 3142 3141 4757 2618 4758 4759 2618 4759 2619 2619 4759 4754 2619 4754 2614 2624 2623 4760 4760 2623 4761 4760 4761 4762 4762 4761 4763 4762 4763 4764 4752 4754 4765 4765 4754 4759 4765 4759 4766 4766 4759 4758 4767 4768 4769 3140 3139 4769 4769 3139 3145 4769 3145 4767 4767 3145 3144 4767 3144 3143 4751 4767 4749 4749 4767 3143 4749 3143 2231 3141 3140 4757 4757 3140 4769 4757 4769 4770 4770 4769 4768 4770 4768 4766 4766 4768 4767 4766 4767 4765 4765 4767 4751 4765 4751 4752 2177 3142 4771 4771 3142 4757 4771 4757 4764 4764 4757 4770 4764 4770 4762 4762 4770 4766 4762 4766 4760 4760 4766 4758 4760 4758 2624 2624 4758 2618 4743 4742 4772 2646 2647 4773 2634 2635 4774 4774 2635 4744 4774 4744 4775 4776 2629 2646 4775 4777 4774 4774 4777 4778 4774 4778 2634 2634 4778 2647 3167 4772 3165 3165 4772 4742 3165 4742 2337 3167 3168 4772 4772 3168 3170 4772 3170 4779 4779 3170 3171 4779 3171 3173 2647 4778 4773 4773 4778 4777 4773 4777 4780 4780 4777 4781 4780 4781 4782 2646 4773 4776 4776 4773 4780 4776 4780 4783 4783 4780 4782 4783 4782 4784 2174 4784 3174 3174 4784 4782 3174 4782 3173 3173 4782 4781 3173 4781 4779 4779 4781 4777 4779 4777 4772 4772 4777 4775 4772 4775 4743 4743 4775 4744 4785 4786 4787 4788 4789 4790 2651 2641 4791 4792 4793 2654 2654 4793 2637 2641 2639 4791 4791 2639 4790 4791 4790 4794 4794 4790 4789 4794 4789 4795 3191 4796 3190 3190 4796 4797 3190 4797 2709 3185 3187 4798 4798 3187 3179 4746 4786 4745 4745 4786 4785 4745 4785 2691 2691 4785 3181 3191 3183 4796 4796 3183 3185 4796 3185 4787 4787 3185 4798 4787 4798 4785 4785 4798 3179 4785 3179 3181 2639 2637 4790 4790 2637 4793 4790 4793 4788 4788 4793 4792 4788 4792 4799 2650 2651 4748 4748 2651 4791 4748 4791 4747 4747 4791 4794 4747 4794 4746 4746 4794 4795 4746 4795 4786 4786 4795 4789 4786 4789 4787 4787 4789 4788 4787 4788 4796 4796 4788 4799 4796 4799 4797 4800 4753 4750 2615 4755 4801 4801 4755 4802 4801 4802 4803 4803 4802 4804 4803 4804 4805 2235 4806 4807 4807 4806 4808 4807 4808 4809 4804 4810 4809 4809 4810 4811 4809 4811 4807 4807 4811 2235 4808 4812 4809 4809 4812 4813 4809 4813 4804 4804 4813 4814 4804 4814 4805 2230 2251 4750 4750 2251 4815 4750 4815 4800 4755 4756 4802 4802 4756 4753 4802 4753 4804 4804 4753 4800 4804 4800 4810 4810 4800 4815 4810 4815 4811 4811 4815 2251 4811 2251 2235 2621 4816 2623 2623 4816 4761 4761 4816 4763 4763 4816 4817 4763 4817 4764 2176 2177 4817 4817 2177 4771 4817 4771 4764 2628 4818 2627 2627 4818 4819 4819 4818 4820 4820 4818 4821 4820 4821 4822 4822 4821 4823 4822 4823 4824 4824 4823 4825 4824 4825 4826 4825 4827 4826 4826 4827 2175 4826 2175 2176 2630 2629 4776 2630 4776 4828 4828 4776 4783 4828 4783 4829 4829 4783 4784 4829 4784 4830 4830 4784 2174 4830 2174 2175 2654 2653 4792 4792 2653 4831 4792 4831 4799 4831 4832 4799 4799 4832 4833 4799 4833 4797 4797 4833 4834 4797 4834 2709 2709 4834 2707 3135 3136 4835 4836 2616 2615 4806 2235 3127 3127 3129 4837 4806 3127 4808 4808 3127 4837 4808 4837 4812 2615 4801 4836 4836 4801 4803 4836 4803 4838 4838 4803 4805 4838 4805 4839 4839 4805 4814 4839 4814 4813 3131 3133 4840 4840 4841 3131 3131 4841 4837 3131 4837 3130 3130 4837 3129 2617 2616 4842 4842 2616 4836 4842 4836 4843 4843 4836 4838 4843 4838 4841 4841 4838 4839 4841 4839 4837 4837 4839 4813 4837 4813 4812 3136 2666 4835 4835 2666 4844 4835 4844 4845 4845 4844 4846 4845 4846 4847 2622 2617 4848 4848 2617 4842 4848 4842 4847 4847 4842 4843 4847 4843 4845 4845 4843 4841 4845 4841 4835 4835 4841 4840 4835 4840 3135 3135 4840 3133 4826 2176 4817 2621 2627 4816 4816 2627 4819 4819 4820 4816 4816 4820 4822 4816 4822 4817 4817 4822 4824 4817 4824 4826 2628 2630 4818 4818 2630 4828 2175 4827 4830 4830 4827 4825 4830 4825 4829 4829 4825 4823 4829 4823 4828 4828 4823 4821 4828 4821 4818 4849 4850 2659 4851 4852 2632 2645 4853 2632 4854 2653 2652 4852 4855 2632 2632 4855 4854 2632 4854 2633 2633 4854 2652 4834 4833 4855 4855 4833 4832 4855 4832 4854 4854 4832 4831 4854 4831 2653 3193 4856 3195 3195 4856 4857 3195 4857 3197 3197 4857 4858 3197 4858 3199 3199 4858 4859 3199 4859 3201 2645 2644 4853 4853 2644 4860 4853 4860 4861 4861 4860 4862 4861 4862 4863 2632 4853 4851 4851 4853 4861 4851 4861 4849 4849 4861 4863 4849 4863 4850 2659 3201 4849 4849 3201 4859 4849 4859 4851 4851 4859 4858 4851 4858 4852 4852 4858 4857 4852 4857 4855 4855 4857 4856 4855 4856 4834 4834 4856 3193 4834 3193 2707 2666 2665 4844 4844 2665 4864 4844 4864 4846 4846 4864 4865 4846 4865 4847 4847 4865 4866 4847 4866 4848 4848 4866 2620 4848 2620 2622 2627 2621 2625 2625 2621 2620 2630 2628 2631 2631 2628 2626 2662 2659 4867 4867 2659 4850 4867 4850 4868 4868 4850 4863 4868 4863 4869 4869 4863 4862 4869 4862 4870 4870 4862 4860 4870 4860 4871 4871 4860 2644 4871 2644 2631 2665 2664 4872 4866 4865 4872 4872 4865 4864 4872 4864 2665 4872 4873 4866 4866 4873 2625 4866 2625 2620 2662 4867 2663 2663 4867 4874 4874 4867 4875 4875 4867 4868 4875 4868 4876 4876 4868 4869 4876 4869 4877 4877 4869 4870 4877 4870 4878 4870 4871 4878 4878 4871 2631 4878 2631 2626 2664 2663 4874 2664 4874 4872 4872 4874 4875 4872 4875 4873 4875 4876 4873 4873 4876 4877 4873 4877 2625 2625 4877 4878 2625 4878 2626 2473 2472 4879 2526 2520 4880 4881 4882 4880 4880 4882 4883 4880 4883 2526 4881 4884 4882 4882 4884 4885 4882 4885 4879 4879 4885 4886 4879 4886 2473 2475 2473 4887 4887 2473 4888 4887 4888 4889 4889 4888 4890 4889 4890 4891 4891 4890 4892 4891 4892 4893 4893 4892 4894 4893 4894 4895 4895 4894 4896 4895 4896 2480 2480 4896 2477 4897 2525 2526 2516 2514 4898 4898 2514 4899 4898 4899 4900 4900 4899 4901 4900 4901 2464 2464 4901 4902 2514 2525 4899 4899 2525 4897 4899 4897 4901 4901 4897 4903 4901 4903 4902 4902 4903 4904 2526 4883 4897 4897 4883 4882 4897 4882 4903 4903 4882 4879 4903 4879 4904 4904 4879 2472 2474 2475 4905 2508 2510 4906 4907 4908 4909 4909 4908 4910 4909 4910 4906 4906 4910 4911 4906 4911 2508 4907 4909 4905 4905 4909 4912 4905 4912 2474 2465 2464 4913 4913 2464 4902 4913 4902 4914 4914 4902 4904 4914 4904 2474 2474 4904 2472 2517 2516 4898 2517 4898 4915 4915 4898 4900 4915 4900 4916 4916 4900 2464 4916 2464 2466 2505 4917 4918 4909 4906 4919 4917 4920 4921 4920 2465 4913 4920 4913 4921 4921 4913 4914 4921 4914 4922 4922 4914 2474 4922 2474 4912 4917 4921 4918 4918 4921 4922 4918 4922 4919 4919 4922 4912 4919 4912 4909 2505 4918 2506 2506 4918 4919 2506 4919 2507 2507 4919 4906 2507 4906 2510 4923 4924 4925 4925 4924 4926 4925 4926 4927 4927 4926 4928 4927 4928 2466 4924 2517 4926 4926 2517 4915 4926 4915 4928 4928 4915 4916 4928 4916 2466 2461 4923 4929 4929 4923 4925 4929 4925 4930 4930 4925 4927 4930 4927 2466 2505 2504 4931 2505 4931 4917 4917 4931 4932 4917 4932 4920 4920 4932 2467 4920 2467 2465 2463 2461 4929 2463 4929 4933 4933 4929 4930 4933 4930 4934 4934 4930 2466 4934 2466 2467 2515 2517 4924 2515 4924 4935 4935 4924 4923 4935 4923 4936 4936 4923 2461 4936 2461 2460 2513 2515 4937 4937 2515 4938 4937 4938 4939 4939 4938 4940 4939 4940 1896 1896 4940 1897 4941 4942 4943 4943 4942 4944 4943 4944 4945 4945 4944 4946 4945 4946 2467 4942 2463 4944 4944 2463 4933 4944 4933 4946 4946 4933 4934 4946 4934 2467 2504 4941 4931 4931 4941 4943 4931 4943 4932 4932 4943 4945 4932 4945 2467 1897 4940 1894 1894 4940 4947 1894 4947 1901 1901 4947 4948 1901 4948 1910 1910 4948 4949 4940 4938 4947 4947 4938 4950 4947 4950 4948 4948 4950 4951 4948 4951 4949 4949 4951 4952 4938 2515 4950 4950 2515 4935 4950 4935 4951 4951 4935 4936 4951 4936 4952 4952 4936 2460 2504 2499 4953 2504 4953 4941 4941 4953 4954 4941 4954 4942 4942 4954 2462 4942 2462 2463 2460 2462 4952 4952 2462 4955 4952 4955 4949 4949 4955 4956 4949 4956 1910 1910 4956 1908 1908 4956 1904 1904 4956 4957 1904 4957 1900 1900 4957 4958 1900 4958 1906 1906 4958 4959 4956 4955 4957 4957 4955 4960 4957 4960 4958 4958 4960 4961 4958 4961 4959 4959 4961 4962 4955 2462 4960 4960 2462 4954 4960 4954 4961 4961 4954 4953 4961 4953 4962 4962 4953 2499 2499 2501 4962 4962 2501 4963 4962 4963 4959 4959 4963 4964 4959 4964 1906 1906 4964 1907 4965 4966 4967 4967 4966 4968 4967 4968 4969 4969 4968 4970 4969 4970 4971 4971 4970 4972 4971 4972 4973 4966 1893 4968 4968 1893 1892 4968 1892 4970 4970 1892 1903 4970 1903 4972 4974 4975 4976 4977 4973 4972 4975 4977 4976 4976 4977 4972 4976 4972 4978 4978 4972 1903 1903 1902 4978 4978 1902 4979 4978 4979 4976 4976 4979 4980 4976 4980 4974 4974 4980 4981 4982 4983 4984 4985 4986 4987 4988 4989 4990 4990 4989 4991 4992 4993 4994 4994 4993 4995 4996 4988 4997 4997 4988 4990 4997 4990 4998 4999 5000 4987 4987 5000 4982 4987 4982 4985 4982 4984 4985 4985 4984 5001 4985 5001 4986 5001 2946 4986 4986 2946 5002 4991 4995 4990 4990 4995 4993 4990 4993 4998 4998 4993 4992 4998 4992 5003 4983 4982 4981 4981 4982 5000 4981 5000 4974 4974 5000 4999 4974 4999 4975 4975 4999 5004 4975 5004 4977 4977 5004 5005 4977 5005 4973 5002 5003 4986 4986 5003 4992 4986 4992 4987 4987 4992 4994 4987 4994 4999 4999 4994 4995 4999 4995 5004 5004 4995 4991 5004 4991 5005 5005 4991 4989 4988 4996 5006 4988 5007 4989 4989 5007 5008 4989 5008 5005 5006 1790 5009 5009 1790 1789 5009 1789 5010 5010 1789 1788 5010 1788 5011 4988 5006 5007 5007 5006 5009 5007 5009 5008 5008 5009 5010 5008 5010 5005 5005 5010 5011 5005 5011 4973 5012 5013 5014 5013 5012 5015 5014 5016 5012 5012 5016 5017 5012 5017 5018 5018 5017 5019 5018 5019 5020 5020 5021 5018 5018 5021 5022 5018 5022 5012 5012 5022 5023 5012 5023 5015 5011 1788 5021 5021 1788 2106 5021 2106 5022 5022 2106 2108 5022 2108 5023 5020 5024 5021 5021 5024 5025 5021 5025 5011 5011 5025 4973 5026 5027 5028 5028 5027 5029 5030 5031 5026 5026 5031 5027 5027 5031 5032 5027 5032 5029 5033 2097 5030 5030 2097 2095 5030 2095 5031 5031 2095 2093 5031 2093 5032 5028 5034 5026 5026 5034 5035 5026 5035 5030 5030 5035 5036 5030 5036 5033 5033 5036 5037 5038 5039 5040 5038 5040 5041 5042 5043 5044 5044 5043 5036 5044 5036 5035 5037 5036 5045 5045 5036 5043 5045 5043 5046 5046 5043 5042 5046 5042 5047 5048 5049 5050 5050 5049 5051 5050 5051 5052 5052 5051 5040 5052 5040 2949 2949 5040 5039 5053 5054 5055 5055 5054 5056 5055 5056 5057 5057 5056 5058 5049 5053 5051 5051 5053 5055 5051 5055 5040 5040 5055 5057 5040 5057 5041 5041 5057 5058 5041 5058 5059 5048 5047 5049 5049 5047 5042 5049 5042 5053 5053 5042 5044 5053 5044 5054 5054 5044 5035 5054 5035 5056 5056 5035 5034 5056 5034 5058 5058 5034 5028 5058 5028 5059 5059 5028 5029 5048 5060 5047 5047 5060 5061 5047 5061 5046 5046 5061 5062 5046 5062 5045 5045 5062 5063 5045 5063 5037 5060 2007 5061 5061 2007 2004 5061 2004 5062 5062 2004 2005 5062 2005 5063 5064 5065 5066 5067 5037 5063 5065 5067 5066 5066 5067 5063 5066 5063 5068 5068 5063 2005 2005 2006 5068 5068 2006 5069 5068 5069 5066 5066 5069 5070 5066 5070 5064 5064 5070 5071 5072 5073 5074 5075 5076 5077 5077 5076 5078 5077 5079 5075 5075 5079 5080 5075 5080 5081 5081 5080 5082 5083 5084 5074 5074 5084 5085 5074 5085 5072 5072 5085 5086 5087 5088 5089 5089 5088 5090 5089 5090 5091 5091 5090 5092 5091 5092 5093 5093 5092 5094 5082 5094 5081 5081 5094 5092 5081 5092 5075 5075 5092 5090 5075 5090 5076 5076 5090 5088 5086 5085 5071 5071 5085 5084 5071 5084 5064 5064 5084 5083 5064 5083 5065 5086 2110 5072 5072 2110 5087 5072 5087 5073 5073 5087 5089 5073 5089 5074 5074 5089 5091 5074 5091 5083 5083 5091 5093 5083 5093 5065 5065 5093 5094 5065 5094 5067 5067 5094 5082 5067 5082 5037 5095 5096 5097 2956 5098 2955 2955 5098 5099 2955 5099 2953 2953 5099 5097 2953 5097 2957 2957 5097 5096 5098 5100 5099 5099 5100 5101 5099 5101 5097 5097 5101 5102 5097 5102 5095 5095 5102 5103 5100 2943 5101 5101 2943 3097 5101 3097 5102 5102 3097 3099 5102 3099 5103 5103 3099 2937 2937 2939 5104 2937 5104 5103 5103 5104 5105 5103 5105 5095 5095 5105 5106 5095 5106 5096 5096 5106 2958 5096 2958 2957 2941 2943 5107 5107 2943 5100 5107 5100 5108 5108 5100 5109 5109 5100 5098 5109 5098 5110 5110 5098 5111 5111 5098 2956 5111 2956 2965 2960 2958 5106 2961 2960 5112 2948 2961 5113 5113 2961 5114 5113 5114 5115 5115 5114 5116 5116 5114 5117 5116 5117 5118 5118 5117 5119 5118 5119 5120 5121 5122 5120 5120 5122 5118 1999 5121 3083 3083 5121 5120 3083 5120 3085 3085 5120 5119 3085 5119 3086 5123 3088 3089 2960 5106 5112 5112 5106 5105 5112 5105 5124 5124 5105 5104 5124 5104 5123 5123 5104 2939 5123 2939 3088 2961 5112 5114 5114 5112 5124 5114 5124 5117 5117 5124 5123 5117 5123 5119 5119 5123 3089 5119 3089 3086 3092 3093 5125 5125 3093 3095 1909 3090 5126 5126 3090 5127 5126 5127 5128 5128 5127 5129 5130 5131 5132 5132 5131 5133 5132 5133 5134 3090 3092 5127 5127 3092 5125 5127 5125 5129 5129 5125 5131 5129 5131 5135 5135 5131 5130 2963 2962 5133 5133 2962 2947 5133 2947 5134 5111 2965 5136 5136 2965 2963 5137 5138 5107 5107 5138 3096 5107 3096 2941 5107 5108 5137 5137 5108 5109 5137 5109 5136 5136 5109 5110 5136 5110 5111 2963 5133 5136 5136 5133 5131 5136 5131 5137 5137 5131 5125 5137 5125 5138 5138 5125 3095 5138 3095 3096 5139 5140 5141 2000 2008 5142 1999 2000 5143 5143 2000 5144 5145 5146 5121 5115 5140 5113 5113 5140 5139 5113 5139 2948 5116 5118 5146 5146 5118 5122 5146 5122 5121 2948 5139 5147 5147 5139 5141 5147 5141 5148 5148 5141 5149 5148 5149 5150 5144 5151 5143 5143 5151 5152 5143 5152 1999 2000 5142 5144 5144 5142 5153 5144 5153 5151 5151 5153 5145 5151 5145 5152 5152 5145 5121 5152 5121 1999 5115 5116 5140 5140 5116 5146 5140 5146 5141 5141 5146 5145 5141 5145 5149 5149 5145 5153 5149 5153 5150 5150 5153 5142 5150 5142 5154 5154 5142 2008 1911 1909 5155 5156 1912 5157 5157 1912 1911 5157 1911 5158 5159 5160 5161 5161 5160 5162 5161 5162 5163 5163 5162 5164 5164 5162 5132 5164 5132 5134 1909 5126 5165 5165 5126 5128 5165 5128 5159 5161 5166 5159 5159 5166 5155 5159 5155 5165 5165 5155 1909 5128 5129 5159 5159 5129 5160 5160 5129 5135 5160 5135 5162 5162 5135 5130 5162 5130 5132 1911 5155 5158 5158 5155 5166 5158 5166 5157 5157 5166 5161 5157 5161 5156 5156 5161 5163 5156 5163 5167 5167 5163 5164 5167 5164 5168 5168 5164 5134 5168 5134 2947 3102 3103 5169 3101 5170 2006 2006 5170 5171 5171 5170 5172 5172 5170 5173 5172 5173 5174 5173 5175 5174 5174 5175 2111 5174 2111 2110 2114 2115 5176 5176 2115 5177 5176 5177 5178 5178 5177 5179 5178 5179 5180 5179 5181 5180 5180 5181 3105 5180 3105 1893 2115 2113 5177 5177 2113 5182 5177 5182 5179 5179 5182 5183 5179 5183 5181 5181 5183 5169 5169 3103 5181 5181 3103 3104 5181 3104 3105 3101 3102 5170 5170 3102 5169 5170 5169 5173 5173 5169 5183 5173 5183 5175 5175 5183 5182 5175 5182 2111 2111 5182 2113 2110 5086 5174 5174 5086 5071 5174 5071 5172 5172 5071 5070 5172 5070 5171 5171 5070 5069 5171 5069 2006 2949 2948 5052 5052 2948 5147 5052 5147 5050 5050 5147 5148 5050 5148 5048 5148 5150 5048 5048 5150 5154 5048 5154 5060 5060 5154 2008 5060 2008 2007 5059 5029 5184 1790 5006 1791 1791 5006 5185 1791 5185 1792 1792 5185 1802 1802 5185 5186 1802 5186 1801 1801 5186 1800 1800 5186 5187 1800 5187 1799 1799 5187 5188 1799 5188 1798 1798 5188 1797 1797 5188 5189 1797 5189 1796 1796 5189 1795 1795 5189 5190 1795 5190 1794 1794 5190 1793 1793 5190 5191 1793 5191 2084 2084 5191 2086 2086 5191 5192 2086 5192 2088 2088 5192 2090 2090 5192 5193 2090 5193 2092 2092 5193 5032 2092 5032 2093 2949 5039 5194 5194 5039 5038 5194 5038 5041 4997 4998 5195 5195 4998 2945 5195 2945 5196 5196 2945 2964 5196 2964 5197 5197 2964 2966 5197 2966 5198 5198 2966 2967 5198 2967 5199 5199 2967 2954 5199 2954 5200 5200 2954 2952 5200 2952 5201 5201 2952 2951 5201 2951 5202 5202 2951 2959 5202 2959 5194 5194 2959 2950 5194 2950 2949 5002 2946 2945 5002 2945 5003 5003 2945 4998 5006 4996 5185 5185 4996 5203 5185 5203 5186 5186 5203 5204 5186 5204 5187 5187 5204 5205 5187 5205 5188 5188 5205 5206 5188 5206 5189 5189 5206 5207 5189 5207 5190 5190 5207 5208 5190 5208 5191 5191 5208 5209 5191 5209 5192 5192 5209 5210 5192 5210 5193 5193 5210 5184 5193 5184 5032 5032 5184 5029 4996 4997 5203 5203 4997 5195 5203 5195 5204 5204 5195 5196 5204 5196 5205 5205 5196 5197 5205 5197 5206 5206 5197 5198 5206 5198 5207 5207 5198 5199 5207 5199 5208 5208 5199 5200 5208 5200 5209 5209 5200 5201 5209 5201 5210 5210 5201 5202 5210 5202 5184 5184 5202 5194 5184 5194 5059 5059 5194 5041 4984 4983 5168 5168 4983 4981 5168 4981 5167 5167 4981 4980 5167 4980 5156 5156 4980 4979 5156 4979 1912 1912 4979 1902 2947 2946 5168 5168 2946 5001 5168 5001 4984 5211 5212 2114 1893 4966 5180 5180 4966 4965 5180 4965 5178 5178 4965 5211 5178 5211 5176 5176 5211 2114 5078 5213 5077 5077 5213 5214 5077 5214 5079 5079 5214 5215 5079 5215 5080 5080 5215 5082 5216 2100 5217 5217 2100 2099 5217 2099 5218 5218 2099 2097 5218 2097 5033 5213 5216 5214 5214 5216 5217 5214 5217 5215 5215 5217 5218 5215 5218 5082 5082 5218 5033 5082 5033 5037 5219 5220 5221 5222 5016 5223 5223 5016 5014 5220 5219 5224 5224 5219 5225 5224 5225 5226 5226 5225 5227 5226 5227 5228 5228 5227 4967 5228 4967 4969 5024 5020 5229 5229 5020 5230 5230 5020 5231 5231 5020 5019 5231 5019 5222 5222 5019 5017 5222 5017 5016 4971 4973 5025 5024 5229 5025 5025 5229 5232 5025 5232 4971 5221 2114 5219 5219 2114 5212 5219 5212 5225 5225 5212 5211 5225 5211 5227 5227 5211 4965 5227 4965 4967 5223 5221 5222 5222 5221 5220 5222 5220 5231 5231 5220 5224 5231 5224 5230 5230 5224 5226 5230 5226 5229 5229 5226 5228 5229 5228 5232 5232 5228 4969 5232 4969 4971 5088 5087 5233 5234 5235 5216 2109 2104 5235 5235 2104 2102 5235 2102 5216 5216 2102 2100 5221 5223 5233 5233 5223 5014 5233 5014 5234 5234 5014 5013 5234 5013 5235 5235 5013 5015 5235 5015 2109 2109 5015 5023 2109 5023 2108 2112 2114 5221 5221 5233 2112 2112 5233 5087 2112 5087 2110 5216 5213 5234 5234 5213 5078 5234 5078 5233 5233 5078 5076 5233 5076 5088 5236 5237 5238 5238 5237 5239 5238 5239 5240 5240 5239 5241 5240 5241 5242 5242 5241 5243 5242 5243 5244 5237 1993 5239 5239 1993 1992 5239 1992 5241 5241 1992 1991 5241 1991 5243 5245 5246 5247 5248 5244 5243 5246 5248 5247 5247 5248 5243 5247 5243 5249 5249 5243 1991 1991 1988 5249 5249 1988 5250 5249 5250 5247 5247 5250 5251 5247 5251 5245 5245 5251 5252 5253 5254 5255 5256 5257 5258 5259 5260 5261 5261 5260 5262 5263 5264 5265 5265 5264 5266 5267 5259 5268 5268 5259 5261 5268 5261 5269 5270 5271 5258 5258 5271 5253 5258 5253 5256 5253 5255 5256 5256 5255 5272 5256 5272 5257 5272 2117 5257 5257 2117 5273 5262 5266 5261 5261 5266 5264 5261 5264 5269 5269 5264 5263 5269 5263 5274 5254 5253 5252 5252 5253 5271 5252 5271 5245 5245 5271 5270 5245 5270 5246 5246 5270 5275 5246 5275 5248 5248 5275 5276 5248 5276 5244 5273 5274 5257 5257 5274 5263 5257 5263 5258 5258 5263 5265 5258 5265 5270 5270 5265 5266 5270 5266 5275 5275 5266 5262 5275 5262 5276 5276 5262 5260 5259 5267 5277 5259 5278 5260 5260 5278 5279 5260 5279 5276 5277 1813 5280 5280 1813 1812 5280 1812 5281 5281 1812 1811 5281 1811 5282 5259 5277 5278 5278 5277 5280 5278 5280 5279 5279 5280 5281 5279 5281 5276 5276 5281 5282 5276 5282 5244 5283 5284 5285 5286 5287 5288 5287 5286 5289 5288 5290 5286 5286 5290 5291 5286 5291 5283 5283 5291 5292 5283 5292 5284 5285 5293 5283 5283 5293 5294 5283 5294 5286 5286 5294 5295 5286 5295 5289 5282 1811 5293 5293 1811 1810 5293 1810 5294 5294 1810 1809 5294 1809 5295 5285 5296 5293 5293 5296 5297 5293 5297 5282 5282 5297 5244 5298 5299 5300 5300 5299 5301 5302 5303 5298 5298 5303 5299 5299 5303 5304 5299 5304 5301 5305 1803 5302 5302 1803 2080 5302 2080 5303 5303 2080 2082 5303 2082 5304 5300 5306 5298 5298 5306 5307 5298 5307 5302 5302 5307 5308 5302 5308 5305 5305 5308 5309 5310 5311 5312 5310 5312 5313 5314 5315 5316 5316 5315 5308 5316 5308 5307 5309 5308 5317 5317 5308 5315 5317 5315 5318 5318 5315 5314 5318 5314 5319 5320 5321 5322 5322 5321 5323 5322 5323 5324 5324 5323 5312 5324 5312 2120 2120 5312 5311 5325 5326 5327 5327 5326 5328 5327 5328 5329 5329 5328 5330 5321 5325 5323 5323 5325 5327 5323 5327 5312 5312 5327 5329 5312 5329 5313 5313 5329 5330 5313 5330 5331 5320 5319 5321 5321 5319 5314 5321 5314 5325 5325 5314 5316 5325 5316 5326 5326 5316 5307 5326 5307 5328 5328 5307 5306 5328 5306 5330 5330 5306 5300 5330 5300 5331 5331 5300 5301 5320 5332 5319 5319 5332 5333 5319 5333 5318 5318 5333 5334 5318 5334 5317 5317 5334 5335 5317 5335 5309 5332 1918 5333 5333 1918 1899 5333 1899 5334 5334 1899 1898 5334 1898 5335 5336 5337 5338 5339 5309 5335 5337 5339 5338 5338 5339 5335 5338 5335 5340 5340 5335 1898 1898 1905 5340 5340 1905 5341 5340 5341 5338 5338 5341 5342 5338 5342 5336 5336 5342 5343 5344 5345 5346 5347 5348 5349 5349 5348 5350 5349 5351 5347 5347 5351 5352 5347 5352 5353 5353 5352 5354 5355 5356 5346 5346 5356 5357 5346 5357 5344 5344 5357 5358 5359 5360 5361 5361 5360 5362 5361 5362 5363 5363 5362 5364 5363 5364 5365 5365 5364 5366 5354 5366 5353 5353 5366 5364 5353 5364 5347 5347 5364 5362 5347 5362 5348 5348 5362 5360 5358 5357 5343 5343 5357 5356 5343 5356 5336 5336 5356 5355 5336 5355 5337 5358 2931 5344 5344 2931 5359 5344 5359 5345 5345 5359 5361 5345 5361 5346 5346 5361 5363 5346 5363 5355 5355 5363 5365 5355 5365 5337 5337 5365 5366 5337 5366 5339 5339 5366 5354 5339 5354 5309 2127 5367 2130 2130 5367 5368 2130 5368 2131 2131 5368 5369 2131 5369 2133 2133 5369 5370 5367 5371 5368 5368 5371 5372 5368 5372 5369 5369 5372 5373 5369 5373 5370 5370 5373 5374 5371 2929 5372 5372 2929 3012 5372 3012 5373 5373 3012 3014 5373 3014 5374 5374 3014 2923 2925 5375 2923 2923 5375 5374 5375 5376 5374 5374 5376 5377 5374 5377 5370 2135 2133 5378 5378 2133 5370 5378 5370 5379 5379 5370 5377 2927 2929 5380 5380 2929 5371 5380 5371 5381 5381 5371 5382 5382 5371 5367 5382 5367 5383 5383 5367 5384 5384 5367 2127 5384 2127 2125 2138 2137 5385 2119 2138 5386 5386 2138 5387 5386 5387 5388 5389 5390 5391 5391 5390 5392 5391 5392 5393 5389 5391 5394 5394 5391 3047 5394 3047 1915 5395 3050 3049 5375 2925 5396 5396 2925 3052 5396 3052 3053 5375 5396 5376 5376 5396 5397 5376 5397 5377 5377 5397 5379 5379 5397 5385 5379 5385 5378 5378 5385 2137 5378 2137 2135 5388 5387 5398 5398 5387 5399 5398 5399 5393 5393 5399 5395 5393 5395 5391 5391 5395 3049 5391 3049 3047 2138 5385 5387 5387 5385 5397 5387 5397 5399 5399 5397 5396 5399 5396 5395 5395 5396 3053 5395 3053 3050 3046 3040 5400 5401 5402 5403 5403 5402 5404 5403 5404 5405 5406 5407 5408 5408 5407 5409 5408 5409 5410 5406 5411 5407 5407 5411 5401 5407 5401 5400 5400 5401 5403 5400 5403 3046 3046 5403 5405 3046 5405 1980 2123 2122 5409 5409 2122 2118 5409 2118 5410 5384 2125 5412 5412 2125 2123 5413 5414 5380 5380 5414 3039 5380 3039 2927 5380 5381 5413 5413 5381 5382 5413 5382 5412 5412 5382 5383 5412 5383 5384 2123 5409 5412 5412 5409 5407 5412 5407 5413 5413 5407 5400 5413 5400 5414 5414 5400 3040 5414 3040 3039 5415 5416 5417 1916 1917 5418 1915 1916 5419 5419 1916 5420 5394 1915 5419 5421 5422 5389 2119 5386 5415 5415 5386 5416 5416 5386 5388 5416 5388 5398 5393 5392 5422 5422 5392 5390 5422 5390 5389 2119 5415 5423 5423 5415 5417 5423 5417 5424 5424 5417 5425 5424 5425 5426 5420 5427 5419 5419 5427 5428 5419 5428 5394 1916 5418 5420 5420 5418 5429 5420 5429 5427 5427 5429 5421 5427 5421 5428 5428 5421 5389 5428 5389 5394 5398 5393 5416 5416 5393 5422 5416 5422 5417 5417 5422 5421 5417 5421 5425 5425 5421 5429 5425 5429 5426 5426 5429 5418 5426 5418 5430 5430 5418 1917 5431 1987 5432 5432 1987 1986 5432 1986 5433 5434 5435 5436 5436 5435 5437 5436 5437 5438 5438 5437 5439 5439 5437 5408 5439 5408 5410 5404 5402 5440 5440 5402 5434 5441 1980 5405 5436 5442 5434 5434 5442 5441 5434 5441 5440 5440 5441 5405 5440 5405 5404 1986 1980 5441 5402 5401 5434 5434 5401 5435 5435 5401 5411 5435 5411 5437 5437 5411 5406 5437 5406 5408 1986 5441 5433 5433 5441 5442 5433 5442 5432 5432 5442 5436 5432 5436 5431 5431 5436 5438 5431 5438 5443 5443 5438 5439 5443 5439 5444 5444 5439 5410 5444 5410 2118 5445 5446 1905 5446 5445 5447 5447 5445 5448 5447 5448 5449 5448 5450 5449 5449 5450 2932 5449 2932 2931 3147 1993 5451 2936 2934 5452 5452 2934 5453 5452 5453 5454 5454 5453 5455 5454 5455 5456 5456 5455 5457 2934 2932 5453 5453 2932 5450 5453 5450 5455 5455 5450 5448 5455 5448 5457 5457 5448 5445 1905 3149 5445 5445 3149 3148 5445 3148 5457 5457 3148 3147 5457 3147 5456 5456 3147 5451 5456 5451 5454 5454 5451 5458 5454 5458 5452 5452 5458 5459 5452 5459 2936 2936 5459 2935 2931 5358 5449 5449 5358 5343 5449 5343 5447 5447 5343 5342 5447 5342 5446 5446 5342 5341 5446 5341 1905 2120 2119 5324 5324 2119 5423 5324 5423 5322 5322 5423 5424 5322 5424 5320 5424 5426 5320 5320 5426 5430 5320 5430 5332 5332 5430 1917 5332 1917 1918 5331 5301 5460 1813 5277 1814 1814 5277 5461 1814 5461 1815 1815 5461 1816 1816 5461 5462 1816 5462 1817 1817 5462 1818 1818 5462 5463 1818 5463 1819 1819 5463 5464 1819 5464 2061 2061 5464 2063 2063 5464 5465 2063 5465 2065 2065 5465 2067 2067 5465 5466 2067 5466 2069 2069 5466 2071 2071 5466 5467 2071 5467 2072 2072 5467 2074 2074 5467 5468 2074 5468 2076 2076 5468 2078 2078 5468 5469 2078 5469 2083 2083 5469 5304 2083 5304 2082 2120 5311 5470 5470 5311 5310 5470 5310 5313 5268 5269 5471 5471 5269 2116 5471 2116 5472 5472 2116 2124 5472 2124 5473 5473 2124 2126 5473 2126 5474 5474 2126 2128 5474 2128 5475 5475 2128 2129 5475 2129 5476 5476 2129 2132 5476 2132 5477 5477 2132 2134 5477 2134 5478 5478 2134 2136 5478 2136 5470 5470 2136 2121 5470 2121 2120 5273 2117 2116 5273 2116 5274 5274 2116 5269 5277 5267 5461 5461 5267 5479 5461 5479 5462 5462 5479 5480 5462 5480 5463 5463 5480 5481 5463 5481 5464 5464 5481 5482 5464 5482 5465 5465 5482 5483 5465 5483 5466 5466 5483 5484 5466 5484 5467 5467 5484 5485 5467 5485 5468 5468 5485 5486 5468 5486 5469 5469 5486 5460 5469 5460 5304 5304 5460 5301 5267 5268 5479 5479 5268 5471 5479 5471 5480 5480 5471 5472 5480 5472 5481 5481 5472 5473 5481 5473 5482 5482 5473 5474 5482 5474 5483 5483 5474 5475 5483 5475 5484 5484 5475 5476 5484 5476 5485 5485 5476 5477 5485 5477 5486 5486 5477 5478 5486 5478 5460 5460 5478 5470 5460 5470 5331 5331 5470 5313 5255 5254 5444 5444 5254 5252 5444 5252 5443 5443 5252 5251 5443 5251 5431 5431 5251 5250 5431 5250 1987 1987 5250 1988 2118 2117 5444 5444 2117 5272 5444 5272 5255 5487 5488 2935 1993 5237 5451 5451 5237 5236 5451 5236 5458 5458 5236 5487 5458 5487 5459 5459 5487 2935 5489 5490 5491 5349 5350 5490 5349 5492 5351 5351 5492 5493 5351 5493 5352 5352 5493 5354 5491 1805 5489 5489 1805 1804 5489 1804 5494 5494 1804 1803 5494 1803 5305 5349 5490 5492 5492 5490 5489 5492 5489 5493 5493 5489 5494 5493 5494 5354 5354 5494 5305 5354 5305 5309 5495 5296 5285 5496 5497 5498 5499 5290 5500 5500 5290 5288 5497 5496 5501 5501 5496 5502 5501 5502 5503 5503 5502 5504 5503 5504 5505 5505 5504 5238 5505 5238 5240 5495 5285 5506 5506 5285 5284 5506 5284 5507 5507 5284 5292 5507 5292 5499 5499 5292 5291 5499 5291 5290 5242 5244 5297 5296 5495 5297 5297 5495 5508 5297 5508 5242 5498 2935 5496 5496 2935 5488 5496 5488 5502 5502 5488 5487 5502 5487 5504 5504 5487 5236 5504 5236 5238 5500 5498 5499 5499 5498 5497 5499 5497 5507 5507 5497 5501 5507 5501 5506 5506 5501 5503 5506 5503 5495 5495 5503 5505 5495 5505 5508 5508 5505 5240 5508 5240 5242 5360 5359 5509 5510 5511 5491 1808 1807 5511 5511 1807 1806 5511 1806 5491 5491 1806 1805 5498 5500 5509 5509 5500 5288 5509 5288 5510 5510 5288 5287 5510 5287 5511 5511 5287 5289 5511 5289 1808 1808 5289 5295 1808 5295 1809 2933 2935 5498 5498 5509 2933 2933 5509 5359 2933 5359 2931 5491 5490 5510 5510 5490 5350 5510 5350 5509 5509 5350 5348 5509 5348 5360 5512 5513 5514 5514 5513 5515 5514 5515 5516 5516 5515 5517 5516 5517 5518 5518 5517 5519 5518 5519 5520 5513 2011 5515 5515 2011 2010 5515 2010 5517 5517 2010 2009 5517 2009 5519 5521 5522 5523 5524 5520 5519 5522 5524 5523 5523 5524 5519 5523 5519 5525 5525 5519 2009 2009 2003 5525 5525 2003 5526 5525 5526 5523 5523 5526 5527 5523 5527 5521 5521 5527 5528 5529 5530 5531 5532 5533 5534 5535 5536 5537 5537 5536 5538 5539 5540 5541 5541 5540 5542 5543 5535 5544 5544 5535 5537 5544 5537 5545 5546 5547 5534 5534 5547 5529 5534 5529 5532 5529 5531 5532 5532 5531 5548 5532 5548 5533 5548 2884 5533 5533 2884 5549 5538 5542 5537 5537 5542 5540 5537 5540 5545 5545 5540 5539 5545 5539 5550 5530 5529 5528 5528 5529 5547 5528 5547 5521 5521 5547 5546 5521 5546 5522 5522 5546 5551 5522 5551 5524 5524 5551 5552 5524 5552 5520 5549 5550 5533 5533 5550 5539 5533 5539 5534 5534 5539 5541 5534 5541 5546 5546 5541 5542 5546 5542 5551 5551 5542 5538 5551 5538 5552 5552 5538 5536 5535 5543 5553 5535 5554 5536 5536 5554 5555 5536 5555 5552 5553 2058 5556 5556 2058 2059 5556 2059 5557 5557 2059 2048 5557 2048 5558 5535 5553 5554 5554 5553 5556 5554 5556 5555 5555 5556 5557 5555 5557 5552 5552 5557 5558 5552 5558 5520 5559 5560 5561 5562 5563 5564 5563 5562 5565 5564 5566 5562 5562 5566 5567 5562 5567 5559 5559 5567 5568 5559 5568 5560 5561 5569 5559 5559 5569 5570 5559 5570 5562 5562 5570 5571 5562 5571 5565 5558 2048 5569 5569 2048 2046 5569 2046 5570 5570 2046 2044 5570 2044 5571 5561 5572 5569 5569 5572 5573 5569 5573 5558 5558 5573 5520 5574 5575 5576 5576 5575 1062 5577 5578 5574 5574 5578 5575 5575 5578 1064 5575 1064 1062 5579 1820 5577 5577 1820 1821 5577 1821 5578 5578 1821 1065 5578 1065 1064 5576 5580 5574 5574 5580 5581 5574 5581 5577 5577 5581 5582 5577 5582 5579 5579 5582 5583 1071 1069 5584 1071 5584 1072 5585 5586 5587 5587 5586 5582 5587 5582 5581 5583 5582 5588 5588 5582 5586 5588 5586 5589 5589 5586 5585 5589 5585 5590 5591 5592 5593 5593 5592 5594 5593 5594 5595 5595 5594 5584 5595 5584 1068 1068 5584 1069 5596 5597 5598 5598 5597 5599 5598 5599 5600 5600 5599 5601 5592 5596 5594 5594 5596 5598 5594 5598 5584 5584 5598 5600 5584 5600 1072 1072 5600 5601 1072 5601 1061 5591 5590 5592 5592 5590 5585 5592 5585 5596 5596 5585 5587 5596 5587 5597 5597 5587 5581 5597 5581 5599 5599 5581 5580 5599 5580 5601 5601 5580 5576 5601 5576 1061 1061 5576 1062 5591 5602 5590 5590 5602 5603 5590 5603 5589 5589 5603 5604 5589 5604 5588 5588 5604 5605 5588 5605 5583 5602 1935 5603 5603 1935 1931 5603 1931 5604 5604 1931 1930 5604 1930 5605 5606 5607 5608 5607 5606 5609 5609 5606 5610 5609 5610 5611 5605 1930 5612 5612 1930 1929 1929 5610 5612 5612 5610 5606 5612 5606 5605 5605 5606 5608 5605 5608 5583 5613 5614 5615 5616 5617 5618 5618 5617 5619 5618 5620 5616 5616 5620 5621 5616 5621 5622 5622 5621 5623 5624 5625 5615 5615 5625 5626 5615 5626 5613 5613 5626 5627 5628 5629 5630 5630 5629 5631 5630 5631 5632 5632 5631 5633 5632 5633 5634 5634 5633 5635 5623 5635 5622 5622 5635 5633 5622 5633 5616 5616 5633 5631 5616 5631 5617 5617 5631 5629 5627 5626 5611 5611 5626 5625 5611 5625 5609 5609 5625 5624 5609 5624 5607 5627 2148 5613 5613 2148 5628 5613 5628 5614 5614 5628 5630 5614 5630 5615 5615 5630 5632 5615 5632 5624 5624 5632 5634 5624 5634 5607 5607 5634 5635 5607 5635 5608 5608 5635 5623 5608 5623 5583 2892 5636 2891 2891 5636 5637 2891 5637 2890 2890 5637 5638 2890 5638 2889 2889 5638 5639 5636 5640 5637 5637 5640 5641 5637 5641 5638 5638 5641 5642 5638 5642 5639 5639 5642 5643 5640 2879 5641 5641 2879 3072 5641 3072 5642 5642 3072 3074 5642 3074 5643 5643 3074 2873 2875 5644 2873 2873 5644 5643 5644 5645 5643 5643 5645 5646 5643 5646 5639 2888 2889 5647 5647 2889 5639 5647 5639 5648 5648 5639 5646 2877 2879 5649 5649 2879 5640 5649 5640 5650 5650 5640 5651 5651 5640 5636 5651 5636 5652 5652 5636 5653 5653 5636 2892 5653 2892 2893 2881 2887 5654 2882 2881 5655 5655 2881 5656 5655 5656 5657 5657 5656 5658 5658 5656 5659 5658 5659 5660 5660 5659 5661 5660 5661 5662 5662 5663 5664 5664 5665 5662 5662 5665 5660 1924 5663 3071 3071 5663 5662 3071 5662 3070 3070 5662 5661 3070 5661 3068 5644 2875 5666 5666 2875 3065 5666 3065 3067 5644 5666 5645 5645 5666 5667 5645 5667 5646 5646 5667 5648 5648 5667 5654 5648 5654 5647 5647 5654 2887 5647 2887 2888 2881 5654 5656 5656 5654 5667 5656 5667 5659 5659 5667 5666 5659 5666 5661 5661 5666 3067 5661 3067 3068 3078 3079 5668 5668 3079 3081 1996 3076 5669 5669 3076 5670 5671 5672 5670 5670 5672 5673 5670 5673 5669 5674 5675 5676 5676 5675 5677 5676 5677 5678 3076 3078 5670 5670 3078 5668 5670 5668 5671 5671 5668 5675 5671 5675 5679 5679 5675 5674 2883 2885 5677 5677 2885 2886 5677 2886 5678 5653 2893 5680 5680 2893 2883 5681 5682 5649 5649 5682 3082 5649 3082 2877 5649 5650 5681 5681 5650 5651 5681 5651 5680 5680 5651 5652 5680 5652 5653 2883 5677 5680 5680 5677 5675 5680 5675 5681 5681 5675 5668 5681 5668 5682 5682 5668 3081 5682 3081 3082 5683 5684 5685 1925 1936 5686 1924 1925 5687 5687 1925 5688 5663 1924 5687 5689 5690 5664 5657 5684 5655 5655 5684 5683 5655 5683 2882 5658 5660 5690 5690 5660 5665 5690 5665 5664 2882 5683 5691 5691 5683 5685 5691 5685 5692 5692 5685 5693 5692 5693 5694 5688 5695 5687 5687 5695 5696 5687 5696 5663 1925 5686 5688 5688 5686 5697 5688 5697 5695 5695 5697 5689 5695 5689 5696 5696 5689 5664 5696 5664 5663 5657 5658 5684 5684 5658 5690 5684 5690 5685 5685 5690 5689 5685 5689 5693 5693 5689 5697 5693 5697 5694 5694 5697 5686 5694 5686 5698 5698 5686 1936 5699 2002 5700 5700 2002 2001 5700 2001 5701 5702 5703 5704 5704 5703 5705 5704 5705 5706 5706 5705 5707 5707 5705 5676 5707 5676 5678 5673 5672 5708 5708 5672 5702 5709 1996 5669 5704 5710 5702 5702 5710 5709 5702 5709 5708 5708 5709 5669 5708 5669 5673 2001 1996 5709 5672 5671 5702 5702 5671 5703 5703 5671 5679 5703 5679 5705 5705 5679 5674 5705 5674 5676 2001 5709 5701 5701 5709 5710 5701 5710 5700 5700 5710 5704 5700 5704 5699 5699 5704 5706 5699 5706 5711 5711 5706 5707 5711 5707 5712 5712 5707 5678 5712 5678 2886 5713 5714 5715 2147 5716 2145 2145 5716 5715 2145 5715 2149 2149 5715 5714 2149 5714 2150 2150 5714 2151 5717 5718 5713 5719 5716 5720 5720 5716 2147 5720 2147 2148 5713 5715 5717 5717 5715 5716 5717 5716 5721 5721 5716 5719 5721 5719 5722 1929 3176 5722 5722 3176 3177 5722 3177 5721 5721 3177 3178 5721 3178 5717 5717 3178 3175 5717 3175 5718 5718 3175 2011 2148 5627 5720 5720 5627 5611 5720 5611 5719 5719 5611 5610 5719 5610 5722 5722 5610 1929 1068 2882 5595 5595 2882 5691 5595 5691 5593 5593 5691 5692 5593 5692 5591 5692 5694 5591 5591 5694 5698 5591 5698 5602 5602 5698 1936 5602 1936 1935 5723 2895 5724 5724 2895 2894 5724 2894 1073 1073 2894 1074 5543 5544 5723 5549 2884 2895 5549 2895 5550 5550 2895 5723 5550 5723 5545 5545 5723 5544 5725 2052 5726 5726 2052 2054 5726 2054 2056 1087 1086 5725 5725 1086 2050 5725 2050 2052 5726 5727 5725 5725 5727 5728 5725 5728 1087 1087 5728 1102 1073 1102 5724 5724 1102 5728 5724 5728 5723 5723 5728 5727 5723 5727 5543 5543 5727 5726 5543 5726 5553 5553 5726 2056 5553 2056 2058 5531 5530 5712 5712 5530 5528 5712 5528 5711 5711 5528 5527 5711 5527 5699 5699 5527 5526 5699 5526 2002 2002 5526 2003 2886 2884 5712 5712 2884 5548 5712 5548 5531 5729 5730 2151 2011 5513 5718 5718 5513 5512 5718 5512 5713 5713 5512 5729 5713 5729 5714 5714 5729 2151 5731 5732 5733 5618 5619 5732 5618 5734 5620 5620 5734 5735 5620 5735 5621 5621 5735 5623 5733 2037 5731 5731 2037 2036 5731 2036 5736 5736 2036 1820 5736 1820 5579 5618 5732 5734 5734 5732 5731 5734 5731 5735 5735 5731 5736 5735 5736 5623 5623 5736 5579 5623 5579 5583 5737 5572 5561 5738 5739 5740 5741 5566 5742 5742 5566 5564 5739 5738 5743 5743 5738 5744 5743 5744 5745 5745 5744 5746 5745 5746 5747 5747 5746 5514 5747 5514 5516 5737 5561 5748 5748 5561 5560 5748 5560 5749 5749 5560 5568 5749 5568 5741 5741 5568 5567 5741 5567 5566 5518 5520 5573 5572 5737 5573 5573 5737 5750 5573 5750 5518 5740 2151 5738 5738 2151 5730 5738 5730 5744 5744 5730 5729 5744 5729 5746 5746 5729 5512 5746 5512 5514 5742 5740 5741 5741 5740 5739 5741 5739 5749 5749 5739 5743 5749 5743 5748 5748 5743 5745 5748 5745 5737 5737 5745 5747 5737 5747 5750 5750 5747 5516 5750 5516 5518 5629 5628 5751 5752 5753 5733 2043 2041 5753 5753 2041 2039 5753 2039 5733 5733 2039 2037 5740 5742 5751 5751 5742 5564 5751 5564 5752 5752 5564 5563 5752 5563 5753 5753 5563 5565 5753 5565 2043 2043 5565 5571 2043 5571 2044 2146 2151 5740 5740 5751 2146 2146 5751 5628 2146 5628 2148 5733 5732 5752 5752 5732 5619 5752 5619 5751 5751 5619 5617 5751 5617 5629 5754 5755 5756 5756 5755 1045 5757 5758 5754 5754 5758 5755 5755 5758 1036 5755 1036 1045 5759 1823 5757 5757 1823 1822 5757 1822 5758 5758 1822 1039 5758 1039 1036 5756 5760 5754 5754 5760 5761 5754 5761 5757 5757 5761 5762 5757 5762 5759 5759 5762 5763 1041 1048 5764 1041 5764 1042 5765 5766 5767 5767 5766 5762 5767 5762 5761 5763 5762 5768 5768 5762 5766 5768 5766 5769 5769 5766 5765 5769 5765 5770 5771 5772 5773 5773 5772 5774 5773 5774 5775 5775 5774 5764 5775 5764 1047 1047 5764 1048 5776 5777 5778 5778 5777 5779 5778 5779 5780 5780 5779 5781 5772 5776 5774 5774 5776 5778 5774 5778 5764 5764 5778 5780 5764 5780 1042 1042 5780 5781 1042 5781 1044 5771 5770 5772 5772 5770 5765 5772 5765 5776 5776 5765 5767 5776 5767 5777 5777 5767 5761 5777 5761 5779 5779 5761 5760 5779 5760 5781 5781 5760 5756 5781 5756 1044 1044 5756 1045 5771 5782 5770 5770 5782 5783 5770 5783 5769 5769 5783 5784 5769 5784 5768 5768 5784 5785 5768 5785 5763 5782 1995 5783 5783 1995 1994 5783 1994 5784 5784 1994 1990 5784 1990 5785 5786 5787 5788 5787 5786 5789 5789 5786 5790 5789 5790 5791 5785 1990 5792 5792 1990 1989 1989 5790 5792 5792 5790 5786 5792 5786 5785 5785 5786 5788 5785 5788 5763 5793 5794 5795 5796 5797 5798 5798 5797 5799 5798 5800 5796 5796 5800 5801 5796 5801 5802 5802 5801 5803 5804 5805 5795 5795 5805 5806 5795 5806 5793 5793 5806 5807 5808 5809 5810 5810 5809 5811 5810 5811 5812 5812 5811 5813 5812 5813 5814 5814 5813 5815 5803 5815 5802 5802 5815 5813 5802 5813 5796 5796 5813 5811 5796 5811 5797 5797 5811 5809 5807 5806 5791 5791 5806 5805 5791 5805 5789 5789 5805 5804 5789 5804 5787 5807 2139 5793 5793 2139 5808 5793 5808 5794 5794 5808 5810 5794 5810 5795 5795 5810 5812 5795 5812 5804 5804 5812 5814 5804 5814 5787 5787 5814 5815 5787 5815 5788 5788 5815 5803 5788 5803 5763 5816 5817 5818 5818 5817 5819 5818 5819 5820 5820 5819 5821 5820 5821 5822 5822 5821 5823 5822 5823 5824 5817 1934 5819 5819 1934 1933 5819 1933 5821 5821 1933 1932 5821 1932 5823 5825 5826 5827 5828 5824 5823 5826 5828 5827 5827 5828 5823 5827 5823 5829 5829 5823 1932 1932 1928 5829 5829 1928 5830 5829 5830 5827 5827 5830 5831 5827 5831 5825 5825 5831 5832 5833 5834 5835 5836 5837 5838 5839 5840 5841 5841 5840 5842 5843 5844 5845 5845 5844 5846 5847 5839 5848 5848 5839 5841 5848 5841 5849 5850 5851 5838 5838 5851 5833 5838 5833 5836 5833 5835 5836 5836 5835 5852 5836 5852 5837 5852 2907 5837 5837 2907 5853 5842 5846 5841 5841 5846 5844 5841 5844 5849 5849 5844 5843 5849 5843 5854 5834 5833 5832 5832 5833 5851 5832 5851 5825 5825 5851 5850 5825 5850 5826 5826 5850 5855 5826 5855 5828 5828 5855 5856 5828 5856 5824 5853 5854 5837 5837 5854 5843 5837 5843 5838 5838 5843 5845 5838 5845 5850 5850 5845 5846 5850 5846 5855 5855 5846 5842 5855 5842 5856 5856 5842 5840 5839 5847 5857 5839 5858 5840 5840 5858 5859 5840 5859 5856 5857 2014 5860 5860 2014 2013 5860 2013 5861 5861 2013 1828 5861 1828 5862 5839 5857 5858 5858 5857 5860 5858 5860 5859 5859 5860 5861 5859 5861 5856 5856 5861 5862 5856 5862 5824 5863 5864 5865 5866 5867 5868 5867 5866 5869 5868 5870 5866 5866 5870 5871 5866 5871 5863 5863 5871 5872 5863 5872 5864 5865 5873 5863 5863 5873 5874 5863 5874 5866 5866 5874 5875 5866 5875 5869 5862 1828 5873 5873 1828 1829 5873 1829 5874 5874 1829 1830 5874 1830 5875 5865 5876 5873 5873 5876 5877 5873 5877 5862 5862 5877 5824 5878 5879 5880 5881 5882 5883 5884 5885 5886 5887 5888 5889 2914 5890 2919 2919 5890 5891 2919 5891 2920 2920 5891 5889 2920 5889 2922 2922 5889 5888 5890 5884 5891 5891 5884 5886 5891 5886 5889 5889 5886 5883 5889 5883 5887 5887 5883 5882 5885 5878 5886 5886 5878 5880 5886 5880 5883 5883 5880 5892 5883 5892 5881 5881 5892 5893 5879 2902 5880 5880 2902 3054 5880 3054 5892 5892 3054 3056 5892 3056 5893 5893 3056 2896 2900 2902 5894 5894 2902 5879 5894 5879 5895 5895 5879 5878 5895 5878 5896 5896 5878 5885 5896 5885 5897 5897 5885 5884 5897 5884 5898 5898 5884 5890 5898 5890 2916 2916 5890 2914 2896 2898 5893 5893 2898 5899 5893 5899 5881 5881 5899 5900 5881 5900 5882 5882 5900 5901 5882 5901 5887 5887 5901 5902 5887 5902 5888 5888 5902 5903 5888 5903 2922 2922 5903 2911 3064 3061 5904 5904 3061 3060 1921 3063 5905 5905 3063 5906 5907 5908 5906 5906 5908 5909 5906 5909 5905 5910 5911 5912 5912 5911 5913 5912 5913 5914 3063 3064 5906 5906 3064 5904 5906 5904 5907 5907 5904 5911 5907 5911 5915 5915 5911 5910 2906 2908 5913 5913 2908 2909 5913 2909 5914 5898 2916 5916 5916 2916 2906 5917 5918 5894 5894 5918 3058 5894 3058 2900 5894 5895 5917 5917 5895 5896 5917 5896 5916 5916 5896 5897 5916 5897 5898 2906 5913 5916 5916 5913 5911 5916 5911 5917 5917 5911 5904 5917 5904 5918 5918 5904 3060 5918 3060 3058 2904 2910 5919 2905 2904 5920 5920 2904 5921 5920 5921 5922 5923 5924 5925 5925 5924 5926 5923 5925 5927 5927 5925 3017 5927 3017 1983 5922 5921 5928 5928 5921 5929 5928 5929 5926 5926 5929 5930 5926 5930 5925 5925 5930 3019 5925 3019 3017 3023 5931 2898 2898 5931 5899 5899 5931 5900 5900 5931 5932 5900 5932 5901 5901 5932 5902 5902 5932 5919 5902 5919 5903 5903 5919 2910 5903 2910 2911 2904 5919 5921 5921 5919 5932 5921 5932 5929 5929 5932 5931 5929 5931 5930 5930 5931 3023 5930 3023 3019 5933 1927 5934 5934 1927 1926 5934 1926 5935 5936 5937 5938 5938 5937 5939 5938 5939 5940 5940 5939 5941 5941 5939 5912 5941 5912 5914 5909 5908 5942 5942 5908 5936 5943 1921 5905 5938 5944 5936 5936 5944 5943 5936 5943 5942 5942 5943 5905 5942 5905 5909 1926 1921 5943 5908 5907 5936 5936 5907 5937 5937 5907 5915 5937 5915 5939 5939 5915 5910 5939 5910 5912 1926 5943 5935 5935 5943 5944 5935 5944 5934 5934 5944 5938 5934 5938 5933 5933 5938 5940 5933 5940 5945 5945 5940 5941 5945 5941 5946 5946 5941 5914 5946 5914 2909 3161 3162 5947 1989 3160 5948 2143 2144 5949 5949 2144 5950 5949 5950 5951 5951 5950 5952 5951 5952 5953 5952 5954 5953 5953 5954 3164 5953 3164 1934 2140 2139 5955 5955 2139 5956 5955 5956 5957 5957 5956 5958 5957 5958 5948 5948 5958 5959 5948 5959 1989 2144 2142 5950 5950 2142 5960 5950 5960 5952 5952 5960 5961 5952 5961 5954 5954 5961 5947 5947 3162 5954 5954 3162 3163 5954 3163 3164 3160 3161 5948 5948 3161 5947 5948 5947 5957 5957 5947 5961 5957 5961 5955 5955 5961 5960 5955 5960 2140 2140 5960 2142 5962 5963 5964 1984 1985 5965 1983 1984 5966 5966 1984 5967 5927 1983 5966 5968 5969 5923 5922 5963 5920 5920 5963 5962 5920 5962 2905 5928 5926 5969 5969 5926 5924 5969 5924 5923 2905 5962 5970 5970 5962 5964 5970 5964 5971 5971 5964 5972 5971 5972 5973 5967 5974 5966 5966 5974 5975 5966 5975 5927 1984 5965 5967 5967 5965 5976 5967 5976 5974 5974 5976 5968 5974 5968 5975 5975 5968 5923 5975 5923 5927 5922 5928 5963 5963 5928 5969 5963 5969 5964 5964 5969 5968 5964 5968 5972 5972 5968 5976 5972 5976 5973 5973 5976 5965 5973 5965 5977 5977 5965 1985 5835 5834 5946 5946 5834 5832 5946 5832 5945 5945 5832 5831 5945 5831 5933 5933 5831 5830 5933 5830 1927 1927 5830 1928 2909 2907 5946 5946 2907 5852 5946 5852 5835 5978 5979 2143 1934 5817 5953 5953 5817 5816 5953 5816 5951 5951 5816 5978 5951 5978 5949 5949 5978 2143 2139 5807 5956 5956 5807 5791 5956 5791 5958 5958 5791 5790 5958 5790 5959 5959 5790 1989 1047 2905 5775 5775 2905 5970 5775 5970 5773 5773 5970 5971 5773 5971 5771 5971 5973 5771 5771 5973 5977 5771 5977 5782 5782 5977 1985 5782 1985 1995 5853 2907 2918 5980 5853 2918 5980 2918 5981 5981 2918 2917 5981 2917 5982 5982 2917 2915 5982 2915 5983 5983 2915 2913 5983 2913 5984 5984 2913 2912 5984 2912 5985 5985 2912 2921 5985 2921 1052 1052 2921 1050 5847 5848 5980 5848 5849 5980 5980 5849 5854 5980 5854 5853 5986 2020 5987 5987 2020 2018 5987 2018 2016 5988 2030 5989 5989 2030 2032 5989 2032 5990 5990 2032 2023 5990 2023 5986 5986 2023 2021 5986 2021 2020 5991 2026 5988 5988 2026 2028 5988 2028 2030 1056 1058 5991 5991 1058 2024 5991 2024 2026 5987 5992 5986 5986 5992 5993 5986 5993 5990 5990 5993 5994 5990 5994 5989 5989 5994 5995 5989 5995 5988 5988 5995 5996 5988 5996 5991 5991 5996 5997 5991 5997 1056 1056 5997 1054 1052 1054 5985 5985 1054 5997 5985 5997 5984 5984 5997 5996 5984 5996 5983 5983 5996 5995 5983 5995 5982 5982 5995 5994 5982 5994 5981 5981 5994 5993 5981 5993 5980 5980 5993 5992 5980 5992 5847 5847 5992 5987 5847 5987 5857 5857 5987 2016 5857 2016 2014 5998 5876 5865 5999 6000 6001 6002 5870 6003 6003 5870 5868 6000 5999 6004 6004 5999 6005 6004 6005 6006 6006 6005 6007 6006 6007 6008 6008 6007 5818 6008 5818 5820 5998 5865 6009 6009 5865 5864 6009 5864 6010 6010 5864 5872 6010 5872 6002 6002 5872 5871 6002 5871 5870 5822 5824 5877 5876 5998 5877 5877 5998 6011 5877 6011 5822 6001 2143 5999 5999 2143 5979 5999 5979 6005 6005 5979 5978 6005 5978 6007 6007 5978 5816 6007 5816 5818 6003 6001 6002 6002 6001 6000 6002 6000 6010 6010 6000 6004 6010 6004 6009 6009 6004 6006 6009 6006 5998 5998 6006 6008 5998 6008 6011 6011 6008 5820 6011 5820 5822 6012 6013 6014 5798 5799 6013 5798 6015 5800 5800 6015 6016 5800 6016 5801 5801 6016 5803 6014 1825 6012 6012 1825 1824 6012 1824 6017 6017 1824 1823 6017 1823 5759 5798 6013 6015 6015 6013 6012 6015 6012 6016 6016 6012 6017 6016 6017 5803 5803 6017 5759 5803 5759 5763 1831 1827 6018 1826 1825 6014 2141 2143 6001 2141 6001 6019 2139 2141 5808 5808 2141 6019 5808 6019 5809 6020 5799 6019 6019 5799 5797 6019 5797 5809 1827 1826 6018 6018 1826 6014 6018 6014 6020 6020 6014 6013 6020 6013 5799 6001 6003 6019 6019 6003 5868 6019 5868 6020 6020 5868 5867 6020 5867 6018 6018 5867 5869 6018 5869 1831 1831 5869 5875 1831 5875 1830 6021 6022 6023 3035 3036 6024 6025 6026 6027 6027 6026 6028 6029 6022 6030 6030 6022 6021 6030 6021 6031 3029 3027 6032 6032 3027 3035 6032 3035 6033 6033 3035 6024 6033 6024 6034 6035 2199 3031 3031 6036 6035 6035 6036 6037 6035 6037 6038 6038 6037 6039 6038 6039 6040 6040 6039 6028 6040 6028 6041 6041 6028 6026 6036 6042 6037 6037 6042 6023 6037 6023 6039 6039 6023 6022 6039 6022 6028 6028 6022 6029 6028 6029 6027 6043 1981 3016 2899 6025 3025 3025 6025 6027 3025 6027 3024 3024 6027 6029 3024 6029 3022 3022 6029 6030 3022 6030 3021 3021 6030 6031 3021 6031 3020 3020 6031 6043 3020 6043 3018 3018 6043 3016 6044 6034 6045 6045 6034 6024 6045 6024 1981 3036 1981 6024 3031 3029 6036 6036 3029 6032 6036 6032 6042 6042 6032 6033 6042 6033 6023 6023 6033 6034 6023 6034 6021 6021 6034 6044 6021 6044 6031 6031 6044 6045 6031 6045 6043 6043 6045 1981 2199 6035 2201 2201 6035 6038 2201 6038 6046 6038 6040 6046 6046 6040 6041 6046 6041 6047 2899 2897 6025 6025 2897 6047 6025 6047 6026 6026 6047 6041 2210 2209 6048 6048 2209 6049 6048 6049 6050 6050 6049 6051 6050 6051 2903 2903 6051 3055 2209 2202 6049 6049 2202 6052 6049 6052 6051 6051 6052 6053 6051 6053 3055 3055 6053 3057 2202 2201 6052 6052 2201 6046 6052 6046 6053 6053 6046 6047 6053 6047 3057 3057 6047 2897 2212 2210 6048 2212 6048 6054 6054 6048 6050 6054 6050 6055 6055 6050 2903 6055 2903 2901 2901 3059 6055 6055 3059 6056 6055 6056 6054 6054 6056 6057 6054 6057 2212 2212 6057 2226 3059 3062 6056 6056 3062 6058 6056 6058 6057 6057 6058 6059 6057 6059 2226 2226 6059 2227 3062 1923 6058 6058 1923 6060 6058 6060 6059 6059 6060 6061 6059 6061 2227 2227 6061 2228 6062 2217 2228 6062 2228 6063 6063 2228 6061 6063 6061 6064 6064 6061 6065 6065 6061 6060 6065 6060 6066 6066 6060 1923 6066 1923 1922 6067 3066 2876 1922 3069 6066 6066 3069 6068 6066 6068 6065 6065 6068 6069 2876 6070 6067 6067 6070 6071 6067 6071 6072 6073 6063 6069 6069 6063 6064 6069 6064 6065 2218 2217 6073 6073 2217 6062 6073 6062 6063 3069 3066 6068 6068 3066 6067 6068 6067 6069 6069 6067 6072 6069 6072 6073 6073 6072 6074 6073 6074 2218 2218 6074 2219 6071 6075 6072 6072 6075 6076 6072 6076 6074 6074 6076 6077 6074 6077 2219 2219 6077 2229 2876 2874 6070 6070 2874 6078 6070 6078 6071 6071 6078 6079 6071 6079 6075 6075 6079 6080 6075 6080 6076 6076 6080 6081 6076 6081 6077 6077 6081 6082 6077 6082 2229 2229 6082 2211 6083 2203 2211 6084 6085 6086 2213 2204 6087 6087 2204 6084 6087 6084 6088 6088 6084 6086 2211 6082 6083 6083 6082 6081 6083 6081 6089 3073 2880 6090 6090 2880 6091 6090 6091 6085 6085 6091 6092 6085 6092 6086 2204 2203 6084 6084 2203 6083 6084 6083 6085 6085 6083 6089 6085 6089 6090 6090 6089 6093 6090 6093 3073 3073 6093 3075 6081 6080 6089 6089 6080 6079 6089 6079 6093 6093 6079 6078 6093 6078 3075 3075 6078 2874 2213 6087 2214 2214 6087 6094 6087 6088 6094 6094 6088 6086 6094 6086 6095 2880 2878 6091 6091 2878 6095 6091 6095 6092 6092 6095 6086 2878 3080 6095 6095 3080 6096 6095 6096 6094 6094 6096 6097 6094 6097 2214 2214 6097 2215 3080 3077 6096 6096 3077 6098 6096 6098 6097 6097 6098 6099 6097 6099 2215 2215 6099 2216 3077 1998 6098 6098 1998 6100 6098 6100 6099 6099 6100 6101 6099 6101 2216 2216 6101 2192 1998 1997 6102 1998 6102 6100 6100 6102 6103 6100 6103 6101 6101 6103 2193 6101 2193 2192 1997 3084 6102 6102 3084 6104 6102 6104 6103 6103 6104 6105 6103 6105 2193 2193 6105 2205 3084 3087 6104 6104 3087 6106 6104 6106 6105 6105 6106 6107 6105 6107 2205 2205 6107 2206 3087 2940 6106 6106 2940 6108 6106 6108 6107 6107 6108 6109 6107 6109 2206 2206 6109 2207 2191 2207 6109 2191 6109 6110 6110 6109 6108 6110 6108 6111 6111 6108 2940 6111 2940 2938 2208 2190 6112 6112 2190 6113 6112 6113 6114 6114 6113 6115 6114 6115 2944 2944 6115 3098 2190 2194 6113 6113 2194 6116 6113 6116 6115 6115 6116 6117 6115 6117 3098 3098 6117 3100 2194 2191 6116 6116 2191 6110 6116 6110 6117 6117 6110 6111 6117 6111 3100 3100 6111 2938 2197 2208 6112 2197 6112 6118 6118 6112 6114 6118 6114 6119 6119 6114 2944 6119 2944 2942 2942 3094 6119 6119 3094 6120 6119 6120 6118 6118 6120 6121 6118 6121 2197 2197 6121 2225 3094 3091 6120 6120 3091 6122 6120 6122 6121 6121 6122 6123 6121 6123 2225 2225 6123 2224 3091 1914 6122 6122 1914 6124 6122 6124 6123 6123 6124 6125 6123 6125 2224 2224 6125 2223 2222 2223 6125 2222 6125 6126 6126 6125 6124 6126 6124 6127 6127 6124 1914 6127 1914 1913 3051 2926 6128 3051 6128 6129 1913 3048 6127 6127 3048 6130 6127 6130 6126 6126 6130 6131 6126 6131 2222 3048 3051 6130 6130 3051 6129 6130 6129 6131 6131 6129 6132 6128 6133 6129 6129 6133 6134 6129 6134 6132 6132 6134 6135 6132 6135 6136 2222 6131 2220 2220 6131 6132 2220 6132 2221 2221 6132 6136 2221 6136 2195 2195 6136 2196 2196 6136 6137 6137 6136 6138 6138 6136 6135 6138 6135 6139 6139 6135 6134 6139 6134 6140 6140 6134 6133 6140 6133 6141 6133 6128 6141 6141 6128 2926 6141 2926 2924 2188 2196 6137 2188 6137 6142 2200 2189 6143 6143 2189 6144 6143 6144 6145 6145 6144 6146 6145 6146 2930 2189 2188 6144 6144 2188 6142 6144 6142 6146 6146 6142 6147 6137 6138 6142 6142 6138 6139 6142 6139 6147 6147 6139 6140 6147 6140 6141 2930 6146 3013 3013 6146 6147 3013 6147 3015 3015 6147 6141 3015 6141 2924 2198 2200 6148 6148 2200 6143 6148 6143 6149 6149 6143 6145 2928 6150 2930 2930 6150 6151 2930 6151 6145 6145 6151 6152 6145 6152 6149 3033 6153 6154 6155 6156 6157 1982 6158 6159 3044 3043 6159 6159 3043 1982 6160 3038 3042 6161 6162 6163 6163 6162 6160 6163 6160 6164 6164 6160 3042 3030 6156 3028 3028 6156 6155 3028 6155 3026 6165 6157 6166 6166 6157 6156 6166 6156 6167 6167 6156 3030 6167 3030 3032 3033 3026 6153 6153 3026 6155 6153 6155 6168 6168 6155 6157 6168 6157 6161 6161 6157 6165 6161 6165 6162 1982 3037 6154 6154 3037 3034 6154 3034 3033 6150 2928 3038 3041 3045 6169 6169 3045 3044 6169 3044 6170 6170 3044 6159 6170 6159 6171 6171 6159 6158 6171 6158 6172 3038 6160 6150 6150 6160 6162 6150 6162 6151 6151 6162 6165 6151 6165 6152 6152 6165 6166 6152 6166 6149 6149 6166 6167 6149 6167 6148 6148 6167 3032 6148 3032 2198 3042 3041 6164 6164 3041 6169 6164 6169 6163 6163 6169 6170 6163 6170 6161 6161 6170 6171 6161 6171 6168 6168 6171 6172 6168 6172 6153 6153 6172 6158 6153 6158 6154 6154 6158 1982 2478 2476 6173 6173 2476 6174 6173 6174 6175 6175 6174 6176 6175 6176 6177 6177 6176 6178 6177 6178 6179 6179 6178 6180 6179 6180 6181 6181 6180 6182 6181 6182 2497 2497 6182 2495 6183 6184 6185 6185 6184 2511 6185 2511 2509 6183 6185 6186 6183 6186 2498 2498 6186 2497 2518 6187 2519 2519 6187 6188 6188 6187 6189 6188 6189 6190 6190 6189 2496 6190 2496 2495 2498 2496 6191 6191 2496 6192 6191 6192 6193 6193 6192 6194 6193 6194 2457 2457 6194 2459 2498 6191 6183 6183 6191 6195 6183 6195 6184 6184 6195 6196 6184 6196 2511 2511 6196 2512 6191 6193 6195 6195 6193 6197 6195 6197 6196 6196 6197 6198 6196 6198 2512 2512 6198 2500 6193 2457 6197 6197 2457 6199 6197 6199 6198 6198 6199 6200 6198 6200 2500 2500 6200 2502 2518 2524 6187 6187 2524 6201 6187 6201 6189 6189 6201 6202 6189 6202 2496 2496 6202 6192 2524 2523 6201 6201 2523 6203 6201 6203 6202 6202 6203 6204 6202 6204 6192 6192 6204 6194 2523 2522 6203 6203 2522 6205 6203 6205 6204 6204 6205 6206 6204 6206 6194 6194 6206 2459 2503 2502 6200 2503 6200 6207 6207 6200 6199 6207 6199 6208 6208 6199 2457 6208 2457 2456 2522 2521 6209 2522 6209 6205 6205 6209 6210 6205 6210 6206 6206 6210 2458 6206 2458 2459 2469 2468 6211 2469 6211 6212 6212 6211 6213 6212 6213 6214 6214 6213 2456 6214 2456 2458 4911 4910 6215 4908 4907 6216 6216 4907 4905 4895 6217 4893 4893 6217 6218 4893 6218 4891 2480 6219 6220 6220 6219 6221 6220 6221 6222 4891 6218 4889 4889 6218 6216 4889 6216 4887 4887 6216 4905 4887 4905 2475 4910 4908 6215 6215 4908 6216 6215 6216 6222 6222 6216 6218 6222 6218 6220 6220 6218 6217 6220 6217 2480 4895 2480 6217 2508 4911 6223 6223 4911 6215 6223 6215 6224 6224 6215 6222 6224 6222 6225 6225 6222 6221 2509 2508 6226 6226 2508 6223 6226 6223 6227 6227 6223 6224 6227 6224 6228 6228 6224 6225 6228 6225 6229 6229 6225 6221 6229 6221 6230 6230 6221 6219 6230 6219 2478 2478 6219 2480 6186 6185 6231 6230 6232 6229 6229 6232 6233 6229 6233 6228 6175 6234 6173 6173 6234 6235 6173 6235 2478 6228 6233 6227 6227 6233 6231 6227 6231 6226 6226 6231 6185 6226 6185 2509 6236 6186 6231 6236 6231 6234 6234 6231 6233 6234 6233 6235 6235 6233 6232 6235 6232 2478 6230 2478 6232 2497 6186 6181 6181 6186 6236 6181 6236 6179 6179 6236 6234 6179 6234 6177 6177 6234 6175 2469 6212 6237 2458 6210 6238 6212 6239 6237 6237 6239 6238 6237 6238 6240 6240 6238 6210 6240 6210 6209 2469 6237 6241 6241 6237 6240 6241 6240 6242 6242 6240 6209 6242 6209 2521 6239 2458 6238 6212 6214 6239 6239 6214 2458 2521 2513 6243 2521 6243 6242 6242 6243 6244 6242 6244 6241 6241 6244 2471 6241 2471 2469 6245 6246 6247 1890 6248 1891 1891 6248 6246 1891 6246 1895 1895 6246 6245 1895 6245 1896 1896 6245 4939 6249 4937 4939 2513 4937 6243 6243 4937 6249 6243 6249 6244 6248 6250 6246 6246 6250 6251 6246 6251 6247 6247 6251 6252 6247 6252 6253 4939 6245 6249 6249 6245 6247 6249 6247 6244 6244 6247 6253 6244 6253 2471 2470 2471 6254 6254 2471 6253 6254 6253 6255 6255 6253 6252 6255 6252 6256 6256 6252 6251 6256 6251 6257 6257 6251 6250 6257 6250 6258 6258 6250 6248 6258 6248 1886 1886 6248 1890 1888 1907 4964 1885 1888 6259 6260 6257 1885 1885 6257 6258 1885 6258 1886 6261 6262 2470 2470 6254 6261 6261 6254 6255 6261 6255 6260 6260 6255 6256 6260 6256 6257 1885 6259 6260 6260 6259 6263 6260 6263 6261 6261 6263 6264 6261 6264 6262 1888 4964 6259 6259 4964 4963 6259 4963 6263 6263 4963 2501 6263 2501 6264 2501 2503 6265 2501 6265 6264 6264 6265 6266 6264 6266 6262 6262 6266 2468 6262 2468 2470 2503 6207 6267 2456 6213 6268 6207 6269 6267 6267 6269 6268 6267 6268 6270 6270 6268 6213 6270 6213 6211 2503 6267 6265 6265 6267 6270 6265 6270 6266 6266 6270 6211 6266 6211 2468 6269 2456 6268 6207 6208 6269 6269 6208 2456 4885 4884 6271 6271 4884 4881 6271 4881 4880 6272 6273 6274 6274 6273 6275 6274 6275 6276 4894 6277 4896 4896 6277 6278 4896 6278 2477 6276 6275 6279 6279 6275 6271 6279 6271 6280 6280 6271 4880 6280 4880 2520 4886 4885 6281 6281 4885 6271 6281 6271 6277 6277 6271 6275 6277 6275 6278 6278 6275 6273 6278 6273 2477 6272 2477 6273 2473 4886 4888 4888 4886 6281 4888 6281 4890 4890 6281 6277 4890 6277 4892 4892 6277 4894 2476 2477 6282 6282 2477 6272 6282 6272 6283 6283 6272 6274 6283 6274 6284 6284 6274 6276 6284 6276 6285 6285 6276 6279 6285 6279 6286 6286 6279 6280 6286 6280 2519 2519 6280 2520 6287 6190 2495 6174 6288 6176 6176 6288 6289 2476 6282 6290 6290 6282 6283 6290 6283 6291 2495 6182 6287 6287 6182 6180 6287 6180 6289 6289 6180 6178 6289 6178 6176 6188 6190 6292 6292 6190 6287 6292 6287 6291 6291 6287 6289 6291 6289 6290 6290 6289 6288 6290 6288 2476 6174 2476 6288 2519 6188 6286 6286 6188 6292 6286 6292 6285 6285 6292 6291 6285 6291 6284 6284 6291 6283 1035 1023 6293 1023 1012 6294 1012 1011 2085 1012 2085 6294 6294 2085 2087 6294 2087 6295 6295 2087 2089 6295 2089 6296 6296 2089 2091 6296 2091 6297 6297 2091 2094 6297 2094 6298 6298 2094 2096 6298 2096 6299 6299 2096 2098 6299 2098 6300 6300 2098 2101 6300 2101 6301 6301 2101 2103 6301 2103 6302 6302 2103 2105 6302 2105 6303 6303 2105 2107 6303 2107 6304 6304 2107 989 6304 989 987 1023 6294 6293 6293 6294 6295 6293 6295 6305 6305 6295 6296 6305 6296 6306 6306 6296 6297 6306 6297 6307 6307 6297 6298 6307 6298 6308 6308 6298 6299 6308 6299 6309 6309 6299 6300 6309 6300 6310 6310 6300 6301 6310 6301 6311 6311 6301 6302 6311 6302 6312 6312 6302 6303 6312 6303 6313 6313 6303 6304 6313 6304 6314 6314 6304 987 6314 987 985 1035 6293 3002 3002 6293 6305 3002 6305 3003 3003 6305 6306 3003 6306 3005 3005 6306 6307 3005 6307 3006 3006 6307 6308 3006 6308 3009 3009 6308 6309 3009 6309 3007 3007 6309 6310 3007 6310 3008 3008 6310 6311 3008 6311 3010 3010 6311 6312 3010 6312 3011 3011 6312 6313 3011 6313 3004 3004 6313 6314 3004 6314 3001 3001 6314 985 3001 985 984 983 971 6315 971 960 6316 960 959 2060 960 2060 6316 6316 2060 2062 6316 2062 6317 6317 2062 2064 6317 2064 6318 6318 2064 2066 6318 2066 6319 6319 2066 2068 6319 2068 6320 6320 2068 2070 6320 2070 6321 6321 2070 2073 6321 2073 6322 6322 2073 2075 6322 2075 6323 6323 2075 2077 6323 2077 6324 6324 2077 2079 6324 2079 6325 6325 2079 2081 6325 2081 6326 6326 2081 937 6326 937 935 971 6316 6315 6315 6316 6317 6315 6317 6327 6327 6317 6318 6327 6318 6328 6328 6318 6319 6328 6319 6329 6329 6319 6320 6329 6320 6330 6330 6320 6321 6330 6321 6331 6331 6321 6322 6331 6322 6332 6332 6322 6323 6332 6323 6333 6333 6323 6324 6333 6324 6334 6334 6324 6325 6334 6325 6335 6335 6325 6326 6335 6326 6336 6336 6326 935 6336 935 933 983 6315 2991 2991 6315 6327 2991 6327 2992 2992 6327 6328 2992 6328 2993 2993 6328 6329 2993 6329 2994 2994 6329 6330 2994 6330 2995 2995 6330 6331 2995 6331 2998 2998 6331 6332 2998 6332 2997 2997 6332 6333 2997 6333 2996 2996 6333 6334 2996 6334 2999 2999 6334 6335 2999 6335 3000 3000 6335 6336 3000 6336 2990 2990 6336 933 2990 933 932 931 919 6337 919 908 6338 908 907 2035 908 2035 6338 6338 2035 2038 6338 2038 6339 6339 2038 2040 6339 2040 6340 6340 2040 2042 6340 2042 6341 6341 2042 2045 6341 2045 6342 6342 2045 2047 6342 2047 6343 6343 2047 2049 6343 2049 6344 6344 2049 2057 6344 2057 6345 6345 2057 2055 6345 2055 6346 6346 2055 2053 6346 2053 6347 6347 2053 2051 6347 2051 6348 6348 2051 885 6348 885 883 919 6338 6337 6337 6338 6339 6337 6339 6349 6349 6339 6340 6349 6340 6350 6350 6340 6341 6350 6341 6351 6351 6341 6342 6351 6342 6352 6352 6342 6343 6352 6343 6353 6353 6343 6344 6353 6344 6354 6354 6344 6345 6354 6345 6355 6355 6345 6346 6355 6346 6356 6356 6346 6347 6356 6347 6357 6357 6347 6348 6357 6348 6358 6358 6348 883 6358 883 881 931 6337 2976 2976 6337 6349 2976 6349 2977 2977 6349 6350 2977 6350 2968 2968 6350 6351 2968 6351 2969 2969 6351 6352 2969 6352 2973 2973 6352 6353 2973 6353 2974 2974 6353 6354 2974 6354 2978 2978 6354 6355 2978 6355 2970 2970 6355 6356 2970 6356 2971 2971 6356 6357 2971 6357 2972 2972 6357 6358 2972 6358 2975 2975 6358 881 2975 881 880 879 867 6359 867 856 6360 856 855 2012 856 2012 6360 6360 2012 2015 6360 2015 6361 6361 2015 2017 6361 2017 6362 6362 2017 2019 6362 2019 6363 6363 2019 2022 6363 2022 6364 6364 2022 2034 6364 2034 6365 6365 2034 2033 6365 2033 6366 6366 2033 2031 6366 2031 6367 6367 2031 2029 6367 2029 6368 6368 2029 2027 6368 2027 6369 6369 2027 2025 6369 2025 6370 6370 2025 833 6370 833 831 867 6360 6359 6359 6360 6361 6359 6361 6371 6371 6361 6362 6371 6362 6372 6372 6362 6363 6372 6363 6373 6373 6363 6364 6373 6364 6374 6374 6364 6365 6374 6365 6375 6375 6365 6366 6375 6366 6376 6376 6366 6367 6376 6367 6377 6377 6367 6368 6377 6368 6378 6378 6368 6369 6378 6369 6379 6379 6369 6370 6379 6370 6380 6380 6370 831 6380 831 829 879 6359 2981 2981 6359 6371 2981 6371 2982 2982 6371 6372 2982 6372 2983 2983 6372 6373 2983 6373 2979 2979 6373 6374 2979 6374 2980 2980 6374 6375 2980 6375 2984 2984 6375 6376 2984 6376 2985 2985 6376 6377 2985 6377 2986 2986 6377 6378 2986 6378 2987 2987 6378 6379 2987 6379 2988 2988 6379 6380 2988 6380 2989 2989 6380 829 2989 829 828 6381 6382 6383 6383 6382 6384 6383 6384 6385 6386 6387 6388 6388 6387 6389 6388 6389 6390 6384 6391 6385 6385 6391 6392 6385 6392 6386 6386 6392 6393 6386 6393 6387 6394 6395 6396 6396 6395 6397 6396 6397 6398 6399 6400 6401 6401 6400 6402 6401 6402 6403 6397 6404 6398 6398 6404 6405 6398 6405 6381 6381 6405 6406 6381 6406 6382 6407 6408 6394 6394 6408 6409 6394 6409 6395 6410 6411 6412 6412 6411 6413 6412 6413 6414 6389 6415 6390 6390 6415 6416 6390 6416 6399 6399 6416 6417 6399 6417 6400 6418 6419 6420 6420 6419 6421 6420 6421 6407 6407 6421 6422 6407 6422 6408 6423 6424 6418 6418 6424 6425 6418 6425 6419 6413 6426 6414 6414 6426 6427 6414 6427 6428 6402 6429 6403 6403 6429 6430 6403 6430 6410 6410 6430 6431 6410 6431 6411 6427 6432 6428 6428 6432 6433 6428 6433 6434 6434 6433 6435 6434 6435 6436 6436 6435 6437 6436 6437 6438 6438 6437 6439 6438 6439 6440 6440 6439 6441 6440 6441 6423 6423 6441 6442 6423 6442 6424 6443 6444 6445 6445 6444 6446 6445 6446 6447 6448 6449 6450 6450 6449 6451 6450 6451 6452 6453 6454 6455 6455 6454 6456 6455 6456 6457 6458 6459 6443 6443 6459 6460 6443 6460 6444 6456 6461 6457 6457 6461 6462 6457 6462 6448 6448 6462 6463 6448 6463 6449 6464 6465 6453 6453 6465 6466 6453 6466 6454 6467 6468 6469 6469 6468 6470 6469 6470 6464 6464 6470 6471 6464 6471 6465 6472 6473 6474 6475 6476 6477 6477 6476 6478 6477 6478 6473 6473 6478 6479 6473 6479 6474 6480 6481 6482 6482 6481 6483 6482 6483 6484 6451 6485 6452 6452 6485 6486 6452 6486 6480 6480 6486 6487 6480 6487 6481 6446 6488 6447 6447 6488 6489 6447 6489 6467 6467 6489 6490 6467 6490 6468 6474 6491 6472 6472 6491 6492 6472 6492 6493 6493 6492 6494 6493 6494 6495 6495 6494 6496 6495 6496 6497 6497 6496 6498 6497 6498 6499 6499 6498 6500 6499 6500 6458 6458 6500 6501 6458 6501 6459 6483 6502 6484 6484 6502 6503 6484 6503 6475 6475 6503 6504 6475 6504 6476 6463 6392 6449 6449 6392 6391 6449 6391 6451 6451 6391 6384 6451 6384 6485 6485 6384 6382 6485 6382 6486 6486 6382 6406 6486 6406 6487 6487 6406 6405 6487 6405 6481 6481 6405 6404 6481 6404 6483 6483 6404 6397 6483 6397 6502 6502 6397 6395 6502 6395 6503 6503 6395 6409 6503 6409 6504 6504 6409 6408 6504 6408 6476 6476 6408 6422 6476 6422 6478 6478 6422 6421 6478 6421 6479 6479 6421 6419 6479 6419 6474 6474 6419 6425 6474 6425 6491 6491 6425 6424 6491 6424 6492 6492 6424 6442 6492 6442 6494 6494 6442 6441 6494 6441 6496 6496 6441 6439 6496 6439 6498 6498 6439 6437 6498 6437 6500 6500 6437 6435 6500 6435 6501 6501 6435 6433 6501 6433 6459 6459 6433 6432 6459 6432 6460 6460 6432 6427 6460 6427 6444 6444 6427 6426 6444 6426 6446 6446 6426 6413 6446 6413 6488 6488 6413 6411 6488 6411 6489 6489 6411 6431 6489 6431 6490 6490 6431 6430 6490 6430 6468 6468 6430 6429 6468 6429 6470 6470 6429 6402 6470 6402 6471 6471 6402 6400 6471 6400 6465 6465 6400 6417 6465 6417 6466 6466 6417 6416 6466 6416 6454 6454 6416 6415 6454 6415 6456 6456 6415 6389 6456 6389 6461 6461 6389 6387 6461 6387 6462 6462 6387 6393 6462 6393 6463 6463 6393 6392 6386 6448 6385 6385 6448 6450 6385 6450 6383 6383 6450 6452 6383 6452 6381 6381 6452 6480 6381 6480 6398 6398 6480 6482 6398 6482 6396 6396 6482 6484 6396 6484 6394 6394 6484 6475 6394 6475 6407 6407 6475 6477 6407 6477 6420 6420 6477 6473 6420 6473 6418 6418 6473 6472 6418 6472 6423 6423 6472 6493 6423 6493 6440 6440 6493 6495 6440 6495 6438 6438 6495 6497 6438 6497 6436 6436 6497 6499 6436 6499 6434 6434 6499 6458 6434 6458 6428 6428 6458 6443 6428 6443 6414 6414 6443 6445 6414 6445 6412 6412 6445 6447 6412 6447 6410 6410 6447 6467 6410 6467 6403 6403 6467 6469 6403 6469 6401 6401 6469 6464 6401 6464 6399 6399 6464 6453 6399 6453 6390 6390 6453 6455 6390 6455 6388 6388 6455 6457 6388 6457 6386 6386 6457 6448</p>
                </triangles>
            </mesh>
        </geometry>
    </library_geometries>
    <library_visual_scenes>
        <visual_scene id="VisualSceneNode" name="VisualScene">
            <node id="node" name="node">
                <instance_geometry url="#shape0-lib"/>
            </node>
        </visual_scene>
    </library_visual_scenes>
    <scene>
        <instance_visual_scene url="#VisualSceneNode"/>
    </scene>
</COLLADA>
