<?xml version="1.0" encoding="UTF-8"?>
<COLLADA xmlns="http://www.collada.org/2005/11/COLLADASchema" version="1.4.1">
    <asset>
        <contributor>
            <author>VCGLab</author>
            <authoring_tool>VCGLib | MeshLab</authoring_tool>
        </contributor>
        <created>Mon Jul 6 22:41:16 2026 GMT</created>
        <modified>Mon Jul 6 22:41:16 2026 GMT</modified>
        <up_axis>Y_UP</up_axis>
    </asset>
    <library_geometries>
        <geometry id="shape0-lib" name="shape0">
            <mesh>
                <source id="shape0-lib-positions" name="position">
                    <float_array id="shape0-lib-positions-array" count="6972">0.0151796 -0.00563451 0.00409853 0.0271627 -0.00631563 0.00549218 0.0100956 -0.00427227 0.0126013 0.0169947 -0.00359116 0.0224977 -0.0156527 -0.00427227 -0.00279423 -0.0276358 -0.00359116 -0.00418788 -0.0105687 -0.00563451 -0.011297 -0.0174678 -0.00631563 -0.0211934 -0.0234732 0.000340559 -0.0111495 -0.0233903 -0.000943415 -0.0112882 -0.0232156 0.00153328 -0.0115805 -0.0269367 0.00631563 -0.00535705 -0.0226864 0.00231516 -0.0124655 -0.0217181 -0.00231516 -0.014085 -0.022377 -0.0024767 -0.0129829 -0.0229891 -0.0019746 -0.0119593 -0.0220275 0.00247669 -0.0135675 -0.0167687 0.00359116 -0.0223626 -0.0214154 0.0019746 -0.0145912 -0.0211889 -0.00153328 -0.01497 -0.0209312 -0.000340558 -0.0154009 -0.0210141 0.000943415 -0.0152623 0.0176938 0.00631563 0.0213285 -0.00497706 0.00488528 -0.00434662 0.00639122 0.00508962 0.00418213 -0.00510513 0.00483542 -0.00484568 -0.00546615 0.00481717 -0.00521618 -0.00648296 0.00508962 -0.00351563 0.00738871 0.0050215 0.00420143 0.00688847 0.00507136 0.00432481 -0.00511627 0.00495339 -0.00385273 -0.00548547 0.0050215 -0.00349634 -0.00598571 0.00507136 -0.00337296 0.00603019 0.00507136 0.00381163 0.00590213 0.0050215 0.00331257 0.00604134 0.00495339 0.00281868 -0.00684398 0.00507136 -0.00388614 -0.00697204 0.0050215 -0.00438521 -0.00683283 0.00495339 -0.0048791 -0.00646365 0.00488528 -0.00523548 0.0278618 0.00359116 0.004323 0.00789711 0.00488528 0.00335115 0.0077579 0.00495339 0.00384505 0.00641053 0.00488528 0.00246229 -0.00596341 0.00483542 -0.00535886 0.00691077 0.00483542 0.00233891 0.00740802 0.00481717 0.00248158 0.00776905 0.00483542 0.00285209 0.0211572 0.000340559 0.0155361 0.0214149 0.00153328 0.0151051 0.0212401 -0.000943415 0.0153974 0.0216414 -0.0019746 0.0147264 0.0219441 0.00231516 0.0142201 0.022603 0.00247669 0.0131181 0.0232151 0.0019746 0.0120944 0.0222535 -0.0024767 0.0137027 0.0229124 -0.00231516 0.0126007 0.0236163 0.000943415 0.0114233 0.0236992 -0.000340558 0.0112847 0.0234416 -0.00153328 0.0117156 -0.0153032 0.000681118 -0.00337882 0.0104452 0.000681118 0.0120167 -0.0102192 -0.000681117 -0.0118816 0.0155292 -0.000681117 0.00351394 0.00604168 0.000136223 0.00476672 -0.00631294 -0.000117972 -0.00477428 -0.00581569 -0.000136224 -0.0046316 -0.005835 6.81117e-05 -0.00291175 0.00705848 -0.000136224 0.00306617 -0.00633524 0.000117973 -0.00278837 0.00656123 -0.000117972 0.00292349 -0.00683249 0.000136223 -0.00293105 0.00606099 -6.8111e-05 0.00304687 -0.00681318 -6.8111e-05 -0.00465089 -0.00718237 3.61316e-10 -0.00429451 0.00740836 3.61316e-10 0.00442964 0.00703917 6.81117e-05 0.00478602 0.00653893 0.000117973 0.0049094 0.00754757 -6.8111e-05 0.00393574 0.00741951 -0.000117972 0.00343668 -0.00732158 6.81117e-05 -0.00380061 -0.00719352 0.000117973 -0.00330156 -0.00546581 3.61316e-10 -0.00326814 -0.0053266 -6.8111e-05 -0.00376203 -0.00545467 -0.000117972 -0.00426109 0.0056918 3.61316e-10 0.00340327 0.00555259 6.81117e-05 0.00389716 0.00568066 0.000117973 0.00439622 -0.014303 0.00247669 -0.00894887 -0.0136909 0.0019746 -0.00997256 -0.0132896 0.000943415 -0.0106436 -0.0132067 -0.000340558 -0.0107823 -0.0134644 -0.00153328 -0.0103513 -0.0139936 -0.00231516 -0.00946629 -0.0146525 -0.0024767 -0.00836429 -0.0152646 -0.0019746 -0.0073406 -0.0156658 -0.000943415 -0.00666952 -0.0157487 0.000340559 -0.00653088 -0.0154911 0.00153328 -0.00696182 -0.0149619 0.00231516 -0.00784687 -0.0144777 3.61316e-10 -0.00865658 0.014529 -0.0024767 0.009084 0.0151879 -0.00231516 0.00798198 0.0157171 -0.00153328 0.00709694 0.0159747 -0.000340558 0.006666 0.0158918 0.000943415 0.00680466 0.0154906 0.0019746 0.00747572 0.0148785 0.00247669 0.00849941 0.0142196 0.00231516 0.00960141 0.0136904 0.00153328 0.0104865 0.0134327 0.000340559 0.0109174 0.0135156 -0.000943415 0.0107788 0.0139169 -0.0019746 0.0101077 0.0147037 3.61316e-10 0.0087917 -0.00616523 -0.00508961 -0.00404701 -0.00666248 -0.00507136 -0.00418969 0.00217943 -0.0051942 5.62485e-05 0.00175883 -0.00526803 -0.000820767 0.00571145 -0.0050215 0.00363147 0.00621169 -0.00507136 0.00350808 -0.00618454 -0.00488528 -0.00232716 -0.00581536 -0.00495339 -0.00268355 0.000116588 -0.00526803 -0.0018027 -0.00567614 -0.0050215 -0.00317744 -0.0058042 -0.00507136 -0.00367651 -0.00716272 -0.0050215 -0.00406631 -0.00753191 -0.00495339 -0.00370992 -0.00767112 -0.00488528 -0.00321602 0.00719803 -0.0050215 0.00452033 0.00706997 -0.00507136 0.00402127 0.00670894 -0.00508961 0.00365076 0.00038196 -0.00471258 0.00306243 0.00534227 -0.00495339 0.00398785 -0.000589674 -0.00463876 0.003107 0.00520305 -0.00488528 0.00448174 0.00533112 -0.00483542 0.00498081 0.00569214 -0.00481717 0.00535132 0.00618939 -0.00483542 0.005494 0.00668963 -0.00488528 0.0053706 0.00705882 -0.00495339 0.00501422 0.00125943 -0.00482306 0.00265092 0.00190915 -0.00495339 0.00193511 0.00223221 -0.00508372 0.00102398 0.00103446 -0.00529395 -0.00147354 -0.00668478 -0.00483542 -0.00220378 -0.000855045 -0.0051942 -0.00175813 -0.00173252 -0.00508372 -0.00134662 -0.00150755 -0.00461283 0.00277784 -0.00223192 -0.00463876 0.00212507 -0.00754306 -0.00483542 -0.00271696 -0.00718203 -0.00481717 -0.00234646 -0.00238224 -0.00495339 -0.000630814 -0.0027053 -0.00482306 0.000280317 -0.00265251 -0.00471258 0.00124805 -9.31379e-05 -0.00824006 -0.00145195 -0.00106477 -0.00816624 -0.00140738 -0.00194224 -0.00805575 -0.000995863 -0.00259196 -0.00792542 -0.000280056 -0.00291502 -0.0077951 0.000631068 -0.00286224 -0.00768461 0.0015988 -0.00244164 -0.00761079 0.00247582 -0.00171727 -0.00758487 0.0031286 -0.000799397 -0.00761079 0.00345776 0.000172233 -0.00768461 0.00341319 0.00104971 -0.0077951 0.00300167 0.00169943 -0.00792542 0.00228586 0.00202249 -0.00805575 0.00137474 0.0019697 -0.00816624 0.000406999 0.00154911 -0.00824006 -0.000470016 0.000824736 -0.00826598 -0.00112279 -0.000446266 -0.00792542 0.0010029 0.00221351 -0.016685 -0.00533788 0.00218461 -0.0168075 -0.00533553 0.00306168 -0.0169406 -0.00486397 0.00225527 -0.0165664 -0.00533191 0.00230925 -0.0164535 -0.00531772 0.0023746 -0.0163482 -0.00529553 0.00245026 -0.0162521 -0.00526568 0.00253507 -0.0161667 -0.00522865 0.00262767 -0.0160934 -0.00518503 0.00272662 -0.0160333 -0.00513549 0.00283034 -0.0159873 -0.00508084 0.0029372 -0.0159563 -0.00502191 0.00304553 -0.0159407 -0.00495965 0.0031536 -0.0159407 -0.00489503 0.00325971 -0.0159563 -0.00482907 0.0033622 -0.0159873 -0.00476282 0.00345944 -0.0160333 -0.00469733 0.0035499 -0.0160934 -0.00463361 0.00363216 -0.0161667 -0.00457268 0.00370491 -0.0162521 -0.00451549 0.00376702 -0.0163482 -0.00446296 0.00381749 -0.0164535 -0.00441591 0.00385554 -0.0165664 -0.00437507 0.00388057 -0.016685 -0.00434111 0.00389217 -0.0168075 -0.00431454 0.00389017 -0.016932 -0.00429578 0.0038746 -0.0170565 -0.00428515 0.0038457 -0.0171791 -0.0042828 0.00380394 -0.0172977 -0.00428877 0.00374996 -0.0174106 -0.00430296 0.00368462 -0.0175159 -0.00432515 0.00360895 -0.017612 -0.00435499 0.00352414 -0.0176974 -0.00439202 0.00343154 -0.0177707 -0.00443565 0.00333259 -0.0178308 -0.00448518 0.00322887 -0.0178767 -0.00453984 0.00312201 -0.0179078 -0.00459877 0.00301369 -0.0179234 -0.00466103 0.00290562 -0.0179234 -0.00472565 0.0027995 -0.0179078 -0.00479161 0.00269701 -0.0178767 -0.00485785 0.00259977 -0.0178308 -0.00492335 0.00250931 -0.0177707 -0.00498707 0.00242705 -0.0176974 -0.005048 0.0023543 -0.017612 -0.00510518 0.00229219 -0.0175159 -0.00515771 0.00224172 -0.0174106 -0.00520477 0.00220367 -0.0172977 -0.0052456 0.00217864 -0.0171791 -0.00527957 0.00216704 -0.0170565 -0.00530614 0.00216904 -0.016932 -0.00532489 -0.00413395 -0.0196585 -0.00436371 -0.00379392 -0.020368 -0.00404673 -0.0029464 -0.0201349 -0.00453323 -0.00502474 -0.0137783 0.00853751 -0.00513307 -0.0137939 0.00847526 -0.0051283 -0.0128592 0.00810696 -0.00443811 -0.0140043 0.00892448 -0.00452037 -0.013931 0.00886356 -0.00391257 -0.0131312 0.00887744 -0.00564322 -0.015535 0.00844916 -0.00556096 -0.0156083 0.00851009 -0.00597735 -0.0164594 0.00817608 -0.00507273 -0.0147611 0.00874047 -0.00516466 -0.015761 0.00877152 -0.00527077 -0.0157454 0.00870557 -0.00505659 -0.015761 0.00883613 -0.00667855 -0.0189304 0.00666402 -0.00673605 -0.0189025 0.00661252 -0.00656956 -0.0181196 0.00721976 -0.00674396 -0.0189356 0.00658093 -0.00676518 -0.0189374 0.00655341 -0.00746314 -0.0190196 0.00543943 -0.00712181 -0.0185586 0.00632678 -0.00817203 -0.0192661 0.00292679 -0.00815255 -0.0192002 0.0032429 -0.00793781 -0.0191305 0.00421582 -0.000879174 -0.0206524 -0.00445932 -0.000155168 -0.0206658 -0.0043937 -0.000540936 -0.0203219 -0.00467944 0.00515933 -0.0205554 -2.68106e-05 0.00532766 -0.0205098 0.000460212 0.00561384 -0.0201349 0.000585143 0.00562566 -0.0202855 0.00253957 0.00558639 -0.020368 0.00156198 0.00551539 -0.0204316 0.00123523 0.00510192 -0.0199479 0.00508681 0.00490105 -0.019882 0.00552457 0.004986 -0.0197298 0.00555141 -0.00458564 -0.0188704 0.008424 -0.00480746 -0.0188698 0.00829681 -0.00504625 -0.0187064 0.0082246 -0.00340503 -0.0183506 0.00914891 -0.00361846 -0.0188868 0.00886322 -0.00380371 -0.0185271 0.0089388 -0.00411942 -0.0188757 0.00865791 -0.00421448 -0.0186463 0.0087123 -0.00463085 -0.0187064 0.00847298 0.00266059 -0.0194215 0.00808723 0.00215553 -0.0193488 0.00840139 0.00246322 -0.0188416 0.00849746 0.00151543 -0.0192661 0.00871916 0.00466154 -0.0206412 -0.00105122 0.00487427 -0.0206105 -0.000664297 0.0051236 -0.0203592 -0.000533368 0.00515043 -0.0205575 -4.96391e-05 0.00553689 -0.0198342 -0.000370357 0.002082 -0.0206164 -0.00369706 0.00278643 -0.0207531 -0.00312034 0.0024974 -0.0206164 -0.00344868 0.00287461 -0.0207515 -0.00305454 0.00291376 -0.0205563 -0.00320936 0.0033077 -0.02074 -0.00269775 0.00332453 -0.0204371 -0.00298285 0.00372433 -0.0207216 -0.00229307 0.00372321 -0.0202606 -0.00277275 0.00410353 -0.0200296 -0.00258235 0.000906402 -0.0202606 -0.00445699 0.00103699 -0.02074 -0.00405546 0.00128018 -0.0204371 -0.00420522 0.00155626 -0.0207515 -0.00384281 0.00167411 -0.0205563 -0.00395057 0.00165596 -0.0207531 -0.00379628 0.0020163 -0.0207567 -0.00361163 0.000558684 -0.0200296 -0.0047019 0.00041919 -0.0207191 -0.00424804 0.000483313 -0.0207216 -0.00423095 -0.0010542 -0.0206412 -0.00446879 -0.000882139 -0.0199214 -0.00494762 -0.00149573 -0.0206105 -0.00447307 -0.00216789 -0.0205575 -0.00442543 -0.00172907 -0.0203592 -0.00463074 -0.00219222 -0.0205554 -0.00442247 -0.00206828 -0.0198342 -0.00491766 -0.00270091 -0.0205098 -0.00434026 -0.00347248 -0.0204316 -0.00413883 -0.00467368 -0.0202855 -0.00361864 -0.00641841 -0.0198055 -0.00242768 -0.00575241 -0.0201222 -0.00288071 -0.00572736 -0.0198188 -0.00315678 -0.00496185 -0.0197696 -0.00380554 -0.00696026 -0.019882 -0.00156758 -0.00666968 -0.0199479 -0.00195171 -0.00632716 -0.020018 -0.00234134 -0.00702409 -0.0197298 -0.00162971 -0.00753485 -0.019593 -0.000775482 -0.00739235 -0.0197687 -0.000865209 -0.00794264 -0.0193971 0.000121545 -0.00789428 -0.0195911 0.00033952 -0.00824103 -0.0191453 0.00104722 -0.00809738 -0.0194764 0.00118933 -0.00815735 -0.0194215 0.00161893 -0.00842532 -0.0188416 0.00198695 -0.00819505 -0.0193488 0.00221253 -0.0050245 -0.0188704 0.0081616 -0.0054512 -0.0188757 0.00786161 -0.00545413 -0.0186463 0.00797109 -0.00586916 -0.0188868 0.00751748 -0.00604962 -0.0174775 0.00793084 -0.00579785 -0.0165787 0.00830252 -0.0054705 -0.0156684 0.00857381 -0.00540154 -0.0167314 0.00856393 -0.00519098 -0.0167624 0.00869481 -0.00497655 -0.0167624 0.00882302 -0.00476161 -0.0167314 0.00894656 -0.00352463 -0.0121977 0.00859473 -0.00409207 -0.0130119 0.008751 -0.00461083 -0.0138709 0.00879983 -0.0053724 -0.0120628 0.00746829 -0.00534035 -0.0129208 0.00799003 -0.00523993 -0.013825 0.00841634 -0.00584806 -0.0185271 0.00771644 -0.00576401 -0.0176123 0.00812323 -0.0056049 -0.0166698 0.00843247 -0.00537326 -0.0157144 0.00863932 -0.00546299 -0.0177035 0.00831781 -0.00515131 -0.0177494 0.00851154 -0.00483388 -0.0177494 0.00870132 -0.00451573 -0.0177035 0.0088842 -0.00420184 -0.0176123 0.00905728 -0.00573427 -0.0114411 0.00664924 -0.00567705 -0.0121977 0.00730775 -0.00554616 -0.0130119 0.00788158 -0.00534365 -0.0138709 0.00836166 -0.00631532 -0.017301 0.0077437 -0.00622184 -0.0183506 0.00746467 -0.00631369 -0.0189065 0.00708472 -0.00302471 -0.0181196 0.0093393 -0.0038972 -0.0174775 0.00921782 -0.00454957 -0.0166698 0.00906349 -0.00494826 -0.0157454 0.0088984 -0.00618094 -0.0110359 0.00568413 -0.00611459 -0.0116721 0.00645885 -0.00596767 -0.0123742 0.00716225 -0.00574248 -0.0131312 0.00778329 -0.0054426 -0.013931 0.00831213 -0.00765881 -0.0187703 0.00528647 -0.00746301 -0.0181581 0.0060586 -0.00716539 -0.0175095 0.00676576 -0.00688574 -0.0178378 0.00698556 -0.00677062 -0.0168348 0.00739678 -0.00655693 -0.0170856 0.00756474 -0.00628493 -0.0161445 0.00794172 -0.00614057 -0.016314 0.00805519 -0.00571597 -0.0154496 0.00839199 -0.0019767 -0.0185586 0.00940317 -0.00241099 -0.0189025 0.00919857 -0.00248357 -0.0189304 0.0091723 -0.00302686 -0.0189065 0.00904999 -0.00157898 -0.0181581 0.00957681 -0.00266876 -0.0178378 0.00950698 -0.00360658 -0.017301 0.00936332 -0.00434376 -0.0165787 0.00917194 -0.0048414 -0.0157144 0.00895732 -0.00667146 -0.0108761 0.00461209 -0.00661524 -0.0113798 0.00547956 -0.00647054 -0.011954 0.00629116 -0.00623966 -0.0125896 0.00703413 -0.00592623 -0.0132766 0.00769673 -0.00553521 -0.0140043 0.00826852 -0.00813147 -0.0187456 0.00413857 -0.00799801 -0.0182454 0.00499954 -0.00775427 -0.0177074 0.00581224 -0.0074041 -0.0171401 0.00656384 -0.00695303 -0.0165525 0.00724248 -0.00640815 -0.0159538 0.00783749 -0.00577808 -0.0153535 0.00833945 -0.000392838 -0.0182454 0.00954686 -0.000806129 -0.0187703 0.00938384 -0.0071597 -0.0109759 0.00347483 -0.00713466 -0.0113425 0.00440985 -0.00701296 -0.0117803 0.0053059 -0.00679652 -0.0122822 0.00614884 -0.00648875 -0.0128404 0.00692537 -0.00609451 -0.0134461 0.00762325 -0.00562001 -0.0140897 0.00823149 -0.00759744 -0.0113337 0.00231451 -0.00762489 -0.0115668 0.00329134 -0.00754795 -0.0118675 0.00424684 -0.00736783 -0.012231 0.00516593 -0.00708738 -0.0126516 0.00603412 -0.006711 -0.0131227 0.00683771 -0.00624465 -0.0136368 0.00756403 -0.00569568 -0.0141858 0.00820164 -0.00849259 -0.0184906 0.00292591 -0.00844177 -0.0180981 0.00384929 -0.0082737 -0.0176701 0.00474254 -0.00799099 -0.0172134 0.00559157 -0.00759812 -0.0167352 0.00638297 -0.00710128 -0.0162431 0.00710427 -0.00650831 -0.0157448 0.00774412 -0.00582855 -0.0152482 0.0082924 0.00166792 -0.0184906 0.00900112 0.00122775 -0.0192002 0.0088516 0.000428768 -0.0187456 0.00925694 -0.00793775 -0.0119321 0.00117151 -0.00803762 -0.0120432 0.00216499 -0.00802658 -0.0122143 0.0031549 -0.00790483 -0.0124428 0.00412562 -0.00767426 -0.012725 0.00506185 -0.00733853 -0.0130565 0.00594881 -0.00690292 -0.0134321 0.00677253 -0.0063743 -0.0138458 0.00752 -0.00576102 -0.0142911 0.00817944 -0.00813816 -0.0127393 8.24224e-05 -0.00832745 -0.012747 0.00106905 -0.00840126 -0.0128035 0.00206939 -0.00835843 -0.0129082 0.00306765 -0.00819965 -0.0130592 0.00404811 -0.00792741 -0.0132543 0.00499529 -0.00754601 -0.0134903 0.00589426 -0.00706146 -0.0137636 0.00673084 -0.00648141 -0.0140697 0.00749184 -0.005815 -0.014404 0.00816525 0.00361343 -0.0182888 0.00799806 0.00320383 -0.0191453 0.00789037 0.00301064 -0.0194764 0.00783108 -0.00816374 -0.0137106 -0.0009217 -0.0084551 -0.0136396 3.71452e-05 -0.00862898 -0.0136035 0.00102598 -0.00868263 -0.0136028 0.00202919 -0.00861521 -0.0136375 0.00303097 -0.00842777 -0.0137072 0.00401552 -0.00812329 -0.0138107 0.00496731 -0.00770655 -0.0139463 0.00587132 -0.00718414 -0.014112 0.00671331 -0.00656429 -0.0143051 0.00747999 -0.00585677 -0.0145226 0.00815929 0.00366313 -0.0195911 0.00724998 0.00387804 -0.0193971 0.0071894 0.0043011 -0.0185125 0.00730064 0.00462844 -0.0175827 0.0073474 -0.0079896 -0.0147911 -0.00181671 -0.00839022 -0.0146709 -0.00090326 -0.00867438 -0.0145694 5.50043e-05 -0.00883759 -0.0144881 0.00104296 -0.0088773 -0.0144282 0.00204504 -0.00879286 -0.0143908 0.00304544 -0.00858561 -0.0143765 0.00402837 -0.00825881 -0.0143853 0.00497834 -0.00781763 -0.0144173 0.00588037 -0.00726902 -0.0144719 0.00672023 -0.00662162 -0.0145483 0.00748467 -0.00588566 -0.0146452 0.00816163 0.00448683 -0.0197687 0.00623764 0.00447524 -0.019593 0.00640563 0.00490507 -0.0186942 0.00651864 0.00523767 -0.0177495 0.00656616 0.00546777 -0.0167738 0.00654742 -0.00760282 -0.0159193 -0.00258625 -0.00811359 -0.0157824 -0.00173202 -0.00851226 -0.0156466 -0.000819903 -0.00879253 -0.0155141 0.000135701 -0.00895001 -0.0153868 0.00111974 -0.00898219 -0.0152669 0.00211668 -0.00888859 -0.0151562 0.00311082 -0.00867065 -0.0150564 0.00408645 -0.00833183 -0.0149692 0.00502821 -0.00787748 -0.0148959 0.00592124 -0.00731475 -0.0148376 0.00675146 -0.00665252 -0.0147953 0.00750577 -0.00590123 -0.0147697 0.00817227 -0.00700369 -0.0170308 -0.00322217 -0.00761875 -0.0169106 -0.00243694 -0.00812951 -0.0167738 -0.00158271 -0.00852793 -0.0166224 -0.000672955 -0.0088077 -0.0164588 0.000277985 -0.00896444 -0.0162856 0.00125511 -0.00899567 -0.0161056 0.002243 -0.00890087 -0.0159216 0.00322609 -0.00868157 -0.0157364 0.00418887 -0.00834121 -0.0155531 0.00511615 -0.00788516 -0.0153744 0.00599332 -0.00732062 -0.0152033 0.00680653 -0.00665649 -0.0150423 0.00754298 -0.00590323 -0.0148942 0.00819103 0.00541584 -0.0188311 0.00566442 0.00574843 -0.0178864 0.00571192 0.00597854 -0.0169106 0.00569319 0.00610253 -0.0159193 0.00560851 -0.00620598 -0.0180621 -0.00372441 -0.00691274 -0.0179911 -0.00301393 -0.00752634 -0.0178864 -0.00222537 -0.00803711 -0.0177495 -0.00137114 -0.00843698 -0.0175827 -0.000464718 -0.00871965 -0.0173886 0.000479598 -0.00888067 -0.0171702 0.00144692 -0.00891749 -0.0169311 0.00242199 -0.00882954 -0.0166749 0.00338943 -0.00861819 -0.0164057 0.00433398 -0.00828679 -0.0161277 0.00524075 -0.00784056 -0.0158454 0.00609545 -0.00728654 -0.0155632 0.00688457 -0.00663346 -0.0152855 0.0075957 -0.00589163 -0.0150167 0.0082176 0.00528304 -0.020018 0.00460067 0.00540228 -0.0198055 0.00464019 0.00582534 -0.0189209 0.00475143 0.00615268 -0.0179911 0.00479819 0.00637916 -0.0170308 0.00477975 0.0065012 -0.0160551 0.0046964 0.00651686 -0.0150793 0.00454944 -0.00523655 -0.0189547 -0.00410033 -0.0060161 -0.0189624 -0.00346664 -0.00671662 -0.0189209 -0.0027477 -0.00732708 -0.0188311 -0.00195487 -0.00783784 -0.0186942 -0.00110064 -0.00824085 -0.0185125 -0.000198487 -0.00852977 -0.0182888 0.000737366 -0.00870001 -0.0180267 0.00169216 -0.00874891 -0.0177303 0.00265083 -0.00867569 -0.0174042 0.00359826 -0.00848152 -0.0170536 0.00451952 -0.00816943 -0.0166841 0.00540006 -0.00774438 -0.0163014 0.00622601 -0.00721304 -0.0159116 0.00698435 -0.00658381 -0.0155209 0.0076631 -0.0058666 -0.0151353 0.00825156 -0.00491667 -0.0137783 0.00860214 0.00548615 -0.0201222 0.00383909 0.0057175 -0.0198188 0.00368637 0.0061271 -0.0189624 0.00379406 0.00644404 -0.0180621 0.00383934 0.00666332 -0.0171323 0.00382149 0.00678148 -0.0161876 0.00374078 0.00679665 -0.0152429 0.0035985 0.00670859 -0.0143131 0.00339689 0.00592669 -0.0197696 0.00270497 0.00631638 -0.0189547 0.00280744 0.00661792 -0.0180982 0.00285051 0.00682654 -0.0172136 0.00283353 0.00693895 -0.0163149 0.00275675 0.00695338 -0.0154161 0.00262139 0.00686961 -0.0145315 0.00242957 0.00668895 -0.013675 0.00218434 0.00602656 -0.0196585 0.00171149 0.0063902 -0.0188982 0.00180711 0.00667157 -0.0180989 0.0018473 0.00686624 -0.0172735 0.00183145 0.00697113 -0.0164348 0.0017598 0.0069846 -0.0155961 0.00163349 0.00690643 -0.0147706 0.0014545 0.00673785 -0.0139714 0.00122566 0.00648153 -0.0132111 0.000950579 -0.00491337 -0.0128282 0.0082305 -0.00505852 -0.0119717 0.00764137 -0.00533558 -0.0112646 0.00685934 -0.00571692 -0.0107541 0.00591643 -0.00616567 -0.0104757 0.00485035 -0.00663834 -0.0104509 0.00370246 -0.00708769 -0.0106862 0.00251557 -0.00746604 -0.0111718 0.00133174 -0.00772855 -0.0118829 0.000190121 -0.00783639 -0.0127808 -0.000874933 -0.00775949 -0.0138153 -0.00183544 -0.00747883 -0.0149279 -0.00267093 -0.00698802 -0.0160551 -0.00336913 -0.00629403 -0.0171323 -0.00392602 -0.0054172 -0.0180982 -0.00434557 -0.00439028 -0.0188982 -0.00463879 -0.00325671 -0.0194874 -0.0048225 0.00601553 -0.0194874 0.000721585 0.00634737 -0.0187935 0.000808839 0.00660415 -0.0180642 0.000845518 0.0067818 -0.0173109 0.000831057 0.00687752 -0.0165455 0.00076567 0.00688981 -0.0157801 0.000650403 0.00681848 -0.0150268 0.000487063 0.00666464 -0.0142975 0.000278224 0.00643072 -0.0136036 2.71913e-05 0.00612041 -0.0129561 -0.000262085 -0.00275184 -0.0173252 -0.00572834 -0.00274092 -0.0166453 -0.00583075 -0.00370351 -0.0165455 -0.00556098 -0.00360779 -0.0157801 -0.00562636 -0.00451866 -0.0155961 -0.00524459 -0.00432399 -0.0147706 -0.00526043 -0.00516552 -0.0145315 -0.00476651 -0.00486398 -0.013675 -0.00472343 -0.00562449 -0.0134129 -0.00412158 -0.00521488 -0.0125564 -0.00401388 -0.0058891 -0.0123046 -0.00331292 -0.00537701 -0.0114791 -0.00313898 -0.005966 -0.01127 -0.00235241 -0.00536345 -0.0105047 -0.00211475 -0.00587421 -0.0103678 -0.00126052 -0.0051989 -0.00968783 -0.000965681 -0.00564354 -0.00964816 -6.56504e-05 -0.00491775 -0.00907351 0.000276249 -0.00531231 -0.00914994 0.00119701 -0.0045615 -0.00869393 0.00157287 -0.00492465 -0.0088982 0.00248705 -0.00417584 -0.00856668 0.00288167 -0.00452724 -0.00890277 0.0037608 -0.00380733 -0.00869378 0.00415778 -0.00416612 -0.00915771 0.00497347 -0.00350019 -0.0090616 0.00535625 -0.00388344 -0.00964181 0.00608135 -0.00329318 -0.00964181 0.00643429 -0.00371448 -0.0103199 0.00704418 -0.00321682 -0.0103933 0.0073535 -0.00368517 -0.0111454 0.00782705 -0.00329123 -0.0112646 0.0080817 -0.00381024 -0.0120628 0.00840234 -0.00268846 -0.0179945 -0.00558323 -0.0037158 -0.0173109 -0.00544571 -0.00462356 -0.0164348 -0.00517293 -0.00537413 -0.0154161 -0.00474952 -0.00594143 -0.0143131 -0.00416685 -0.00631215 -0.0131892 -0.00342415 -0.0064863 -0.0121087 -0.00252914 -0.00647677 -0.0111332 -0.00149818 -0.0063082 -0.0103174 -0.000355843 -0.00601502 -0.00970632 0.000865978 -0.00563896 -0.00933205 0.00212945 -0.00522598 -0.00921212 0.00339257 -0.00482309 -0.00934843 0.0046112 -0.00447508 -0.0097272 0.00574129 -0.0042213 -0.0103199 0.00674113 -0.00409306 -0.0110853 0.00757354 -0.00411126 -0.0119717 0.00820776 -0.00428501 -0.0129208 0.00862103 -0.00255178 -0.0186425 -0.0053977 -0.00364446 -0.0180642 -0.00528237 -0.00463702 -0.0172735 -0.00504662 -0.00548655 -0.0163149 -0.00467275 -0.0061607 -0.0152429 -0.004149 -0.0066395 -0.014119 -0.00347092 -0.00691613 -0.0130075 -0.00264216 -0.00699706 -0.0119719 -0.00167492 -0.00690125 -0.0110707 -0.000589762 -0.00665855 -0.0103543 0.000585009 -0.00630751 -0.00986138 0.00181452 -0.00589253 -0.00961696 0.00305888 -0.00546075 -0.00963074 0.00427516 -0.00505875 -0.00989664 0.00541944 -0.00472931 -0.0103933 0.00644913 -0.00450846 -0.0110853 0.00732517 -0.00442294 -0.0119258 0.00801405 -0.00448838 -0.0128592 0.00848959 -0.00470807 -0.013825 0.00873434 -0.00481055 -0.0137939 0.00866809 -0.00469893 -0.0128282 0.00835871 -0.00474036 -0.0119258 0.00782425 -0.00492482 -0.0111454 0.00708584 -0.00523048 -0.0105387 0.00617279 -0.00562526 -0.0101474 0.0051209 -0.00606903 -0.0100002 0.00397065 -0.00651638 -0.0101109 0.00276501 -0.00691975 -0.0104779 0.00154721 -0.00723275 -0.0110836 0.000358533 -0.00741333 -0.0118962 -0.000763703 -0.0074269 -0.0128706 -0.00178793 -0.00724873 -0.0139522 -0.00268967 -0.00686598 -0.0150793 -0.00345248 -0.00627886 -0.0161876 -0.0040683 -0.00550098 -0.0172136 -0.00453738 -0.00455885 -0.0180989 -0.00486763 -0.00349062 -0.0187935 -0.00507354 -0.00234396 -0.0192589 -0.00517467 0.00589377 -0.0192589 -0.000249136 0.00618859 -0.0186425 -0.00017162 0.00641671 -0.0179945 -0.000139031 0.00657455 -0.0173252 -0.000151876 0.00665959 -0.0166453 -0.000209968 0.00667051 -0.0159653 -0.000312376 0.00660713 -0.015296 -0.000457491 0.00647045 -0.0146481 -0.000643026 0.00626264 -0.0140316 -0.000866051 0.00598695 -0.0134563 -0.00112305 0.00564775 -0.0129314 -0.00140998 -0.000346927 -0.0190744 0.00923037 0.000269061 -0.0191305 0.00912289 0.00285292 -0.0180267 0.00859992 0.00393037 -0.0173886 0.00804335 0.00485492 -0.0166224 0.00732897 0.00559177 -0.0157824 0.00646273 0.00611845 -0.0149279 0.0054592 0.00642592 -0.014119 0.0043412 0.0065187 -0.0134129 0.00313912 0.00641426 -0.0128601 0.00188954 0.00614149 -0.0125015 0.000633587 0.00573861 -0.0123652 -0.000585038 0.00525038 -0.012465 -0.00172229 0.0048011 -0.0120645 -0.00205509 0.00529134 -0.0118403 -0.000936579 0.00572312 -0.011854 0.000279699 0.00604986 -0.0120998 0.00154984 0.00622998 -0.0125564 0.00282927 0.0062298 -0.0131892 0.00407497 0.00602605 -0.0139522 0.00524763 0.00560769 -0.0147911 0.00631343 0.00497696 -0.0156466 0.00724561 0.00414965 -0.0164588 0.00802549 0.00315445 -0.0171702 0.008643 0.00203156 -0.0177303 0.00909672 0.000830455 -0.0180981 0.00939338 -0.00103349 -0.0190196 0.00928387 -0.0014909 -0.0189876 0.00928163 -0.00234513 -0.0189374 0.00919626 -0.00237942 -0.0189356 0.00919059 0.00430701 -0.0117363 -0.0024031 0.00478564 -0.0113895 -0.00131116 0.00523299 -0.0112788 -0.000105518 0.0056015 -0.0114059 0.00117059 0.00584696 -0.0117572 0.00247221 0.00593159 -0.0123046 0.00375495 0.00582678 -0.0130075 0.00497713 0.00551528 -0.0138153 0.00610186 0.00499263 -0.0146709 0.00709866 0.0042678 -0.0155141 0.00794479 0.00336307 -0.0162856 0.00862601 0.00231293 -0.0169311 0.00913693 0.0011623 -0.0174042 0.00948064 -3.59659e-05 -0.0176701 0.00966808 -0.00122411 -0.0177074 0.00971678 -0.00234278 -0.0175095 0.0096493 -0.00333459 -0.0170856 0.00949145 -0.00414743 -0.0164594 0.00927023 -0.00473767 -0.0156684 0.00901198 0.0037759 -0.0114855 -0.00276085 0.00422951 -0.01102 -0.00170288 0.00467885 -0.0107848 -0.000515986 0.00507626 -0.0107894 0.000757765 0.0053757 -0.0110278 0.00207358 0.00553599 -0.0114791 0.00338617 0.0055238 -0.0121087 0.00465198 0.00531602 -0.0128706 0.00583136 0.00490168 -0.0137106 0.00689043 0.00428298 -0.0145694 0.00780251 0.00347549 -0.0153868 0.00854924 0.0025076 -0.0161056 0.00912107 0.00141908 -0.0166749 0.00951731 0.000258857 -0.0170536 0.00974559 -0.000917679 -0.0172134 0.00982086 -0.00205193 -0.0171401 0.00976403 -0.00308549 -0.0168348 0.0096002 -0.00396368 -0.016314 0.00935679 -0.00463873 -0.0156083 0.00906151 0.00321614 -0.011316 -0.00312269 0.00363169 -0.0107377 -0.00210555 0.00406944 -0.01038 -0.000945229 0.00448242 -0.0102601 0.000317891 0.00482362 -0.0103798 0.00163967 0.00504926 -0.0107258 0.00297445 0.00512186 -0.01127 0.00427728 0.00501303 -0.0119719 0.0055062 0.00470556 -0.0127808 0.00662419 0.00419492 -0.0136396 0.0076009 0.00348992 -0.0144881 0.00841388 0.0026125 -0.0152669 0.00904943 0.00159673 -0.0159216 0.00950285 0.000486983 -0.0164057 0.00977818 -0.000664527 -0.0166841 0.00988742 -0.00180077 -0.0167352 0.00984934 -0.00286324 -0.0165525 0.00968787 -0.00379541 -0.0161445 0.00943026 -0.00454613 -0.015535 0.00910514 0.00263655 -0.0112307 -0.00348292 0.00300164 -0.010547 -0.00251283 0.00341436 -0.0100706 -0.00138648 0.00382934 -0.00982622 -0.000142116 0.00419944 -0.00982347 0.00117732 0.00447905 -0.0100566 0.00252629 0.00462733 -0.0105047 0.00385897 0.0046111 -0.0111332 0.00513151 0.00440735 -0.0118962 0.00630416 0.00400503 -0.0127393 0.00734313 0.00340615 -0.0136035 0.00822205 0.00262597 -0.0144282 0.00892311 0.00169245 -0.0151562 0.00943747 0.000644812 -0.0157364 0.00976532 -0.000468647 -0.0161277 0.00991541 -0.00159329 -0.0163014 0.00990389 -0.00267133 -0.0162431 0.00975304 -0.00364526 -0.0159538 0.00948949 -0.00446132 -0.0154496 0.00914217 0.00204629 -0.0112307 -0.00383585 0.00234927 -0.0104509 -0.0029183 0.00272394 -0.00986166 -0.00183278 0.00312732 -0.0094947 -0.000614982 0.00351298 -0.00936745 0.000693817 0.00383436 -0.00948193 0.00204875 0.00404798 -0.00982468 0.00340362 0.00411656 -0.0103678 0.0047132 0.00401176 -0.0110707 0.00593538 0.0037163 -0.0118829 0.00703327 0.00322549 -0.012747 0.00797683 0.00254779 -0.0136028 0.00874412 0.00170474 -0.0143908 0.00932219 0.000729861 -0.0150564 0.00970724 -0.000333129 -0.0155531 0.00990437 -0.00143274 -0.0158454 0.00992682 -0.00251278 -0.0159116 0.00979474 -0.00351561 -0.0157448 0.00953352 -0.00438566 -0.0153535 0.00917202 0.00145466 -0.011316 -0.00417592 0.00168488 -0.0104509 -0.00331555 0.00200908 -0.00975633 -0.00227709 0.00238743 -0.00927074 -0.00109326 0.0027751 -0.009019 0.000196789 0.00312538 -0.00901094 0.00154937 0.00339297 -0.00924082 0.00291843 0.00353722 -0.00968783 0.00425785 0.00352502 -0.0103174 0.00552366 0.00333329 -0.0110836 0.00667621 0.00295079 -0.0119321 0.00768202 0.00237922 -0.0128035 0.00851528 0.00163341 -0.0136375 0.00915886 0.00074078 -0.0143765 0.00960484 -0.000260102 -0.0149692 0.00985449 -0.00132167 -0.0153744 0.00991778 -0.00239011 -0.0155632 0.00981226 -0.0034085 -0.0155209 0.00956168 -0.00432031 -0.0152482 0.00919421 0.000870982 -0.0114855 -0.00449777 0.00101895 -0.010547 -0.00369833 0.00128104 -0.00975633 -0.0027124 0.00162134 -0.00915787 -0.0015694 0.00199741 -0.0087836 -0.000305924 0.00236326 -0.00865104 0.00103602 0.00267262 -0.00876229 0.00241106 0.00288221 -0.00910397 0.00377267 0.00295481 -0.00964816 0.0050755 0.00286203 -0.0103543 0.00627759 0.0025864 -0.0111718 0.00734232 0.00212289 -0.0120432 0.0082402 0.00147957 -0.0129082 0.00895002 0.000677401 -0.0137072 0.00945972 -0.000250725 -0.0143853 0.00976656 -0.00126182 -0.0148959 0.0098769 -0.00230523 -0.0152033 0.00980535 -0.00332563 -0.0152855 0.00957352 -0.00426633 -0.0151353 0.00920841 0.00030447 -0.0117363 -0.00479631 0.000361973 -0.0107377 -0.00406059 0.000551311 -0.00986166 -0.00313185 0.000841139 -0.00915787 -0.0020359 0.00119218 -0.00866496 -0.000806395 0.00156003 -0.00840791 0.000516799 0.00189829 -0.00839663 0.00188948 0.00216185 -0.00862543 0.00326529 0.00231013 -0.00907351 0.00459797 0.00230995 -0.00970632 0.00584368 0.00213804 -0.0104779 0.00696307 0.00178285 -0.0113337 0.00792321 0.00124565 -0.0122143 0.00869898 0.000540724 -0.0130592 0.00927418 -0.000305148 -0.0138107 0.00964196 -0.00125414 -0.0144173 0.00980483 -0.00225949 -0.0148376 0.00977411 -0.00326829 -0.0150423 0.00956885 -0.00422457 -0.0150167 0.00921437 -0.000235943 -0.0120645 -0.00506685 -0.000275681 -0.01102 -0.00439664 -0.000168601 -0.0100706 -0.00352881 5.91221e-05 -0.00927074 -0.00248541 0.000372114 -0.00866496 -0.00129673 0.000728359 -0.00828537 -1.07678e-07 0.00108219 -0.0081496 0.00136194 0.00138752 -0.00825977 0.00274371 0.00160114 -0.00860253 0.00409858 0.00168576 -0.00914994 0.00538133 0.0016128 -0.00986138 0.00655025 0.00136448 -0.0106862 0.00756932 0.00093534 -0.0115668 0.00840972 0.000332905 -0.0124428 0.00905116 -0.000422502 -0.0132543 0.00948265 -0.00129874 -0.0139463 0.00970271 -0.00225362 -0.0144719 0.00971904 -0.00323739 -0.0147953 0.00954775 -0.00419567 -0.0148942 0.00921201 -0.000741733 -0.012465 -0.00530512 -0.000883957 -0.0113895 -0.00470115 -0.000867343 -0.01038 -0.00389705 -0.000712374 -0.0094947 -0.00291082 -0.000449857 -0.0087836 -0.0017692 -0.000118638 -0.00828537 -0.000506546 0.000237191 -0.0080251 0.000836749 0.000571424 -0.00801274 0.00221617 0.000839019 -0.00824263 0.00358524 0.000999315 -0.00869393 0.00489782 0.00101895 -0.00933205 0.00611038 0.000874357 -0.0101109 0.0071841 0.000553543 -0.0109759 0.00808675 5.72185e-05 -0.0118675 0.00879415 -0.000600947 -0.012725 0.00929115 -0.00139493 -0.0134903 0.00957213 -0.00228771 -0.014112 0.009641 -0.00323343 -0.0145483 0.00951054 -0.0041801 -0.0147697 0.00920137 -0.00120493 -0.0129314 -0.00550735 -0.00145327 -0.0118403 -0.00496934 -0.00153389 -0.0107848 -0.00423073 -0.00146118 -0.00982622 -0.00330544 -0.00126077 -0.009019 -0.00221635 -0.000967598 -0.00840791 -0.000994529 -0.000623373 -0.0080251 0.000322197 -0.000273572 -0.00788824 0.00169098 3.57906e-05 -0.00799949 0.00306601 0.000261424 -0.00834547 0.00440079 0.00036587 -0.0088982 0.00565038 0.000320217 -0.00961696 0.00677363 0.000106266 -0.0104509 0.00773522 -0.000281984 -0.0113425 0.00850723 -0.000837663 -0.012231 0.00907047 -0.00154118 -0.0130565 0.00941518 -0.00236121 -0.0137636 0.00954122 -0.00325645 -0.0143051 0.00945782 -0.0041781 -0.0146452 0.00918263 -0.00161822 -0.0134563 -0.00567036 -0.00197463 -0.0123652 -0.00519697 -0.00215774 -0.0112788 -0.00452461 -0.00217549 -0.0102601 -0.00366304 -0.00204783 -0.00936745 -0.00263113 -0.00180514 -0.00865104 -0.00145636 -0.00148594 -0.0081496 -0.000173602 -0.00113414 -0.00788824 0.00117643 -0.00079588 -0.00787696 0.00254911 -0.000516264 -0.00811007 0.00389808 -0.00033615 -0.00856668 0.00517751 -0.000289196 -0.00921212 0.00634439 -0.000399428 -0.0100002 0.00736063 -0.000679357 -0.0108761 0.00819492 -0.00112892 -0.0117803 0.00882411 -0.00173519 -0.0126516 0.00923432 -0.00247297 -0.0134321 0.0094213 -0.00330611 -0.0140697 0.00939042 -0.00418971 -0.0145226 0.00915606 -0.00197509 -0.0140316 -0.00579159 -0.00243982 -0.0129561 -0.00538045 -0.00272905 -0.011854 -0.00477405 -0.00284404 -0.0107894 -0.00397797 -0.00279864 -0.00982347 -0.003007 -0.00261805 -0.00901094 -0.00188476 -0.0023369 -0.00839663 -0.000642839 -0.0019967 -0.00801274 0.00068063 -0.00164287 -0.00787696 0.00204267 -0.00132149 -0.00799143 0.00339761 -0.00107604 -0.00834272 0.00469923 -0.000944281 -0.00890277 0.00590314 -0.000955565 -0.00963074 0.00696891 -0.00112863 -0.0104757 0.00786212 -0.00147012 -0.0113798 0.00855593 -0.00197391 -0.0122822 0.00903239 -0.00262122 -0.0131227 0.00928309 -0.00338161 -0.0138458 0.00930939 -0.00421472 -0.014404 0.00912208 -0.00226992 -0.0146481 -0.0058691 -0.00284152 -0.0136036 -0.00551689 -0.00323881 -0.0125015 -0.00497511 -0.00345629 -0.0114059 -0.00424528 -0.00350135 -0.0103798 -0.00333803 -0.00339351 -0.00948193 -0.00227297 -0.00316284 -0.00876229 -0.0010781 -0.00284766 -0.00825977 0.000211392 -0.00249184 -0.00799949 0.00155469 -0.00214156 -0.00799143 0.00290727 -0.00184212 -0.00822985 0.00422309 -0.0016347 -0.00869378 0.00545685 -0.00155338 -0.00934843 0.00656624 -0.00162272 -0.0101474 0.00751412 -0.00185589 -0.0110359 0.00827019 -0.00225356 -0.011954 0.00881259 -0.00280363 -0.0128404 0.00912879 -0.00348176 -0.0136368 0.00921604 -0.00425277 -0.0142911 0.00908126 -0.00249804 -0.015296 -0.00590169 -0.00317336 -0.0142975 -0.00560414 -0.00367898 -0.0132111 -0.00512462 -0.00400258 -0.0120998 -0.00446075 -0.00414488 -0.0110278 -0.00361899 -0.0041193 -0.0100566 -0.00261487 -0.00395073 -0.00924082 -0.00147253 -0.0036736 -0.00862543 -0.000223871 -0.00332938 -0.00824263 0.00109286 -0.00296353 -0.00811007 0.0024348 -0.00262233 -0.00822985 0.00375659 -0.00234956 -0.00858846 0.00501253 -0.00218344 -0.00915771 0.00615896 -0.00215383 -0.00989664 0.00715635 -0.00228014 -0.0107541 0.00797136 -0.00256974 -0.0116721 0.00857839 -0.00301732 -0.0125896 0.00896084 -0.00360499 -0.0134461 0.0091118 -0.00430325 -0.0141858 0.0090342 -0.00265587 -0.0159653 -0.00588884 -0.00343013 -0.0150268 -0.00564082 -0.00404262 -0.0139714 -0.00522024 -0.00447428 -0.0128601 -0.00462097 -0.00471908 -0.0117572 -0.00384547 -0.00478396 -0.0107258 -0.00290506 -0.00468814 -0.00982468 -0.0018199 -0.00446149 -0.00910397 -0.000618297 -0.00414229 -0.00860253 0.000664454 -0.00377444 -0.00834547 0.00198766 -0.00340434 -0.00834272 0.00330709 -0.00307759 -0.00858846 0.00457722 -0.0028358 -0.0090616 0.0057535 -0.0027136 -0.0097272 0.00679452 -0.00273618 -0.0105387 0.00766419 -0.00291746 -0.0114411 0.00833347 -0.00325893 -0.0123742 0.00878188 -0.00374935 -0.0132766 0.00899833 -0.00436535 -0.0140897 0.00898167 -0.00117339 -0.0194707 -0.00519398 -0.00141011 -0.0189767 -0.00541466 -0.00158856 -0.0184474 -0.00560616 -0.00170591 -0.017891 -0.00576547 -0.00176033 -0.0173164 -0.00589007 -0.00175096 -0.0167325 -0.00597801 -0.00167793 -0.0161486 -0.00602788 -0.00154241 -0.015574 -0.00603891 -0.00134653 -0.0150176 -0.00601094 -0.00109338 -0.0144883 -0.00594437 -0.000786955 -0.0139943 -0.00584029 -0.00043208 -0.0135436 -0.00570032 -3.43603e-05 -0.0131431 -0.00552667 0.000399938 -0.0127992 -0.00532209 0.00086396 -0.0125174 -0.00508979 0.0013504 -0.0123021 -0.00483344 0.00185157 -0.0121566 -0.00455708 0.00235957 -0.0120833 -0.00426508 0.0028664 -0.0120833 -0.00396204 0.00336406 -0.0121566 -0.00365273 0.0038447 -0.0123021 -0.00334204 0.00430074 -0.0125174 -0.00303486 0.00472499 -0.0127992 -0.00273604 0.00511076 -0.0131431 -0.00245028 0.00545196 -0.0135436 -0.00218211 0.00574321 -0.0139943 -0.00193575 0.00597993 -0.0144883 -0.00171507 0.00615838 -0.0150176 -0.00152357 0.00627573 -0.015574 -0.00136426 0.00633015 -0.0161486 -0.00123966 0.00632078 -0.0167325 -0.00115173 0.00624775 -0.0173164 -0.00110185 0.00611223 -0.017891 -0.00109081 0.00591635 -0.0184474 -0.0011188 0.0056632 -0.0189767 -0.00118536 0.00535678 -0.0194707 -0.00128945 0.0050019 -0.0199214 -0.00142941 0.00460418 -0.0203219 -0.00160306 0.00457035 -0.0206524 -0.00120092 0.00416988 -0.0206658 -0.00180765 0.00376974 -0.0207191 -0.00224467 0.000242503 -0.0197477 -0.0049361 -3.71468e-05 -0.0194195 -0.0051559 -0.000275863 -0.0190501 -0.00535783 -0.00046988 -0.0186452 -0.00553869 -0.000616135 -0.0182114 -0.00569564 -0.000712322 -0.0177554 -0.00582622 -0.000756925 -0.0172844 -0.00592834 -0.00074924 -0.0168058 -0.00600042 -0.000689386 -0.0163273 -0.00604129 -0.000578312 -0.0158563 -0.00605034 -0.000417767 -0.0154003 -0.0060274 -0.000210283 -0.0149665 -0.00597285 4.08645e-05 -0.0145616 -0.00588754 0.000331724 -0.0141922 -0.00577282 0.000657698 -0.0138639 -0.0056305 0.00101365 -0.0135821 -0.00546281 0.00139397 -0.0133511 -0.00527242 0.00179266 -0.0131746 -0.00506232 0.00220342 -0.0130554 -0.00483582 0.00261979 -0.0129953 -0.00459649 0.00303519 -0.0129953 -0.00434811 0.00344307 -0.0130554 -0.0040946 0.00383701 -0.0131746 -0.00383995 0.00421078 -0.0133511 -0.00358819 0.0045585 -0.0135821 -0.00334327 0.00487468 -0.0138639 -0.00310906 0.00515433 -0.0141922 -0.00288927 0.00539305 -0.0145616 -0.00268735 0.00558706 -0.0149665 -0.00250648 0.00573332 -0.0154003 -0.00234953 0.0058295 -0.0158563 -0.00221896 0.00587411 -0.0163273 -0.00211683 0.00586642 -0.0168058 -0.00204476 0.00580657 -0.0172844 -0.00200387 0.00569549 -0.0177554 -0.00199484 0.00553495 -0.0182114 -0.00201777 0.00532747 -0.0186452 -0.00207232 0.00507632 -0.0190501 -0.00215763 0.00478546 -0.0194195 -0.00227235 0.00445948 -0.0197477 -0.00241468 0.000294173 -0.0164984 -0.00592886 0.000379046 -0.0161385 -0.00593578 0.000501724 -0.0157901 -0.00591825 0.000660269 -0.0154586 -0.00587657 0.000852184 -0.0151492 -0.00581137 0.00107444 -0.0148669 -0.00572371 0.00132353 -0.0146161 -0.00561496 0.00159552 -0.0144007 -0.00548683 0.00188614 -0.0142242 -0.00534135 0.00219079 -0.0140894 -0.00518079 0.00250466 -0.0139982 -0.00500772 0.00282283 -0.0139523 -0.00482484 0.00314025 -0.0139523 -0.00463505 0.00345193 -0.0139982 -0.00444133 0.00375294 -0.0140894 -0.00424674 0.00403856 -0.0142242 -0.00405436 0.00430426 -0.0144007 -0.00386721 0.00454587 -0.0146161 -0.00368825 0.00475956 -0.0148669 -0.00352029 0.00494197 -0.0151492 -0.003366 0.00509022 -0.0154586 -0.00322779 0.00520198 -0.0157901 -0.00310786 0.00527548 -0.0161385 -0.00300809 0.00530956 -0.0164984 -0.00293005 0.00530369 -0.0168641 -0.00287497 0.00525795 -0.0172298 -0.00284373 0.00517308 -0.0175897 -0.00283683 0.0050504 -0.0179381 -0.00285435 0.00489186 -0.0182696 -0.00289604 0.00469994 -0.018579 -0.00296122 0.00447769 -0.0188613 -0.00304889 0.0042286 -0.0191121 -0.00315764 0.00395661 -0.0193275 -0.00328577 0.00366599 -0.019504 -0.00343126 0.00336134 -0.0196389 -0.0035918 0.00304746 -0.01973 -0.00376488 0.0027293 -0.0197759 -0.00394776 0.00241188 -0.0197759 -0.00413756 0.0021002 -0.01973 -0.00433127 0.00179918 -0.0196389 -0.00452586 0.00151357 -0.019504 -0.00471824 0.00124787 -0.0193275 -0.00490539 0.00100626 -0.0191121 -0.00508435 0.000792568 -0.0188613 -0.0052523 0.00061016 -0.018579 -0.0054066 0.000461904 -0.0182696 -0.00554481 0.000350146 -0.0179381 -0.00566474 0.000276649 -0.0175897 -0.00576452 0.000242567 -0.0172298 -0.00584255 0.000248438 -0.0168641 -0.00589763 0.00125724 -0.0166594 -0.00569237 0.00131457 -0.0164162 -0.00569703 0.00139745 -0.0161808 -0.00568519 0.00150455 -0.0159569 -0.00565704 0.0016342 -0.0157479 -0.005613 0.00178435 -0.0155572 -0.00555377 0.00195262 -0.0153877 -0.00548031 0.00213637 -0.0152423 -0.00539375 0.0023327 -0.015123 -0.00529546 0.00253851 -0.0150319 -0.005187 0.00275055 -0.0149703 -0.00507008 0.00296549 -0.0149393 -0.00494653 0.00317992 -0.0149393 -0.00481832 0.00339048 -0.0149703 -0.00468745 0.00359384 -0.0150319 -0.004556 0.00378679 -0.015123 -0.00442603 0.00396629 -0.0152423 -0.0042996 0.0041295 -0.0153877 -0.0041787 0.00427387 -0.0155572 -0.00406523 0.0043971 -0.0157479 -0.003961 0.00449725 -0.0159569 -0.00386763 0.00457275 -0.0161808 -0.0037866 0.0046224 -0.0164162 -0.00371921 0.00464543 -0.0166594 -0.00366649 0.00464146 -0.0169064 -0.00362928 0.00461056 -0.0171534 -0.00360818 0.00455322 -0.0173966 -0.00360351 0.00447035 -0.017632 -0.00361535 0.00436324 -0.0178559 -0.00364351 0.00423359 -0.0180649 -0.00368755 0.00408345 -0.0182556 -0.00374677 0.00391517 -0.0184251 -0.00382024 0.00373142 -0.0185705 -0.0039068 0.0035351 -0.0186898 -0.00400509 0.00332929 -0.0187809 -0.00411354 0.00311724 -0.0188425 -0.00423047 0.00290231 -0.0188735 -0.00435401 0.00268787 -0.0188735 -0.00448223 0.00247731 -0.0188425 -0.0046131 0.00227396 -0.0187809 -0.00474455 0.00208101 -0.0186898 -0.00487452 0.00190151 -0.0185705 -0.00500094 0.00173829 -0.0184251 -0.00512185 0.00159393 -0.0182556 -0.00523531 0.0014707 -0.0180649 -0.00533954 0.00137055 -0.0178559 -0.00543291 0.00129505 -0.017632 -0.00551393 0.0012454 -0.0173966 -0.00558134 0.00122237 -0.0171534 -0.00563406 0.00122634 -0.0169064 -0.00567126 -0.00374614 -0.0204724 -0.00464813 -0.00368982 -0.0204786 -0.00466694 -0.00202015 -0.0206372 -0.0050124 -0.00145687 -0.0206804 -0.00504184 -0.00474284 -0.0203524 -0.00422764 -0.00412421 -0.0204293 -0.00450861 -0.00143197 -0.0206822 -0.00504217 -0.00816789 -0.0189899 0.00526942 0.00155389 -0.0191979 0.00932043 0.00117581 -0.0191547 0.00945995 0.0061496 -0.0204293 0.00163434 0.00617669 -0.020269 0.00300879 -0.00265736 -0.0205822 -0.00492732 -0.00280395 -0.0205686 -0.00489978 0.00457006 -0.0196739 0.00709067 0.00386271 -0.019534 0.00785304 0.00307466 -0.0194026 0.00849469 0.0058242 -0.0205822 0.000144009 0.00535691 -0.0206804 -0.000967722 0.00534541 -0.0206822 -0.000989813 0.00459571 -0.0207662 -0.00215016 0.00459168 -0.0207666 -0.00215528 -0.00839452 -0.0190449 0.00466782 -0.00843964 -0.0190585 0.00452566 -0.0086538 -0.0191485 0.00363509 0.00277748 -0.0193582 0.00869381 0.00584198 -0.020577 0.000198875 0.00586932 -0.0205686 0.000286173 0.00609356 -0.0204724 0.00123525 -5.49835e-05 -0.0207662 -0.00493092 -4.85648e-05 -0.0207666 -0.00492979 -0.00808929 -0.0197056 -0.000747215 -0.00804661 -0.0197193 -0.000838149 -0.00772225 -0.0198136 -0.00144297 -0.00866388 -0.0191547 0.00357657 -0.00871992 -0.0191979 0.00317749 -0.00876519 -0.0192747 0.00249956 -0.00874701 -0.0193582 0.00180304 -0.00852 -0.019534 0.000449133 -0.00851516 -0.0195364 0.000430998 -0.00818318 -0.0196739 -0.000534799 0.00614193 -0.0202245 0.00336482 0.00594967 -0.0200932 0.0043627 0.00594484 -0.0200907 0.00438083 0.00547629 -0.0199078 0.00564998 0.00515193 -0.0198136 0.0062548 0.00477265 -0.0197193 0.00682678 -2.99966e-07 -0.020769 -0.00492118 0.000645133 -0.0207972 -0.00477437 0.00173648 -0.020828 -0.00438309 0.00252785 -0.0208352 -0.00397116 0.00263445 -0.0208351 -0.00390623 0.00305753 -0.0208316 -0.00362356 0.00346909 -0.0208232 -0.00330616 0.00364573 -0.0208178 -0.00315535 0.0039006 -0.0208081 -0.00292032 0.00434732 -0.0207841 -0.00245034 0.00128011 -0.0208178 -0.00456982 0.00124741 -0.020817 -0.00458188 -0.00734297 -0.0199078 -0.00201495 -0.00728306 -0.0199216 -0.00209559 -0.00714038 -0.0199533 -0.00227884 -0.00644672 -0.0200907 -0.00302837 -0.00643304 -0.0200932 -0.00304121 -0.0053478 -0.020269 -0.00388197 -0.007162 -0.0188606 0.00696711 -0.00716603 -0.0188609 0.00696198 -0.00791573 -0.0189449 0.00580164 -0.00792723 -0.0189467 0.00577956 -0.00289732 -0.018843 0.00966601 -0.00352277 -0.018819 0.00949493 -0.00252176 -0.0188606 0.00974162 -0.00251534 -0.0188609 0.00974275 0.00023363 -0.0190585 0.0097116 0.000143794 -0.0190502 0.00972885 8.70432e-05 -0.0190449 0.00973914 -0.00111345 -0.0189467 0.00985367 -0.00113835 -0.0189449 0.009854 -0.00541724 -0.0187932 0.00858125 -0.00621605 -0.0188093 0.00796719 -0.00624216 -0.0188102 0.00794409 -0.00669677 -0.0188299 0.00750464 -0.00713157 -0.0188582 0.00700555 -0.00385043 -0.0188093 0.00938165 -0.00406688 -0.018804 0.00929741 -0.00454127 -0.0187955 0.00908509 -0.00499051 -0.018792 0.00884616 -0.00509817 -0.0187919 0.00878299 -0.00613076 -0.0144538 0.00857378 -0.00615932 -0.0145767 0.00857637 -0.00532694 -0.014693 0.0091656 -0.00608954 -0.0143347 0.00857935 -0.00603627 -0.0142212 0.008593 -0.00597177 -0.0141149 0.00861455 -0.00589703 -0.0140176 0.00864364 -0.00581316 -0.0139306 0.00867985 -0.00572145 -0.0138553 0.00872263 -0.00562328 -0.0137928 0.00877131 -0.00552013 -0.0137441 0.00882518 -0.00541358 -0.0137099 0.00888341 -0.00530524 -0.0136907 0.00894512 -0.00519676 -0.0136869 0.00900937 -0.00508977 -0.0136984 0.00907519 -0.00498589 -0.0137251 0.00914158 -0.00488671 -0.0137667 0.00920754 -0.00479372 -0.0138224 0.00927207 -0.00470834 -0.0138914 0.00933417 -0.00463186 -0.0139727 0.00939293 -0.00456543 -0.0140651 0.00944744 -0.00451008 -0.0141671 0.00949688 -0.00446663 -0.0142772 0.00954049 -0.00443574 -0.0143937 0.00957764 -0.00441788 -0.0145149 0.00960773 -0.00441333 -0.0146389 0.00963032 -0.00442215 -0.0147639 0.00964507 -0.0044442 -0.0148879 0.00965176 -0.00447916 -0.0150091 0.00965027 -0.0045265 -0.0151256 0.00964063 -0.00458549 -0.0152357 0.009623 -0.00465524 -0.0153377 0.00959764 -0.0047347 -0.0154301 0.00956492 -0.00482265 -0.0155114 0.00952535 -0.00491778 -0.0155804 0.00947955 -0.00501863 -0.0156361 0.00942817 -0.00512367 -0.0156777 0.00937201 -0.00523132 -0.0157044 0.00931193 -0.00533994 -0.0157159 0.00924883 -0.00544789 -0.0157121 0.00918367 -0.00555352 -0.0156929 0.00911744 -0.00565524 -0.0156587 0.00905114 -0.00575151 -0.01561 0.00898577 -0.00584087 -0.0155475 0.00892233 -0.00592195 -0.0154722 0.00886179 -0.00599354 -0.0153852 0.00880505 -0.00605454 -0.0152878 0.00875297 -0.00610404 -0.0151816 0.00870636 -0.00614128 -0.0150681 0.0086659 -0.0061657 -0.014949 0.00863221 -0.00617692 -0.0148261 0.00860582 -0.00617479 -0.0147014 0.00858712 -0.000718208 -0.0184849 0.0100147 0.000104299 -0.0190345 0.00974096 0.000537449 -0.0184011 0.00989848 0.00138687 -0.0188413 0.00952662 0.0022014 -0.0192379 0.00904411 0.00263474 -0.0184292 0.00917363 0.00430359 -0.0184219 -0.00418166 0.0038451 -0.017729 -0.0047844 0.00392456 -0.0176366 -0.00475169 0.00247593 -0.0188758 -0.00520174 0.00292456 -0.0179576 -0.00529819 0.00302628 -0.0179918 -0.00523188 0.00331588 -0.0170087 -0.00528911 0.00305966 -0.016043 -0.00552415 0.00316621 -0.0160088 -0.00546592 0.00295652 -0.0160917 -0.00557801 0.00375714 -0.0178103 -0.00482396 0.00282829 -0.0179089 -0.00536355 -0.00337593 -0.0182146 0.0097513 -0.00376475 -0.0184294 0.00955322 -0.00233389 -0.0187153 0.00983005 0.00342676 -0.0187311 0.00859475 0.0053737 -0.0193704 0.00631641 0.00649154 -0.0195523 0.00346904 0.0042769 -0.0202652 -0.00304772 0.00348309 -0.0206401 -0.0034623 0.00143365 -0.020567 -0.00469941 -0.00574563 -0.0199864 -0.0037783 -0.00493729 -0.0199164 -0.00440701 -0.0089538 -0.0188402 0.00231043 -0.00881041 -0.0191652 0.0013474 -0.00751464 -0.0185306 0.00670276 -0.00500355 -0.018737 0.00886181 -0.00541974 -0.0187222 0.00861059 -0.005827 -0.0186483 0.00835523 -0.00621918 -0.0185165 0.00809961 -0.00659034 -0.0183286 0.00784759 -0.00693484 -0.0180877 0.00760302 -0.00808073 -0.0187461 0.00565433 -0.00858511 -0.0187247 0.00449573 -0.00898129 -0.0184717 0.00326803 -0.00889248 -0.0180649 0.00420624 -0.00818593 -0.019666 -0.000538882 -0.0085532 -0.0194418 0.000393 -0.00849263 -0.018731 -0.000872064 -0.00802291 -0.0188928 -0.00177026 -0.00745085 -0.0190102 -0.00261438 -0.00714415 -0.0199452 -0.0022812 -0.00648484 -0.019996 -0.00306625 -0.00407161 -0.0197872 -0.00494319 -0.00316123 -0.0196006 -0.00537902 -0.00194711 -0.0199438 -0.00545168 -0.00285386 -0.0202604 -0.00508952 -0.00161149 -0.0204795 -0.00516519 -0.000739118 -0.0200264 -0.00546065 0.00106249 -0.0203792 -0.00495142 0.00626869 -0.0199368 0.000313226 -0.00300919 -0.0179485 0.00992794 -0.00458477 -0.0186926 0.00910508 -0.00416975 -0.0185895 0.00933672 0.0022848 -0.0187791 -0.00533151 0.00169332 -0.0196065 -0.00519347 0.00273894 -0.0178464 -0.00542699 0.00412896 -0.0185833 -0.00426021 0.0044259 -0.0193164 -0.00360606 0.00366202 -0.0178793 -0.00486978 0.00317081 -0.0149685 -0.00541224 0.00295571 -0.0150065 -0.00553476 0.00274417 -0.0150744 -0.00565036 0.00253939 -0.0151712 -0.00575731 0.00210739 -0.018655 -0.00545746 0.00143045 -0.0194227 -0.00538009 0.000717992 -0.0201383 -0.005196 0.00267789 -0.0189437 -0.0050701 0.00227579 -0.0198504 -0.00480612 0.00197653 -0.0197498 -0.00500117 0.0039401 -0.0187203 -0.00435118 0.00414606 -0.0195195 -0.00374086 0.00332533 -0.0139489 -0.00512406 0.00300617 -0.0139602 -0.00531308 0.00268745 -0.0140166 -0.00549461 0.002374 -0.0141172 -0.00566592 0.00207057 -0.0142605 -0.00582439 0.000405373 -0.0198479 -0.00542944 0.00119191 -0.0192011 -0.00555822 0.0019464 -0.0185055 -0.00557768 0.00265785 -0.0177711 -0.00548753 0.00182583 -0.0206988 -0.00444379 0.0022331 -0.0207727 -0.00418844 0.00258655 -0.0199068 -0.00461127 0.00288762 -0.0189817 -0.00493861 0.00313191 -0.018011 -0.00516565 0.00323986 -0.0180148 -0.00510049 0.00310193 -0.0189894 -0.00480923 0.00290411 -0.0199181 -0.00441958 0.00264928 -0.0207876 -0.00393722 0.00306806 -0.0207431 -0.00369394 0.00322366 -0.0198842 -0.00423395 0.00331759 -0.0189665 -0.00468395 0.00334848 -0.0180033 -0.00503739 -0.000401737 -0.0204364 -0.00519323 0.00354035 -0.0198056 -0.00405719 0.00353132 -0.0189134 -0.00456467 0.00345613 -0.0179766 -0.00497731 0.00388808 -0.0204799 -0.0032458 0.00384937 -0.0196834 -0.00389199 0.00373987 -0.0188309 -0.00445318 0.00356117 -0.017935 -0.00492116 0.0040533 -0.0174245 -0.00470869 0.00399431 -0.0175346 -0.00472632 0.00459983 -0.018036 -0.00406634 0.00446135 -0.0182385 -0.00411671 0.00491842 -0.0188055 -0.00339343 0.00468466 -0.0190772 -0.00348967 0.00498276 -0.0196855 -0.00271853 0.00464364 -0.019999 -0.00287107 0.00477901 -0.0206211 -0.00206595 0.00361381 -0.0130091 -0.00460669 0.00320131 -0.0129647 -0.00486046 0.00278304 -0.0129795 -0.00510818 0.00236534 -0.0130534 -0.00534609 0.00195454 -0.0131853 -0.00557059 0.00155688 -0.0133731 -0.00577827 0.000129366 -0.0195125 -0.00564821 0.000981307 -0.0189452 -0.00572515 0.00180427 -0.0183327 -0.00569033 0.00258626 -0.0176841 -0.00554428 0.00410063 -0.017308 -0.00469905 0.00471695 -0.0178174 -0.00403134 0.00512362 -0.0185055 -0.00331881 0.0052891 -0.0193295 -0.00259241 0.00519353 -0.0202379 -0.00187949 0.0041356 -0.0171868 -0.00469757 0.00481093 -0.017586 -0.00401222 0.00529716 -0.0181816 -0.00326693 0.00555803 -0.0189362 -0.00249461 0.005568 -0.0198027 -0.00172532 0.00575103 -0.0202183 -0.0008048 0.00589672 -0.019322 -0.00160577 0.00578546 -0.0185117 -0.00242664 0.00543641 -0.0178387 -0.0032386 0.00488034 -0.0173454 -0.00400926 0.00415765 -0.0170628 -0.00470426 0.00400971 -0.0122029 -0.00387463 0.00352017 -0.0120769 -0.00418752 0.00301593 -0.0120225 -0.00449773 0.00250465 -0.0120406 -0.00480052 0.00199407 -0.012131 -0.00509134 0.00149192 -0.0122922 -0.00536576 0.00100584 -0.0125217 -0.00561963 -0.00102662 -0.0195676 -0.00570606 -0.000105837 -0.0191371 -0.00584898 0.000801833 -0.0186588 -0.00587835 0.00168315 -0.0181394 -0.00579372 0.00252526 -0.0175868 -0.00559636 0.00583555 -0.0205702 0.000155714 0.00613477 -0.0196571 -0.000665258 0.00617473 -0.0188031 -0.00152268 0.00596795 -0.0180625 -0.00238949 0.00553926 -0.0174822 -0.00323423 0.00492414 -0.0170992 -0.00402253 0.00416647 -0.0169378 -0.004719 0.00447764 -0.0115752 -0.00295091 0.00393199 -0.0113467 -0.00331377 0.00336053 -0.0111996 -0.00367903 0.00277192 -0.0111362 -0.00404113 0.00217508 -0.0111574 -0.0043946 0.00157906 -0.0112628 -0.00473409 0.000992888 -0.011451 -0.00505442 0.00042546 -0.011719 -0.00535077 -0.00221942 -0.0193593 -0.00570814 -0.0012599 -0.0190668 -0.00592577 -0.000296673 -0.0187275 -0.00602872 0.000656215 -0.0183462 -0.00601549 0.00158487 -0.0179285 -0.00588628 0.00247576 -0.0174805 -0.00564298 0.00416192 -0.0168138 -0.00474159 0.00494164 -0.016851 -0.00405181 0.00560415 -0.0171173 -0.00325388 0.00610274 -0.0175952 -0.00238376 0.00639781 -0.0182539 -0.00147728 0.0064593 -0.0190514 -0.000568259 0.00629654 -0.0201569 0.0013154 0.00663501 -0.0192531 0.00042272 0.0067197 -0.0184104 -0.000515263 0.00656257 -0.0176828 -0.00147027 0.00618778 -0.017117 -0.00240952 0.00563009 -0.0167497 -0.00329727 0.0049326 -0.0166048 -0.00409667 0.00414406 -0.0166926 -0.00477168 0.00497561 -0.0111601 -0.00186606 0.00439818 -0.0108142 -0.00226674 0.00378227 -0.0105563 -0.00267633 0.00313723 -0.0103902 -0.00308861 0.00247282 -0.0103186 -0.00349735 0.00179913 -0.0103425 -0.00389634 0.00112636 -0.0104616 -0.00427953 0.000464709 -0.0106739 -0.00464112 -0.000175783 -0.0109764 -0.00497563 0.00411317 -0.0165761 -0.00480882 0.00489715 -0.0163642 -0.00415641 0.0056167 -0.0163848 -0.00336373 0.00622178 -0.0166352 -0.00246638 0.00666652 -0.0170983 -0.00150176 0.00691204 -0.0177436 -0.000507082 0.00692895 -0.0185295 0.000482533 0.00669931 -0.0194051 0.00143579 0.00621791 -0.0203141 0.00232666 0.00545776 -0.0109782 -0.000656638 0.0048748 -0.0105069 -0.00108071 0.00423992 -0.0101266 -0.00152126 0.00356274 -0.00984301 -0.0019716 0.00285351 -0.00966047 -0.0024249 0.002123 -0.00958175 -0.0028743 0.00138228 -0.00960802 -0.00331299 0.00064257 -0.0097389 -0.00373431 -8.4905e-05 -0.00997241 -0.00413188 -0.000789126 -0.010305 -0.00449966 0.00406972 -0.016466 -0.00485245 0.00483583 -0.0161328 -0.00423014 0.00556417 -0.0160283 -0.00345227 0.00620423 -0.016157 -0.00255349 0.00670808 -0.0165093 -0.00157127 0.00703338 -0.0170613 -0.000543844 0.00714605 -0.0177769 0.000491765 0.00702249 -0.0186095 0.00150156 0.00665125 -0.0195054 0.00245619 0.00699897 -0.0186493 0.00252695 0.00726119 -0.017782 0.00151171 0.00728302 -0.0170067 0.000450272 0.00708189 -0.0163738 -0.00062498 0.00668662 -0.0159248 -0.00167774 0.00613538 -0.0156898 -0.00266951 0.0054733 -0.0156855 -0.00356152 0.00474956 -0.0159142 -0.00431675 0.00401436 -0.016364 -0.00490188 0.00587729 -0.011036 0.000636544 0.00531546 -0.0104388 0.000204925 0.00468825 -0.00993168 -0.000251341 0.00400517 -0.00952248 -0.000725325 0.00327658 -0.00921737 -0.00120985 0.00251352 -0.00902098 -0.00169757 0.00172756 -0.00893627 -0.00218108 0.000930609 -0.00896454 -0.00265307 0.000134749 -0.00910536 -0.00310637 -0.000647949 -0.00935659 -0.00353411 -0.00140562 -0.00971442 -0.00392982 0.00622251 -0.0195452 0.00445956 0.00685872 -0.0186483 0.00354376 0.00725578 -0.017759 0.00253787 0.00741178 -0.0169352 0.00146609 0.00733778 -0.0162307 0.00035869 0.00705685 -0.0156915 -0.000749271 0.00660247 -0.0153536 -0.00181957 0.0060163 -0.0152405 -0.00281269 0.00534547 -0.0153616 -0.00368984 0.00463965 -0.0157117 -0.00441491 0.00394794 -0.0162716 -0.0049564 0.00618951 -0.0113253 0.0019704 0.00567426 -0.0106089 0.00154755 0.00508098 -0.00997822 0.00109177 0.00441867 -0.00944275 0.000609961 0.00369736 -0.00901065 0.000109446 0.00292799 -0.00868846 -0.000402193 0.00212222 -0.00848108 -0.000917207 0.00129226 -0.00839163 -0.00142779 0.000450706 -0.00842148 -0.00192619 -0.000389697 -0.00857018 -0.00240486 -0.0012162 -0.00883547 -0.00285656 -0.00201629 -0.00921333 -0.00327441 0.00584807 -0.0194843 0.00541332 0.00660379 -0.0186066 0.00453715 0.00712991 -0.0177082 0.00355529 0.00741781 -0.016848 0.00248879 0.007472 -0.016082 0.00136539 0.0073095 -0.0154605 0.000218395 0.00695861 -0.0150247 -0.000914823 0.0064569 -0.0148045 -0.00199459 0.00584877 -0.014816 -0.00298087 0.00518261 -0.0150615 -0.00383529 0.00450777 -0.0155284 -0.00452314 0.00387146 -0.0161903 -0.00501515 0.00635478 -0.0118238 0.00330159 0.00590887 -0.0110022 0.00290335 0.00537383 -0.0102583 0.00246424 0.00475775 -0.00960331 0.00199095 0.00406999 -0.00904727 0.00149063 0.00332097 -0.00859856 0.000970889 0.00252203 -0.008264 0.000439588 0.0016853 -0.00804864 -9.52143e-05 0.000823459 -0.00795576 -0.000625413 -5.04312e-05 -0.00798676 -0.00114297 -0.000923125 -0.00814117 -0.00164003 -0.00178139 -0.00841665 -0.00210908 -0.00261222 -0.00880903 -0.00254298 -0.00678482 -0.0190815 -0.00339212 -0.0060345 -0.0191057 -0.00409212 -0.00521085 -0.0190824 -0.0047042 -0.00432588 -0.0190121 -0.0052194 -0.00339249 -0.0188956 -0.00563024 -0.00242429 -0.0187347 -0.0059307 -0.00143541 -0.0185318 -0.00611643 -0.000440253 -0.0182898 -0.00618469 0.000546658 -0.0180122 -0.00613451 0.00151093 -0.0177031 -0.00596661 0.00243852 -0.017367 -0.00568343 0.0062379 -0.0185246 0.00549265 0.0068854 -0.0176303 0.00454913 0.007301 -0.0167462 0.00350346 0.00748259 -0.0159299 0.00238045 0.00744091 -0.0152352 0.00121114 0.00719862 -0.0147079 3.152e-05 0.00678868 -0.0143837 -0.00111914 0.00625212 -0.0142856 -0.00220016 0.00563535 -0.0144228 -0.00317148 0.00498721 -0.0147898 -0.00399566 0.00435592 -0.0153669 -0.0046398 0.00378608 -0.0161213 -0.00507726 0.00634117 -0.0124965 0.00458864 0.00598331 -0.0115898 0.00422939 0.00552741 -0.0107497 0.00382221 0.00498036 -0.00998913 0.00337327 0.00435048 -0.0093195 0.00288936 0.0036473 -0.008751 0.00237783 0.00288148 -0.00829223 0.00184644 0.00206464 -0.00795017 0.00130322 0.00120915 -0.00772998 0.000756432 0.000327984 -0.00763502 0.00021435 -0.000565497 -0.00766671 -0.000314813 -0.00145776 -0.00782459 -0.000823017 -0.00233526 -0.00810624 -0.00130257 -0.00318471 -0.00850742 -0.00174621 0.0048063 -0.0192052 0.00715564 0.00576639 -0.0184036 0.00639632 0.00652583 -0.0175264 0.0055049 0.00706307 -0.0166313 0.00449531 0.00736941 -0.0157767 0.00338906 0.00744914 -0.0150189 0.00221449 0.00731899 -0.0144077 0.00100568 0.00700681 -0.0139843 -0.000199098 0.00654964 -0.013778 -0.00135911 0.00599124 -0.0138049 -0.00243317 0.00537925 -0.0140667 -0.00338165 0.00476221 -0.0145506 -0.00416851 0.0041864 -0.0152299 -0.00476311 0.00369309 -0.0160656 -0.00514179 0.00612667 -0.0132981 0.00579378 0.00587041 -0.0123313 0.00548567 0.00550993 -0.0114179 0.00512378 0.00505068 -0.0105717 0.00471361 0.00449962 -0.00980548 0.00426137 0.00386511 -0.00913094 0.00377391 0.00315676 -0.00855825 0.00325862 0.00238532 -0.00809612 0.00272333 0.00156247 -0.00775154 0.00217612 0.000700703 -0.00752974 0.00162531 -0.000186933 -0.00743408 0.00107924 -0.00108698 -0.00746601 0.000546206 -0.00198579 -0.00762504 3.42619e-05 -0.00286974 -0.00790877 -0.000448819 -0.00372543 -0.00831289 -0.000895712 0.00415415 -0.018991 0.0079188 0.00519613 -0.0182454 0.00723497 0.00605643 -0.0173982 0.00640866 0.00670748 -0.016505 0.00544987 0.00713411 -0.0156246 0.00437651 0.00733409 -0.0148147 0.0032138 0.00731798 -0.0141286 0.00199342 0.0071081 -0.0136121 0.000752103 0.00673698 -0.0133006 -0.000469971 0.0062451 -0.0132168 -0.0016311 0.0056782 -0.0133696 -0.00269007 0.00508438 -0.0137532 -0.00360819 0.00451102 -0.0143475 -0.00435124 0.00400179 -0.0151193 -0.00489122 0.00359391 -0.016024 -0.00520774 0.00570084 -0.0141753 0.00688466 0.00555378 -0.0131771 0.00663682 0.00529939 -0.0122174 0.00633096 0.00494154 -0.0113106 0.00597171 0.00448563 -0.0104706 0.00556454 0.00393859 -0.00970999 0.0051156 0.0033087 -0.00904036 0.00463169 0.00260552 -0.00847186 0.00412016 0.00183971 -0.00801309 0.00358876 0.00102286 -0.00767103 0.00304555 0.000167375 -0.00745084 0.00249876 -0.00071379 -0.00735588 0.00195667 -0.00160727 -0.00738757 0.00142751 -0.00249953 -0.00754545 0.000919309 -0.00337704 -0.00782711 0.000439752 -0.00422649 -0.00822828 -3.88512e-06 0.00453543 -0.0180523 0.00799639 0.00548405 -0.0172473 0.00724722 0.00623942 -0.0163692 0.00635323 0.00678011 -0.0154758 0.0053284 0.00709743 -0.0146256 0.00419452 0.00719558 -0.0138746 0.00298037 0.00709107 -0.0132726 0.00172061 0.00681143 -0.0128604 0.000454281 0.00639323 -0.0126672 -0.000776987 0.00587968 -0.0127087 -0.00193099 0.00531775 -0.0129864 -0.00296698 0.0047552 -0.0134871 -0.00384765 0.00423747 -0.0141836 -0.00454106 0.00380487 -0.0150368 -0.00502217 0.00349003 -0.0159973 -0.00527414 0.00506575 -0.0150704 0.00783574 0.00502907 -0.0140714 0.00765377 0.00488524 -0.0130951 0.00741136 0.00463643 -0.0121565 0.0071122 0.00428642 -0.0112696 0.00676083 0.00384051 -0.010448 0.00636258 0.00330547 -0.00970405 0.00592348 0.00268939 -0.0090491 0.00545019 0.00200163 -0.00849306 0.00494988 0.0012526 -0.00804436 0.00443013 0.000453671 -0.00770979 0.00389883 -0.000383059 -0.00749443 0.00336402 -0.0012449 -0.00740155 0.00283383 -0.00211879 -0.00743255 0.00231627 -0.00299149 -0.00758696 0.0018192 -0.00384975 -0.00786245 0.00135017 -0.00468058 -0.00825483 0.000916262 0.00379393 -0.0178271 0.00866948 0.00481704 -0.0170761 0.00800837 0.00566571 -0.0162259 0.00719219 0.00631258 -0.0153325 0.00623086 0.00674261 -0.0144544 0.00514234 0.0069536 -0.0136494 0.00395211 0.00695598 -0.0129706 0.00269229 0.00677188 -0.0124638 0.00140018 0.00643347 -0.0121639 0.000116717 0.00598075 -0.0120937 -0.0011155 0.00545892 -0.0122614 -0.00225424 0.00491537 -0.0126611 -0.00325969 0.00439669 -0.0132723 -0.00409642 0.00394568 -0.0140615 -0.0047351 0.00359863 -0.0149837 -0.00515399 0.00338304 -0.0159858 -0.00533996 0.00423622 -0.015925 0.00862917 0.00430463 -0.0149556 0.00851477 0.00426931 -0.0139935 0.00833952 0.0041308 -0.0130534 0.00810608 0.0038912 -0.0121494 0.00781799 0.00355414 -0.0112954 0.00747963 0.00312473 -0.0105041 0.00709611 0.00260948 -0.00978774 0.00667326 0.0020162 -0.00915702 0.00621748 0.00135388 -0.00862156 0.00573568 0.000632575 -0.00818946 0.00523516 -0.000136798 -0.00786727 0.00472352 -0.000942567 -0.00765988 0.0042085 -0.00177252 -0.00757044 0.00369792 -0.00261408 -0.00760029 0.00319952 -0.00345448 -0.00774899 0.00272084 -0.00428099 -0.00801428 0.00226916 -0.00508108 -0.00839214 0.00185131 0.00323927 -0.0166828 0.00925532 0.0034013 -0.0157718 0.00920623 0.00346608 -0.0148537 0.00909789 0.00343263 -0.0139427 0.00893193 0.00330146 -0.0130524 0.00871086 0.00307456 -0.0121963 0.00843805 0.00275536 -0.0113876 0.00811761 0.00234872 -0.0106383 0.00775443 0.00186078 -0.00995984 0.00735399 0.00129894 -0.00936256 0.00692236 0.000671735 -0.00885548 0.0064661 -1.13417e-05 -0.00844628 0.00599211 -0.000739934 -0.00814117 0.0055076 -0.00150299 -0.00794477 0.00501988 -0.00228896 -0.00786007 0.00453636 -0.00308591 -0.00788834 0.00406437 -0.00388177 -0.00802916 0.00361107 -0.00466446 -0.00828039 0.00318332 -0.00542214 -0.00863822 0.00278762 0.00178963 -0.0180896 0.00964701 0.00298245 -0.0175731 0.00924439 0.00406512 -0.016887 0.00868101 0.00499471 -0.0160771 0.00795455 0.00573833 -0.0151967 0.00707073 0.00627481 -0.0143035 0.00604343 0.00659555 -0.0134563 0.0048945 0.00670479 -0.0127107 0.00365296 0.00661892 -0.0121166 0.00235392 0.00636523 -0.0117145 0.00103699 0.00597996 -0.0115334 -0.000255469 0.00550582 -0.0115888 -0.00148037 0.0049892 -0.0118817 -0.00259593 0.00447714 -0.0123986 -0.00356378 0.0040143 -0.0131122 -0.00435072 0.00364009 -0.0139828 -0.00493042 0.00338621 -0.0149608 -0.00528467 0.00327455 -0.0159896 -0.00540421 0.00211282 -0.017294 0.00971277 0.00235151 -0.0164665 0.00972293 0.00250211 -0.0156197 0.0096773 0.00256232 -0.0147665 0.0095766 0.00253123 -0.0139197 0.00942236 0.00240931 -0.0130922 0.00921689 0.00219842 -0.0122966 0.00896333 0.00190175 -0.0115448 0.0086655 0.00152379 -0.0108484 0.00832793 0.00107028 -0.0102178 0.00795574 0.000548085 -0.00966271 0.00755457 -3.48707e-05 -0.0091914 0.0071305 -0.000669757 -0.00881107 0.00668996 -0.00134694 -0.00852749 0.00623962 -0.00205617 -0.00834495 0.00578631 -0.00278668 -0.00826622 0.00533691 -0.0035274 -0.0082925 0.00489822 -0.00426711 -0.00842338 0.0044769 -0.00499458 -0.00865688 0.00407934 -0.00569881 -0.00898947 0.00371156 -0.00934508 -0.0158576 0.00358198 -0.00933181 -0.015083 0.00346581 -0.00947892 -0.0160447 0.00258166 -0.00946434 -0.0151931 0.00245394 -0.00948921 -0.016229 0.00157196 -0.00947352 -0.0153127 0.00143455 -0.00937578 -0.0164078 0.000567597 -0.00935921 -0.0154403 0.000422497 -0.0091403 -0.0165785 -0.000416774 -0.00912309 -0.0155737 -0.000567454 -0.00878619 -0.0167385 -0.0013668 -0.00876859 -0.0157113 -0.00152086 -0.00831862 -0.0168857 -0.00226864 -0.00830089 -0.0158508 -0.00242383 -0.00774441 -0.0170177 -0.00310912 -0.00772682 -0.0159904 -0.00326319 -0.00707193 -0.0171327 -0.00387601 -0.00705472 -0.016128 -0.00402669 -0.006311 -0.017229 -0.00455811 -0.00629442 -0.0162614 -0.00470322 -0.0054727 -0.0173052 -0.00514549 -0.005457 -0.016389 -0.0052829 -0.00456925 -0.0173602 -0.00562956 -0.00455466 -0.0165086 -0.00575728 -0.00361384 -0.0173932 -0.00600328 -0.00360057 -0.0166187 -0.00611943 -0.00262039 -0.0174038 -0.00626119 -0.00260863 -0.0167175 -0.0063641 -0.00160339 -0.0173916 -0.00639954 -0.00159332 -0.0168038 -0.00648769 -0.000577675 -0.017357 -0.0064163 -0.000569439 -0.0168761 -0.00648842 0.000441799 -0.0173005 -0.00631123 0.000448083 -0.0169335 -0.00636626 0.00144017 -0.0172228 -0.00608588 0.00144441 -0.0169751 -0.00612301 0.00240287 -0.017125 -0.0057435 0.0024141 -0.0172479 -0.00571711 0.00146246 -0.0174666 -0.00603347 0.000474824 -0.0176618 -0.00623359 -0.000534395 -0.0178306 -0.00631454 -0.00155049 -0.0179706 -0.00627515 -0.00255863 -0.0180796 -0.00611599 -0.00354413 -0.0181561 -0.00583938 -0.0044926 -0.018199 -0.00544936 -0.00539022 -0.0182076 -0.00495161 -0.00622392 -0.0181819 -0.00435338 -0.00698151 -0.0181222 -0.00366342 -0.00765196 -0.0180294 -0.00289176 -0.00822549 -0.0179048 -0.00204967 -0.00869374 -0.0177502 -0.00114944 -0.00904987 -0.017568 -0.000204172 -0.0092887 -0.0173607 0.000772331 -0.00940674 -0.0171314 0.00176584 -0.00940228 -0.0168834 0.00276186 -0.00927537 -0.0166204 0.00374587 -0.00912374 -0.0173599 0.00395501 -0.00923556 -0.0176965 0.00299181 -0.00922737 -0.0180062 0.00201325 -0.00909929 -0.0182845 0.00103359 -0.00885318 -0.0185273 6.71189e-05 0.00240501 -0.0170003 -0.00576221 0.000903768 -0.0177174 0.010008 0.0011977 -0.0169938 0.0100678 0.0014148 -0.0162412 0.010077 0.00155177 -0.015471 0.0100355 0.00160653 -0.014695 0.00994394 0.00157825 -0.0139248 0.00980365 0.00146737 -0.0131722 0.00961677 0.00127557 -0.0124486 0.00938615 0.00100574 -0.0117649 0.00911527 0.000661982 -0.0111315 0.00880827 0.000249507 -0.010558 0.00846976 -0.00022543 -0.0100531 0.00810489 -0.000755636 -0.00962443 0.00771919 -0.00133307 -0.00927852 0.00731851 -0.00194897 -0.0090206 0.00690892 -0.00259402 -0.00885458 0.00649663 -0.00325843 -0.00878298 0.0060879 -0.00393212 -0.00880688 0.00568892 -0.00460489 -0.00892591 0.00530572 -0.00526654 -0.00913829 0.00494413 -0.00590703 -0.00944078 0.00460963 -0.00841635 -0.0182104 0.00536784 -0.00868866 -0.0176259 0.00511136 -0.00889353 -0.0170013 0.00488881 -0.00902787 -0.0163462 0.00470352 -0.00908962 -0.0156704 0.00455832 -0.00907787 -0.0149842 0.00445541 -0.00033447 -0.0179237 0.0101543 -9.94102e-06 -0.017318 0.0102513 0.000250464 -0.016677 0.0103043 0.000442797 -0.0160102 0.0103124 0.000564141 -0.0153279 0.0102757 0.000612656 -0.0146404 0.0101945 0.000587607 -0.0139581 0.0100702 0.000489371 -0.0132913 0.00990468 0.000319445 -0.0126503 0.00970037 8.03973e-05 -0.0120446 0.0094604 -0.000224141 -0.0114834 0.00918841 -0.000589563 -0.0109753 0.00888851 -0.00101032 -0.010528 0.00856527 -0.00148004 -0.0101483 0.00822357 -0.0019916 -0.00984181 0.0078686 -0.00253725 -0.00961332 0.00750574 -0.00310871 -0.00946623 0.00714048 -0.00369732 -0.0094028 0.00677839 -0.00429416 -0.00942397 0.0064249 -0.00489018 -0.00952943 0.00608542 -0.00547635 -0.00971758 0.00576509 -0.00604378 -0.00998556 0.00546874 -0.00785202 -0.0181206 0.00643536 -0.00813953 -0.0176617 0.00618994 -0.0083728 -0.017161 0.00597024 -0.0085483 -0.0166259 0.00577958 -0.00866338 -0.0160647 0.00562085 -0.00871629 -0.0154858 0.00549647 -0.00870622 -0.0148979 0.0054083 -0.0015449 -0.0178968 0.0101707 -0.00121618 -0.0174161 0.0102902 -0.000938164 -0.0168972 0.0103733 -0.00071509 -0.0163481 0.0104187 -0.000550328 -0.0157769 0.0104257 -0.000446377 -0.0151924 0.0103942 -0.000404818 -0.0146034 0.0103247 -0.000426276 -0.0140189 0.0102183 -0.000510426 -0.0134478 0.0100764 -0.000655996 -0.0128986 0.0099014 -0.000860775 -0.0123797 0.00969584 -0.00112166 -0.011899 0.00946283 -0.0014347 -0.0114638 0.00920593 -0.00179514 -0.0110806 0.00892903 -0.00219753 -0.0107553 0.00863631 -0.00263576 -0.0104927 0.00833222 -0.00310319 -0.010297 0.00802137 -0.00359273 -0.010171 0.00770847 -0.00409696 -0.0101166 0.00739827 -0.00460825 -0.0101348 0.00709547 -0.00511883 -0.0102251 0.00680466 -0.00562097 -0.0103863 0.00653024 -0.00610706 -0.0106159 0.00627638 -0.00724746 -0.0177974 0.00736957 -0.00752347 -0.017462 0.00715081 -0.00775867 -0.0170866 0.00695003 -0.00794951 -0.0166769 0.00677029 -0.00809309 -0.0162392 0.00661432 -0.00818723 -0.0157801 0.00648448 -0.00823051 -0.0153065 0.00638272 -0.00822227 -0.0148256 0.00631059 -0.00191936 -0.0183321 0.0100165 -0.00267007 -0.017635 0.0100805 -0.00236373 -0.0172789 0.0102066 -0.00209481 -0.0168857 0.0103044 -0.00186737 -0.0164612 0.0103724 -0.00168488 -0.0160119 0.0104095 -0.00155009 -0.0155447 0.0104153 -0.00146505 -0.0150665 0.0103895 -0.00143105 -0.0145847 0.0103326 -0.00144861 -0.0141065 0.0102455 -0.00151745 -0.0136392 0.0101295 -0.00163653 -0.01319 0.00998632 -0.00180406 -0.0127655 0.00981815 -0.00201748 -0.0123722 0.00962753 -0.00227358 -0.0120162 0.00941737 -0.00256845 -0.0117027 0.00919082 -0.00289763 -0.0114365 0.00895136 -0.00325614 -0.0112218 0.0087026 -0.00363853 -0.0110616 0.0084483 -0.00403902 -0.0109586 0.00819233 -0.00445153 -0.0109141 0.00793856 -0.00486979 -0.010929 0.00769084 -0.0052875 -0.0110029 0.00745293 -0.00569829 -0.0111347 0.00722843 -0.00609595 -0.0113225 0.00702075 -0.00647445 -0.0115634 0.00683303 -0.00656973 -0.0109103 0.00604692 -0.00658387 -0.0103293 0.00520089 -0.00651666 -0.0098288 0.00430727 -0.00636909 -0.0094161 0.00337913 -0.00614331 -0.00909723 0.00242996 -0.00584261 -0.00887684 0.00147362 -0.00547137 -0.00875815 0.000524063 -0.00503501 -0.00874289 -0.000404875 -0.00453989 -0.00883128 -0.00129965 -0.00399323 -0.00902203 -0.0021472 -0.00340301 -0.00931236 -0.00293517 -0.00277783 -0.00969804 -0.00365209 -0.0021268 -0.0101734 -0.00428748 -0.00145941 -0.0107316 -0.00483209 -0.000785416 -0.0113645 -0.00527797 -0.000114625 -0.0120627 -0.00561863 0.000543171 -0.0128162 -0.00584908 0.00117839 -0.013614 -0.00596599 0.00178175 -0.0144443 -0.00596763 0.00234448 -0.0152952 -0.00585398 0.00285835 -0.0161542 -0.0056267 -0.00682805 -0.0118538 0.00666812 -0.00700196 -0.0112653 0.00584533 -0.00708843 -0.0107436 0.00496557 -0.00708619 -0.0102965 0.00404167 -0.00699529 -0.0099303 0.00308709 -0.00681704 -0.00965046 0.00211575 -0.00655405 -0.00946104 0.00114184 -0.00621015 -0.0093648 0.000179526 -0.00579035 -0.00936314 -0.000757139 -0.00530077 -0.00945608 -0.00165449 -0.00474857 -0.00964228 -0.00249946 -0.00414178 -0.009919 -0.00327972 -0.00348926 -0.0102822 -0.00398388 -0.00280052 -0.0107267 -0.00460169 -0.00208561 -0.0112458 -0.00512413 -0.00135495 -0.0118321 -0.00554359 -0.000619186 -0.012477 -0.00585394 0.000110941 -0.0131711 -0.00605066 0.000824785 -0.0139043 -0.00613089 0.00151194 -0.0146659 -0.00609345 0.00216238 -0.0154447 -0.0059389 0.00276663 -0.0162295 -0.00566948 -0.00715139 -0.0121892 0.00652852 -0.0073972 -0.0116753 0.0056747 -0.00754981 -0.0112222 0.00476638 -0.00760698 -0.0108367 0.00381682 -0.0075679 -0.0105243 0.00283987 -0.00743311 -0.0102895 0.00184977 -0.00720461 -0.0101359 0.000860963 -0.0068857 -0.0100656 -0.000112135 -0.00648105 -0.0100796 -0.00105533 -0.00599655 -0.0101778 -0.00195488 -0.00543927 -0.0103588 -0.00279766 -0.00481733 -0.0106198 -0.00357137 -0.00413982 -0.0109571 -0.00426475 -0.0034166 -0.0113657 -0.00486767 -0.00265822 -0.0118398 -0.00537134 -0.00187574 -0.0123724 -0.00576843 -0.00108057 -0.0129556 -0.00605313 -0.000284305 -0.0135811 -0.00622131 0.000501445 -0.0142397 -0.00627049 0.00126522 -0.0149218 -0.00619997 0.00199587 -0.0156175 -0.00601079 0.00268277 -0.0163165 -0.00570568 -0.00743957 -0.0125646 0.00641635 -0.00774947 -0.0121341 0.00553758 -0.00796102 -0.0117579 0.00460632 -0.00807115 -0.0114413 0.00363616 -0.00807824 -0.011189 0.00264123 -0.0079822 -0.0110047 0.00163605 -0.00778442 -0.0108911 0.000635278 -0.00748779 -0.0108498 -0.000346493 -0.00709664 -0.0108815 -0.00129495 -0.00661666 -0.0109856 -0.00219626 -0.00605486 -0.0111606 -0.00303727 -0.00541943 -0.011404 -0.00380574 -0.00471964 -0.0117123 -0.00449044 -0.00396568 -0.0120809 -0.0050814 -0.00316856 -0.0125046 -0.00556999 -0.0023399 -0.012977 -0.0059491 -0.00149178 -0.0134913 -0.00621319 -0.000636568 -0.01404 -0.00635842 0.000213263 -0.0146151 -0.00638266 0.00104532 -0.0152082 -0.00628557 0.00184747 -0.0158108 -0.00606855 0.00260802 -0.0164139 -0.00573477 -0.00768822 -0.0129742 0.0063333 -0.00805341 -0.0126349 0.00543607 -0.00831582 -0.0123424 0.00448782 -0.00847164 -0.0121011 0.0035024 -0.00851858 -0.0119145 0.00249416 -0.00845597 -0.0117853 0.00147782 -0.00828471 -0.0117153 0.000468191 -0.0080073 -0.0117057 -0.000520002 -0.00762779 -0.0117565 -0.00147234 -0.00715171 -0.011867 -0.00237495 -0.00658601 -0.0120357 -0.00321467 -0.00593894 -0.0122599 -0.00397924 -0.00521992 -0.0125365 -0.00465753 -0.00443945 -0.0128615 -0.00523962 -0.0036089 -0.01323 -0.00571706 -0.00274039 -0.0136368 -0.00608286 -0.00184658 -0.0140758 -0.00633169 -0.000940511 -0.0145407 -0.00645993 -3.53885e-05 -0.0150248 -0.00646571 0.000855589 -0.0155208 -0.00634893 0.00171943 -0.0160217 -0.00611131 0.00254353 -0.0165201 -0.00575631 -0.00789358 -0.0134119 0.00628066 -0.00830443 -0.0131699 0.0053717 -0.00860885 -0.012967 0.00441268 -0.00880239 -0.0128061 0.00341758 -0.00888225 -0.0126896 0.0024009 -0.00884723 -0.0126193 0.00137748 -0.00869787 -0.012596 0.000362244 -0.00843634 -0.0126202 -0.000630017 -0.00806645 -0.0126915 -0.00158483 -0.0075936 -0.0128089 -0.00248827 -0.00702467 -0.0129707 -0.00332716 -0.00636798 -0.0131744 -0.00408926 -0.00563309 -0.0134172 -0.00476347 -0.00483072 -0.0136955 -0.00533995 -0.00397257 -0.0140052 -0.00581031 -0.00307115 -0.0143418 -0.00616767 -0.00213961 -0.0147004 -0.00640683 -0.00119153 -0.0150758 -0.0065243 -0.000240741 -0.0154625 -0.00651837 0.000698896 -0.0158548 -0.00638911 0.00161368 -0.0162471 -0.00613843 0.00249027 -0.0166336 -0.00576998 -0.00805252 -0.0138711 0.00625917 -0.00849871 -0.0137311 0.00534545 -0.00883565 -0.0136221 0.00438203 -0.0090584 -0.0135456 0.00338299 -0.00916371 -0.0135027 0.00236287 -0.00915007 -0.0134941 0.00133656 -0.00901767 -0.0135198 0.00031903 -0.00876842 -0.0135795 -0.000674892 -0.00840597 -0.0136723 -0.0016307 -0.00793561 -0.0137969 -0.00253448 -0.0073642 -0.0139515 -0.00337303 -0.00670006 -0.0141337 -0.00413413 -0.00595288 -0.014341 -0.00480668 -0.00513356 -0.0145703 -0.00538088 -0.00425404 -0.0148183 -0.00584834 -0.00332715 -0.0150813 -0.00620226 -0.00236641 -0.0153555 -0.00643748 -0.00138582 -0.015637 -0.00655055 -0.000399685 -0.0159216 -0.00653984 0.000577616 -0.0162052 -0.00640551 0.00153183 -0.0164836 -0.0061495 0.00244904 -0.0167527 -0.00577554 -0.00816264 -0.0143447 0.00626921 -0.00863333 -0.0143101 0.00535771 -0.00899278 -0.0142979 0.00439635 -0.00923577 -0.0143085 0.00339915 -0.00935873 -0.0143415 0.00238064 -0.00935989 -0.0143965 0.00135568 -0.00923922 -0.0144727 0.000339222 -0.0089985 -0.014569 -0.000653926 -0.00864121 -0.014684 -0.00160928 -0.00817258 -0.014816 -0.00251289 -0.00759943 -0.0149632 -0.00335159 -0.00693013 -0.0151232 -0.00411317 -0.00617444 -0.0152939 -0.00478649 -0.00534338 -0.0154727 -0.00536176 -0.00444905 -0.015657 -0.00583057 -0.00350452 -0.0158441 -0.0061861 -0.00252354 -0.0160313 -0.00642316 -0.00152043 -0.0162159 -0.00653829 -0.000509808 -0.0163952 -0.00652981 0.000493588 -0.0165666 -0.00639785 0.00147512 -0.0167275 -0.00614433 0.00242048 -0.0168756 -0.00577294 -0.00758759 -0.0144012 0.00711755 -0.00750356 -0.0140399 0.00710989 -0.00738228 -0.0136895 0.00712628 -0.00722559 -0.0133555 0.00716646 -0.00703585 -0.0130429 0.00722983 -0.00681595 -0.0127565 0.00731542 -0.00656923 -0.0125006 0.00742194 -0.00629942 -0.012279 0.00754778 -0.00601061 -0.0120952 0.00769101 -0.00570717 -0.0119519 0.00784948 -0.00539372 -0.0118513 0.00802078 -0.005075 -0.0117949 0.00820231 -0.00475584 -0.0117836 0.00839133 -0.00444108 -0.0118175 0.00858497 -0.00413549 -0.0118961 0.0087803 -0.00384371 -0.0120183 0.00897434 -0.00357014 -0.0121822 0.00916415 -0.00331896 -0.0123853 0.00934688 -0.00309396 -0.0126245 0.00951974 -0.00289856 -0.0128962 0.0096801 -0.0027357 -0.0131962 0.00982555 -0.00260787 -0.0135201 0.00995387 -0.002517 -0.013863 0.0100631 -0.00246448 -0.0142195 0.0101517 -0.00245108 -0.0145844 0.0102181 -0.00247702 -0.014952 0.0102615 -0.00254191 -0.0153169 0.0102812 -0.00264476 -0.0156734 0.0102768 -0.00278401 -0.0160162 0.0102485 -0.00295755 -0.0163401 0.0101966 -0.00316275 -0.0166402 0.010122 -0.00339651 -0.0169119 0.0100257 -0.00365527 -0.0171511 0.00990933 -0.00393511 -0.0173542 0.00977455 -0.00423179 -0.0175181 0.0096234 -0.00454082 -0.0176402 0.0094582 -0.00485752 -0.0177189 0.00928144 -0.00517706 -0.0177528 0.00909581 -0.00549462 -0.0177415 0.00890413 -0.00580539 -0.0176851 0.00870928 -0.00610464 -0.0175845 0.00851422 -0.00638785 -0.0174412 0.00832192 -0.00665072 -0.0172574 0.0081353 -0.00688926 -0.0170358 0.00795717 -0.00709987 -0.0167799 0.00779025 -0.00727933 -0.0164935 0.00763705 -0.00742496 -0.0161809 0.0074999 -0.00753451 -0.0158469 0.00738088 -0.00760635 -0.0154965 0.00728181 -0.00763938 -0.0151351 0.00720416 -0.00763309 -0.0147682 0.00714913 -0.00691655 -0.014479 0.00789037 -0.00685984 -0.0142351 0.0078852 -0.00677799 -0.0139986 0.00789626 -0.00667225 -0.0137732 0.00792338 -0.00654419 -0.0135623 0.00796614 -0.00639579 -0.013369 0.0080239 -0.00622929 -0.0131962 0.00809578 -0.00604719 -0.0130467 0.0081807 -0.00585228 -0.0129226 0.00827738 -0.0056475 -0.0128259 0.00838433 -0.00543596 -0.012758 0.00849993 -0.00522086 -0.01272 0.00862245 -0.00500546 -0.0127123 0.00875002 -0.00479304 -0.0127352 0.0088807 -0.0045868 -0.0127883 0.00901252 -0.00438988 -0.0128708 0.00914347 -0.00420526 -0.0129814 0.00927157 -0.00403575 -0.0131184 0.0093949 -0.0038839 -0.0132798 0.00951154 -0.00375202 -0.0134632 0.00961978 -0.00364211 -0.0136657 0.00971794 -0.00355584 -0.0138843 0.00980454 -0.00349451 -0.0141157 0.00987827 -0.00345906 -0.0143563 0.00993803 -0.00345003 -0.0146025 0.00998288 -0.00346754 -0.0148507 0.0100122 -0.00351133 -0.0150969 0.0100254 -0.00358074 -0.0153375 0.0100225 -0.00367471 -0.0155689 0.0100034 -0.00379184 -0.0157875 0.00996834 -0.00393032 -0.01599 0.00991799 -0.00408808 -0.0161733 0.00985303 -0.00426271 -0.0163348 0.00977447 -0.00445157 -0.0164718 0.00968352 -0.0046518 -0.0165824 0.00958152 -0.00486035 -0.0166649 0.00947003 -0.00507408 -0.016718 0.00935073 -0.00528974 -0.0167409 0.00922545 -0.00550405 -0.0167332 0.00909608 -0.00571378 -0.0166952 0.00896458 -0.00591574 -0.0166273 0.00883296 -0.00610687 -0.0165305 0.00870317 -0.00628428 -0.0164065 0.00857722 -0.00644526 -0.016257 0.00845702 -0.0065874 -0.0160842 0.00834435 -0.00670852 -0.0158909 0.00824096 -0.0068068 -0.01568 0.00814841 -0.00688074 -0.0154546 0.00806808 -0.00692922 -0.0152181 0.00800122 -0.0069515 -0.0149742 0.00794881 -0.00694726 -0.0147266 0.00791168</float_array>
                    <technique_common>
                        <accessor count="2324" source="#shape0-lib-positions-array" stride="3">
                            <param name="X" type="float"/>
                            <param name="Y" type="float"/>
                            <param name="Z" type="float"/>
                        </accessor>
                    </technique_common>
                </source>
                <vertices id="shape0-lib-vertices">
                    <input semantic="POSITION" source="#shape0-lib-positions"/>
                </vertices>
                <triangles count="4716">
                    <input offset="0" semantic="VERTEX" source="#shape0-lib-vertices"/>
                    <p>0 1 2 2 1 3 2 3 4 4 3 5 4 5 6 6 5 7 6 7 0 0 7 1 5 8 9 8 5 10 10 5 11 10 11 12 13 7 14 14 7 5 14 5 15 15 5 9 12 11 16 16 11 17 16 17 18 13 19 7 7 19 20 7 20 17 17 20 21 17 21 18 3 22 5 5 22 11 23 24 25 25 24 26 27 11 22 28 29 22 22 29 24 23 30 24 24 30 31 24 31 22 22 31 32 22 32 27 24 33 26 26 33 34 26 34 35 27 36 11 11 36 37 11 37 17 17 37 38 17 38 39 40 41 22 22 41 42 22 42 28 35 43 26 26 43 17 26 17 44 44 17 39 43 45 17 17 45 46 17 46 40 40 46 47 40 47 41 40 1 17 17 1 7 22 48 49 48 22 50 50 22 3 50 3 51 49 52 22 22 52 53 22 53 40 40 53 54 51 3 55 55 3 1 55 1 56 54 57 40 40 57 58 40 58 1 1 58 59 1 59 56 60 61 4 4 61 2 62 6 63 63 6 0 63 0 61 61 0 2 64 61 60 65 62 66 66 62 63 67 68 69 69 68 70 69 70 71 71 70 72 65 73 62 62 73 74 62 74 60 75 63 76 76 63 61 76 61 77 77 61 64 75 78 63 63 78 79 63 79 68 74 80 60 60 80 81 60 81 71 67 82 68 68 82 83 68 83 63 63 83 84 63 84 66 72 85 71 71 85 86 71 86 60 60 86 87 60 87 64 46 68 47 47 68 79 47 79 41 41 79 78 41 78 42 42 78 75 42 75 28 28 75 76 28 76 29 29 76 77 29 77 24 24 77 64 24 64 33 33 64 87 33 87 34 34 87 86 34 86 35 35 86 85 35 85 43 43 85 72 43 72 45 45 72 70 45 70 46 46 70 68 88 16 89 89 16 18 89 18 90 90 18 21 90 21 91 91 21 20 91 20 92 92 20 19 92 19 93 93 19 13 93 13 94 94 13 14 94 14 95 95 14 15 95 15 96 96 15 9 96 9 97 97 9 8 97 8 98 98 8 10 98 10 99 99 10 12 99 12 88 88 12 16 92 93 100 100 93 94 100 94 95 89 90 100 100 90 91 100 91 92 98 99 100 100 99 88 100 88 89 95 96 100 100 96 97 100 97 98 62 60 6 6 60 4 26 66 25 25 66 84 25 84 23 23 84 83 23 83 30 30 83 82 30 82 31 31 82 67 31 67 32 32 67 69 32 69 27 27 69 71 27 71 36 36 71 81 36 81 37 37 81 80 37 80 38 38 80 74 38 74 39 39 74 73 39 73 44 44 73 65 44 65 26 26 65 66 101 55 102 102 55 56 102 56 103 103 56 59 103 59 104 104 59 58 104 58 105 105 58 57 105 57 106 106 57 54 106 54 107 107 54 53 107 53 108 108 53 52 108 52 109 109 52 49 109 49 110 110 49 48 110 48 111 111 48 50 111 50 112 112 50 51 112 51 101 101 51 55 111 112 113 113 112 101 113 101 102 108 109 113 113 109 110 113 110 111 105 106 113 113 106 107 113 107 108 102 103 113 113 103 104 113 104 105 2 0 61 61 0 63 4 2 60 60 2 61 0 6 63 63 6 62 114 115 6 116 117 118 118 117 119 120 121 122 122 121 123 122 123 124 115 125 6 6 125 126 6 126 4 4 126 127 128 129 0 0 129 130 131 132 133 133 132 134 133 134 135 136 137 2 2 137 138 2 138 0 0 138 139 0 139 128 131 140 132 132 140 141 132 141 118 118 141 142 118 142 116 124 114 122 122 114 6 122 6 143 143 6 0 143 0 117 117 0 130 117 130 119 120 122 144 144 122 145 144 145 146 135 136 133 133 136 2 133 2 147 147 2 4 147 4 148 127 149 4 4 149 150 4 150 144 146 151 144 144 151 152 144 152 4 4 152 153 4 153 148 67 69 86 81 80 60 86 69 87 60 80 62 62 80 74 62 74 73 68 79 63 61 77 64 73 65 62 62 65 66 62 66 63 63 66 84 63 84 68 81 60 71 71 60 61 71 61 69 69 61 64 69 64 87 67 86 82 82 86 85 82 85 83 83 85 72 83 72 84 84 72 70 84 70 68 79 78 63 63 78 75 63 75 61 61 75 76 61 76 77 64 136 87 87 136 135 87 135 86 86 135 134 86 134 85 85 134 132 85 132 72 72 132 118 72 118 70 70 118 119 70 119 68 68 119 130 68 130 79 79 130 129 79 129 78 78 129 128 78 128 75 75 128 139 75 139 76 76 139 138 76 138 77 77 138 137 77 137 64 64 137 136 143 154 122 122 154 155 122 155 145 145 155 156 145 156 146 146 156 157 146 157 151 151 157 158 151 158 152 152 158 159 152 159 153 153 159 160 153 160 148 148 160 161 148 161 147 147 161 162 147 162 133 133 162 163 133 163 131 131 163 164 131 164 140 140 164 165 140 165 141 141 165 166 141 166 142 142 166 167 142 167 116 116 167 168 116 168 117 117 168 169 117 169 143 143 169 154 161 160 170 164 163 170 170 163 162 170 162 161 167 166 170 170 166 165 170 165 164 154 169 170 170 169 168 170 168 167 157 156 170 170 156 155 170 155 154 160 159 170 170 159 158 170 158 157 6 4 62 62 4 60 71 150 81 81 150 149 81 149 80 80 149 127 80 127 74 74 127 126 74 126 73 73 126 125 73 125 65 65 125 115 65 115 66 66 115 114 66 114 84 84 114 124 84 124 83 83 124 123 83 123 82 82 123 121 82 121 67 67 121 120 67 120 69 69 120 144 69 144 71 71 144 150 171 172 173 171 173 174 175 174 173 176 175 173 177 176 173 178 177 173 179 178 173 180 179 173 181 180 173 182 181 173 183 182 173 184 183 173 185 184 173 186 185 173 187 186 173 188 187 173 189 188 173 190 189 173 191 190 173 192 191 173 193 192 173 194 193 173 195 194 173 196 195 173 197 196 173 198 197 173 199 198 173 200 199 173 201 200 173 202 201 173 203 202 173 204 203 173 205 204 173 206 205 173 207 206 173 208 207 173 209 208 173 210 209 173 211 210 173 212 211 173 213 212 173 214 213 173 215 214 173 216 215 173 217 216 173 218 217 173 219 218 173 220 219 173 221 220 173 172 221 173 222 223 224 225 226 227 228 229 230 231 232 233 226 225 234 229 228 234 234 235 236 237 235 234 232 231 234 238 239 240 239 238 241 242 243 244 245 246 247 248 249 250 251 252 253 254 255 256 257 258 259 260 261 262 263 264 265 265 264 266 265 266 267 267 266 260 267 260 268 268 260 262 269 270 271 271 270 272 273 274 275 275 274 276 275 276 277 278 279 280 280 279 281 280 281 282 282 281 283 282 283 284 284 283 285 284 285 286 286 285 287 288 289 290 290 289 291 290 291 292 292 291 293 292 293 278 278 293 294 278 294 279 295 296 288 288 296 297 288 297 289 248 250 298 298 250 299 298 299 300 301 302 303 303 302 304 305 224 306 306 224 223 306 223 307 307 223 222 308 309 310 310 309 307 310 307 311 311 307 222 312 313 308 308 313 314 308 314 309 308 315 312 312 315 316 312 316 317 317 316 318 317 318 319 319 318 320 319 320 321 321 320 322 322 320 323 322 323 324 261 325 262 262 325 326 262 326 327 327 326 328 329 233 330 330 233 232 330 232 331 331 232 234 332 236 333 333 236 235 333 235 334 334 235 237 334 237 335 336 230 337 337 230 229 337 229 338 338 229 234 339 227 340 340 227 226 340 226 341 341 226 234 342 329 343 343 329 330 343 330 344 344 330 331 344 331 345 345 331 234 346 332 347 347 332 333 347 333 348 348 333 334 348 334 349 349 334 335 349 335 350 351 339 352 352 339 340 352 340 353 353 340 341 353 341 354 354 341 234 355 356 240 240 356 357 240 357 238 327 346 262 262 346 347 262 347 268 268 347 348 268 348 267 267 348 349 267 349 265 265 349 350 265 350 263 328 342 327 327 342 343 327 343 346 346 343 344 346 344 332 332 344 345 332 345 236 236 345 234 358 263 359 359 263 350 359 350 360 360 350 335 360 335 361 361 335 237 361 237 234 362 351 363 363 351 352 363 352 364 364 352 353 364 353 365 365 353 354 365 354 366 366 354 234 247 367 243 243 367 368 243 368 244 244 368 369 244 369 370 370 369 371 370 371 372 372 371 373 372 373 374 374 373 375 374 355 372 372 355 240 372 240 370 370 240 239 370 239 244 244 239 241 244 241 242 376 377 358 358 377 378 358 378 263 263 378 379 263 379 264 380 376 381 381 376 358 381 358 382 382 358 359 382 359 383 383 359 360 383 360 384 384 360 361 384 361 234 385 362 386 386 362 363 386 363 387 387 363 364 387 364 388 388 364 365 388 365 389 389 365 366 389 366 390 390 366 234 246 391 247 247 391 392 247 392 367 367 392 393 367 393 368 368 393 394 368 394 369 369 394 395 369 395 371 371 395 396 371 396 373 373 396 397 373 397 375 375 397 234 398 399 380 400 385 401 401 385 386 401 386 402 402 386 387 402 387 403 403 387 388 403 388 404 404 388 389 404 389 405 405 389 390 405 390 406 406 390 234 407 400 408 408 400 401 408 401 409 409 401 402 409 402 410 410 402 403 410 403 411 411 403 404 411 404 412 412 404 405 412 405 413 413 405 406 413 406 414 414 406 234 324 323 245 245 323 415 245 415 246 246 415 416 246 416 391 391 416 417 391 417 392 392 417 418 392 418 393 393 418 419 393 419 394 394 419 420 394 420 395 395 420 421 395 421 396 396 421 422 396 422 397 397 422 234 328 357 342 342 357 356 342 356 329 329 356 355 329 355 233 233 355 374 233 374 231 231 374 375 231 375 234 423 424 425 426 407 427 427 407 408 427 408 428 428 408 409 428 409 429 429 409 410 429 410 430 430 410 411 430 411 431 431 411 412 431 412 432 432 412 413 432 413 433 433 413 414 433 414 434 434 414 234 435 426 436 436 426 427 436 427 437 437 427 428 437 428 438 438 428 429 438 429 439 439 429 430 439 430 440 440 430 431 440 431 441 441 431 432 441 432 442 442 432 433 442 433 443 443 433 434 443 434 444 444 434 234 445 446 271 271 446 447 271 447 269 448 435 449 449 435 436 449 436 450 450 436 437 450 437 451 451 437 438 451 438 452 452 438 439 452 439 453 453 439 440 453 440 454 454 440 441 454 441 455 455 441 442 455 442 456 456 442 443 456 443 457 457 443 444 457 444 458 458 444 234 459 447 460 460 447 446 460 446 461 461 446 445 461 445 462 463 448 464 464 448 449 464 449 465 465 449 450 465 450 466 466 450 451 466 451 467 467 451 452 467 452 468 468 452 453 468 453 469 469 453 454 469 454 470 470 454 455 470 455 471 471 455 456 471 456 472 472 456 457 472 457 473 473 457 458 473 458 474 474 458 234 475 459 476 476 459 460 476 460 477 477 460 461 477 461 478 478 461 462 478 462 479 480 463 481 481 463 464 481 464 482 482 464 465 482 465 483 483 465 466 483 466 484 484 466 467 484 467 485 485 467 468 485 468 486 486 468 469 486 469 487 487 469 470 487 470 488 488 470 471 488 471 489 489 471 472 489 472 490 490 472 473 490 473 491 491 473 474 491 474 492 492 474 234 493 480 494 494 480 481 494 481 495 495 481 482 495 482 496 496 482 483 496 483 497 497 483 484 497 484 498 498 484 485 498 485 499 499 485 486 499 486 500 500 486 487 500 487 501 501 487 488 501 488 502 502 488 489 502 489 503 503 489 490 503 490 504 504 490 491 504 491 505 505 491 492 505 492 506 506 492 234 258 475 259 259 475 476 259 476 507 507 476 477 507 477 508 508 477 478 508 478 509 509 478 479 509 479 510 511 493 512 512 493 494 512 494 513 513 494 495 513 495 514 514 495 496 514 496 515 515 496 497 515 497 516 516 497 498 516 498 517 517 498 499 517 499 518 518 499 500 518 500 519 519 500 501 519 501 520 520 501 502 520 502 521 521 502 503 521 503 522 522 503 504 522 504 523 523 504 505 523 505 524 524 505 506 524 506 525 525 506 234 526 257 527 527 257 259 527 259 528 528 259 507 528 507 529 529 507 508 529 508 530 530 508 509 530 509 531 531 509 510 531 510 532 533 511 534 534 511 512 534 512 535 535 512 513 535 513 536 536 513 514 536 514 537 537 514 515 537 515 538 538 515 516 538 516 539 539 516 517 539 517 540 540 517 518 540 518 541 541 518 519 541 519 542 542 519 520 542 520 543 543 520 521 543 521 544 544 521 522 544 522 545 545 522 523 545 523 546 546 523 524 546 524 547 547 524 525 547 525 548 548 525 234 549 234 225 550 526 551 551 526 527 551 527 552 552 527 528 552 528 553 553 528 529 553 529 554 554 529 530 554 530 555 555 530 531 555 531 556 556 531 532 556 532 557 222 533 311 311 533 534 311 534 310 310 534 535 310 535 308 308 535 536 308 536 315 315 536 537 315 537 316 316 537 538 316 538 318 318 538 539 318 539 320 320 539 540 320 540 323 323 540 541 323 541 415 415 541 542 415 542 416 416 542 543 416 543 417 417 543 544 417 544 418 418 544 545 418 545 419 419 545 546 419 546 420 420 546 547 420 547 421 421 547 548 421 548 422 422 548 234 254 550 558 558 550 551 558 551 559 559 551 552 559 552 560 560 552 553 560 553 561 561 553 554 561 554 562 562 554 555 562 555 563 563 555 556 563 556 564 564 556 557 564 557 565 255 254 566 566 254 558 566 558 567 567 558 559 567 559 568 568 559 560 568 560 569 569 560 561 569 561 570 570 561 562 570 562 571 571 562 563 571 563 572 572 563 564 572 564 573 573 564 565 573 565 574 549 225 575 575 225 227 575 227 576 576 227 339 576 339 577 577 339 351 577 351 578 578 351 362 578 362 579 579 362 385 579 385 580 580 385 400 580 400 581 581 400 407 581 407 582 582 407 426 582 426 583 583 426 435 583 435 584 584 435 448 584 448 585 585 448 463 585 463 586 586 463 480 586 480 587 587 480 493 587 493 588 588 493 511 588 511 589 589 511 533 589 533 590 590 533 222 590 222 591 591 222 224 591 224 304 304 224 305 304 305 303 252 256 253 253 256 255 253 255 592 592 255 566 592 566 593 593 566 567 593 567 594 594 567 568 594 568 595 595 568 569 595 569 596 596 569 570 596 570 597 597 570 571 597 571 598 598 571 572 598 572 599 599 572 573 599 573 600 600 573 574 600 574 601 602 603 604 604 603 605 604 605 606 606 605 607 606 607 608 608 607 609 608 609 610 610 609 611 610 611 612 612 611 613 612 613 614 614 613 615 614 615 616 616 615 617 616 617 618 618 617 619 618 619 620 620 619 621 620 621 622 622 621 623 622 623 624 624 623 625 624 625 626 626 625 627 626 627 628 628 627 629 628 629 630 630 629 631 630 631 632 632 631 633 632 633 634 635 602 636 636 602 604 636 604 637 637 604 606 637 606 638 638 606 608 638 608 639 639 608 610 639 610 640 640 610 612 640 612 641 641 612 614 641 614 642 642 614 616 642 616 643 643 616 618 643 618 644 644 618 620 644 620 645 645 620 622 645 622 646 646 622 624 646 624 647 647 624 626 647 626 648 648 626 628 648 628 649 649 628 630 649 630 650 650 630 632 650 632 651 651 632 634 651 634 652 653 635 654 654 635 636 654 636 655 655 636 637 655 637 656 656 637 638 656 638 657 657 638 639 657 639 658 658 639 640 658 640 659 659 640 641 659 641 660 660 641 642 660 642 661 661 642 643 661 643 662 662 643 644 662 644 663 663 644 645 663 645 664 664 645 646 664 646 665 665 646 647 665 647 666 666 647 648 666 648 667 667 648 649 667 649 668 668 649 650 668 650 669 669 650 651 669 651 670 670 651 652 670 652 671 671 672 670 670 672 673 670 673 669 669 673 674 669 674 668 668 674 675 668 675 667 667 675 676 667 676 666 666 676 677 666 677 665 665 677 678 665 678 664 664 678 679 664 679 663 663 679 680 663 680 662 662 680 681 662 681 661 661 681 682 661 682 660 660 682 683 660 683 659 659 683 684 659 684 658 658 684 685 658 685 657 657 685 686 657 686 656 656 686 687 656 687 655 655 687 688 655 688 654 654 688 689 654 689 653 653 689 690 304 690 591 591 690 689 591 689 590 590 689 688 590 688 589 589 688 687 589 687 588 588 687 686 588 686 587 587 686 685 587 685 586 586 685 684 586 684 585 585 684 683 585 683 584 584 683 682 584 682 583 583 682 681 583 681 582 582 681 680 582 680 581 581 680 679 581 679 580 580 679 678 580 678 579 579 678 677 579 677 578 578 677 676 578 676 577 577 676 675 577 675 576 576 675 674 576 674 575 575 674 673 575 673 549 549 673 672 549 672 234 671 234 672 633 336 634 634 336 337 634 337 652 652 337 338 652 338 671 671 338 234 276 251 277 277 251 253 277 253 691 691 253 592 691 592 692 692 592 593 692 593 693 693 593 594 693 594 694 694 594 595 694 595 695 695 595 596 695 596 696 696 596 597 696 597 697 697 597 598 697 598 698 698 598 599 698 599 699 699 599 600 699 600 700 700 600 601 700 601 701 702 425 703 703 425 424 703 424 272 272 424 423 272 423 271 271 423 704 271 704 445 445 704 705 445 705 462 462 705 706 462 706 479 479 706 707 479 707 510 510 707 708 510 708 532 532 708 709 532 709 557 557 709 710 557 710 565 565 710 711 565 711 574 574 711 712 574 712 601 601 712 713 601 713 701 701 713 714 715 714 716 716 714 713 716 713 717 717 713 712 717 712 718 718 712 711 718 711 719 719 711 710 719 710 720 720 710 709 720 709 721 721 709 708 721 708 722 722 708 707 722 707 723 723 707 706 723 706 724 724 706 705 724 705 725 725 705 704 725 704 726 726 704 423 726 423 727 727 423 425 727 425 398 398 425 702 398 702 399 399 702 728 399 728 380 380 728 729 380 729 376 376 729 730 376 730 377 377 730 731 377 731 378 732 715 733 733 715 716 733 716 734 734 716 717 734 717 735 735 717 718 735 718 736 736 718 719 736 719 737 737 719 720 737 720 738 738 720 721 738 721 739 739 721 722 739 722 740 740 722 723 740 723 741 741 723 724 741 724 742 742 724 725 742 725 743 743 725 726 743 726 744 744 726 727 744 727 745 745 727 398 745 398 746 746 398 380 746 380 747 747 380 381 747 381 748 748 381 382 748 382 749 749 382 383 749 383 750 750 383 384 750 384 234 751 732 752 752 732 733 752 733 753 753 733 734 753 734 754 754 734 735 754 735 755 755 735 736 755 736 756 756 736 737 756 737 757 757 737 738 757 738 758 758 738 739 758 739 759 759 739 740 759 740 760 760 740 741 760 741 761 761 741 742 761 742 762 762 742 743 762 743 763 763 743 744 763 744 764 764 744 745 764 745 765 765 745 746 765 746 766 766 746 747 766 747 767 767 747 748 767 748 768 768 748 749 768 749 769 769 749 750 769 750 234 770 751 771 771 751 752 771 752 772 772 752 753 772 753 773 773 753 754 773 754 774 774 754 755 774 755 775 775 755 756 775 756 776 776 756 757 776 757 777 777 757 758 777 758 778 778 758 759 778 759 779 779 759 760 779 760 780 780 760 761 780 761 781 781 761 762 781 762 782 782 762 763 782 763 783 783 763 764 783 764 784 784 764 765 784 765 785 785 765 766 785 766 786 786 766 767 786 767 787 787 767 768 787 768 788 788 768 769 788 769 234 789 770 790 790 770 771 790 771 791 791 771 772 791 772 792 792 772 773 792 773 793 793 773 774 793 774 794 794 774 775 794 775 795 795 775 776 795 776 796 796 776 777 796 777 797 797 777 778 797 778 798 798 778 779 798 779 799 799 779 780 799 780 800 800 780 781 800 781 801 801 781 782 801 782 802 802 782 783 802 783 803 803 783 784 803 784 804 804 784 785 804 785 805 805 785 786 805 786 806 806 786 787 806 787 807 807 787 788 807 788 234 808 789 809 809 789 790 809 790 810 810 790 791 810 791 811 811 791 792 811 792 812 812 792 793 812 793 813 813 793 794 813 794 814 814 794 795 814 795 815 815 795 796 815 796 816 816 796 797 816 797 817 817 797 798 817 798 818 818 798 799 818 799 819 819 799 800 819 800 820 820 800 801 820 801 821 821 801 802 821 802 822 822 802 803 822 803 823 823 803 804 823 804 824 824 804 805 824 805 825 825 805 806 825 806 826 826 806 807 826 807 234 827 808 828 828 808 809 828 809 829 829 809 810 829 810 830 830 810 811 830 811 831 831 811 812 831 812 832 832 812 813 832 813 833 833 813 814 833 814 834 834 814 815 834 815 835 835 815 816 835 816 836 836 816 817 836 817 837 837 817 818 837 818 838 838 818 819 838 819 839 839 819 820 839 820 840 840 820 821 840 821 841 841 821 822 841 822 842 842 822 823 842 823 843 843 823 824 843 824 844 844 824 825 844 825 845 845 825 826 845 826 234 846 827 847 847 827 828 847 828 848 848 828 829 848 829 849 849 829 830 849 830 850 850 830 831 850 831 851 851 831 832 851 832 852 852 832 833 852 833 853 853 833 834 853 834 854 854 834 835 854 835 855 855 835 836 855 836 856 856 836 837 856 837 857 857 837 838 857 838 858 858 838 839 858 839 859 859 839 840 859 840 860 860 840 841 860 841 861 861 841 842 861 842 862 862 842 843 862 843 863 863 843 844 863 844 864 864 844 845 864 845 234 865 846 866 866 846 847 866 847 867 867 847 848 867 848 868 868 848 849 868 849 869 869 849 850 869 850 870 870 850 851 870 851 871 871 851 852 871 852 872 872 852 853 872 853 873 873 853 854 873 854 874 874 854 855 874 855 875 875 855 856 875 856 876 876 856 857 876 857 877 877 857 858 877 858 878 878 858 859 878 859 879 879 859 860 879 860 880 880 860 861 880 861 881 881 861 862 881 862 882 882 862 863 882 863 883 883 863 864 883 864 234 884 865 885 885 865 866 885 866 886 886 866 867 886 867 887 887 867 868 887 868 888 888 868 869 888 869 889 889 869 870 889 870 890 890 870 871 890 871 891 891 871 872 891 872 892 892 872 873 892 873 893 893 873 874 893 874 894 894 874 875 894 875 895 895 875 876 895 876 896 896 876 877 896 877 897 897 877 878 897 878 898 898 878 879 898 879 899 899 879 880 899 880 900 900 880 881 900 881 901 901 881 882 901 882 902 902 882 883 902 883 234 903 884 904 904 884 885 904 885 905 905 885 886 905 886 906 906 886 887 906 887 907 907 887 888 907 888 908 908 888 889 908 889 909 909 889 890 909 890 910 910 890 891 910 891 911 911 891 892 911 892 912 912 892 893 912 893 913 913 893 894 913 894 914 914 894 895 914 895 915 915 895 896 915 896 916 916 896 897 916 897 917 917 897 898 917 898 918 918 898 899 918 899 919 919 899 900 919 900 920 920 900 901 920 901 921 921 901 902 921 902 234 922 903 923 923 903 904 923 904 924 924 904 905 924 905 925 925 905 906 925 906 926 926 906 907 926 907 927 927 907 908 927 908 928 928 908 909 928 909 929 929 909 910 929 910 930 930 910 911 930 911 931 931 911 912 931 912 932 932 912 913 932 913 933 933 913 914 933 914 934 934 914 915 934 915 935 935 915 916 935 916 936 936 916 917 936 917 937 937 917 918 937 918 938 938 918 919 938 919 939 939 919 920 939 920 940 940 920 921 940 921 234 941 922 942 942 922 923 942 923 943 943 923 924 943 924 944 944 924 925 944 925 945 945 925 926 945 926 946 946 926 927 946 927 947 947 927 928 947 928 948 948 928 929 948 929 949 949 929 930 949 930 950 950 930 931 950 931 951 951 931 932 951 932 952 952 932 933 952 933 953 953 933 934 953 934 954 954 934 935 954 935 955 955 935 936 955 936 956 956 936 937 956 937 957 957 937 938 957 938 958 958 938 939 958 939 959 959 939 940 959 940 234 960 941 961 961 941 942 961 942 962 962 942 943 962 943 963 963 943 944 963 944 964 964 944 945 964 945 965 965 945 946 965 946 966 966 946 947 966 947 967 967 947 948 967 948 968 968 948 949 968 949 969 969 949 950 969 950 970 970 950 951 970 951 971 971 951 952 971 952 972 972 952 953 972 953 973 973 953 954 973 954 974 974 954 955 974 955 975 975 955 956 975 956 976 976 956 957 976 957 977 977 957 958 977 958 978 978 958 959 978 959 234 979 960 980 980 960 961 980 961 981 981 961 962 981 962 982 982 962 963 982 963 983 983 963 964 983 964 984 984 964 965 984 965 985 985 965 966 985 966 986 986 966 967 986 967 987 987 967 968 987 968 988 988 968 969 988 969 989 989 969 970 989 970 990 990 970 971 990 971 991 991 971 972 991 972 992 992 972 973 992 973 993 993 973 974 993 974 994 994 974 975 994 975 995 995 975 976 995 976 996 996 976 977 996 977 997 997 977 978 997 978 234 998 979 999 999 979 980 999 980 1000 1000 980 981 1000 981 1001 1001 981 982 1001 982 1002 1002 982 983 1002 983 1003 1003 983 984 1003 984 1004 1004 984 985 1004 985 1005 1005 985 986 1005 986 1006 1006 986 987 1006 987 1007 1007 987 988 1007 988 1008 1008 988 989 1008 989 1009 1009 989 990 1009 990 1010 1010 990 991 1010 991 1011 1011 991 992 1011 992 1012 1012 992 993 1012 993 1013 1013 993 994 1013 994 1014 1014 994 995 1014 995 1015 1015 995 996 1015 996 1016 1016 996 997 1016 997 234 1017 998 1018 1018 998 999 1018 999 1019 1019 999 1000 1019 1000 1020 1020 1000 1001 1020 1001 1021 1021 1001 1002 1021 1002 1022 1022 1002 1003 1022 1003 1023 1023 1003 1004 1023 1004 1024 1024 1004 1005 1024 1005 1025 1025 1005 1006 1025 1006 1026 1026 1006 1007 1026 1007 1027 1027 1007 1008 1027 1008 1028 1028 1008 1009 1028 1009 1029 1029 1009 1010 1029 1010 1030 1030 1010 1011 1030 1011 1031 1031 1011 1012 1031 1012 1032 1032 1012 1013 1032 1013 1033 1033 1013 1014 1033 1014 1034 1034 1014 1015 1034 1015 1035 1035 1015 1016 1035 1016 234 603 1017 605 605 1017 1018 605 1018 607 607 1018 1019 607 1019 609 609 1019 1020 609 1020 611 611 1020 1021 611 1021 613 613 1021 1022 613 1022 615 615 1022 1023 615 1023 617 617 1023 1024 617 1024 619 619 1024 1025 619 1025 621 621 1025 1026 621 1026 623 623 1026 1027 623 1027 625 625 1027 1028 625 1028 627 627 1028 1029 627 1029 629 629 1029 1030 629 1030 631 631 1030 1031 631 1031 633 633 1031 1032 633 1032 336 336 1032 1033 336 1033 230 230 1033 1034 230 1034 228 228 1034 1035 228 1035 234 301 300 302 302 300 299 302 299 304 304 299 1036 304 1036 690 690 1036 1037 690 1037 653 653 1037 1038 653 1038 635 635 1038 1039 635 1039 602 602 1039 1040 602 1040 603 603 1040 1041 603 1041 1017 1017 1041 1042 1017 1042 998 998 1042 1043 998 1043 979 979 1043 1044 979 1044 960 960 1044 1045 960 1045 941 941 1045 1046 941 1046 922 922 1046 1047 922 1047 903 903 1047 1048 903 1048 884 884 1048 1049 884 1049 865 865 1049 1050 865 1050 846 846 1050 1051 846 1051 827 827 1051 1052 827 1052 808 808 1052 1053 808 1053 789 789 1053 1054 789 1054 770 770 1054 1055 770 1055 751 751 1055 1056 751 1056 732 732 1056 1057 732 1057 715 715 1057 1058 715 1058 714 714 1058 1059 714 1059 701 701 1059 1060 701 1060 700 700 1060 1061 700 1061 699 699 1061 1062 699 1062 698 698 1062 1063 698 1063 697 697 1063 1064 697 1064 696 696 1064 1065 696 1065 695 695 1065 1066 695 1066 694 694 1066 1067 694 1067 693 693 1067 1068 693 1068 692 692 1068 1069 692 1069 691 691 1069 1070 691 1070 277 277 1070 1071 277 1071 275 275 1071 1072 275 1072 273 273 1072 1073 273 1073 1074 1074 1073 1075 1074 1075 1076 248 296 249 249 296 295 249 295 250 250 295 1077 250 1077 299 299 1077 1078 299 1078 1036 1036 1078 1079 1036 1079 1037 1037 1079 1080 1037 1080 1038 1038 1080 1081 1038 1081 1039 1039 1081 1082 1039 1082 1040 1040 1082 1083 1040 1083 1041 1041 1083 1084 1041 1084 1042 1042 1084 1085 1042 1085 1043 1043 1085 1086 1043 1086 1044 1044 1086 1087 1044 1087 1045 1045 1087 1088 1045 1088 1046 1046 1088 1089 1046 1089 1047 1047 1089 1090 1047 1090 1048 1048 1090 1091 1048 1091 1049 1049 1091 1092 1049 1092 1050 1050 1092 1093 1050 1093 1051 1051 1093 1094 1051 1094 1052 1052 1094 1095 1052 1095 1053 1053 1095 1096 1053 1096 1054 1054 1096 1097 1054 1097 1055 1055 1097 1098 1055 1098 1056 1056 1098 1099 1056 1099 1057 1057 1099 1100 1057 1100 1058 1058 1100 1101 1058 1101 1059 1059 1101 1102 1059 1102 1060 1060 1102 1103 1060 1103 1061 1061 1103 1104 1061 1104 1062 1062 1104 1105 1062 1105 1063 1063 1105 1106 1063 1106 1064 1064 1106 1107 1064 1107 1065 1065 1107 1108 1065 1108 1066 1066 1108 1109 1066 1109 1067 1067 1109 1110 1067 1110 1068 1068 1110 1111 1068 1111 1069 1069 1111 1112 1069 1112 1070 1070 1112 1113 1070 1113 1071 1071 1113 1114 1071 1114 1072 1072 1114 1115 1072 1115 1073 1073 1115 1116 1073 1116 1075 1075 1116 287 1075 287 1076 1076 287 285 1085 1117 1086 1086 1117 1118 1086 1118 1087 1087 1118 1119 1087 1119 1088 1088 1119 1120 1088 1120 1089 1089 1120 1121 1089 1121 1090 1090 1121 1122 1090 1122 1091 1091 1122 1123 1091 1123 1092 1092 1123 1124 1092 1124 1093 1093 1124 1125 1093 1125 1094 1094 1125 1126 1094 1126 1095 1095 1126 1127 1095 1127 1096 1096 1127 1128 1096 1128 1097 1097 1128 1129 1097 1129 1098 1098 1129 1130 1098 1130 1099 1099 1130 1131 1099 1131 1100 1100 1131 1132 1100 1132 1101 1101 1132 1133 1101 1133 1102 1102 1133 1134 1102 1134 1103 1103 1134 1135 1103 1135 1104 1104 1135 1136 1104 1136 1105 1105 1136 1137 1105 1137 1106 1106 1137 1138 1106 1138 1107 1107 1138 1139 1107 1139 1108 1108 1139 1140 1108 1140 1109 1109 1140 1141 1109 1141 1110 1110 1141 1142 1110 1142 1111 1111 1142 1143 1111 1143 1112 1112 1143 1144 1112 1144 1113 1113 1144 1145 1113 1145 1114 1114 1145 1146 1114 1146 1115 1115 1146 1147 1115 1147 1116 1116 1147 1148 1116 1148 287 287 1148 1149 287 1149 286 286 1149 1150 286 1150 284 284 1150 1151 284 1151 282 282 1151 1152 282 1152 280 280 1152 1153 280 1153 278 278 1153 1154 278 1154 292 292 1154 1155 292 1155 290 290 1155 1156 290 1156 288 288 1156 1157 288 1157 295 295 1157 1158 295 1158 1077 1077 1158 1159 1077 1159 1078 1078 1159 1160 1078 1160 1079 1079 1160 1161 1079 1161 1080 1080 1161 1162 1080 1162 1081 1081 1162 1163 1081 1163 1082 1082 1163 1164 1082 1164 1083 1083 1164 1165 1083 1165 1084 1084 1165 1166 1084 1166 1085 1085 1166 1117 1117 1167 1118 1118 1167 1168 1118 1168 1119 1119 1168 1169 1119 1169 1120 1120 1169 1170 1120 1170 1121 1121 1170 1171 1121 1171 1122 1122 1171 1172 1122 1172 1123 1123 1172 1173 1123 1173 1124 1124 1173 1174 1124 1174 1125 1125 1174 1175 1125 1175 1126 1126 1175 1176 1126 1176 1127 1127 1176 1177 1127 1177 1128 1128 1177 1178 1128 1178 1129 1129 1178 1179 1129 1179 1130 1130 1179 1180 1130 1180 1131 1131 1180 1181 1131 1181 1132 1132 1181 1182 1132 1182 1133 1133 1182 1183 1133 1183 1134 1134 1183 1184 1134 1184 1135 1135 1184 1185 1135 1185 1136 1136 1185 1186 1136 1186 1137 1137 1186 1187 1137 1187 1138 1138 1187 1188 1138 1188 1139 1139 1188 1189 1139 1189 1140 1140 1189 1190 1140 1190 1141 1141 1190 1191 1141 1191 1142 1142 1191 1192 1142 1192 1143 1143 1192 1193 1143 1193 1144 1144 1193 1194 1144 1194 1145 1145 1194 1195 1145 1195 1146 1146 1195 1196 1146 1196 1147 1147 1196 1197 1147 1197 1148 1148 1197 1198 1148 1198 1149 1149 1198 1199 1149 1199 1150 1150 1199 1200 1150 1200 1151 1151 1200 1201 1151 1201 1152 1152 1201 1202 1152 1202 1153 1153 1202 1203 1153 1203 1154 1154 1203 1204 1154 1204 1155 1155 1204 1205 1155 1205 1156 1156 1205 1206 1156 1206 1157 1157 1206 1207 1157 1207 1158 1158 1207 1208 1158 1208 1159 1159 1208 1209 1159 1209 1160 1160 1209 1210 1160 1210 1161 1161 1210 1211 1161 1211 1162 1162 1211 1212 1162 1212 1163 1163 1212 1213 1163 1213 1164 1164 1213 1214 1164 1214 1165 1165 1214 1215 1165 1215 1166 1166 1215 1216 1166 1216 1117 1117 1216 1167 1167 172 1168 1168 172 171 1168 171 1169 1169 171 174 1169 174 1170 1170 174 175 1170 175 1171 1171 175 176 1171 176 1172 1172 176 177 1172 177 1173 1173 177 178 1173 178 1174 1174 178 179 1174 179 1175 1175 179 180 1175 180 1176 1176 180 181 1176 181 1177 1177 181 182 1177 182 1178 1178 182 183 1178 183 1179 1179 183 184 1179 184 1180 1180 184 185 1180 185 1181 1181 185 186 1181 186 1182 1182 186 187 1182 187 1183 1183 187 188 1183 188 1184 1184 188 189 1184 189 1185 1185 189 190 1185 190 1186 1186 190 191 1186 191 1187 1187 191 192 1187 192 1188 1188 192 193 1188 193 1189 1189 193 194 1189 194 1190 1190 194 195 1190 195 1191 1191 195 196 1191 196 1192 1192 196 197 1192 197 1193 1193 197 198 1193 198 1194 1194 198 199 1194 199 1195 1195 199 200 1195 200 1196 1196 200 201 1196 201 1197 1197 201 202 1197 202 1198 1198 202 203 1198 203 1199 1199 203 204 1199 204 1200 1200 204 205 1200 205 1201 1201 205 206 1201 206 1202 1202 206 207 1202 207 1203 1203 207 208 1203 208 1204 1204 208 209 1204 209 1205 1205 209 210 1205 210 1206 1206 210 211 1206 211 1207 1207 211 212 1207 212 1208 1208 212 213 1208 213 1209 1209 213 214 1209 214 1210 1210 214 215 1210 215 1211 1211 215 216 1211 216 1212 1212 216 217 1212 217 1213 1213 217 218 1213 218 1214 1214 218 219 1214 219 1215 1215 219 220 1215 220 1216 1216 220 221 1216 221 1167 1167 221 172 1217 1218 306 306 1218 305 1219 1220 300 307 1221 306 306 1221 1222 306 1222 1217 300 1220 298 298 1220 1223 298 1223 248 247 243 1224 272 1225 1226 256 1227 254 254 1227 1228 254 1228 550 300 301 1219 1219 301 303 1219 303 1229 1229 303 305 1229 305 1230 1230 305 1218 272 1226 703 475 1231 459 459 1231 1232 459 1232 447 447 1232 1233 252 251 1234 1234 251 276 1234 276 1235 1235 276 274 1235 274 1236 274 273 1236 1236 273 1074 1236 1074 1237 1237 1074 1076 1237 1076 1238 1224 1239 247 247 1239 1240 247 1240 245 245 1240 1241 1225 272 1242 1242 272 270 1242 270 1233 1233 270 269 1233 269 447 1234 1243 252 252 1243 1244 252 1244 256 256 1244 1245 256 1245 1227 248 1223 296 296 1223 1246 296 1246 1247 1248 1249 317 317 1249 1250 317 1250 312 1241 1251 245 245 1251 1252 245 1252 324 324 1252 1253 324 1253 322 322 1253 1254 322 1254 321 321 1254 1255 321 1255 319 319 1255 1256 319 1256 317 317 1256 1257 317 1257 1248 1228 1258 550 550 1258 1259 550 1259 526 526 1259 1260 526 1260 257 257 1260 1261 257 1261 258 258 1261 1262 258 1262 475 475 1262 1263 475 1263 1231 1247 1264 296 296 1264 1265 296 1265 297 297 1265 289 1266 1267 294 294 1267 1268 294 1268 279 279 1268 1269 279 1269 281 281 1269 1270 281 1270 283 283 1270 1271 283 1271 285 285 1271 1272 285 1272 1076 1076 1272 1273 1076 1273 1238 294 293 1266 1266 293 291 1266 291 1274 1274 291 289 1274 289 1275 1275 289 1265 1250 1276 312 312 1276 1277 312 1277 313 313 1277 1278 313 1278 314 314 1278 1279 314 1279 309 309 1279 1280 309 1280 307 307 1280 1281 307 1281 1221 238 1282 241 241 1282 1283 241 1283 242 242 1283 1284 242 1284 243 243 1284 1285 243 1285 1224 1286 1287 379 379 1287 264 1286 379 1288 1288 379 378 1288 378 1289 1226 1290 703 703 1290 1291 703 1291 702 702 1291 1292 702 1292 728 728 1292 1293 728 1293 729 729 1293 1294 729 1294 730 730 1294 1289 730 1289 731 731 1289 378 1295 1296 328 328 1296 1297 328 1297 357 357 1297 1298 357 1298 238 238 1298 1299 238 1299 1282 1287 1300 264 264 1300 1301 264 1301 266 266 1301 1302 266 1302 260 260 1302 1303 260 1303 261 261 1303 1304 261 1304 325 325 1304 1295 325 1295 326 326 1295 328 1305 1306 1307 1305 1307 1308 1309 1308 1307 1310 1309 1307 1311 1310 1307 1312 1311 1307 1313 1312 1307 1314 1313 1307 1315 1314 1307 1316 1315 1307 1317 1316 1307 1318 1317 1307 1319 1318 1307 1320 1319 1307 1321 1320 1307 1322 1321 1307 1323 1322 1307 1324 1323 1307 1325 1324 1307 1326 1325 1307 1327 1326 1307 1328 1327 1307 1329 1328 1307 1330 1329 1307 1331 1330 1307 1332 1331 1307 1333 1332 1307 1334 1333 1307 1335 1334 1307 1336 1335 1307 1337 1336 1307 1338 1337 1307 1339 1338 1307 1340 1339 1307 1341 1340 1307 1342 1341 1307 1343 1342 1307 1344 1343 1307 1345 1344 1307 1346 1345 1307 1347 1346 1307 1348 1347 1307 1349 1348 1307 1350 1349 1307 1351 1350 1307 1352 1351 1307 1353 1352 1307 1354 1353 1307 1355 1354 1307 1356 1355 1307 1306 1356 1307 1357 1358 1359 1360 1361 1362 1363 1364 1365 1366 1367 1368 1369 1370 1371 1372 1370 1369 1365 1364 1369 1373 1369 1364 1368 1367 1369 1374 1369 1367 1286 1375 1376 1288 1289 1377 1377 1289 1294 1242 1233 1378 1263 1262 1379 1259 1258 1380 1238 1273 1381 1271 1270 1382 1274 1275 1383 1281 1384 1385 1253 1386 1387 1283 1282 1388 1295 1304 1389 1389 1390 1295 1295 1390 1391 1295 1391 1296 1296 1391 1392 1296 1392 1297 1297 1392 1393 1297 1393 1298 1298 1393 1394 1298 1394 1299 1395 1285 1284 1240 1239 1396 1396 1239 1224 1397 1251 1241 1240 1396 1241 1241 1396 1398 1241 1398 1397 1386 1253 1397 1397 1253 1252 1397 1252 1251 1248 1257 1399 1399 1257 1256 1399 1256 1400 1400 1256 1255 1400 1255 1387 1387 1255 1254 1387 1254 1253 1249 1401 1250 1250 1401 1402 1250 1402 1276 1276 1402 1403 1276 1403 1277 1404 1405 1278 1278 1405 1279 1384 1281 1405 1405 1281 1280 1405 1280 1279 1406 1222 1385 1385 1222 1221 1385 1221 1281 1407 1218 1406 1406 1218 1217 1406 1217 1222 1408 1219 1409 1409 1219 1229 1409 1229 1230 1220 1410 1223 1223 1410 1411 1412 1265 1264 1274 1383 1266 1245 1244 1413 1413 1244 1243 1294 1293 1357 1357 1293 1292 1357 1292 1358 1358 1292 1291 1358 1291 1359 1375 1286 1414 1301 1300 1376 1376 1300 1287 1376 1287 1286 1304 1303 1389 1389 1303 1302 1389 1302 1415 1415 1302 1301 1415 1301 1416 1416 1301 1376 1374 1367 1417 1417 1367 1366 1417 1366 1418 1419 1369 1374 1373 1364 1420 1420 1364 1363 1420 1363 1421 1422 1369 1373 1423 1371 1424 1424 1371 1370 1424 1370 1425 1425 1370 1372 1425 1372 1426 1419 1374 1427 1427 1374 1417 1427 1417 1428 1428 1417 1418 1428 1418 1429 1430 1431 1432 1422 1373 1433 1433 1373 1420 1433 1420 1434 1434 1420 1421 1434 1421 1381 1435 1423 1436 1436 1423 1424 1436 1424 1437 1437 1424 1425 1437 1425 1438 1438 1425 1426 1438 1426 1439 1429 1440 1428 1428 1440 1441 1428 1441 1427 1427 1441 1442 1427 1442 1419 1419 1442 1443 1419 1443 1369 1275 1265 1383 1383 1265 1412 1383 1412 1432 1432 1431 1383 1383 1431 1444 1383 1444 1266 1267 1266 1445 1445 1266 1444 1445 1444 1446 1446 1444 1431 1446 1431 1447 1447 1431 1430 1447 1430 1448 1448 1449 1447 1447 1449 1450 1447 1450 1446 1446 1450 1451 1446 1451 1445 1445 1451 1452 1445 1452 1267 1267 1452 1268 1269 1268 1453 1453 1268 1452 1453 1452 1454 1454 1452 1451 1454 1451 1455 1455 1451 1450 1455 1450 1456 1456 1450 1449 1456 1449 1369 1448 1369 1449 1246 1457 1247 1247 1457 1440 1247 1440 1264 1264 1440 1429 1264 1429 1412 1412 1429 1418 1412 1418 1432 1432 1418 1366 1432 1366 1430 1430 1366 1368 1430 1368 1448 1448 1368 1369 1270 1269 1382 1382 1269 1453 1382 1453 1458 1458 1453 1454 1458 1454 1459 1459 1454 1455 1459 1455 1460 1460 1455 1456 1460 1456 1369 1272 1271 1461 1461 1271 1382 1461 1382 1462 1462 1382 1458 1462 1458 1463 1463 1458 1459 1463 1459 1464 1464 1459 1460 1464 1460 1369 1273 1272 1381 1381 1272 1461 1381 1461 1434 1434 1461 1462 1434 1462 1433 1433 1462 1463 1433 1463 1422 1422 1463 1464 1422 1464 1369 1369 1465 1466 1466 1465 1467 1466 1467 1468 1468 1467 1469 1468 1469 1470 1470 1469 1471 1470 1471 1472 1472 1471 1473 1472 1473 1238 1474 1435 1475 1475 1435 1436 1475 1436 1476 1476 1436 1437 1476 1437 1477 1477 1437 1438 1477 1438 1478 1478 1438 1439 1478 1439 1479 1246 1223 1457 1457 1223 1411 1457 1411 1440 1440 1411 1480 1440 1480 1441 1441 1480 1481 1441 1481 1442 1442 1481 1482 1442 1482 1443 1443 1482 1483 1443 1483 1369 1369 1484 1465 1465 1484 1485 1465 1485 1467 1467 1485 1486 1467 1486 1469 1469 1486 1487 1469 1487 1471 1471 1487 1488 1471 1488 1473 1369 1489 1484 1484 1489 1490 1484 1490 1485 1485 1490 1491 1485 1491 1486 1486 1491 1492 1486 1492 1487 1487 1492 1493 1487 1493 1488 1488 1493 1236 1488 1236 1473 1473 1236 1237 1473 1237 1238 1235 1236 1494 1494 1236 1493 1494 1493 1495 1495 1493 1492 1495 1492 1496 1496 1492 1491 1496 1491 1497 1497 1491 1490 1497 1490 1498 1498 1490 1489 1498 1489 1499 1499 1489 1369 1500 1474 1501 1501 1474 1475 1501 1475 1502 1502 1475 1476 1502 1476 1503 1503 1476 1477 1503 1477 1504 1504 1477 1478 1504 1478 1505 1505 1478 1479 1505 1479 1506 1220 1219 1410 1410 1219 1408 1410 1408 1411 1411 1408 1507 1411 1507 1480 1480 1507 1508 1480 1508 1481 1481 1508 1509 1481 1509 1482 1482 1509 1510 1482 1510 1483 1483 1510 1511 1483 1511 1369 1234 1235 1512 1512 1235 1494 1512 1494 1513 1513 1494 1495 1513 1495 1514 1514 1495 1496 1514 1496 1515 1515 1496 1497 1515 1497 1516 1516 1497 1498 1516 1498 1517 1517 1498 1499 1517 1499 1518 1518 1499 1369 1519 1500 1520 1520 1500 1501 1520 1501 1521 1521 1501 1502 1521 1502 1522 1522 1502 1503 1522 1503 1523 1523 1503 1504 1523 1504 1524 1524 1504 1505 1524 1505 1525 1525 1505 1506 1525 1506 1526 1230 1218 1409 1409 1218 1407 1409 1407 1408 1408 1407 1527 1408 1527 1507 1507 1527 1528 1507 1528 1508 1508 1528 1529 1508 1529 1509 1509 1529 1530 1509 1530 1510 1510 1530 1531 1510 1531 1511 1511 1531 1532 1511 1532 1369 1369 1533 1518 1518 1533 1534 1518 1534 1517 1517 1534 1535 1517 1535 1516 1516 1535 1536 1516 1536 1515 1515 1536 1537 1515 1537 1514 1514 1537 1538 1514 1538 1513 1513 1538 1413 1513 1413 1512 1512 1413 1243 1512 1243 1234 1227 1245 1539 1539 1245 1413 1539 1413 1540 1540 1413 1538 1540 1538 1541 1541 1538 1537 1541 1537 1542 1542 1537 1536 1542 1536 1543 1543 1536 1535 1543 1535 1544 1544 1535 1534 1544 1534 1545 1545 1534 1533 1545 1533 1546 1546 1533 1369 1547 1519 1548 1548 1519 1520 1548 1520 1549 1549 1520 1521 1549 1521 1550 1550 1521 1522 1550 1522 1551 1551 1522 1523 1551 1523 1552 1552 1523 1524 1552 1524 1553 1553 1524 1525 1553 1525 1554 1554 1525 1526 1554 1526 1555 1369 1556 1546 1546 1556 1557 1546 1557 1545 1545 1557 1558 1545 1558 1544 1544 1558 1559 1544 1559 1543 1543 1559 1560 1543 1560 1542 1542 1560 1561 1542 1561 1541 1541 1561 1562 1541 1562 1540 1540 1562 1563 1540 1563 1539 1539 1563 1564 1539 1564 1227 1565 1547 1566 1566 1547 1548 1566 1548 1567 1567 1548 1549 1567 1549 1568 1568 1549 1550 1568 1550 1569 1569 1550 1551 1569 1551 1570 1570 1551 1552 1570 1552 1571 1571 1552 1553 1571 1553 1572 1572 1553 1554 1572 1554 1573 1573 1554 1555 1573 1555 1574 1369 1575 1556 1556 1575 1576 1556 1576 1557 1557 1576 1577 1557 1577 1558 1558 1577 1578 1558 1578 1559 1559 1578 1579 1559 1579 1560 1560 1579 1580 1560 1580 1561 1561 1580 1581 1561 1581 1562 1562 1581 1582 1562 1582 1563 1563 1582 1583 1563 1583 1564 1564 1583 1228 1564 1228 1227 1258 1228 1380 1380 1228 1583 1380 1583 1584 1584 1583 1582 1584 1582 1585 1585 1582 1581 1585 1581 1586 1586 1581 1580 1586 1580 1587 1587 1580 1579 1587 1579 1588 1588 1579 1578 1588 1578 1589 1589 1578 1577 1589 1577 1590 1590 1577 1576 1590 1576 1591 1591 1576 1575 1591 1575 1592 1592 1575 1369 1593 1565 1594 1594 1565 1566 1594 1566 1595 1595 1566 1567 1595 1567 1596 1596 1567 1568 1596 1568 1597 1597 1568 1569 1597 1569 1598 1598 1569 1570 1598 1570 1599 1599 1570 1571 1599 1571 1600 1600 1571 1572 1600 1572 1601 1601 1572 1573 1601 1573 1602 1602 1573 1574 1602 1574 1603 1260 1259 1604 1604 1259 1380 1604 1380 1605 1605 1380 1584 1605 1584 1606 1606 1584 1585 1606 1585 1607 1607 1585 1586 1607 1586 1608 1608 1586 1587 1608 1587 1609 1609 1587 1588 1609 1588 1610 1610 1588 1589 1610 1589 1611 1611 1589 1590 1611 1590 1612 1612 1590 1591 1612 1591 1613 1613 1591 1592 1613 1592 1614 1614 1592 1369 1615 1593 1616 1616 1593 1594 1616 1594 1617 1617 1594 1595 1617 1595 1618 1618 1595 1596 1618 1596 1619 1619 1596 1597 1619 1597 1620 1620 1597 1598 1620 1598 1621 1621 1598 1599 1621 1599 1622 1622 1599 1600 1622 1600 1623 1623 1600 1601 1623 1601 1624 1624 1601 1602 1624 1602 1625 1625 1602 1603 1625 1603 1626 1261 1260 1627 1627 1260 1604 1627 1604 1628 1628 1604 1605 1628 1605 1629 1629 1605 1606 1629 1606 1630 1630 1606 1607 1630 1607 1631 1631 1607 1608 1631 1608 1632 1632 1608 1609 1632 1609 1633 1633 1609 1610 1633 1610 1634 1634 1610 1611 1634 1611 1635 1635 1611 1612 1635 1612 1636 1636 1612 1613 1636 1613 1637 1637 1613 1614 1637 1614 1638 1638 1614 1369 1639 1615 1640 1640 1615 1616 1640 1616 1641 1641 1616 1617 1641 1617 1642 1642 1617 1618 1642 1618 1643 1643 1618 1619 1643 1619 1644 1644 1619 1620 1644 1620 1645 1645 1620 1621 1645 1621 1646 1646 1621 1622 1646 1622 1647 1647 1622 1623 1647 1623 1648 1648 1623 1624 1648 1624 1649 1649 1624 1625 1649 1625 1650 1650 1625 1626 1650 1626 1651 1278 1277 1404 1404 1277 1403 1404 1403 1405 1405 1403 1652 1405 1652 1384 1384 1652 1653 1384 1653 1385 1385 1653 1654 1385 1654 1406 1406 1654 1655 1406 1655 1407 1407 1655 1656 1407 1656 1527 1527 1656 1657 1527 1657 1528 1528 1657 1658 1528 1658 1529 1529 1658 1659 1529 1659 1530 1530 1659 1660 1530 1660 1531 1531 1660 1661 1531 1661 1532 1532 1661 1662 1532 1662 1369 1262 1261 1379 1379 1261 1627 1379 1627 1663 1663 1627 1628 1663 1628 1664 1664 1628 1629 1664 1629 1665 1665 1629 1630 1665 1630 1666 1666 1630 1631 1666 1631 1667 1667 1631 1632 1667 1632 1668 1668 1632 1633 1668 1633 1669 1669 1633 1634 1669 1634 1670 1670 1634 1635 1670 1635 1671 1671 1635 1636 1671 1636 1672 1672 1636 1637 1672 1637 1673 1673 1637 1638 1673 1638 1674 1674 1638 1369 1675 1639 1676 1676 1639 1640 1676 1640 1677 1677 1640 1641 1677 1641 1678 1678 1641 1642 1678 1642 1679 1679 1642 1643 1679 1643 1680 1680 1643 1644 1680 1644 1681 1681 1644 1645 1681 1645 1682 1682 1645 1646 1682 1646 1683 1683 1646 1647 1683 1647 1684 1684 1647 1648 1684 1648 1685 1685 1648 1649 1685 1649 1686 1686 1649 1650 1686 1650 1687 1687 1650 1651 1687 1651 1688 1231 1263 1689 1689 1263 1379 1689 1379 1690 1690 1379 1663 1690 1663 1691 1691 1663 1664 1691 1664 1692 1692 1664 1665 1692 1665 1693 1693 1665 1666 1693 1666 1694 1694 1666 1667 1694 1667 1695 1695 1667 1668 1695 1668 1696 1696 1668 1669 1696 1669 1697 1697 1669 1670 1697 1670 1698 1698 1670 1671 1698 1671 1699 1699 1671 1672 1699 1672 1700 1700 1672 1673 1700 1673 1701 1701 1673 1674 1701 1674 1702 1702 1674 1369 1703 1675 1704 1704 1675 1676 1704 1676 1705 1705 1676 1677 1705 1677 1706 1706 1677 1678 1706 1678 1707 1707 1678 1679 1707 1679 1708 1708 1679 1680 1708 1680 1709 1709 1680 1681 1709 1681 1710 1710 1681 1682 1710 1682 1711 1711 1682 1683 1711 1683 1712 1712 1683 1684 1712 1684 1713 1713 1684 1685 1713 1685 1714 1714 1685 1686 1714 1686 1715 1715 1686 1687 1715 1687 1716 1716 1687 1688 1716 1688 1717 1232 1231 1718 1718 1231 1689 1718 1689 1719 1719 1689 1690 1719 1690 1720 1720 1690 1691 1720 1691 1721 1721 1691 1692 1721 1692 1722 1722 1692 1693 1722 1693 1723 1723 1693 1694 1723 1694 1724 1724 1694 1695 1724 1695 1725 1725 1695 1696 1725 1696 1726 1726 1696 1697 1726 1697 1727 1727 1697 1698 1727 1698 1728 1728 1698 1699 1728 1699 1729 1729 1699 1700 1729 1700 1730 1730 1700 1701 1730 1701 1731 1731 1701 1702 1731 1702 1732 1732 1702 1369 1733 1703 1734 1734 1703 1704 1734 1704 1735 1735 1704 1705 1735 1705 1736 1736 1705 1706 1736 1706 1737 1737 1706 1707 1737 1707 1738 1738 1707 1708 1738 1708 1739 1739 1708 1709 1739 1709 1740 1740 1709 1710 1740 1710 1741 1741 1710 1711 1741 1711 1742 1742 1711 1712 1742 1712 1743 1743 1712 1713 1743 1713 1744 1744 1713 1714 1744 1714 1745 1745 1714 1715 1745 1715 1746 1746 1715 1716 1746 1716 1747 1747 1716 1717 1747 1717 1748 1233 1232 1378 1378 1232 1718 1378 1718 1749 1749 1718 1719 1749 1719 1750 1750 1719 1720 1750 1720 1751 1751 1720 1721 1751 1721 1752 1752 1721 1722 1752 1722 1753 1753 1722 1723 1753 1723 1754 1754 1723 1724 1754 1724 1755 1755 1724 1725 1755 1725 1756 1756 1725 1726 1756 1726 1757 1757 1726 1727 1757 1727 1758 1758 1727 1728 1758 1728 1759 1759 1728 1729 1759 1729 1760 1760 1729 1730 1760 1730 1761 1761 1730 1731 1761 1731 1762 1762 1731 1732 1762 1732 1763 1763 1732 1369 1764 1733 1765 1765 1733 1734 1765 1734 1766 1766 1734 1735 1766 1735 1767 1767 1735 1736 1767 1736 1768 1768 1736 1737 1768 1737 1769 1769 1737 1738 1769 1738 1770 1770 1738 1739 1770 1739 1771 1771 1739 1740 1771 1740 1772 1772 1740 1741 1772 1741 1773 1773 1741 1742 1773 1742 1774 1774 1742 1743 1774 1743 1775 1775 1743 1744 1775 1744 1776 1776 1744 1745 1776 1745 1777 1777 1745 1746 1777 1746 1778 1778 1746 1747 1778 1747 1779 1779 1747 1748 1779 1748 1780 1290 1226 1360 1360 1226 1225 1360 1225 1361 1361 1225 1242 1361 1242 1362 1362 1242 1378 1362 1378 1781 1781 1378 1749 1781 1749 1782 1782 1749 1750 1782 1750 1783 1783 1750 1751 1783 1751 1784 1784 1751 1752 1784 1752 1785 1785 1752 1753 1785 1753 1786 1786 1753 1754 1786 1754 1787 1787 1754 1755 1787 1755 1788 1788 1755 1756 1788 1756 1789 1789 1756 1757 1789 1757 1790 1790 1757 1758 1790 1758 1791 1791 1758 1759 1791 1759 1792 1792 1759 1760 1792 1760 1793 1793 1760 1761 1793 1761 1794 1794 1761 1762 1794 1762 1795 1795 1762 1763 1795 1763 1796 1796 1763 1369 1238 1381 1472 1472 1381 1421 1472 1421 1470 1470 1421 1363 1470 1363 1468 1468 1363 1365 1468 1365 1466 1466 1365 1369 1797 1764 1798 1798 1764 1765 1798 1765 1799 1799 1765 1766 1799 1766 1800 1800 1766 1767 1800 1767 1801 1801 1767 1768 1801 1768 1802 1802 1768 1769 1802 1769 1803 1803 1769 1770 1803 1770 1804 1804 1770 1771 1804 1771 1805 1805 1771 1772 1805 1772 1806 1806 1772 1773 1806 1773 1807 1807 1773 1774 1807 1774 1808 1808 1774 1775 1808 1775 1809 1809 1775 1776 1809 1776 1810 1810 1776 1777 1810 1777 1811 1811 1777 1778 1811 1778 1812 1812 1778 1779 1812 1779 1813 1813 1779 1780 1813 1780 1814 1815 1797 1816 1816 1797 1798 1816 1798 1817 1817 1798 1799 1817 1799 1818 1818 1799 1800 1818 1800 1819 1819 1800 1801 1819 1801 1820 1820 1801 1802 1820 1802 1821 1821 1802 1803 1821 1803 1822 1822 1803 1804 1822 1804 1823 1823 1804 1805 1823 1805 1824 1824 1805 1806 1824 1806 1825 1825 1806 1807 1825 1807 1826 1826 1807 1808 1826 1808 1827 1827 1808 1809 1827 1809 1828 1828 1809 1810 1828 1810 1829 1829 1810 1811 1829 1811 1830 1830 1811 1812 1830 1812 1831 1831 1812 1813 1831 1813 1832 1832 1813 1814 1832 1814 1833 1291 1290 1359 1359 1290 1360 1359 1360 1834 1834 1360 1362 1834 1362 1835 1835 1362 1781 1835 1781 1836 1836 1781 1782 1836 1782 1837 1837 1782 1783 1837 1783 1838 1838 1783 1784 1838 1784 1839 1839 1784 1785 1839 1785 1840 1840 1785 1786 1840 1786 1841 1841 1786 1787 1841 1787 1842 1842 1787 1788 1842 1788 1843 1843 1788 1789 1843 1789 1844 1844 1789 1790 1844 1790 1845 1845 1790 1791 1845 1791 1846 1846 1791 1792 1846 1792 1847 1847 1792 1793 1847 1793 1848 1848 1793 1794 1848 1794 1849 1849 1794 1795 1849 1795 1850 1850 1795 1796 1850 1796 1851 1851 1796 1369 1852 1815 1853 1853 1815 1816 1853 1816 1854 1854 1816 1817 1854 1817 1855 1855 1817 1818 1855 1818 1856 1856 1818 1819 1856 1819 1857 1857 1819 1820 1857 1820 1858 1858 1820 1821 1858 1821 1859 1859 1821 1822 1859 1822 1860 1860 1822 1823 1860 1823 1861 1861 1823 1824 1861 1824 1862 1862 1824 1825 1862 1825 1863 1863 1825 1826 1863 1826 1864 1864 1826 1827 1864 1827 1865 1865 1827 1828 1865 1828 1866 1866 1828 1829 1866 1829 1867 1867 1829 1830 1867 1830 1868 1868 1830 1831 1868 1831 1869 1869 1831 1832 1869 1832 1870 1870 1832 1833 1870 1833 1871 1872 1873 1874 1874 1873 1875 1874 1875 1876 1876 1875 1877 1876 1877 1878 1878 1877 1879 1878 1879 1880 1880 1879 1881 1880 1881 1882 1882 1881 1883 1882 1883 1884 1884 1883 1885 1884 1885 1886 1886 1885 1887 1886 1887 1888 1888 1887 1889 1888 1889 1890 1890 1889 1891 1890 1891 1892 1892 1891 1893 1892 1893 1894 1894 1893 1895 1894 1895 1896 1896 1895 1897 1896 1897 1898 1898 1897 1899 1898 1899 1900 1900 1899 1901 1900 1901 1902 1902 1901 1903 1902 1903 1904 1904 1903 1905 1904 1905 1906 1906 1905 1907 1906 1907 1908 1908 1909 1906 1906 1909 1910 1906 1910 1904 1904 1910 1911 1904 1911 1902 1902 1911 1912 1902 1912 1900 1900 1912 1913 1900 1913 1898 1898 1913 1914 1898 1914 1896 1896 1914 1915 1896 1915 1894 1894 1915 1916 1894 1916 1892 1892 1916 1917 1892 1917 1890 1890 1917 1918 1890 1918 1888 1888 1918 1919 1888 1919 1886 1886 1919 1920 1886 1920 1884 1884 1920 1921 1884 1921 1882 1882 1921 1922 1882 1922 1880 1880 1922 1923 1880 1923 1878 1878 1923 1924 1878 1924 1876 1876 1924 1925 1876 1925 1874 1874 1925 1926 1874 1926 1872 1872 1926 1927 1928 1927 1929 1929 1927 1926 1929 1926 1930 1930 1926 1925 1930 1925 1931 1931 1925 1924 1931 1924 1932 1932 1924 1923 1932 1923 1401 1401 1923 1922 1401 1922 1402 1402 1922 1921 1402 1921 1403 1403 1921 1920 1403 1920 1652 1652 1920 1919 1652 1919 1653 1653 1919 1918 1653 1918 1654 1654 1918 1917 1654 1917 1655 1655 1917 1916 1655 1916 1656 1656 1916 1915 1656 1915 1657 1657 1915 1914 1657 1914 1658 1658 1914 1913 1658 1913 1659 1659 1913 1912 1659 1912 1660 1660 1912 1911 1660 1911 1661 1661 1911 1910 1661 1910 1662 1662 1910 1909 1662 1909 1369 1908 1369 1909 1907 1933 1908 1908 1933 1369 1249 1248 1401 1401 1248 1399 1401 1399 1932 1932 1399 1400 1932 1400 1931 1931 1400 1387 1931 1387 1930 1930 1387 1386 1930 1386 1929 1929 1386 1397 1929 1397 1928 1928 1397 1398 1934 1852 1935 1935 1852 1853 1935 1853 1936 1936 1853 1854 1936 1854 1937 1937 1854 1855 1937 1855 1938 1938 1855 1856 1938 1856 1939 1939 1856 1857 1939 1857 1940 1940 1857 1858 1940 1858 1941 1941 1858 1859 1941 1859 1942 1942 1859 1860 1942 1860 1943 1943 1860 1861 1943 1861 1944 1944 1861 1862 1944 1862 1945 1945 1862 1863 1945 1863 1946 1946 1863 1864 1946 1864 1947 1947 1864 1865 1947 1865 1948 1948 1865 1866 1948 1866 1949 1949 1866 1867 1949 1867 1950 1950 1867 1868 1950 1868 1951 1951 1868 1869 1951 1869 1952 1952 1869 1870 1952 1870 1953 1953 1870 1871 1953 1871 1954 1285 1395 1224 1224 1395 1955 1224 1955 1396 1396 1955 1956 1396 1956 1398 1398 1956 1957 1398 1957 1928 1928 1957 1958 1928 1958 1927 1927 1958 1959 1927 1959 1872 1872 1959 1960 1872 1960 1873 1961 1934 1962 1962 1934 1935 1962 1935 1963 1963 1935 1936 1963 1936 1964 1964 1936 1937 1964 1937 1965 1965 1937 1938 1965 1938 1966 1966 1938 1939 1966 1939 1967 1967 1939 1940 1967 1940 1968 1968 1940 1941 1968 1941 1969 1969 1941 1942 1969 1942 1970 1970 1942 1943 1970 1943 1971 1971 1943 1944 1971 1944 1972 1972 1944 1945 1972 1945 1973 1973 1945 1946 1973 1946 1974 1974 1946 1947 1974 1947 1975 1975 1947 1948 1975 1948 1976 1976 1948 1949 1976 1949 1977 1977 1949 1950 1977 1950 1978 1978 1950 1951 1978 1951 1979 1979 1951 1952 1979 1952 1980 1980 1952 1953 1980 1953 1981 1981 1953 1954 1981 1954 1982 1283 1388 1284 1284 1388 1983 1284 1983 1395 1395 1983 1984 1395 1984 1955 1955 1984 1985 1955 1985 1956 1956 1985 1986 1956 1986 1957 1957 1986 1987 1957 1987 1958 1958 1987 1988 1958 1988 1959 1959 1988 1989 1959 1989 1960 1990 1961 1991 1991 1961 1962 1991 1962 1992 1992 1962 1963 1992 1963 1993 1993 1963 1964 1993 1964 1994 1994 1964 1965 1994 1965 1995 1995 1965 1966 1995 1966 1996 1996 1966 1967 1996 1967 1997 1997 1967 1968 1997 1968 1998 1998 1968 1969 1998 1969 1999 1999 1969 1970 1999 1970 2000 2000 1970 1971 2000 1971 2001 2001 1971 1972 2001 1972 2002 2002 1972 1973 2002 1973 2003 2003 1973 1974 2003 1974 2004 2004 1974 1975 2004 1975 2005 2005 1975 1976 2005 1976 2006 2006 1976 1977 2006 1977 2007 2007 1977 1978 2007 1978 2008 2008 1978 1979 2008 1979 2009 2009 1979 1980 2009 1980 2010 2010 1980 1981 2010 1981 2011 2011 1981 1982 2011 1982 2012 1299 1394 1282 1282 1394 2013 1282 2013 1388 1388 2013 2014 1388 2014 1983 1983 2014 2015 1983 2015 1984 1984 2015 2016 1984 2016 1985 1985 2016 2017 1985 2017 1986 1986 2017 2018 1986 2018 1987 1987 2018 2019 1987 2019 1988 1988 2019 2020 1988 2020 1989 1414 2021 2022 2022 2021 1990 2022 1990 2023 2023 1990 1991 2023 1991 2024 2024 1991 1992 2024 1992 2025 2025 1992 1993 2025 1993 2026 2026 1993 1994 2026 1994 2027 2027 1994 1995 2027 1995 2028 2028 1995 1996 2028 1996 2029 2029 1996 1997 2029 1997 2030 2030 1997 1998 2030 1998 2031 2031 1998 1999 2031 1999 2032 2032 1999 2000 2032 2000 2033 2033 2000 2001 2033 2001 2034 2034 2001 2002 2034 2002 2035 2035 2002 2003 2035 2003 2036 2036 2003 2004 2036 2004 2037 2037 2004 2005 2037 2005 2038 2038 2005 2006 2038 2006 2039 2039 2006 2007 2039 2007 2040 2040 2007 2008 2040 2008 2041 2041 2008 2009 2041 2009 2042 2042 2009 2010 2042 2010 2043 2043 2010 2011 2043 2011 2044 2044 2011 2012 2044 2012 2045 1286 1288 1414 1414 1288 1377 1414 1377 2021 2021 1377 1294 2021 1294 1990 1990 1294 1357 1990 1357 1961 1961 1357 1359 1961 1359 1934 1934 1359 1834 1934 1834 1852 1852 1834 1835 1852 1835 1815 1815 1835 1836 1815 1836 1797 1797 1836 1837 1797 1837 1764 1764 1837 1838 1764 1838 1733 1733 1838 1839 1733 1839 1703 1703 1839 1840 1703 1840 1675 1675 1840 1841 1675 1841 1639 1639 1841 1842 1639 1842 1615 1615 1842 1843 1615 1843 1593 1593 1843 1844 1593 1844 1565 1565 1844 1845 1565 1845 1547 1547 1845 1846 1547 1846 1519 1519 1846 1847 1519 1847 1500 1500 1847 1848 1500 1848 1474 1474 1848 1849 1474 1849 1435 1435 1849 1850 1435 1850 1423 1423 1850 1851 1423 1851 1371 1371 1851 1369 2046 2045 2047 2047 2045 2012 2047 2012 2048 2048 2012 1982 2048 1982 2049 2049 1982 1954 2049 1954 2050 2050 1954 1871 2050 1871 2051 2051 1871 1833 2051 1833 2052 2052 1833 1814 2052 1814 2053 2053 1814 1780 2053 1780 2054 2054 1780 1748 2054 1748 2055 2055 1748 1717 2055 1717 2056 2056 1717 1688 2056 1688 2057 2057 1688 1651 2057 1651 2058 2058 1651 1626 2058 1626 2059 2059 1626 1603 2059 1603 2060 2060 1603 1574 2060 1574 2061 2061 1574 1555 2061 1555 2062 2062 1555 1526 2062 1526 2063 2063 1526 1506 2063 1506 2064 2064 1506 1479 2064 1479 2065 2065 1479 1439 2065 1439 2066 2066 1439 1426 2066 1426 2067 2067 1426 1372 2067 1372 1369 2068 2046 2069 2069 2046 2047 2069 2047 2070 2070 2047 2048 2070 2048 2071 2071 2048 2049 2071 2049 2072 2072 2049 2050 2072 2050 2073 2073 2050 2051 2073 2051 2074 2074 2051 2052 2074 2052 2075 2075 2052 2053 2075 2053 2076 2076 2053 2054 2076 2054 2077 2077 2054 2055 2077 2055 2078 2078 2055 2056 2078 2056 2079 2079 2056 2057 2079 2057 2080 2080 2057 2058 2080 2058 2081 2081 2058 2059 2081 2059 2082 2082 2059 2060 2082 2060 2083 2083 2060 2061 2083 2061 2084 2084 2061 2062 2084 2062 2085 2085 2062 2063 2085 2063 2086 2086 2063 2064 2086 2064 2087 2087 2064 2065 2087 2065 2088 2088 2065 2066 2088 2066 2089 2089 2066 2067 2089 2067 1369 2090 2068 2091 2091 2068 2069 2091 2069 2092 2092 2069 2070 2092 2070 2093 2093 2070 2071 2093 2071 2094 2094 2071 2072 2094 2072 2095 2095 2072 2073 2095 2073 2096 2096 2073 2074 2096 2074 2097 2097 2074 2075 2097 2075 2098 2098 2075 2076 2098 2076 2099 2099 2076 2077 2099 2077 2100 2100 2077 2078 2100 2078 2101 2101 2078 2079 2101 2079 2102 2102 2079 2080 2102 2080 2103 2103 2080 2081 2103 2081 2104 2104 2081 2082 2104 2082 2105 2105 2082 2083 2105 2083 2106 2106 2083 2084 2106 2084 2107 2107 2084 2085 2107 2085 2108 2108 2085 2086 2108 2086 2109 2109 2086 2087 2109 2087 2110 2110 2087 2088 2110 2088 2111 2111 2088 2089 2111 2089 1369 2112 2090 2113 2113 2090 2091 2113 2091 2114 2114 2091 2092 2114 2092 2115 2115 2092 2093 2115 2093 2116 2116 2093 2094 2116 2094 2117 2117 2094 2095 2117 2095 2118 2118 2095 2096 2118 2096 2119 2119 2096 2097 2119 2097 2120 2120 2097 2098 2120 2098 2121 2121 2098 2099 2121 2099 2122 2122 2099 2100 2122 2100 2123 2123 2100 2101 2123 2101 2124 2124 2101 2102 2124 2102 2125 2125 2102 2103 2125 2103 2126 2126 2103 2104 2126 2104 2127 2127 2104 2105 2127 2105 2128 2128 2105 2106 2128 2106 2129 2129 2106 2107 2129 2107 2130 2130 2107 2108 2130 2108 2131 2131 2108 2109 2131 2109 2132 2132 2109 2110 2132 2110 2133 2133 2110 2111 2133 2111 1369 2134 2112 2135 2135 2112 2113 2135 2113 2136 2136 2113 2114 2136 2114 2137 2137 2114 2115 2137 2115 2138 2138 2115 2116 2138 2116 2139 2139 2116 2117 2139 2117 2140 2140 2117 2118 2140 2118 2141 2141 2118 2119 2141 2119 2142 2142 2119 2120 2142 2120 2143 2143 2120 2121 2143 2121 2144 2144 2121 2122 2144 2122 2145 2145 2122 2123 2145 2123 2146 2146 2123 2124 2146 2124 2147 2147 2124 2125 2147 2125 2148 2148 2125 2126 2148 2126 2149 2149 2126 2127 2149 2127 2150 2150 2127 2128 2150 2128 2151 2151 2128 2129 2151 2129 2152 2152 2129 2130 2152 2130 2153 2153 2130 2131 2153 2131 2154 2154 2131 2132 2154 2132 2155 2155 2132 2133 2155 2133 1369 2156 2134 2157 2157 2134 2135 2157 2135 2158 2158 2135 2136 2158 2136 2159 2159 2136 2137 2159 2137 2160 2160 2137 2138 2160 2138 2161 2161 2138 2139 2161 2139 2162 2162 2139 2140 2162 2140 2163 2163 2140 2141 2163 2141 2164 2164 2141 2142 2164 2142 2165 2165 2142 2143 2165 2143 2166 2166 2143 2144 2166 2144 2167 2167 2144 2145 2167 2145 2168 2168 2145 2146 2168 2146 2169 2169 2146 2147 2169 2147 2170 2170 2147 2148 2170 2148 2171 2171 2148 2149 2171 2149 2172 2172 2149 2150 2172 2150 2173 2173 2150 2151 2173 2151 2174 2174 2151 2152 2174 2152 2175 2175 2152 2153 2175 2153 2176 2176 2153 2154 2176 2154 2177 2177 2154 2155 2177 2155 1369 2178 2156 2179 2179 2156 2157 2179 2157 2180 2180 2157 2158 2180 2158 2181 2181 2158 2159 2181 2159 2182 2182 2159 2160 2182 2160 2183 2183 2160 2161 2183 2161 2184 2184 2161 2162 2184 2162 2185 2185 2162 2163 2185 2163 2186 2186 2163 2164 2186 2164 2187 2187 2164 2165 2187 2165 2188 2188 2165 2166 2188 2166 2189 2189 2166 2167 2189 2167 2190 2190 2167 2168 2190 2168 2191 2191 2168 2169 2191 2169 2192 2192 2169 2170 2192 2170 2193 2193 2170 2171 2193 2171 2194 2194 2171 2172 2194 2172 2195 2195 2172 2173 2195 2173 2196 2196 2173 2174 2196 2174 2197 2197 2174 2175 2197 2175 2198 2198 2175 2176 2198 2176 2199 2199 2176 2177 2199 2177 1369 2200 2178 2201 2201 2178 2179 2201 2179 2202 2202 2179 2180 2202 2180 2203 2203 2180 2181 2203 2181 2204 2204 2181 2182 2204 2182 2205 2205 2182 2183 2205 2183 2206 2206 2183 2184 2206 2184 2207 2207 2184 2185 2207 2185 2208 2208 2185 2186 2208 2186 2209 2209 2186 2187 2209 2187 2210 2210 2187 2188 2210 2188 2211 2211 2188 2189 2211 2189 2212 2212 2189 2190 2212 2190 2213 2213 2190 2191 2213 2191 2214 2214 2191 2192 2214 2192 2215 2215 2192 2193 2215 2193 2216 2216 2193 2194 2216 2194 2217 2217 2194 2195 2217 2195 2218 2218 2195 2196 2218 2196 2219 2219 2196 2197 2219 2197 2220 2220 2197 2198 2220 2198 2221 2221 2198 2199 2221 2199 1369 2020 2200 1989 1989 2200 2201 1989 2201 1960 1960 2201 2202 1960 2202 1873 1873 2202 2203 1873 2203 1875 1875 2203 2204 1875 2204 1877 1877 2204 2205 1877 2205 1879 1879 2205 2206 1879 2206 1881 1881 2206 2207 1881 2207 1883 1883 2207 2208 1883 2208 1885 1885 2208 2209 1885 2209 1887 1887 2209 2210 1887 2210 1889 1889 2210 2211 1889 2211 1891 1891 2211 2212 1891 2212 1893 1893 2212 2213 1893 2213 1895 1895 2213 2214 1895 2214 1897 1897 2214 2215 1897 2215 1899 1899 2215 2216 1899 2216 1901 1901 2216 2217 1901 2217 1903 1903 2217 2218 1903 2218 1905 1905 2218 2219 1905 2219 1907 1907 2219 2220 1907 2220 1933 1933 2220 2221 1933 2221 1369 2020 2222 2200 2200 2222 2223 2200 2223 2178 2178 2223 2224 2178 2224 2156 2156 2224 2225 2156 2225 2134 2134 2225 2226 2134 2226 2112 2112 2226 2227 2112 2227 2090 2090 2227 2228 2090 2228 2068 2068 2228 2229 2068 2229 2046 2046 2229 2230 2046 2230 2045 2045 2230 2231 2045 2231 2044 2044 2231 2232 2044 2232 2043 2043 2232 2233 2043 2233 2042 2042 2233 2234 2042 2234 2041 2041 2234 2235 2041 2235 2040 2040 2235 2236 2040 2236 2039 2039 2236 2237 2039 2237 2038 2038 2237 2238 2038 2238 2037 2037 2238 2239 2037 2239 2036 2036 2239 2240 2036 2240 2035 2035 2240 2241 2035 2241 2034 2034 2241 2242 2034 2242 2033 2033 2242 2243 2033 2243 2032 2032 2243 2244 2032 2244 2031 2031 2244 2245 2031 2245 2030 2030 2245 2246 2030 2246 2029 2029 2246 2247 2029 2247 2028 2028 2247 2248 2028 2248 2027 2027 2248 2249 2027 2249 2026 2026 2249 2250 2026 2250 2025 2025 2250 2251 2025 2251 2024 2024 2251 2252 2024 2252 2023 2023 2252 2253 2023 2253 2022 2022 2253 2254 2022 2254 1414 1414 2254 2255 1414 2255 1375 1375 2255 2256 1375 2256 1376 1376 2256 2257 1376 2257 1416 1416 2257 2258 1416 2258 1415 1415 2258 2259 1415 2259 1389 1389 2259 2260 1389 2260 1390 1390 2260 2261 1390 2261 1391 1391 2261 2262 1391 2262 1392 1392 2262 2263 1392 2263 1393 1393 2263 2264 1393 2264 1394 1394 2264 2265 1394 2265 2013 2013 2265 2266 2013 2266 2014 2014 2266 2267 2014 2267 2015 2015 2267 2268 2015 2268 2016 2016 2268 2269 2016 2269 2017 2017 2269 2270 2017 2270 2018 2018 2270 2271 2018 2271 2019 2019 2271 2272 2019 2272 2020 2020 2272 2222 2272 2273 2222 2222 2273 2274 2222 2274 2223 2223 2274 2275 2223 2275 2224 2224 2275 2276 2224 2276 2225 2225 2276 2277 2225 2277 2226 2226 2277 2278 2226 2278 2227 2227 2278 2279 2227 2279 2228 2228 2279 2280 2228 2280 2229 2229 2280 2281 2229 2281 2230 2230 2281 2282 2230 2282 2231 2231 2282 2283 2231 2283 2232 2232 2283 2284 2232 2284 2233 2233 2284 2285 2233 2285 2234 2234 2285 2286 2234 2286 2235 2235 2286 2287 2235 2287 2236 2236 2287 2288 2236 2288 2237 2237 2288 2289 2237 2289 2238 2238 2289 2290 2238 2290 2239 2239 2290 2291 2239 2291 2240 2240 2291 2292 2240 2292 2241 2241 2292 2293 2241 2293 2242 2242 2293 2294 2242 2294 2243 2243 2294 2295 2243 2295 2244 2244 2295 2296 2244 2296 2245 2245 2296 2297 2245 2297 2246 2246 2297 2298 2246 2298 2247 2247 2298 2299 2247 2299 2248 2248 2299 2300 2248 2300 2249 2249 2300 2301 2249 2301 2250 2250 2301 2302 2250 2302 2251 2251 2302 2303 2251 2303 2252 2252 2303 2304 2252 2304 2253 2253 2304 2305 2253 2305 2254 2254 2305 2306 2254 2306 2255 2255 2306 2307 2255 2307 2256 2256 2307 2308 2256 2308 2257 2257 2308 2309 2257 2309 2258 2258 2309 2310 2258 2310 2259 2259 2310 2311 2259 2311 2260 2260 2311 2312 2260 2312 2261 2261 2312 2313 2261 2313 2262 2262 2313 2314 2262 2314 2263 2263 2314 2315 2263 2315 2264 2264 2315 2316 2264 2316 2265 2265 2316 2317 2265 2317 2266 2266 2317 2318 2266 2318 2267 2267 2318 2319 2267 2319 2268 2268 2319 2320 2268 2320 2269 2269 2320 2321 2269 2321 2270 2270 2321 2322 2270 2322 2271 2271 2322 2323 2271 2323 2272 2272 2323 2273 2323 1306 2273 2273 1306 1305 2273 1305 2274 2274 1305 1308 2274 1308 2275 2275 1308 1309 2275 1309 2276 2276 1309 1310 2276 1310 2277 2277 1310 1311 2277 1311 2278 2278 1311 1312 2278 1312 2279 2279 1312 1313 2279 1313 2280 2280 1313 1314 2280 1314 2281 2281 1314 1315 2281 1315 2282 2282 1315 1316 2282 1316 2283 2283 1316 1317 2283 1317 2284 2284 1317 1318 2284 1318 2285 2285 1318 1319 2285 1319 2286 2286 1319 1320 2286 1320 2287 2287 1320 1321 2287 1321 2288 2288 1321 1322 2288 1322 2289 2289 1322 1323 2289 1323 2290 2290 1323 1324 2290 1324 2291 2291 1324 1325 2291 1325 2292 2292 1325 1326 2292 1326 2293 2293 1326 1327 2293 1327 2294 2294 1327 1328 2294 1328 2295 2295 1328 1329 2295 1329 2296 2296 1329 1330 2296 1330 2297 2297 1330 1331 2297 1331 2298 2298 1331 1332 2298 1332 2299 2299 1332 1333 2299 1333 2300 2300 1333 1334 2300 1334 2301 2301 1334 1335 2301 1335 2302 2302 1335 1336 2302 1336 2303 2303 1336 1337 2303 1337 2304 2304 1337 1338 2304 1338 2305 2305 1338 1339 2305 1339 2306 2306 1339 1340 2306 1340 2307 2307 1340 1341 2307 1341 2308 2308 1341 1342 2308 1342 2309 2309 1342 1343 2309 1343 2310 2310 1343 1344 2310 1344 2311 2311 1344 1345 2311 1345 2312 2312 1345 1346 2312 1346 2313 2313 1346 1347 2313 1347 2314 2314 1347 1348 2314 1348 2315 2315 1348 1349 2315 1349 2316 2316 1349 1350 2316 1350 2317 2317 1350 1351 2317 1351 2318 2318 1351 1352 2318 1352 2319 2319 1352 1353 2319 1353 2320 2320 1353 1354 2320 1354 2321 2321 1354 1355 2321 1355 2322 2322 1355 1356 2322 1356 2323 2323 1356 1306</p>
                </triangles>
            </mesh>
        </geometry>
    </library_geometries>
    <library_visual_scenes>
        <visual_scene id="VisualSceneNode" name="VisualScene">
            <node id="node" name="node">
                <instance_geometry url="#shape0-lib"/>
            </node>
        </visual_scene>
    </library_visual_scenes>
    <scene>
        <instance_visual_scene url="#VisualSceneNode"/>
    </scene>
</COLLADA>
