<?xml version="1.0" encoding="UTF-8"?>
<COLLADA xmlns="http://www.collada.org/2005/11/COLLADASchema" version="1.4.1">
    <asset>
        <contributor>
            <author>VCGLab</author>
            <authoring_tool>VCGLib | MeshLab</authoring_tool>
        </contributor>
        <created>Mon Jul 6 22:41:15 2026 GMT</created>
        <modified>Mon Jul 6 22:41:15 2026 GMT</modified>
        <up_axis>Y_UP</up_axis>
    </asset>
    <library_geometries>
        <geometry id="shape0-lib" name="shape0">
            <mesh>
                <source id="shape0-lib-positions" name="position">
                    <float_array id="shape0-lib-positions-array" count="38610">-0.0566181 0.0554901 0.0620162 -0.0500513 0.0708606 0.0510334 -0.0643426 0.0554901 0.0573975 -0.0577758 0.0708606 0.0464147 0.00623186 -0.0214597 -0.000812613 0.00472666 -0.0218026 -0.00219246 0.0115929 -0.0218026 0.00191301 -0.0325796 0.0498567 0.0757895 -0.0394458 0.0498567 0.071684 -0.0375179 0.0495138 0.0723569 0.00691103 -0.020523 0.000904481 -0.0356839 0.048577 0.0721425 -0.0344351 0.0472974 0.0710983 -0.0299647 0.0456147 0.0714163 -0.0333979 0.0456147 0.0693635 -0.0134987 0.0189024 0.0438775 -0.0169318 0.0189024 0.0418248 -0.0104934 0.014027 0.0388513 -0.0139265 0.014027 0.0367985 -0.00748805 0.00915164 0.033825 -0.0109212 0.00915164 0.0317723 0.00897804 -0.0175606 0.00628624 0.00554492 -0.0175606 0.0042335 0.00658219 -0.0192434 0.00249872 0.00195051 5.90721e-05 -0.0242455 0.00387842 -0.000283804 -0.0235726 -0.0107123 -0.000283804 -0.0322968 -0.0548848 0.0713755 0.0415797 -0.0402941 0.0713755 0.0503039 -0.0417993 0.0710326 0.048924 0.000116464 0.000995826 -0.0240311 -0.0424784 0.0700959 0.0472069 -0.0421496 0.0688162 0.0456127 -0.00113228 0.00227546 -0.0229869 -0.00272359 -0.00591718 -0.02812 -0.00929045 -0.0212878 -0.0171372 -0.0104481 -0.00591718 -0.0327387 -0.017015 -0.0212878 -0.0217559 -0.0281111 0.0478123 0.0683161 -0.0123352 0.0222197 0.0419316 -0.0315442 0.0478123 0.0662633 -0.0157683 0.0222197 0.0398789 -0.00602481 0.0119826 0.0313778 0.00975108 -0.01361 0.00499335 -0.00945792 0.0119826 0.0293251 0.00631797 -0.01361 0.00294061 0.016318 0.0017606 -0.00598944 0.000542062 0.0273532 0.020395 0.0128848 0.0017606 -0.00804218 -0.00289105 0.0273532 0.0183423 -0.00576829 0.0375903 0.0309488 -0.0215442 0.0631829 0.0573333 -0.00920141 0.0375903 0.0288961 -0.0249773 0.0631829 0.0552805 0.0151013 -0.0124029 -0.00395464 0.0151738 -0.0139494 -0.00407595 0.0177673 -0.0136025 -0.00841339 -0.00569646 0.0127512 0.0308287 -0.00584633 0.0129943 0.0310793 -0.023386 0.0713755 0.0604136 -0.0243507 0.0722433 0.0620271 -0.0259624 0.0690492 0.0647226 -0.0254089 0.0720548 0.0637968 0.0207865 -0.000283804 -0.0134629 0.0207224 -0.00668571 -0.0133556 0.0210507 -0.00591718 -0.0139048 0.0214332 -0.00454595 -0.0145445 0.0215173 -0.00299386 -0.0146852 0.0212902 -0.00149719 -0.0143054 0.0106198 -0.013718 0.00354054 0.0125576 -0.0226704 0.000299505 -0.028323 0.0494573 0.0686706 -0.0318726 0.0552157 0.0746071 -0.0331924 0.0515482 0.0768144 -0.0328438 0.0554901 0.0762314 -0.0332891 0.0536101 0.0769762 0.0165299 0.000115525 -0.00634397 0.0181716 0.00395817 -0.00908966 -0.00289124 0.019911 0.0261371 -0.00274137 0.0196679 0.0258864 6.3848e-05 0.0268278 0.0211948 0.000213718 0.0265847 0.0209442 0.0100794 -0.0128414 0.00444421 0.0130345 -0.00592469 -0.000498046 0.0135748 -0.00680123 -0.00140172 0.0159896 0.000992071 -0.0054403 -0.0262769 0.0708606 0.0652486 -0.0266053 0.0700921 0.0657978 -0.0289175 0.0621324 0.0696648 -0.0295604 0.0631753 0.07074 -0.0325155 0.0562586 0.0756823 -0.0244647 0.0653183 0.0622177 -0.0240051 0.0640497 0.061449 -0.0224129 0.0632909 0.0587861 -0.0249176 0.0601977 0.0629751 -0.0253679 0.0563741 0.0637283 -0.0242665 0.0610933 0.0618863 -0.0239326 0.0625032 0.0613277 -0.0268944 0.0619758 0.0662813 -0.0264348 0.0607072 0.0655126 -0.0257112 0.0600563 0.0643024 -0.0207711 0.0671335 0.0560404 -0.0251883 0.0659692 0.0634279 -0.0269669 0.0635222 0.0664026 -0.0266329 0.0649322 0.065844 -0.0259819 0.0658278 0.0647551 -0.028201 0.0525124 0.0684665 -0.02755 0.053408 0.0673777 -0.027216 0.054818 0.0668191 -0.0301778 0.0542905 0.0717726 -0.0297182 0.0530219 0.071004 -0.0289946 0.052371 0.0697938 -0.0284717 0.0582839 0.0689192 -0.0277481 0.057633 0.0677091 -0.0272885 0.0563644 0.0669404 -0.0302504 0.055837 0.071894 -0.0299164 0.0572469 0.0713354 -0.0292653 0.0581425 0.0702465 -0.00539492 0.0285268 0.0303244 -0.00589655 0.0247864 0.0311633 -0.00474388 0.0294225 0.0292355 -0.00294146 0.0317032 0.0262211 -0.00440989 0.0308324 0.0286769 -0.00448242 0.0323789 0.0287982 -0.00494205 0.0336475 0.029567 -0.00594677 0.0365786 0.0312473 -0.00566561 0.0342983 0.0307771 -0.00618854 0.0283855 0.0316517 -0.00691211 0.0290363 0.0328618 -0.00890186 0.0296618 0.0361895 -0.00737173 0.0303049 0.0336305 -0.00744427 0.0318514 0.0337518 -0.00711027 0.0332613 0.0331932 -0.00645924 0.034157 0.0321044 -0.00974267 0.0264717 0.0375958 -0.0103937 0.0255761 0.0386846 -0.0118569 0.0227451 0.0411318 -0.0107277 0.0241661 0.0392432 -0.00867835 0.0208415 0.0358157 -0.00885164 0.0178697 0.0361056 -0.00802732 0.0217372 0.0347269 -0.00769332 0.0231471 0.0341683 -0.00894905 0.026613 0.0362685 -0.00822548 0.0259622 0.0350583 -0.00776585 0.0246936 0.0342896 -0.00947198 0.0207002 0.0371431 -0.0101955 0.021351 0.0383532 -0.0106552 0.0226196 0.0391219 0.00170556 0.0306704 0.0184491 -0.00129974 0.0355458 0.0234754 -0.00430505 0.0404212 0.0285016 -0.00356762 0.0236107 0.0272683 -0.00402725 0.0248793 0.028037 -0.00205043 0.0231012 0.0247308 -0.00284405 0.0229598 0.0260582 -0.0013994 0.0239968 0.023642 -0.0010654 0.0254068 0.0230834 -0.00409978 0.0264258 0.0281583 -0.00376578 0.0278357 0.0275997 -0.00311475 0.0287313 0.0265109 -0.00232112 0.0288727 0.0251836 -0.00159756 0.0282219 0.0239734 -0.00113793 0.0269532 0.0232047 -0.00488099 0.0205366 0.0294648 -0.00442136 0.019268 0.0286961 -0.00434883 0.0177215 0.0285748 -0.00468283 0.0163115 0.0291334 -0.00533386 0.0154159 0.0302222 -0.00560456 0.0211874 0.030675 -0.00731068 0.017194 0.0335284 -0.00685105 0.0159254 0.0327597 -0.00612749 0.0152746 0.0315495 -0.00738321 0.0187405 0.0336497 -0.00704921 0.0201504 0.0330911 -0.00639818 0.0210461 0.0320023 -0.0277827 0.0485808 0.0677669 -0.0248276 0.0554976 0.0628247 -0.0218725 0.0624143 0.0578824 -0.00609664 0.0368217 0.0314979 -0.00905173 0.029905 0.0364402 -0.0120068 0.0229882 0.0413825 0.0174722 -0.00856966 -0.00791993 0.0181233 -0.00767403 -0.00900875 0.0184573 -0.00626408 -0.00956734 0.0157569 -0.00383514 -0.00505108 0.0164079 -0.0029395 -0.0061399 0.0166786 -0.008711 -0.00659262 0.015955 -0.00806017 -0.0053825 0.0154954 -0.00679156 -0.00461379 0.0154229 -0.00524509 -0.00449248 0.0172015 -0.00279816 -0.0074672 0.0179251 -0.003449 -0.00867733 0.0183847 -0.00471761 -0.00944604 0.0126716 -0.0157455 0.000108897 0.012212 -0.0144768 0.000877603 0.0148122 -0.0205192 -0.00347113 0.0141888 -0.016255 -0.00242853 0.0133952 -0.0163963 -0.00110123 0.0148398 -0.0153593 -0.00351736 0.0144839 -0.0212878 -0.00292199 0.0136158 -0.0224819 -0.00147023 0.0146417 -0.0111343 -0.00318594 0.0139181 -0.0104835 -0.00197581 0.0121395 -0.0129304 0.00099891 0.0124735 -0.0115204 0.000440314 0.0131245 -0.0106248 -0.000648506 -0.0297101 0.0708606 0.0631959 -0.0300384 0.0700921 0.063745 -0.0329935 0.0631753 0.0686873 -0.0359486 0.0562586 0.0736295 -0.0362769 0.0554901 0.0741787 -0.0509929 0.0495138 0.0642999 -0.0494877 0.0498567 0.0656798 -0.0640784 0.0498567 0.0569556 -0.051672 0.048577 0.0625828 -0.0199059 -0.0218026 -0.0169209 -0.00531519 -0.0218026 -0.00819673 -0.0072431 -0.0214597 -0.00886961 -0.00907715 -0.020523 -0.00865523 -0.0103259 -0.0192434 -0.00761102 -0.0513432 0.0472974 0.0609886 0.0176176 -0.00591718 -0.0159575 0.0172893 -0.00668571 -0.0154084 0.0143342 -0.0136025 -0.0104661 0.0113791 -0.0205192 -0.00552387 0.0110507 -0.0212878 -0.00497473 0.0139203 -0.000283804 -0.0175684 0.0154255 5.90721e-05 -0.0161885 -0.0302522 0.0713755 0.0563081 -0.0283243 0.0710326 0.056981 -0.0264903 0.0700959 0.0567666 0.0161046 0.000995826 -0.0144714 0.0157758 0.00227546 -0.0128772 0.0147385 0.00395817 -0.0111424 -0.00172755 0.0306704 0.0163964 -0.00473286 0.0355458 0.0214226 -0.00773816 0.0404212 0.0264489 -0.0242042 0.0671335 0.0539876 -0.0252415 0.0688162 0.0557224 -0.0646912 0.0515482 0.0579806 -0.064788 0.0536101 0.0581423 -0.0244148 -0.0053797 -0.00937995 -0.0229893 -0.00679018 -0.011764 -0.021391 -0.00685578 -0.0144372 -0.0189412 -0.0226704 -0.0185344 -0.0199363 -0.00556351 -0.0168701 -0.017883 -0.0224819 -0.0203041 -0.0494713 0.0464036 0.0325259 -0.0490828 0.0494255 0.0318762 -0.0242965 0.00556351 -0.00957777 -0.0102086 -0.00149719 -0.0331393 -0.00998146 -0.00299386 -0.0335191 -0.0100656 -0.00454595 -0.0333784 -0.0212435 0.00679018 -0.0146839 -0.019818 0.0053797 -0.0170679 -0.0188478 0.00290371 -0.0186906 -0.0185249 -0.000147404 -0.0192305 -0.0549727 0.0441932 0.0417268 -0.0257079 0.000147404 -0.00721731 -0.0253851 -0.00290371 -0.00775725 -0.0535472 0.0427827 0.0393427 -0.0519489 0.0427171 0.0366695 -0.0504942 0.0440094 0.0342366 -0.0494057 0.0524766 0.0324161 -0.0228418 0.00685578 -0.0120107 -0.0503759 0.0549526 0.0340388 -0.0518014 0.0563631 0.0364228 -0.0533997 0.0564287 0.039096 -0.0189134 -0.00316932 -0.0185808 -0.0558773 0.0527422 0.0432397 -0.0562658 0.0497203 0.0438894 -0.055943 0.0466692 0.0433495 -0.0253194 0.00316932 -0.00786704 -0.0548544 0.0551364 0.0415289 -0.0569077 0.0720548 0.044963 -0.0558496 0.0722433 0.0431932 -0.00912957 0.0127512 0.0287759 -0.00617448 0.0196679 0.0238337 -0.0032194 0.0265847 0.0188914 0.0125565 0.000992071 -0.00749304 0.0096014 -0.00592469 -0.00255078 0.00664632 -0.0128414 0.00239147 -0.0253056 0.0624143 0.0558297 -0.0282607 0.0554976 0.0607719 -0.0312158 0.0485808 0.0657142 0.00789556 -0.0161692 0.000302162 0.00822441 -0.0174489 -0.00129208 0.00754524 -0.0183856 -0.00300917 -0.0331218 0.0503715 0.0689018 -0.0343705 0.0516512 0.069946 -0.0356341 0.0544472 0.0731035 -0.0362045 0.0525879 0.0701604 -0.0381325 0.0529308 0.0694875 -0.0481743 0.0529308 0.0634832 -0.0496795 0.0525879 0.0621034 -0.0503587 0.0516512 0.0603863 -0.0500298 0.0503715 0.058792 -0.00901252 -0.0161692 -0.00980758 -0.00776377 -0.0174489 -0.0108518 -0.00592973 -0.0183856 -0.0110662 -0.00400182 -0.0187285 -0.0103933 0.00604004 -0.0187285 -0.00438902 -0.00952975 0.0368217 0.0294452 -0.0124848 0.029905 0.0343875 -0.0154399 0.0229882 0.0393297 -0.0278036 0.0670217 0.0589632 -0.0265549 0.0657421 0.057919 -0.0290672 0.0698177 0.0621207 0.0144624 -0.000798659 -0.0106806 0.0147913 -0.00207829 -0.0122749 0.0141121 -0.00301504 -0.013992 0.0126069 -0.00335792 -0.0153718 0.00256505 -0.00335792 -0.0213761 0.000637135 -0.00301504 -0.022049 -0.00119691 -0.00207829 -0.0218346 -0.00244565 -0.000798659 -0.0207904 -0.043463 0.0657421 0.0478092 -0.0437918 0.0670217 0.0494035 -0.0431126 0.0679585 0.0511206 -0.0416074 0.0683014 0.0525004 -0.0315656 0.0683014 0.0585047 -0.0296377 0.0679585 0.0591776 -0.0121161 -0.000764243 -0.0124114 -0.0126171 -0.00287917 -0.0115735 -0.0464273 0.0461145 0.0449726 -0.042674 0.0488086 0.0386953 -0.0158695 -0.00345838 -0.00613413 -0.0165589 -0.00155546 -0.00498107 -0.0471168 0.0480174 0.0461256 -0.0472256 0.0503371 0.0463076 -0.0467246 0.052452 0.0454697 -0.045748 0.0537955 0.0438365 -0.0135937 -0.00422262 -0.00994028 -0.0147841 -0.00443463 -0.00794933 -0.0166677 0.000764243 -0.00479911 -0.0161667 0.00287917 -0.00563701 -0.0427828 0.0511283 0.0388773 -0.0151901 0.00422262 -0.00727024 -0.0434723 0.0530313 0.0400303 -0.0445576 0.0540075 0.0418455 -0.0139997 0.00443463 -0.00926119 -0.0129144 0.00345838 -0.0110764 -0.0122249 0.00155546 -0.0122294 -0.043175 0.0466937 0.0395332 -0.0441516 0.0453503 0.0411664 -0.045342 0.0451382 0.0431574 0.00904034 -0.0115204 -0.00161243 0.00870634 -0.0129304 -0.00105383 0.00718664 -0.013718 0.0014878 -0.00336927 0.0268278 0.0191421 0.0130968 0.000115525 -0.00839671 0.0101417 -0.00680123 -0.00345445 -0.00632436 0.019911 0.0240843 -0.00927944 0.0129943 0.0290266 -0.025846 0.0632909 0.0567333 -0.0353057 0.0552157 0.0725543 -0.0317561 0.0494573 0.0666178 -0.0293955 0.0690492 0.0626698 -0.0323506 0.0621324 0.0676121 -0.0336835 0.055837 0.0698412 -0.0336109 0.0542905 0.0697199 -0.0333495 0.0572469 0.0692826 -0.0331513 0.0530219 0.0689512 -0.0324278 0.052371 0.0677411 -0.0311813 0.057633 0.0656564 -0.0319048 0.0582839 0.0668665 -0.0326984 0.0581425 0.0681938 -0.0316341 0.0525124 0.0664138 -0.0309831 0.053408 0.065325 -0.0288011 0.0563741 0.0616756 -0.0306491 0.054818 0.0647664 -0.0307216 0.0563644 0.0648877 -0.0298679 0.0607072 0.0634598 -0.0291443 0.0600563 0.0622497 -0.0278978 0.0653183 0.060165 -0.0286214 0.0659692 0.0613751 -0.0274382 0.0640497 0.0593963 -0.029415 0.0658278 0.0627024 -0.030066 0.0649322 0.0637912 -0.0304 0.0635222 0.0643498 -0.0303275 0.0619758 0.0642285 -0.0283507 0.0601977 0.0609224 -0.0276997 0.0610933 0.0598336 -0.0273657 0.0625032 0.059275 -0.0152901 0.0227451 0.0390791 -0.0122848 0.0178697 0.0340528 -0.0129051 0.0207002 0.0350903 -0.0136287 0.021351 0.0363004 -0.0140883 0.0226196 0.0370691 -0.0141608 0.0241661 0.0371905 -0.0111264 0.0231471 0.0321156 -0.00932966 0.0247864 0.0291106 -0.0114604 0.0217372 0.0326742 -0.0121115 0.0208415 0.033763 -0.0138268 0.0255761 0.0366319 -0.012335 0.0296618 0.0341368 -0.0131758 0.0264717 0.035543 -0.011199 0.0246936 0.0322369 -0.0116586 0.0259622 0.0330056 -0.0123822 0.026613 0.0342157 -0.0108774 0.0318514 0.0316991 -0.0105434 0.0332613 0.0311405 -0.00937988 0.0365786 0.0291946 -0.00989235 0.034157 0.0300516 -0.00962166 0.0283855 0.0295989 -0.0103452 0.0290363 0.030809 -0.0108048 0.0303049 0.0315778 -0.00882803 0.0285268 0.0282716 -0.008177 0.0294225 0.0271828 -0.00637457 0.0317032 0.0241683 -0.007843 0.0308324 0.0266242 -0.00791553 0.0323789 0.0267455 -0.00837516 0.0336475 0.0275142 -0.00909873 0.0342983 0.0287243 -0.0083141 0.0205366 0.0274121 -0.00903767 0.0211874 0.0286222 -0.0107438 0.017194 0.0314756 -0.0102842 0.0159254 0.0307069 -0.0095606 0.0152746 0.0294968 -0.00876698 0.0154159 0.0281695 -0.00811594 0.0163115 0.0270807 -0.00778194 0.0177215 0.0265221 -0.00785448 0.019268 0.0266434 -0.00983129 0.0210461 0.0299495 -0.0104823 0.0201504 0.0310384 -0.0108163 0.0187405 0.0315969 -0.00654786 0.0287313 0.0244581 -0.00719889 0.0278357 0.025547 -0.00700073 0.0236107 0.0252155 -0.00627717 0.0229598 0.0240054 -0.00753289 0.0264258 0.0261056 -0.00746036 0.0248793 0.0259842 -0.00548354 0.0231012 0.0226781 -0.00483251 0.0239968 0.0215893 -0.00449851 0.0254068 0.0210307 -0.00457104 0.0269532 0.021152 -0.00503067 0.0282219 0.0219207 -0.00575424 0.0288727 0.0231308 0.0112086 -0.0111343 -0.00523868 0.010485 -0.0104835 -0.00402855 0.00969137 -0.0106248 -0.00270125 0.0107557 -0.016255 -0.00448127 0.0114067 -0.0153593 -0.00557009 0.0117407 -0.0139494 -0.00612869 0.0116682 -0.0124029 -0.00600738 0.00877887 -0.0144768 -0.00117514 0.0092385 -0.0157455 -0.00194384 0.00996206 -0.0163963 -0.00315397 0.0119898 -0.00524509 -0.00654522 0.0120623 -0.00679156 -0.00666653 0.0123238 -0.00383514 -0.00710382 0.0129748 -0.0029395 -0.00819264 0.0125219 -0.00806017 -0.00743523 0.0132455 -0.008711 -0.00864536 0.0140391 -0.00856966 -0.00997267 0.0146902 -0.00767403 -0.0110615 0.0150242 -0.00626408 -0.0116201 0.0149516 -0.00471761 -0.0114988 0.014492 -0.003449 -0.0107301 0.0137684 -0.00279816 -0.00951994 -0.0460845 0.0549526 0.0366047 -0.0451143 0.0524766 0.034982 -0.0447914 0.0494255 0.0344421 -0.0451799 0.0464036 0.0350918 -0.0462028 0.0440094 0.0368026 -0.0476575 0.0427171 0.0392355 -0.0492558 0.0427827 0.0419086 -0.0506813 0.0441932 0.0442927 -0.0516516 0.0466692 0.0459154 -0.0519744 0.0497203 0.0464553 -0.0515859 0.0527422 0.0458056 -0.050563 0.0551364 0.0440949 -0.0491084 0.0564287 0.041662 -0.04751 0.0563631 0.0389888 -0.0501577 0.052452 0.043417 -0.0491812 0.0537955 0.0417837 -0.0479907 0.0540075 0.0397928 -0.0469054 0.0530313 0.0379776 -0.0462159 0.0511283 0.0368245 -0.0461071 0.0488086 0.0366426 -0.0466081 0.0466937 0.0374805 -0.0475847 0.0453503 0.0391137 -0.0487751 0.0451382 0.0411046 -0.0498605 0.0461145 0.0429198 -0.0505499 0.0480174 0.0440729 -0.0506587 0.0503371 0.0442549 -0.0155266 0.0053797 -0.014502 -0.0145564 0.00290371 -0.0161247 -0.0142335 -0.000147404 -0.0166646 -0.014622 -0.00316932 -0.0160149 -0.0156449 -0.00556351 -0.0143041 -0.0170996 -0.00685578 -0.0118713 -0.018698 -0.00679018 -0.00919806 -0.0201234 -0.0053797 -0.00681402 -0.0210937 -0.00290371 -0.00519133 -0.0214165 0.000147404 -0.00465138 -0.021028 0.00316932 -0.00530111 -0.0200051 0.00556351 -0.00701185 -0.0185505 0.00685578 -0.00944474 -0.0169521 0.00679018 -0.0121179 -0.0160502 -0.00287917 -0.0136262 -0.0170268 -0.00422262 -0.011993 -0.0182172 -0.00443463 -0.0100021 -0.0193026 -0.00345838 -0.00818687 -0.019992 -0.00155546 -0.00703381 -0.0201008 0.000764243 -0.00685185 -0.0195998 0.00287917 -0.00768974 -0.0186233 0.00422262 -0.00932298 -0.0174328 0.00443463 -0.0113139 -0.0163475 0.00345838 -0.0131291 -0.015658 0.00155546 -0.0142822 -0.0155492 -0.000764243 -0.0144641 -0.00728238 0.0512502 0.0621257 -0.00699479 0.0512938 0.0616447 -0.00716249 0.0508365 0.0619252 -0.00707548 0.0503762 0.0617797 -0.00679561 0.0502402 0.0613116 -0.007029 0.0499099 0.0617019 -0.010085 0.0499667 0.066813 -0.0103151 0.0503057 0.0671979 -0.010034 0.0504313 0.0667276 -0.00702856 0.0499022 0.0617012 -0.00676351 0.0496804 0.0612579 -0.00702107 0.0494273 0.0616887 -0.00994248 0.0508883 0.0665746 -0.00762379 0.0519562 0.0626967 -0.00762065 0.0519515 0.0626914 -0.00743698 0.0516275 0.0623843 -0.0074397 0.0516331 0.0623888 -0.00735496 0.0521704 0.0622471 -0.00932276 0.049757 0.0655382 -0.0100856 0.0499591 0.0668139 -0.0092652 0.0501689 0.0654419 -0.0091504 0.0505326 0.0652499 -0.00879022 0.0510035 0.0646475 -0.00898768 0.0508185 0.0649778 -0.0100328 0.0504387 0.0667257 -0.0102321 0.0508452 0.0670589 -0.00994422 0.0508813 0.0665775 -0.00707655 0.0503837 0.0617815 -0.00835656 0.0510202 0.0639222 -0.0081555 0.0508505 0.063586 -0.00903048 0.0524286 0.0650493 -0.00897198 0.052979 0.0649515 -0.00879321 0.0525379 0.0646525 -0.0082993 0.0525299 0.0638265 -0.00829539 0.0525286 0.0638199 -0.00805548 0.052408 0.0634187 -0.00805923 0.0524105 0.063425 -0.00811233 0.052963 0.0635138 -0.00758437 0.052513 0.0626308 -0.00782861 0.052214 0.0630393 -0.0078321 0.0522176 0.0630451 -0.00783903 0.0527796 0.0630567 -0.00958921 0.0473439 0.0659838 -0.00959215 0.047349 0.0659887 -0.00925946 0.0522442 0.0654323 -0.00924702 0.0528058 0.0654115 -0.00903425 0.0524262 0.0650556 -0.00839719 0.0530587 0.0639902 -0.00854212 0.0525727 0.0642326 -0.00854609 0.0525728 0.0642392 -0.00878928 0.0525391 0.0646459 -0.00868623 0.0530641 0.0644736 -0.00687338 0.0507827 0.0614417 -0.00716083 0.0508295 0.0619224 -0.00857401 0.0510726 0.0642859 -0.0072846 0.0512566 0.0621294 -0.00796708 0.0468033 0.0632708 -0.00797074 0.0468004 0.063277 -0.00896212 0.0482952 0.064935 -0.00947348 0.051986 0.0657902 -0.00947029 0.0519906 0.0657849 -0.00715672 0.0517604 0.0619155 -0.00798712 0.0505773 0.0633043 -0.00702127 0.0494196 0.061689 -0.00705296 0.0489485 0.061742 -0.00677791 0.0491178 0.061282 -0.0070538 0.048941 0.0617434 -0.00683843 0.048567 0.0613832 -0.00712386 0.0484859 0.0618606 -0.00917395 0.0468227 0.0652893 -0.00917758 0.0468258 0.0652953 -0.00931844 0.0493301 0.0655309 -0.00989842 0.0480944 0.0665009 -0.00990037 0.0481011 0.0665042 -0.00981628 0.0513037 0.0663635 -0.0099392 0.0518122 0.0665691 -0.00966029 0.0516689 0.0661027 -0.0100697 0.0489971 0.0667874 -0.0100705 0.0490047 0.0667887 -0.0103438 0.0491842 0.0672459 -0.00981857 0.0512974 0.0663674 -0.00894343 0.046668 0.0649037 -0.00914384 0.0462637 0.0652389 -0.00939571 0.0470548 0.0656601 -0.0096515 0.046795 0.0660879 -0.0103527 0.0497472 0.0672607 -0.0100977 0.0494846 0.0668342 -0.0100976 0.0494768 0.066834 -0.00926299 0.0522407 0.0654382 -0.00950424 0.0525488 0.0658417 -0.00779485 0.0493888 0.0629828 -0.00779918 0.0498156 0.06299 -0.00786504 0.0502228 0.0631002 -0.00775012 0.0470201 0.062908 -0.00773933 0.0464584 0.0628899 -0.0100467 0.0476122 0.0667489 -0.00976184 0.0477008 0.0662725 -0.00975936 0.0476948 0.0662683 -0.00986602 0.0471726 0.0664467 -0.0102887 0.0486313 0.0671537 -0.0100042 0.0485395 0.0666777 -0.0100028 0.0485323 0.0666755 -0.0101888 0.0481027 0.0669866 -0.00973698 0.0522147 0.0662309 -0.00965751 0.0516744 0.066098 -0.0101057 0.0513517 0.0668475 -0.0071253 0.0484787 0.061863 -0.00694351 0.0480423 0.061559 -0.00723192 0.0480515 0.0620413 -0.00754745 0.047311 0.062569 -0.00755045 0.0473059 0.062574 -0.00876106 0.0481256 0.0645987 -0.00939237 0.0470506 0.0656546 -0.00940867 0.0464895 0.0656818 -0.00737689 0.0476505 0.0622838 -0.00727537 0.0471243 0.062114 -0.00820659 0.0466524 0.0636714 -0.0091305 0.0485684 0.0652166 -0.00869537 0.0465847 0.0644889 -0.00869932 0.0465854 0.0644955 -0.00925257 0.0489229 0.0654208 -0.00812994 0.0483272 0.0635432 -0.00796721 0.0486132 0.0632711 -0.00785242 0.0489768 0.0630791 -0.0083274 0.0481423 0.0638735 -0.00854361 0.0480732 0.0642351 -0.00723394 0.0480448 0.0620447 -0.00820273 0.0466542 0.063665 -0.00800633 0.0462426 0.0633365 -0.00857596 0.046073 0.0642892 -0.00845157 0.0465802 0.0640811 -0.00844761 0.0465807 0.0640745 -0.00828763 0.046113 0.063807 -0.00893959 0.0466661 0.0648973 -0.00886385 0.0461237 0.0647706 -0.00774675 0.0470241 0.0629023 -0.00749355 0.0467549 0.0624789 -0.00737435 0.0476564 0.0622795 -0.00709042 0.0475572 0.0618047 -0.00367582 0.0486132 0.065837 -0.00383854 0.0483272 0.0661091 -0.00403601 0.0481423 0.0664394 -0.00425222 0.0480732 0.066801 -0.00446967 0.0481256 0.0671647 -0.00467073 0.0482952 0.0675009 -0.00483911 0.0485684 0.0677825 -0.00496118 0.0489229 0.0679867 -0.00502705 0.0493301 0.0680968 -0.00503137 0.049757 0.0681041 -0.00497381 0.0501689 0.0680078 -0.00485901 0.0505326 0.0678158 -0.00552489 0.0513037 0.0689295 -0.00552718 0.0512974 0.0689333 -0.00565109 0.0508883 0.0691405 -0.00565283 0.0508813 0.0691434 -0.00574146 0.0504387 0.0692917 -0.0057426 0.0504313 0.0692936 -0.00579365 0.0499667 0.0693789 -0.00579416 0.0499591 0.0693798 -0.00580631 0.0494846 0.0694001 -0.00580618 0.0494768 0.0693999 -0.00577911 0.0490047 0.0693546 -0.00577835 0.0489971 0.0693534 -0.00571276 0.0485395 0.0692437 -0.00571139 0.0485323 0.0692414 -0.00560898 0.0481011 0.0690701 -0.00560703 0.0480944 0.0690668 -0.00547045 0.0477008 0.0688384 -0.00546797 0.0476948 0.0688343 -0.00530076 0.047349 0.0685546 -0.00529782 0.0473439 0.0685497 -0.00510431 0.0470548 0.0682261 -0.00510098 0.0470506 0.0682205 -0.00488619 0.0468258 0.0678613 -0.00488255 0.0468227 0.0678552 -0.00465204 0.046668 0.0674697 -0.0046482 0.0466661 0.0674632 -0.00440793 0.0465854 0.0670614 -0.00440398 0.0465847 0.0670548 -0.00416018 0.0465802 0.066647 -0.00415622 0.0465807 0.0666404 -0.0039152 0.0466524 0.0662373 -0.00391134 0.0466542 0.0662309 -0.00367935 0.0468004 0.0658429 -0.00367569 0.0468033 0.0658368 -0.00345873 0.0470201 0.0654739 -0.00345536 0.0470241 0.0654683 -0.00325906 0.0473059 0.06514 -0.00325606 0.047311 0.0651349 -0.0030855 0.0476505 0.0648497 -0.00308296 0.0476564 0.0648454 -0.00294255 0.0480448 0.0646106 -0.00294053 0.0480515 0.0646072 -0.00283391 0.0484787 0.0644289 -0.00283247 0.0484859 0.0644265 -0.0027624 0.048941 0.0643093 -0.00276157 0.0489485 0.0643079 -0.00272988 0.0494196 0.0642549 -0.00272968 0.0494273 0.0642546 -0.00273717 0.0499022 0.0642671 -0.00273761 0.0499099 0.0642679 -0.00278409 0.0503762 0.0643456 -0.00278516 0.0503837 0.0643474 -0.00286943 0.0508295 0.0644883 -0.0028711 0.0508365 0.0644911 -0.00299099 0.0512502 0.0646916 -0.00299321 0.0512566 0.0646953 -0.00314559 0.0516275 0.0649502 -0.00314831 0.0516331 0.0649548 -0.00332926 0.0519515 0.0652574 -0.0033324 0.0519562 0.0652626 -0.00353722 0.052214 0.0656052 -0.00354071 0.0522176 0.065611 -0.00376409 0.052408 0.0659846 -0.00376784 0.0524105 0.0659909 -0.004004 0.0525286 0.0663858 -0.00400791 0.0525299 0.0663924 -0.00425073 0.0525727 0.0667985 -0.0042547 0.0525728 0.0668051 -0.00449789 0.0525391 0.0672119 -0.00450182 0.0525379 0.0672184 -0.00473909 0.0524286 0.0676152 -0.00474286 0.0524262 0.0676216 -0.00496807 0.0522442 0.0679982 -0.0049716 0.0522407 0.0680041 -0.00536612 0.0516744 0.0686639 -0.0053689 0.0516689 0.0686686 -0.00495563 0.0528058 0.0679774 -0.00605245 0.0491842 0.0698118 -0.00306357 0.0521704 0.064813 -0.00518209 0.051986 0.0683561 -0.00544559 0.0522147 0.0687968 -0.00344794 0.0464584 0.0654559 -0.00406517 0.0510202 0.0664881 -0.00386411 0.0508505 0.0661519 -0.0051789 0.0519906 0.0683508 -0.00581428 0.0513517 0.0694135 -0.00599734 0.0486313 0.0697196 -0.00350346 0.0493888 0.0655487 -0.00286533 0.0517604 0.0644815 -0.0027034 0.0512938 0.0642107 -0.00354764 0.0527796 0.0656226 -0.00329298 0.052513 0.0651967 -0.00410579 0.0530587 0.0665561 -0.00382094 0.052963 0.0660797 -0.00369572 0.0505773 0.0658703 -0.00248652 0.0491178 0.0638479 -0.00350779 0.0498156 0.065556 -0.00357365 0.0502228 0.0656661 -0.00428457 0.046073 0.0668551 -0.00602375 0.0503057 0.0697638 -0.00298398 0.0471243 0.0646799 -0.00254704 0.048567 0.0639491 -0.00247212 0.0496804 0.0638238 -0.00521285 0.0525488 0.0684076 -0.00258199 0.0507827 0.0640076 -0.00250422 0.0502402 0.0638775 -0.00468059 0.052979 0.0675174 -0.00439484 0.0530641 0.0670395 -0.00469629 0.0508185 0.0675437 -0.00428261 0.0510726 0.0668518 -0.00564781 0.0518122 0.069135 -0.0057553 0.0476122 0.0693148 -0.00485245 0.0462637 0.0678048 -0.00320216 0.0467549 0.0650448 -0.00449883 0.0510035 0.0672134 -0.00606134 0.0497472 0.0698266 -0.00589743 0.0481027 0.0695525 -0.00536011 0.046795 0.0686539 -0.00265212 0.0480423 0.0641249 -0.00594068 0.0508452 0.0696249 -0.00371494 0.0462426 0.0659024 -0.00557463 0.0471726 0.0690126 -0.00399624 0.046113 0.0663729 -0.00279903 0.0475572 0.0643706 -0.00457246 0.0461237 0.0673366 -0.00511728 0.0464895 0.0682478 -0.00356103 0.0489768 0.065645 -0.0317478 0.0391576 0.0210231 -0.0315985 0.039182 0.0211464 -0.031414 0.0395141 0.0208377 -0.0318442 0.0390883 0.0208683 -0.0317867 0.0391391 0.0209739 -0.0316088 0.0394593 0.0206763 -0.0311917 0.0397418 0.0204659 -0.0313943 0.0396789 0.0203177 -0.0309466 0.0398495 0.0200561 -0.0311581 0.0397828 0.0199225 -0.0306956 0.0398301 0.0196363 -0.030916 0.0397641 0.0195178 -0.0304558 0.0396847 0.0192352 -0.0306848 0.0396239 0.019131 -0.0302434 0.0394233 0.01888 -0.03048 0.0393718 0.0187885 -0.030073 0.0390637 0.018595 -0.0303156 0.0390251 0.0185136 -0.0299561 0.0386304 0.0183995 -0.030203 0.0386073 0.0183252 -0.0299008 0.038153 0.018307 -0.0301496 0.0381469 0.018236 -0.0299108 0.0376639 0.0183237 -0.0301593 0.0376753 0.0182521 -0.0299854 0.0371965 0.0184485 -0.0302312 0.0372246 0.0183724 -0.0301196 0.0367827 0.0186728 -0.0302988 0.036807 0.0185997 -0.0318733 0.0389845 0.0207057 -0.0318716 0.039022 0.0207593 -0.0317117 0.0393098 0.0204918 -0.0303605 0.0368255 0.0185887 -0.0304808 0.0368764 0.018588 -0.031519 0.0395072 0.0201695 -0.0313066 0.0396006 0.0198143 -0.0310891 0.0395837 0.0194505 -0.0308812 0.0394577 0.0191029 -0.0306971 0.0392312 0.018795 -0.0305494 0.0389195 0.018548 -0.0304482 0.038544 0.0183787 -0.0304002 0.0381302 0.0182985 -0.0304089 0.0377063 0.018313 -0.0304735 0.0373013 0.0184211 -0.0305898 0.0369426 0.0186155 -0.0316952 0.0391056 0.0203337 -0.0318305 0.0388621 0.02056 -0.0315321 0.0392726 0.0200609 -0.0313524 0.0393516 0.0197604 -0.0311684 0.0393374 0.0194526 -0.0309925 0.0392307 0.0191584 -0.0308367 0.0390391 0.018898 -0.0307117 0.0387753 0.0186889 -0.0306261 0.0384576 0.0185456 -0.0305855 0.0381075 0.0184778 -0.0305928 0.0377488 0.01849 -0.0306475 0.0374061 0.0185815 -0.0307459 0.0371026 0.018746 -0.0370833 0.026669 0.0299466 -0.0369341 0.0266934 0.0300699 -0.0367496 0.0270255 0.0297613 -0.0371798 0.0265997 0.0297919 -0.0371223 0.0266505 0.0298974 -0.0369443 0.0269707 0.0295998 -0.0365272 0.0272532 0.0293894 -0.0367299 0.0271903 0.0292412 -0.0362822 0.0273609 0.0289796 -0.0364936 0.0272942 0.0288461 -0.0360312 0.0273415 0.0285598 -0.0362516 0.0272755 0.0284413 -0.0357914 0.0271961 0.0281587 -0.0360203 0.0271353 0.0280545 -0.035579 0.0269347 0.0278035 -0.0358156 0.0268832 0.027712 -0.0354086 0.0265751 0.0275185 -0.0356512 0.0265365 0.0274371 -0.0352917 0.0261418 0.027323 -0.0355386 0.0261187 0.0272487 -0.0352364 0.0256644 0.0272305 -0.0354852 0.0256583 0.0271595 -0.0352464 0.0251753 0.0272472 -0.0354948 0.0251867 0.0271756 -0.035321 0.0247079 0.027372 -0.0355668 0.024736 0.0272959 -0.0354551 0.0242941 0.0275964 -0.0356344 0.0243184 0.0275233 -0.0372089 0.0264959 0.0296292 -0.0372072 0.0265334 0.0296828 -0.0370472 0.0268212 0.0294153 -0.0356961 0.0243369 0.0275122 -0.0358163 0.0243878 0.0275115 -0.0368545 0.0270186 0.029093 -0.0366422 0.027112 0.0287378 -0.0364247 0.0270951 0.028374 -0.0362168 0.0269691 0.0280264 -0.0360327 0.0267426 0.0277186 -0.035885 0.0264309 0.0274715 -0.0357838 0.0260554 0.0273022 -0.0357358 0.0256416 0.027222 -0.0357445 0.0252178 0.0272365 -0.0358091 0.0248127 0.0273446 -0.0359254 0.024454 0.027539 -0.0370307 0.026617 0.0292572 -0.0371661 0.0263735 0.0294835 -0.0368677 0.026784 0.0289845 -0.036688 0.026863 0.0286839 -0.0365039 0.0268488 0.0283761 -0.036328 0.0267421 0.0280819 -0.0361723 0.0265505 0.0278215 -0.0360473 0.0262868 0.0276125 -0.0359616 0.025969 0.0274691 -0.0359211 0.0256189 0.0274013 -0.0359284 0.0252602 0.0274135 -0.0359831 0.0249175 0.027505 -0.0360815 0.024614 0.0276696 -0.0461274 0.0620554 0.0444709 -0.0461685 0.0622153 0.0446702 -0.0458735 0.0626542 0.0441769 -0.0460836 0.0623324 0.0448848 -0.0457554 0.0628207 0.0443359 -0.0458954 0.0623753 0.0450573 -0.0455551 0.0628817 0.0444881 -0.0451357 0.0630502 0.0437866 -0.045351 0.0629832 0.0436596 -0.0447203 0.0628474 0.0430919 -0.0449504 0.0627877 0.0429896 -0.0443912 0.0623135 0.0425415 -0.0446331 0.0622729 0.0424589 -0.0442136 0.0615543 0.0422444 -0.0444618 0.0615407 0.0421724 -0.0442226 0.06072 0.0422595 -0.0444705 0.0607363 0.042187 -0.0444165 0.059976 0.0425838 -0.0446574 0.0600188 0.0424996 -0.04551 0.0628003 0.0435689 -0.04515 0.0626245 0.0429669 -0.0448648 0.0621618 0.0424898 -0.0447109 0.0615038 0.0422323 -0.0447187 0.0607807 0.0422454 -0.0448867 0.0601359 0.0425264 -0.0458778 0.0624267 0.0440535 -0.0455702 0.0625503 0.0435391 -0.0452656 0.0624016 0.0430296 -0.0450243 0.0620101 0.042626 -0.044894 0.0614533 0.0424081 -0.0449006 0.0608415 0.0424192 -0.0450428 0.0602959 0.042657 -0.051463 0.0495668 0.0533944 -0.0515058 0.0496892 0.0535402 -0.0512214 0.0501123 0.0530646 -0.0514767 0.049793 0.0537028 -0.051163 0.0502599 0.053178 -0.0513802 0.0498623 0.0538575 -0.0510468 0.0503585 0.0532999 -0.051231 0.0498867 0.0539808 -0.0508907 0.0503931 0.0534116 -0.0504713 0.0505616 0.0527102 -0.0506359 0.0505236 0.0526126 -0.0500559 0.0503588 0.0520154 -0.0502289 0.0503249 0.051932 -0.0497268 0.0498249 0.051465 -0.0499065 0.0498018 0.0513928 -0.0495491 0.0490657 0.0511679 -0.0497325 0.049058 0.0511017 -0.0495582 0.0482314 0.051183 -0.0497413 0.0482406 0.0511165 -0.049752 0.0474874 0.0515073 -0.0499313 0.0475117 0.0514342 -0.0507763 0.0504152 0.0525314 -0.0503934 0.0502283 0.0518909 -0.0500899 0.0497361 0.0513835 -0.0499262 0.0490361 0.0511096 -0.0499345 0.048267 0.0511235 -0.0501132 0.0475811 0.0514224 -0.0508711 0.050253 0.0524787 -0.0505241 0.0500836 0.0518983 -0.0502491 0.0496376 0.0514385 -0.0501007 0.0490033 0.0511903 -0.0501083 0.0483064 0.0512029 -0.0502702 0.0476849 0.0514738 -0.0512134 0.0499381 0.052977 -0.0509058 0.0500617 0.0524626 -0.0506012 0.049913 0.0519531 -0.0503598 0.0495215 0.0515495 -0.0502296 0.0489647 0.0513316 -0.0502362 0.0483529 0.0513427 -0.0503784 0.0478073 0.0515805 -0.0298262 0.039809 0.0200034 -0.0298576 0.0398034 0.0199884 -0.0299232 0.0398301 0.0200982 -0.0301586 0.039853 0.0205593 -0.0298177 0.0398125 0.0200064 -0.0301289 0.039876 0.0205799 -0.0297584 0.0398844 0.0200152 -0.0297651 0.0398636 0.0200157 -0.030111 0.0399119 0.0205951 -0.0297741 0.0398486 0.0200156 -0.0297903 0.0398304 0.0200137 -0.0297595 0.0399006 0.0200193 -0.0301075 0.0399463 0.0206014 -0.0305037 0.039697 0.0212639 -0.0307797 0.039246 0.0217255 -0.0305002 0.039667 0.021246 -0.0307714 0.0392238 0.0216995 -0.0305109 0.0396356 0.0212188 -0.030777 0.0392007 0.0216639 -0.0305359 0.0396156 0.0211904 -0.0307988 0.0391859 0.0216301 -0.0305641 0.0396102 0.02117 -0.0308261 0.039182 0.0216082 -0.030188 0.0398469 0.020541 -0.0304192 0.0397418 0.0209277 -0.0343612 0.0250195 0.0277132 -0.0343766 0.0250234 0.0277282 -0.0343463 0.02555 0.0276784 -0.034391 0.0250279 0.0277372 -0.0344131 0.0250346 0.0277451 -0.0343847 0.025549 0.0276976 -0.0344457 0.0250424 0.0277465 -0.0344876 0.0250474 0.027732 -0.0344739 0.0251753 0.0277091 -0.0344275 0.0255483 0.0276989 -0.0361069 0.0267352 0.030623 -0.0361153 0.0267574 0.030649 -0.0358926 0.02711 0.0302646 -0.0358972 0.0271388 0.0302842 -0.035501 0.0274091 0.0296096 -0.0354985 0.0274433 0.0296176 -0.0350809 0.0273664 0.0289071 -0.035071 0.0273998 0.0289025 -0.0347074 0.0269896 0.0282824 -0.0346908 0.0270163 0.0282666 -0.034447 0.0263458 0.0278469 -0.0344258 0.026361 0.0278234 -0.0343232 0.025551 0.0276519 -0.0343519 0.0250236 0.0276999 -0.0361617 0.0266934 0.0305318 -0.0361344 0.0266973 0.0305536 -0.0359546 0.0270556 0.0301854 -0.0359266 0.0270607 0.0302061 -0.0357548 0.0272532 0.0298513 -0.035547 0.0273507 0.0295711 -0.0351397 0.0273093 0.02889 -0.0352588 0.0273415 0.0290217 -0.0355762 0.0273446 0.0295525 -0.0344604 0.0255481 0.0276864 -0.0345193 0.0261418 0.0277849 -0.0345251 0.0263198 0.0278622 -0.0345577 0.0263171 0.0278492 -0.0347776 0.0269439 0.0282843 -0.0348093 0.0269392 0.02827 -0.0351703 0.0273033 0.0288736 -0.0361125 0.0267121 0.0305874 -0.0359022 0.02708 0.0302356 -0.0355179 0.0273735 0.0295928 -0.0351056 0.0273316 0.0289034 -0.034739 0.0269618 0.0282902 -0.0344835 0.02633 0.0278629 -0.00827216 0.0463418 0.0599099 -0.00826669 0.0463551 0.0599318 -0.00881227 0.0453965 0.0608442 -0.0125442 0.0515598 0.0672234 -0.0121615 0.0527719 0.0665835 -0.0121974 0.0527768 0.0665689 -0.00825518 0.0463652 0.0599529 -0.00824739 0.0463689 0.0599627 -0.00879063 0.0454145 0.0608712 -0.00821755 0.0463738 0.0599874 -0.00875996 0.0454208 0.0608945 -0.00899592 0.0451468 0.0612892 -0.00944985 0.0447969 0.0619738 -0.00941818 0.0448041 0.0619954 -0.009956 0.0445936 0.0628949 -0.0101717 0.0445662 0.063181 -0.0101389 0.0445739 0.0632007 -0.0108976 0.0447412 0.064395 -0.0108637 0.0447485 0.0644129 -0.0109516 0.0447985 0.06456 -0.0115688 0.0453076 0.0655176 -0.0115339 0.0453141 0.0655338 -0.0118313 0.0457302 0.0660311 -0.0121309 0.0462195 0.0664578 -0.0120952 0.0462246 0.0664725 -0.0124609 0.047247 0.0670842 -0.0125385 0.0474031 0.0671393 -0.0125021 0.0474064 0.0671531 -0.0127583 0.0487625 0.0675071 -0.0126397 0.0510579 0.0673832 -0.0125806 0.0515628 0.0672098 -0.0127728 0.0501876 0.0675312 -0.0127216 0.0487637 0.0675203 -0.0127448 0.0491178 0.067559 -0.0127361 0.0501866 0.0675444 -0.0126187 0.0515714 0.0672102 -0.0128117 0.0501902 0.067533 -0.0127972 0.048759 0.0675088 -0.0125763 0.0473937 0.0671394 -0.012167 0.046205 0.0664549 -0.0116025 0.0452891 0.0655107 -0.0109283 0.0447203 0.0643833 -0.0101993 0.0445446 0.0631639 -0.00947435 0.0447762 0.0619515 -0.0122097 0.0527805 0.0665667 -0.0122338 0.0527907 0.0665665 -0.0122556 0.0528039 0.066572 -0.0126525 0.0515843 0.0672247 -0.0128468 0.0501942 0.0675495 -0.0128322 0.0487538 0.0675251 -0.0126099 0.0473797 0.0671534 -0.012198 0.0461833 0.0664645 -0.0116298 0.0452615 0.0655142 -0.0109513 0.044689 0.0643794 -0.0102176 0.0445121 0.0631523 -0.00948795 0.0447453 0.061932 -0.0088216 0.0453695 0.0608176 -0.0082725 0.0463343 0.0598992 -0.0122868 0.0528359 0.0665981 -0.0126771 0.0515995 0.0672509 -0.0128728 0.0501989 0.0675782 -0.0128581 0.0487476 0.0675536 -0.0126342 0.0473631 0.0671791 -0.0122191 0.0461577 0.066485 -0.0116466 0.0452289 0.0655275 -0.010963 0.0446521 0.0643842 -0.0102237 0.0444739 0.0631477 -0.00948858 0.0447088 0.0619182 -0.00881719 0.0453377 0.0607954 -0.00826394 0.0463098 0.0598701 -0.0061945 0.0480878 0.0601114 -0.00609812 0.0489591 0.0599502 -0.00606915 0.0489601 0.0599763 -0.00608936 0.0500279 0.0599356 -0.00611253 0.050382 0.0599743 -0.00608354 0.0503808 0.0600004 -0.00637324 0.0518988 0.0604104 -0.00673899 0.0529211 0.0610221 -0.00670904 0.052916 0.0610465 -0.00700292 0.0534155 0.0614635 -0.00730027 0.0538317 0.0619608 -0.00726948 0.0538252 0.0619838 -0.00788254 0.0543472 0.0629346 -0.00797047 0.0543972 0.0630817 -0.00793865 0.0543899 0.063103 -0.00887817 0.0545521 0.0645997 -0.009416 0.0543416 0.0654992 -0.00938198 0.0543343 0.0655169 -0.00983826 0.053999 0.0662054 -0.0100742 0.053725 0.0666001 -0.0100392 0.0537186 0.0666161 -0.00623978 0.0476105 0.0603672 -0.00625127 0.0476257 0.0604012 -0.00662626 0.0464378 0.0610284 -0.0100052 0.0537006 0.0666224 -0.0105226 0.05274 0.0675187 -0.00997727 0.0536737 0.066618 -0.0104914 0.052708 0.0674926 -0.0099598 0.0536419 0.0666036 -0.0066177 0.0464133 0.0609992 -0.00661804 0.0464058 0.0609885 -0.00624311 0.0475976 0.0603305 -0.0105684 0.0527634 0.067524 -0.0105444 0.0527532 0.0675242 -0.0106166 0.0527719 0.0675072 -0.0105808 0.0527671 0.0675218 -0.00931474 0.0542462 0.0655247 -0.00932718 0.0542827 0.0655307 -0.00935079 0.0543137 0.065528 -0.00869529 0.0545719 0.0642939 -0.00866237 0.0545643 0.0643134 -0.0086343 0.0545426 0.0643297 -0.00861537 0.0545102 0.0643402 -0.00860845 0.0544719 0.0643435 -0.00789813 0.0543007 0.0631555 -0.0078995 0.0543377 0.063143 -0.00791373 0.054369 0.0631245 -0.00724133 0.0537465 0.0620571 -0.00723758 0.0537791 0.0620359 -0.00724746 0.0538067 0.0620102 -0.00668946 0.0529015 0.061077 -0.00668322 0.0528798 0.0611088 -0.00669127 0.0528542 0.0611371 -0.00633209 0.0517393 0.0603415 -0.00630276 0.051736 0.060367 -0.00628494 0.0517266 0.0604005 -0.00628134 0.0517126 0.0604367 -0.00629251 0.051696 0.0604702 -0.00607735 0.0503658 0.0601103 -0.0060645 0.050372 0.060074 -0.00606668 0.0503773 0.0600354 -0.00606322 0.0489714 0.0600867 -0.00605026 0.0489667 0.0600502 -0.00605234 0.0489627 0.0600115 -0.00629001 0.047586 0.0602711 -0.00626074 0.047589 0.0602968 -0.00662351 0.0463925 0.0609667 -0.00663502 0.0463824 0.0609456 -0.00664281 0.0463787 0.0609358 -0.00667265 0.0463738 0.0609111 -0.00165738 0.0315731 0.0299045 -0.00163829 0.0316025 0.0298874 -0.00167258 0.0315796 0.0299186 -0.00175695 0.0315257 0.029891 -0.0017216 0.0315315 0.0299065 -0.0017697 0.0315566 0.0299123 -0.00172068 0.0315628 0.0299278 -0.00177528 0.0315948 0.0299217 -0.00172551 0.0315958 0.0299359 -0.00167537 0.0315987 0.0299233 -0.00170963 0.031536 0.0299093 -0.00168664 0.0315482 0.0299112 -0.0016662 0.0315641 0.029908 -0.00724831 0.0334853 0.0334241 -0.00722668 0.0334608 0.0334027 -0.00751365 0.0324954 0.0338827 -0.00719528 0.03344 0.0333925 -0.00747944 0.0324841 0.0338677 -0.00715889 0.0334262 0.0333948 -0.00744117 0.0324765 0.0338669 -0.00712304 0.0334213 0.0334094 -0.00740466 0.0324739 0.0338804 -0.00745579 0.0305267 0.0339659 -0.00746034 0.0303134 0.033899 -0.0075456 0.0313982 0.0340416 -0.00746877 0.0320523 0.0339876 -0.00750885 0.031398 0.0340547 -0.00644358 0.0283112 0.0322731 -0.00626188 0.0281731 0.0318946 -0.00677987 0.0286039 0.0327609 -0.00742379 0.0303158 0.0339124 -0.00715913 0.02935 0.0334698 -0.00719506 0.0293453 0.0334553 -0.00708696 0.0291808 0.0333491 -0.00674491 0.0286103 0.032777 -0.00622813 0.0281805 0.0319127 -0.00566745 0.0281096 0.030975 -0.00569989 0.028102 0.0309547 -0.00758457 0.0313985 0.0340435 -0.00749874 0.0303065 0.0339 -0.0072317 0.029332 0.0334534 -0.00681374 0.0285857 0.0327543 -0.00629231 0.0281521 0.0318823 -0.00572657 0.0280805 0.0309361 -0.00761982 0.0313991 0.0340602 -0.00753314 0.0302963 0.0339153 -0.00726346 0.0293122 0.0334642 -0.00684137 0.0285584 0.0327583 -0.00631477 0.0281205 0.0318776 -0.00574344 0.0280482 0.0309221 -0.00753859 0.0325087 0.0339096 -0.00764599 0.0313998 0.0340892 -0.00755831 0.0302842 0.0339425 -0.00728551 0.0292887 0.0334863 -0.00685854 0.0285262 0.0327722 -0.00632586 0.0280833 0.0318813 -0.00574793 0.0280101 0.0309147 -0.0040404 0.0283112 0.03371 -0.00434173 0.0286103 0.0342139 -0.004311 0.0286039 0.0342371 -0.00468378 0.0291808 0.034786 -0.00475595 0.02935 0.0349067 -0.00472619 0.0293453 0.0349315 -0.00505261 0.0305267 0.0354028 -0.00510567 0.031398 0.0354916 -0.00507673 0.0313982 0.0355178 -0.00506559 0.0320523 0.0354246 -0.00500148 0.0324739 0.0353173 -0.0049723 0.0324765 0.0353431 -0.00375301 0.0281205 0.0334093 -0.00375103 0.0280833 0.0334209 -0.00317309 0.0280101 0.0324543 -0.00467347 0.0334853 0.0349636 -0.00496376 0.0325087 0.0354491 -0.00495188 0.0324954 0.0354144 -0.00466525 0.0334533 0.0349238 -0.00495488 0.0324841 0.0353772 -0.00467072 0.03344 0.0349019 -0.00318167 0.0280482 0.0324538 -0.00318727 0.0280599 0.0324519 -0.00376775 0.0281521 0.0333918 -0.00471986 0.0334213 0.0348463 -0.00469002 0.0334262 0.034871 -0.00468223 0.0334299 0.0348808 -0.00507116 0.0313998 0.0356287 -0.00505805 0.0313991 0.035592 -0.00506001 0.0313985 0.035553 -0.00502061 0.0303158 0.0353493 -0.00499147 0.0303134 0.0353752 -0.00497418 0.0303065 0.0354095 -0.00497138 0.0302963 0.035447 -0.00498348 0.0302842 0.0354821 -0.00471067 0.0292887 0.0350258 -0.00470169 0.0293122 0.034996 -0.00470714 0.029332 0.0349628 -0.00428371 0.0285262 0.0343117 -0.0042796 0.0285584 0.03429 -0.00428918 0.0285857 0.0342638 -0.00382495 0.0281805 0.0333496 -0.00379301 0.0281731 0.0333708 -0.00320201 0.0280805 0.0324456 -0.00322064 0.0280963 0.0324364 -0.00323102 0.028102 0.0324309 -0.00326427 0.0281096 0.0324119 -0.00564718 0.0281058 0.0309411 -0.00568116 0.0280985 0.0309234 -0.00571224 0.0280778 0.0309121 -0.00573569 0.0280468 0.0309091 -0.00562927 0.028087 0.0309111 -0.00566461 0.0280811 0.0308957 -0.00569957 0.0280645 0.0308909 -0.00572883 0.0280395 0.0308976 -0.00492172 0.0239173 0.0353788 -0.0049588 0.0239134 0.0354147 -0.0049457 0.0238997 0.0354041 -0.00498304 0.0239118 0.0354243 -0.00497909 0.0238848 0.0354177 -0.00500894 0.0239105 0.0354272 -0.00501682 0.0238748 0.0354176 -0.00502197 0.0239101 0.0354262 -0.00505313 0.0238713 0.0354037 -0.00505871 0.0239095 0.035413 -0.00504038 0.0238404 0.0353824 -0.00500504 0.0238463 0.0353978 -0.00497008 0.0238629 0.0354026 -0.00494082 0.0238878 0.0353959 -0.0105317 0.0258 0.0389155 -0.0105101 0.0257755 0.0388941 -0.0107971 0.0248101 0.0393741 -0.0104787 0.0257547 0.0388838 -0.0107629 0.0247988 0.0393591 -0.0104423 0.0257409 0.0388862 -0.0107246 0.0247913 0.0393583 -0.0104065 0.025736 0.0389008 -0.0106881 0.0247886 0.0393718 -0.0107392 0.0228415 0.0394573 -0.0107438 0.0226281 0.0393904 -0.010829 0.0237129 0.039533 -0.0107522 0.024367 0.039479 -0.0107923 0.0237127 0.0395461 -0.00972702 0.0206259 0.0377645 -0.00954532 0.0204878 0.037386 -0.0100633 0.0209186 0.0382523 -0.0107072 0.0226305 0.0394038 -0.0104426 0.0216647 0.0389612 -0.0104785 0.02166 0.0389467 -0.0103704 0.0214956 0.0388405 -0.0100283 0.020925 0.0382684 -0.00951156 0.0204953 0.0374041 -0.00895088 0.0204243 0.0364664 -0.00898332 0.0204167 0.0364461 -0.010868 0.0237132 0.0395349 -0.0107822 0.0226213 0.0393914 -0.0105151 0.0216468 0.0389448 -0.0100972 0.0209004 0.0382457 -0.00957574 0.0204668 0.0373737 -0.00901 0.0203952 0.0364275 -0.0109033 0.0237138 0.0395516 -0.0108166 0.022611 0.0394067 -0.0105469 0.0216269 0.0389556 -0.0101248 0.0208731 0.0382497 -0.00959821 0.0204352 0.037369 -0.00902687 0.0203629 0.0364135 -0.010822 0.0248234 0.0394009 -0.0109294 0.0237145 0.0395806 -0.0108417 0.0225989 0.0394339 -0.0105689 0.0216034 0.0389777 -0.010142 0.0208409 0.0382636 -0.0096093 0.020398 0.0373727 -0.00903136 0.0203248 0.0364061 -0.00732384 0.0206259 0.0392014 -0.00762516 0.020925 0.0397053 -0.00759443 0.0209186 0.0397285 -0.00796722 0.0214956 0.0402774 -0.00803939 0.0216647 0.0403981 -0.00800963 0.02166 0.0404229 -0.00833604 0.0228415 0.0408942 -0.00838911 0.0237127 0.040983 -0.00836017 0.0237129 0.0410092 -0.00834902 0.024367 0.0409159 -0.00828491 0.0247886 0.0408087 -0.00825573 0.0247913 0.0408345 -0.00795691 0.0258 0.040455 -0.00824719 0.0248234 0.0409405 -0.00823531 0.0248101 0.0409058 -0.00794869 0.025768 0.0404152 -0.00823831 0.0247988 0.0408686 -0.00795416 0.0257547 0.0403933 -0.00800329 0.025736 0.0403377 -0.00797345 0.0257409 0.0403624 -0.00796567 0.0257446 0.0403722 -0.00835459 0.0237145 0.0411201 -0.00834149 0.0237138 0.0410834 -0.00834345 0.0237132 0.0410444 -0.00830404 0.0226305 0.0408407 -0.00827491 0.0226281 0.0408666 -0.00825762 0.0226213 0.0409009 -0.00825481 0.022611 0.0409384 -0.00826691 0.0225989 0.0409735 -0.00799411 0.0216034 0.0405172 -0.00798512 0.0216269 0.0404874 -0.00799057 0.0216468 0.0404542 -0.00756714 0.0208409 0.0398031 -0.00756303 0.0208731 0.0397814 -0.00757262 0.0209004 0.0397552 -0.00710838 0.0204953 0.038841 -0.00707645 0.0204878 0.0388622 -0.00705118 0.0204668 0.0388832 -0.00703644 0.0204352 0.0389007 -0.00703446 0.020398 0.0389123 -0.00645653 0.0203248 0.0379457 -0.0064651 0.0203629 0.0379452 -0.00648544 0.0203952 0.037937 -0.00651445 0.0204167 0.0379223 -0.0065477 0.0204243 0.0379033 -0.0089646 0.0204132 0.0364148 -0.00893062 0.0204205 0.0364325 -0.0089127 0.0204017 0.0364025 -0.00894804 0.0203958 0.0363871 -0.00896001 0.0203914 0.0363842 -0.00899567 0.0203925 0.0364035 -0.00901912 0.0203615 0.0364005 -0.008983 0.0203792 0.0363823 -0.00900345 0.0203633 0.0363856 -0.0278582 0.0550707 0.0737129 -0.0278593 0.0550698 0.073726 -0.0277192 0.053988 0.0734917 -0.0278709 0.0550735 0.0736628 -0.0278613 0.0550723 0.0736871 -0.0277226 0.0540011 0.0734551 -0.0249142 0.0532395 0.0687179 -0.0249265 0.0532432 0.0687156 -0.0253546 0.0525301 0.0694316 -0.0249624 0.0532481 0.068701 -0.0253895 0.0525366 0.0694153 -0.0263629 0.0520857 0.0710433 -0.0264429 0.0521012 0.0712516 -0.0258799 0.0521345 0.0703102 -0.0255906 0.0523374 0.0697517 -0.0259135 0.0521419 0.0702918 -0.0276645 0.0536238 0.0732202 -0.0277402 0.0540099 0.0734215 -0.027429 0.0530954 0.0729009 -0.0264752 0.0521088 0.0712311 -0.0270105 0.0524409 0.0721265 -0.0269795 0.0524341 0.0721491 -0.027109 0.0525485 0.0722912 -0.027459 0.0531006 0.0728765 -0.0277695 0.054013 0.0733958 -0.027907 0.0550746 0.0736257 -0.027878 0.055074 0.0736519 -0.0253211 0.0525115 0.0694387 -0.0248901 0.0532293 0.068718 -0.0258499 0.0521132 0.0703231 -0.0264165 0.0520798 0.0712709 -0.0269568 0.0524149 0.0721743 -0.0274092 0.0530805 0.0729311 -0.0252939 0.0524836 0.0694356 -0.0248683 0.0532161 0.0687125 -0.025828 0.0520814 0.0703287 -0.0264002 0.0520476 0.0712858 -0.0269458 0.0523861 0.0721983 -0.0274027 0.0530583 0.0729625 -0.0252773 0.0524508 0.0694226 -0.0248371 0.0531841 0.0686864 -0.0258175 0.0520439 0.0703261 -0.0263964 0.0520097 0.0712943 -0.0269483 0.0523521 0.0722173 -0.0274105 0.0530321 0.0729903 -0.0277306 0.0539725 0.0735257 -0.0278723 0.0550668 0.0737626 -0.0303347 0.0551523 0.0722299 -0.0303285 0.0551437 0.0722195 -0.0303638 0.0551378 0.072204 -0.0303577 0.0551666 0.0722683 -0.0303526 0.0551654 0.0722598 -0.0303861 0.0551579 0.0722413 -0.030379 0.0551606 0.072304 -0.0304105 0.0551535 0.0722821 -0.0304345 0.0551332 0.0722591 -0.0304158 0.0551365 0.0722278 -0.0304474 0.0551027 0.0722383 -0.0304373 0.0551045 0.0722214 -0.0304471 0.0550668 0.0722231 -0.0303988 0.0551212 0.0721993 -0.030428 0.0550962 0.0722059 -0.0304007 0.0551308 0.0723403 -0.0304306 0.0551259 0.0723157 -0.0304499 0.055112 0.0722847 -0.0304557 0.0550913 0.0722522 -0.0245778 0.0627576 0.0681957 -0.0245748 0.062756 0.0682216 -0.0244967 0.0619909 0.0680909 -0.0245946 0.0627593 0.0681605 -0.0245875 0.0627588 0.0681714 -0.0245102 0.0620022 0.0680423 -0.0216431 0.0609285 0.0632243 -0.0216789 0.0609333 0.0632096 -0.0219652 0.0604051 0.0636885 -0.0216067 0.0609146 0.0632266 -0.0216307 0.0609248 0.0632265 -0.0219182 0.0603944 0.0637073 -0.0223072 0.0600227 0.0642603 -0.0222616 0.0600103 0.0642815 -0.0226856 0.0598073 0.0648933 -0.0226416 0.059794 0.064917 -0.0230795 0.059771 0.0655519 -0.023037 0.0597576 0.0655784 -0.0234666 0.0599159 0.0661995 -0.0234258 0.0599031 0.0662286 -0.0238256 0.0602338 0.0667998 -0.0237862 0.0602224 0.0668314 -0.0241362 0.060707 0.0673192 -0.0240981 0.0606975 0.067353 -0.0243811 0.0613091 0.0677288 -0.024344 0.0613021 0.0677643 -0.0245466 0.0620064 0.0680057 -0.0246235 0.0627599 0.0681343 -0.0215753 0.0608938 0.0632163 -0.0215849 0.0609014 0.0632211 -0.0218756 0.060365 0.0637073 -0.0222228 0.0599767 0.064288 -0.0226071 0.0597579 0.0649306 -0.023007 0.0597211 0.0655994 -0.0234001 0.0598682 0.0662569 -0.0237645 0.0601911 0.0668665 -0.0240799 0.0606716 0.0673939 -0.0243286 0.0612829 0.0678098 -0.0218488 0.0603249 0.0636886 -0.0215537 0.0608694 0.063195 -0.0222012 0.0599307 0.064278 -0.0225913 0.0597086 0.0649304 -0.0229973 0.0596712 0.0656094 -0.0233964 0.0598206 0.0662768 -0.0237664 0.0601483 0.0668956 -0.0240865 0.0606361 0.067431 -0.0243389 0.0612567 0.0678532 -0.0245096 0.0619754 0.0681386 -0.0245889 0.0627521 0.0682712 -0.0273656 0.0532481 0.0672641 -0.0274032 0.0532395 0.0672296 -0.0276907 0.0527091 0.0677104 -0.0274202 0.0532161 0.0671867 -0.0277109 0.0526797 0.0676729 -0.0303319 0.0543056 0.0720565 -0.0303678 0.0542901 0.0720904 -0.0301639 0.0535976 0.0717754 -0.0301972 0.0535714 0.0718051 -0.0299152 0.0529863 0.0713595 -0.0299448 0.0529508 0.0713829 -0.0295998 0.0525058 0.0708321 -0.0296246 0.052463 0.0708474 -0.0292354 0.0521829 0.0702225 -0.0292547 0.0521353 0.0702287 -0.0288422 0.0520358 0.069565 -0.0288555 0.051986 0.0695612 -0.0284423 0.0520727 0.0688962 -0.0284496 0.0520233 0.0688823 -0.0280581 0.0522914 0.0682535 -0.0280595 0.0522454 0.0682299 -0.0277071 0.0526396 0.0676404 -0.0274119 0.0531841 0.0671468 -0.028034 0.052325 0.0682846 -0.028414 0.0521088 0.0689202 -0.0288095 0.0520723 0.0695816 -0.0291983 0.0522178 0.0702318 -0.0295587 0.0525371 0.0708345 -0.0298705 0.0530122 0.0713561 -0.0301165 0.0536168 0.0717674 -0.0302827 0.0543169 0.0720454 -0.0304101 0.0550707 0.0721871 -0.0303858 0.0550723 0.0721776 -0.0303599 0.0550735 0.0721746 -0.0303469 0.055074 0.0721757 -0.0276519 0.0527199 0.0677429 -0.0279938 0.0523374 0.0683148 -0.0283722 0.052122 0.0689477 -0.0287661 0.0520857 0.0696064 -0.0291533 0.0522306 0.070254 -0.0295122 0.0525485 0.0708542 -0.0298228 0.0530217 0.0713737 -0.0300677 0.0536238 0.0717833 -0.0302332 0.0543211 0.0720602 -0.0303101 0.0550746 0.0721888 -0.0267842 0.0613091 0.0662919 -0.0265787 0.0607859 0.0659482 -0.0266144 0.0607807 0.0659333 -0.0262287 0.0602338 0.0653628 -0.0261303 0.0601262 0.0651982 -0.0261649 0.0601194 0.0651816 -0.0254826 0.059771 0.064115 -0.0250333 0.0598272 0.0633635 -0.0250654 0.0598198 0.0633426 -0.0247104 0.0600227 0.0628234 -0.0245092 0.0602219 0.062487 -0.0245401 0.0602154 0.062464 -0.0241285 0.0608694 0.0616554 -0.0245687 0.0601361 0.0623917 -0.0245723 0.0601689 0.0624124 -0.0241367 0.0609014 0.0616953 -0.0245622 0.0601968 0.0624378 -0.0241313 0.0609146 0.0617171 -0.0240821 0.0609333 0.0617727 -0.024112 0.0609285 0.0617481 -0.0241198 0.0609248 0.0617382 -0.0251089 0.0597292 0.0632952 -0.0251063 0.0597667 0.0633056 -0.025091 0.0597985 0.0633222 -0.0255949 0.0597941 0.0643028 -0.0256283 0.0597865 0.064284 -0.0256577 0.0597651 0.06427 -0.0256786 0.0597329 0.0642627 -0.0256878 0.059695 0.0642633 -0.0262397 0.0600374 0.0651863 -0.0262241 0.0600713 0.0651751 -0.0261979 0.0601002 0.0651735 -0.0267019 0.0607173 0.0659593 -0.0266811 0.0607436 0.0659393 -0.0266503 0.0607658 0.0659302 -0.0268893 0.0616983 0.0664675 -0.0269257 0.0616952 0.0664539 -0.0269637 0.0616864 0.0664542 -0.0269975 0.0616733 0.0664686 -0.027022 0.0616578 0.0664947 -0.0271637 0.0627521 0.0667317 -0.0271376 0.0627551 0.0667028 -0.0271024 0.0627576 0.0666862 -0.0270634 0.0627593 0.0666843 -0.0270267 0.0627599 0.0666974 -0.0271446 0.0627815 0.0667145 -0.0271446 0.0627998 0.0667258 -0.027098 0.0628441 0.0668166 -0.0270825 0.0628517 0.0667908 -0.0271248 0.0628383 0.0667641 -0.0271173 0.0628161 0.0668489 -0.0271017 0.0628406 0.0668229 -0.0271472 0.0628112 0.0668243 -0.0271415 0.0628288 0.0667919 -0.0271549 0.0628075 0.0668144 -0.027045 0.062829 0.0667281 -0.0270804 0.0628231 0.0667126 -0.0270513 0.0628376 0.0667385 -0.0271076 0.0628348 0.0667352 -0.0270626 0.0628476 0.0667575 -0.0270742 0.0628518 0.0667769 -0.0271545 0.0628019 0.0667424 -0.0271723 0.0627766 0.0667608 -0.0271641 0.0627964 0.0667585 -0.0271719 0.0627841 0.0667715 -0.0271664 0.0627973 0.0667933 -0.0270923 0.0628187 0.0667098 -0.0271153 0.0628064 0.0667079 -0.0271358 0.0627905 0.0667111 -0.00791814 0.0518988 0.0594866 -0.00772892 0.0509906 0.0591702 -0.00763426 0.0500279 0.0590118 -0.0076378 0.0490478 0.0590178 -0.0077394 0.0480878 0.0591877 -0.00793516 0.0471849 0.0595151 -0.00992008 0.0545452 0.0628348 -0.00942744 0.0543472 0.0620108 -0.00896408 0.0539658 0.0612359 -0.00854782 0.0534155 0.0605397 -0.00819465 0.0527176 0.0599491 -0.0118034 0.0534601 0.0659845 -0.0113832 0.053999 0.0652817 -0.0109171 0.0543677 0.0645022 -0.0104231 0.0545521 0.063676 -0.0238674 0.0615777 0.0614137 -0.0213973 0.0618807 0.0627386 -0.0237364 0.0623023 0.0611945 -0.0213332 0.0623023 0.0626314 -0.0236963 0.0630666 0.0611274 -0.0212931 0.0629566 0.0625644 -0.0237494 0.0638279 0.0612162 -0.0231345 0.066245 0.065644 -0.0255377 0.066245 0.0642071 -0.0225739 0.0661741 0.0647063 -0.0251435 0.0662342 0.0635478 -0.0223584 0.0660434 0.064346 -0.0247616 0.0660434 0.0629091 -0.0220571 0.0657444 0.0638421 -0.0244133 0.0656832 0.0623267 -0.021715 0.0651738 0.06327 -0.0241182 0.0651738 0.0618331 -0.0216429 0.0650046 0.0631493 -0.0238927 0.0645436 0.0614559 -0.0213782 0.0640389 0.0627066 -0.0213462 0.0638279 0.0626531 -0.026418 0.0585598 0.0711354 -0.0288211 0.0585598 0.0696985 -0.0260237 0.0585489 0.0704761 -0.0284269 0.0585489 0.0690392 -0.0256418 0.0583581 0.0698374 -0.028045 0.0583581 0.0684005 -0.0252936 0.0579979 0.069255 -0.0276968 0.0579979 0.067818 -0.0249985 0.0574885 0.0687614 -0.0274016 0.0574885 0.0673245 -0.0247729 0.0568583 0.0683842 -0.0271761 0.0568583 0.0669473 -0.0246296 0.0561426 0.0681445 -0.0270328 0.0561426 0.0667076 -0.0245765 0.0553813 0.0680557 -0.0269797 0.0553813 0.0666188 -0.0246167 0.054617 0.0681228 -0.0270198 0.054617 0.0666859 -0.0247477 0.0538925 0.068342 -0.0271509 0.0538925 0.0669051 -0.0476266 0.0627381 0.0645158 -0.0444714 0.0576196 0.0592389 -0.0441273 0.0576843 0.059382 -0.0472824 0.0628028 0.0646589 -0.043796 0.0578656 0.0594042 -0.0469512 0.0629841 0.0646811 -0.0435432 0.0581275 0.0593013 -0.0466984 0.063246 0.0645782 -0.043419 0.0584182 0.0590936 -0.0465742 0.0635367 0.0643705 -0.043448 0.0586802 0.0588222 -0.0466031 0.0637987 0.0640991 -0.0436244 0.0588614 0.0585409 -0.0467795 0.0639799 0.0638178 -0.0439133 0.0589261 0.0583054 -0.0470684 0.0640446 0.0635823 -0.0469699 0.0642752 0.0634176 -0.0438147 0.0591567 0.0581407 -0.0434126 0.0592442 0.0582962 -0.0465678 0.0643627 0.0635731 -0.0430434 0.0594833 0.058285 -0.0461986 0.0646018 0.0635619 -0.0428061 0.0598099 0.0581101 -0.0459613 0.0649284 0.063387 -0.0427643 0.0601365 0.0578183 -0.0459195 0.0652551 0.0630952 -0.0429292 0.0603756 0.0574878 -0.0460844 0.0654942 0.0627647 -0.0432566 0.0604632 0.0572071 -0.0464117 0.0655817 0.062484 -0.0463132 0.0658122 0.0623193 -0.0431581 0.0606937 0.0570424 -0.0427559 0.0607812 0.057198 -0.0459111 0.0658998 0.0624748 -0.0423867 0.0610204 0.0571868 -0.0455419 0.0661389 0.0624637 -0.0421494 0.061347 0.0570118 -0.0453046 0.0664655 0.0622887 -0.0421076 0.0616736 0.05672 -0.0452628 0.0667921 0.0619969 -0.0422725 0.0619127 0.0563895 -0.0454277 0.0670312 0.0616664 -0.0425999 0.0620002 0.0561088 -0.0457551 0.0671187 0.0613857 -0.0501182 0.0503931 0.0538735 -0.0503034 0.0501767 0.0541832 -0.0504586 0.0498867 0.0544427 -0.0501137 0.0503971 0.0538659 -0.0498832 0.0505345 0.0534805 -0.0496988 0.0505616 0.053172 -0.0494344 0.0504781 0.0527299 -0.0492834 0.0503588 0.0524773 -0.0490478 0.0500304 0.0520833 -0.0489543 0.0498249 0.0519269 -0.0488079 0.0492893 0.0516819 -0.0489796 0.0474874 0.0519691 -0.048934 0.047603 0.0518929 -0.0487669 0.0484166 0.0516135 -0.0487767 0.0490657 0.0516298 -0.0447826 0.0628817 0.0449499 -0.0449678 0.0626653 0.0452597 -0.045123 0.0623753 0.0455192 -0.0447782 0.0628857 0.0449424 -0.0444711 0.0630428 0.0444289 -0.0443632 0.0630502 0.0442485 -0.0441545 0.0629967 0.0438993 -0.0439478 0.0628474 0.0435538 -0.0437679 0.0626166 0.0432528 -0.0436187 0.0623135 0.0430034 -0.0435059 0.0619446 0.0428147 -0.0434354 0.0614955 0.0426967 -0.0434643 0.060621 0.0427451 -0.043644 0.059976 0.0430456 -0.0345645 0.024644 0.0278605 -0.0346827 0.0242941 0.0280582 -0.0296505 0.0396537 0.0196421 -0.029471 0.0394233 0.0193418 -0.0293221 0.039121 0.0190929 -0.029209 0.0387514 0.0189038 -0.0291837 0.0386304 0.0188614 -0.0291284 0.038153 0.0187689 -0.0293471 0.0367827 0.0191347 -0.0292289 0.0371326 0.018937 -0.029152 0.037536 0.0188085 -0.0291384 0.0376639 0.0187856 -0.00723175 0.0429894 0.0581438 -0.00707187 0.0423369 0.0578764 -0.0067809 0.0418881 0.0573898 0.00296689 0.0387602 0.041087 0.00299826 0.0386825 0.0410346 0.00335049 0.0388411 0.0404455 -0.00226571 0.0261696 0.0498383 -0.00229831 0.026121 0.0498928 -0.00221057 0.0254391 0.0497461 -0.00670816 0.041776 0.0572681 -0.0054392 0.0442471 0.0551458 -0.00551313 0.0441379 0.0552695 0.00335989 0.0384093 0.0404298 0.00300963 0.0385794 0.0410156 0.00326386 0.0380182 0.0405904 -0.00243458 0.0254198 0.0501207 -0.00316221 0.0483779 0.0513377 -0.00315278 0.0495988 0.0513219 -0.00327071 0.0482286 0.0515191 -0.00899729 0.0359189 0.0610966 -0.00835714 0.0358408 0.060026 -0.00838553 0.0360279 0.0600734 -0.00560418 0.0441033 0.0554218 -0.00569376 0.0441503 0.0555716 -0.00576357 0.0442694 0.0556883 -0.00302994 0.0484015 0.0511165 -0.00290934 0.048293 0.0509148 0.00319673 0.0392982 0.0407026 0.00324215 0.0392142 0.0406267 -0.00234006 0.0261021 0.0499627 -0.00238914 0.0261215 0.0500448 -0.00264778 0.0256184 0.0504773 -0.00241794 0.0261563 0.0500929 -0.00829417 0.0356891 0.0599207 -0.00837502 0.0362219 0.0600559 -0.0083272 0.0363933 0.0599759 -0.00671087 0.0412706 0.0572727 -0.00666916 0.0414321 0.0572029 -0.00666819 0.0416128 0.0572013 -0.0064011 0.0449337 0.0567546 -0.0067653 0.0447952 0.0573637 -0.00706103 0.0443584 0.0578583 0.002997 0.0384921 0.0410367 0.00298778 0.0384661 0.0410521 -0.00198963 0.0257218 0.0493766 -0.00202192 0.0256538 0.0494306 -0.00604279 0.0447456 0.0561553 -0.00722787 0.0437125 0.0581373 -0.0381751 0.0592051 0.0527485 -0.038185 0.0591282 0.0528172 -0.0365104 0.0630477 0.0500166 -0.0504291 0.0495539 0.0547831 -0.0505713 0.0492211 0.0550209 -0.0443218 0.0530006 0.0550915 -0.0382139 0.0592614 0.0526707 -0.0424206 0.0492142 0.0599011 -0.040746 0.0531337 0.0571005 -0.0408019 0.0530569 0.0571416 -0.0417897 0.0591282 0.0506618 -0.0494325 0.0522883 0.0527266 -0.0443508 0.0531337 0.0549451 -0.0494189 0.0520527 0.0529634 -0.0443606 0.0530569 0.0550137 -0.044667 0.0630408 0.0451462 -0.0415524 0.0592819 0.0506546 -0.0382909 0.0592819 0.0526047 -0.0408887 0.0530006 0.0571443 -0.0409834 0.05298 0.0571076 -0.0442448 0.05298 0.0551575 -0.0494685 0.0518023 0.0531766 -0.0500026 0.0505522 0.0540698 -0.0502869 0.0498867 0.0545453 -0.0449513 0.0623753 0.0456218 -0.041693 0.0592369 0.0506142 -0.0416231 0.0592702 0.0506237 -0.0472648 0.0599736 0.0465681 -0.0505483 0.0522883 0.0520595 -0.0461491 0.0599736 0.0472352 -0.0459341 0.0602093 0.0471352 -0.0457698 0.0604597 0.0469906 -0.0417515 0.0591871 0.0506276 -0.0452366 0.0617097 0.0460968 -0.0450935 0.0620425 0.0458596 -0.0207345 0.0374551 0.0236321 -0.0266447 0.0236216 0.0335166 -0.0303732 0.034381 0.0208508 -0.0347724 0.0266957 0.025675 -0.0314889 0.034381 0.0201836 -0.0336566 0.0266957 0.0263422 -0.033643 0.0264601 0.0265789 -0.0336926 0.0262097 0.0267921 -0.0347951 0.0236293 0.0286359 -0.034511 0.0242941 0.0281609 -0.0301582 0.0346167 0.0207507 -0.0299939 0.0348671 0.0206061 -0.0294598 0.0361171 0.0197129 -0.0291755 0.0367827 0.0192373 -0.0290333 0.0371155 0.0189996 -0.0288911 0.0374482 0.0187618 -0.0343689 0.0246269 0.0279231 -0.0342276 0.0249596 0.0276847 -0.0357877 0.0631765 0.0488078 -0.0216261 0.0631765 0.0572754 -0.0208006 0.0388635 0.0237426 -0.00663897 0.0388635 0.0322101 -0.0132058 0.0234929 0.0431929 -0.0281929 0.0478059 0.0682581 -0.0273674 0.0234929 0.0347254 -0.0423545 0.0478059 0.0597906 -0.0283073 0.0480685 0.0684494 -0.0424805 0.0481092 0.0600012 -0.0283754 0.0484787 0.0685633 -0.0425372 0.0484834 0.0600962 -0.0283486 0.0489067 0.0685185 -0.0425162 0.0488714 0.060061 -0.028259 0.0492142 0.0683686 -0.0359636 0.0633628 0.049102 -0.0217793 0.0633479 0.0575317 -0.0361627 0.0634038 0.0494351 -0.0219987 0.0634042 0.0578986 -0.0363547 0.0632931 0.0497562 -0.0222098 0.0632752 0.0582517 -0.0223488 0.0630477 0.0584841 -0.00652464 0.0386008 0.0320189 -0.0206474 0.0384406 0.0234863 -0.00645649 0.0381907 0.0319049 -0.0206179 0.038186 0.023437 -0.00648329 0.0377627 0.0319497 -0.0206232 0.0379251 0.0234459 -0.00657292 0.0374551 0.0320996 -0.0130526 0.0233214 0.0429366 -0.0271262 0.023276 0.034322 -0.0129647 0.023276 0.0427895 -0.0128332 0.0232652 0.0425697 -0.0268617 0.0233231 0.0338795 -0.0127001 0.0233231 0.0423471 -0.0126221 0.0233941 0.0422166 -0.0124831 0.0236216 0.0419842 -0.0425354 0.0606172 0.0411915 -0.0310468 0.0414227 0.0211978 -0.0428787 0.0606172 0.0409862 -0.0307035 0.0414227 0.0214031 -0.0304682 0.0412265 0.0212692 -0.042542 0.0608134 0.0414621 -0.0426131 0.0610218 0.0417113 -0.0432546 0.0620625 0.0427842 -0.0435962 0.0626166 0.0433554 -0.043767 0.0628937 0.043641 -0.0439378 0.0631707 0.0439266 -0.0294701 0.0397004 0.0197301 -0.0292993 0.0394233 0.0194445 -0.0289581 0.0388699 0.0188739 -0.0296418 0.0399774 0.0200152 -0.0302824 0.0410181 0.0210886 -0.0356954 0.0237757 0.0301416 -0.0355246 0.0234986 0.029856 -0.0372703 0.0260522 0.0323859 -0.037035 0.025856 0.032252 -0.0368492 0.0256475 0.0320714 -0.050218 0.0452466 0.0515071 -0.0383861 0.0260522 0.0317188 -0.0491022 0.0452466 0.0521743 -0.0491089 0.0454428 0.0524449 -0.0499923 0.046969 0.0540526 -0.0501631 0.047246 0.0543382 -0.0505046 0.0478001 0.0549094 -0.0498224 0.0466919 0.0537664 -0.04918 0.0456513 0.0526941 -0.0362077 0.0246068 0.0309985 -0.0358662 0.0240527 0.0304273 -0.0295023 0.0364927 0.0193942 -0.0304599 0.0362763 0.0192421 -0.0296919 0.0362723 0.0197114 -0.0305265 0.0362229 0.0193534 -0.029754 0.0362229 0.0198152 -0.0299397 0.0361293 0.0201258 -0.0308793 0.0361077 0.0199435 -0.03025 0.0361346 0.0206448 -0.0310225 0.0361346 0.0201829 -0.0303454 0.0361764 0.0208044 -0.0312947 0.0363105 0.0206382 -0.030705 0.0365458 0.0214057 -0.0309713 0.0387195 0.0218512 -0.0317924 0.038438 0.0214706 -0.0310348 0.0383008 0.0219574 -0.0318073 0.0383008 0.0214955 -0.0310486 0.0379419 0.0219804 -0.0318015 0.0376037 0.0214857 -0.0309895 0.0373342 0.0218816 -0.031762 0.0373342 0.0214197 -0.0309542 0.0371715 0.0218225 -0.0316238 0.0368444 0.0211886 -0.0314747 0.0365413 0.0209392 -0.0348378 0.0240041 0.0283177 -0.0357955 0.0237877 0.0281656 -0.0350275 0.0237837 0.028635 -0.035862 0.0237343 0.0282769 -0.0350896 0.0237343 0.0287387 -0.0362149 0.0236191 0.028867 -0.0353346 0.0236265 0.0291485 -0.036358 0.023646 0.0291064 -0.0355856 0.023646 0.0295683 -0.0356512 0.0236726 0.029678 -0.0366303 0.0238219 0.0295617 -0.0358583 0.0238223 0.0300243 -0.0368103 0.0240527 0.0298628 -0.0360378 0.0240527 0.0303246 -0.0369594 0.0243558 0.0301122 -0.0363303 0.0261136 0.0308138 -0.037128 0.0259494 0.0303942 -0.0363704 0.0258122 0.0308809 -0.0371429 0.0258122 0.030419 -0.0363816 0.02535 0.0308995 -0.037137 0.0251151 0.0304092 -0.0363251 0.0248456 0.0308051 -0.0370975 0.0248456 0.0303432 -0.0362997 0.0247247 0.0307627 -0.0361867 0.0243551 0.0305735 -0.0436941 0.0598676 0.0431294 -0.044601 0.0596439 0.0428924 -0.0440744 0.0594 0.0437655 -0.0448234 0.0594162 0.0432643 -0.0450684 0.0593084 0.0436741 -0.0445223 0.0593202 0.0445145 -0.0453194 0.0593279 0.0440938 -0.0455592 0.0594732 0.044495 -0.0449398 0.0596458 0.0452128 -0.0457716 0.0597346 0.0448502 -0.0449991 0.0597346 0.045312 -0.045942 0.0600942 0.0451352 -0.0452358 0.0603055 0.0457079 -0.0460589 0.0605275 0.0453306 -0.0452864 0.0605275 0.0457925 -0.0461142 0.061005 0.0454231 -0.0453457 0.0611553 0.0458916 -0.0461042 0.0614941 0.0454064 -0.0452412 0.0620254 0.0457169 -0.0460296 0.0619614 0.0452816 -0.0453181 0.0616219 0.0458454 -0.0453317 0.0614941 0.0458683 -0.0500924 0.046981 0.0520765 -0.0492725 0.0470262 0.0524591 -0.0501589 0.0469276 0.0521878 -0.0493865 0.0469276 0.0526497 -0.0505118 0.0468124 0.0527779 -0.0497086 0.0468121 0.0531885 -0.0506549 0.0468393 0.0530173 -0.0498825 0.0468393 0.0534792 -0.0499481 0.0468659 0.053589 -0.0509272 0.0470152 0.0534727 -0.0501552 0.0470156 0.0539352 -0.0511072 0.047246 0.0537737 -0.0503347 0.047246 0.0542355 -0.0512563 0.0475491 0.0540231 -0.0505768 0.0495368 0.0546404 -0.0514249 0.0491427 0.0543051 -0.0504836 0.0475484 0.0544844 -0.0505966 0.047918 0.0546736 -0.0513944 0.0480389 0.0542541 -0.050622 0.0480389 0.054716 -0.0514339 0.0483084 0.0543202 -0.0506773 0.0485164 0.0548085 -0.0514398 0.0490055 0.0543299 -0.0506673 0.0490055 0.0547918 -0.0506536 0.0491333 0.0547689 -0.0505576 0.047877 0.0548032 -0.0506724 0.048148 0.0549951 -0.0506426 0.0485073 0.0549453 -0.0507256 0.0484925 0.0550841 -0.0506177 0.0491571 0.0549036 -0.0507053 0.0488501 0.0550502 -0.0440637 0.0587467 0.0439424 -0.0443018 0.0587043 0.0443406 -0.0445189 0.0588996 0.0447037 -0.0430589 0.0608027 0.0422618 -0.0433733 0.0619857 0.0427878 -0.0428266 0.0609446 0.0418734 -0.0427318 0.060945 0.0417149 -0.0438684 0.0590154 0.0436158 -0.0444439 0.0592213 0.0445782 -0.0448837 0.0595642 0.0453138 -0.0453077 0.0601792 0.0460229 -0.0451955 0.0602591 0.0458352 -0.0439721 0.0593053 0.0437892 -0.0435715 0.0597979 0.0431192 -0.0432117 0.0605525 0.0425175 -0.0433295 0.0605914 0.0427145 -0.043299 0.0615126 0.0426635 -0.0453112 0.0611542 0.0460287 -0.0454802 0.0603705 0.0463113 -0.0452821 0.0616457 0.0459801 -0.0457202 0.0604292 0.0467129 -0.0458161 0.0603957 0.0468733 -0.0290764 0.0387924 0.0188768 -0.0289616 0.0385214 0.0186849 -0.0289914 0.0381621 0.0187347 -0.0289084 0.0381769 0.0185959 -0.0290164 0.0375122 0.0187764 -0.0289287 0.0378193 0.0186298 -0.0349207 0.0236925 0.0286511 -0.0350597 0.0234689 0.0288837 -0.0352441 0.0235269 0.029192 -0.0352365 0.0233652 0.0291793 -0.0355776 0.0235755 0.0297498 -0.03542 0.0234047 0.0294863 -0.0254464 0.0478059 0.0699003 -0.0104593 0.0234929 0.0448351 -0.00561488 0.0234929 0.0477317 -0.0256817 0.0480021 0.0700343 -0.0129706 0.0232967 0.043059 -0.0112778 0.0369342 0.0631571 -0.015438 0.0439612 0.070504 -0.0188394 0.0478059 0.0738508 -0.0288324 0.0530204 0.0751735 -0.0312356 0.0530204 0.0737366 -0.0258675 0.0482105 0.0702149 -0.0282707 0.0482105 0.068778 -0.0281996 0.0480021 0.0685288 -0.00981985 0.0182784 0.0379197 -0.00741667 0.0182784 0.0393566 -0.0127847 0.0230882 0.0428784 -0.0103816 0.0230882 0.0443153 -0.0104527 0.0232967 0.0445645 -0.00388586 0.0386673 0.0335817 -0.00389248 0.0388635 0.0338523 -0.0188796 0.0631765 0.0589176 -0.0216327 0.0633727 0.057546 0.000951985 0.0388635 0.0367489 -0.0047109 0.0523048 0.0521743 -0.00887112 0.0593318 0.0595212 -0.0122725 0.0631765 0.0628681 -0.0008498 0.033649 0.0283738 -0.00325298 0.033649 0.0269369 -0.0038147 0.0384588 0.0333325 -0.00621788 0.0384588 0.0318956 -0.00640371 0.0386673 0.0320762 -0.0246687 0.0683909 0.0627538 -0.0222656 0.0683909 0.0641907 -0.0217039 0.0635811 0.0577952 -0.0193007 0.0635811 0.0592321 -0.0191148 0.0633726 0.0590515 -0.0495513 0.048645 0.0501972 -0.0318784 0.0400784 0.0206402 -0.0325351 0.0385413 0.0217384 -0.0456067 0.0585072 0.0436 -0.0453157 0.058559 0.0431133 -0.0450769 0.0588874 0.0427141 -0.0444203 0.0604245 0.0416158 -0.0326576 0.0380243 0.0219433 -0.0366022 0.0281621 0.0285405 -0.0368932 0.0281103 0.0290271 -0.0371319 0.0277819 0.0294264 -0.0496738 0.048128 0.050402 -0.0495779 0.0492121 0.0502417 -0.045872 0.0587459 0.0440437 -0.0497464 0.0496772 0.0505236 -0.0466608 0.0600255 0.0453629 -0.032631 0.0374573 0.0218988 -0.0324625 0.0369921 0.0216169 -0.0363369 0.0279235 0.0280968 -0.0316737 0.0357125 0.0202977 -0.0355481 0.0266439 0.0267775 -0.0504354 0.0459332 0.0516759 -0.0504165 0.0462825 0.0516443 -0.0503843 0.0455965 0.0515905 -0.0503304 0.046591 0.0515003 -0.050271 0.0453235 0.0514009 -0.0384391 0.026129 0.0316125 -0.0506807 0.0519158 0.0520861 -0.0505947 0.0522244 0.0519422 -0.0506996 0.0515666 0.0521178 -0.0505352 0.0509568 0.0518428 -0.0506485 0.0512299 0.0520323 -0.0471159 0.0601783 0.0461242 -0.0468778 0.0602207 0.045726 -0.0473112 0.0599096 0.0464508 -0.035093 0.026491 0.0260163 -0.035331 0.0264486 0.0264145 -0.0348976 0.0267597 0.0256897 -0.0316142 0.034445 0.0201983 -0.031514 0.034868 0.0200307 -0.0315358 0.0353319 0.0200671 -0.0379839 0.0259762 0.0308513 -0.038222 0.0259338 0.0312495 -0.0377886 0.0262449 0.0305247 -0.0132901 0.0627193 0.0642191 -0.0131498 0.0630477 0.0639844 -0.0206564 0.0567636 0.0655916 -0.0170305 0.0499827 0.0743369 -0.011777 0.0622792 0.0655507 -0.0133374 0.0622792 0.0646177 -0.0190599 0.0492142 0.0738689 -0.021197 0.0554983 0.0664957 -0.0255125 0.0492142 0.0700108 -0.0212916 0.0554777 0.0664591 -0.0228365 0.0554777 0.0655353 -0.0185909 0.0499827 0.0734039 -0.0206274 0.0566305 0.065738 -0.0210543 0.0556314 0.0664519 -0.0211101 0.0555546 0.066493 -0.0187798 0.049769 0.0734983 -0.0189196 0.0495427 0.0736342 -0.0207334 0.0567842 0.0655255 -0.0196023 0.0630477 0.0601263 -0.0222783 0.0567842 0.0646018 -0.0206176 0.0567074 0.0656693 -0.0133438 0.0624932 0.0644063 -0.0287138 0.0530972 0.0751699 -0.0257364 0.0489399 0.0701903 -0.0257658 0.0484691 0.0702396 -0.0257489 0.0482874 0.0702113 -0.0192477 0.0635043 0.0593383 -0.0222126 0.0683141 0.064297 -0.0193425 0.0635038 0.0594969 -0.0195747 0.063362 0.0598853 -0.0230541 0.0663445 0.0657043 -0.0224761 0.0662714 0.0647377 -0.0219434 0.0658284 0.0638469 -0.0259311 0.0586481 0.0705161 -0.0255375 0.0584514 0.0698577 -0.0253282 0.0593806 0.0695076 -0.0256378 0.0492782 0.0700254 -0.0215165 0.0650659 0.0631328 -0.0212437 0.0640704 0.0626765 -0.0197276 0.0631117 0.0601409 -0.021156 0.0629549 0.0625299 -0.02477 0.0606871 0.0685741 -0.0263375 0.0586592 0.0711957 -0.0224036 0.0568482 0.0646164 -0.0212634 0.0618459 0.0627095 -0.0251785 0.0580801 0.0692574 -0.0248743 0.057555 0.0687486 -0.0229618 0.0555417 0.06555 -0.0246418 0.0569054 0.0683598 -0.0244941 0.0561677 0.0681128 -0.0244394 0.055383 0.0680213 -0.0244807 0.0545952 0.0680904 -0.0246158 0.0538483 0.0683163 -0.00939169 0.0365588 0.0617562 -0.0168458 0.0486513 0.0742229 -0.0100005 0.0546447 0.0627744 -0.00949802 0.0544427 0.061934 -0.0110013 0.0623311 0.0644482 -0.00693569 0.0457407 0.0576487 -0.00662254 0.0459075 0.0571249 -0.00766899 0.050037 0.0588751 -0.00629799 0.0459219 0.0565821 -0.00354718 0.0502386 0.0519815 -0.00776554 0.051019 0.0590365 -0.00795854 0.0519453 0.0593593 -0.0073835 0.0412592 0.0583976 -0.0169052 0.0499188 0.0743223 -0.0169913 0.0496102 0.0744662 -0.0114929 0.0540875 0.0652703 -0.0110175 0.0544636 0.0644753 -0.0116518 0.0622152 0.0655361 -0.0169591 0.0489243 0.0744124 -0.0170102 0.049261 0.0744979 -0.00569108 0.0454996 0.0555671 -0.0056444 0.0454671 0.055489 -0.00559534 0.045481 0.055407 -0.0119215 0.0535379 0.0659871 -0.0090254 0.0540536 0.0611436 -0.00860081 0.0534924 0.0604335 -0.00824058 0.0527805 0.059831 -0.00736192 0.0413461 0.0583615 -0.00736378 0.0414427 0.0583646 -0.00776334 0.0432373 0.0590328 -0.00773594 0.0438676 0.058987 -0.00763124 0.0444664 0.0588119 -0.00745542 0.0449982 0.0585179 -0.0079759 0.0471372 0.0593884 -0.00721891 0.0454315 0.0581223 -0.00777623 0.0480581 0.0590544 -0.00767259 0.0490373 0.0588811 -0.00598125 0.0457832 0.0560524 -0.00555536 0.0455381 0.0553401 -0.00738864 0.0415262 0.0584062 -0.00758439 0.0420309 0.0587336 -0.0077118 0.0426127 0.0589467 -0.0114564 0.0624839 0.0652094 -0.0112184 0.0625263 0.0648112 -0.0105136 0.0546517 0.0636325 -0.00650243 0.0311916 0.0382173 -0.00382643 0.0374551 0.0337418 -0.00495753 0.0311916 0.0391411 0.000905682 0.0374551 0.0365713 -0.00488049 0.031171 0.0392071 -0.0048417 0.0311148 0.0392849 -0.00973661 0.0236216 0.0436263 -0.00706061 0.0298851 0.0391509 -0.00551571 0.0298851 0.0400746 -0.0050045 0.0236216 0.0464558 -0.00544502 0.0298968 0.0401055 -0.0053751 0.0299301 0.040115 -0.00531658 0.02998 0.0401016 -0.00527839 0.0300388 0.0400674 -0.00485154 0.0310379 0.0393535 -0.0247141 0.0628161 0.0682859 -0.0264628 0.0587232 0.0712104 -0.0288659 0.0587232 0.0697734 -0.0279976 0.0551308 0.0737772 -0.028839 0.0531612 0.0751846 -0.0312422 0.0531612 0.0737477 -0.00890609 0.0202609 0.0363915 -0.00650291 0.0202609 0.0378284 -0.00974757 0.0182913 0.0377988 -0.00734439 0.0182913 0.0392357 -0.00562266 0.0279462 0.0309001 -0.00321948 0.0279462 0.032337 -0.00737129 0.0238533 0.0338246 -0.00496811 0.0238533 0.0352615 -0.0283407 0.0484691 0.0687001 -0.0283237 0.0482874 0.0686717 -0.0312886 0.0530972 0.0736304 -0.0221496 0.063362 0.0583457 -0.0247874 0.0683141 0.0627574 -0.0219173 0.0635038 0.0579573 -0.0218225 0.0635043 0.0577988 -0.0252225 0.0663334 0.0634851 -0.0256289 0.0663445 0.0641648 -0.028506 0.0586481 0.0689765 -0.0289123 0.0586592 0.0696561 -0.0282126 0.0492782 0.0684859 -0.0223024 0.0631117 0.0586014 -0.0270556 0.0545952 0.0665508 -0.0270142 0.055383 0.0664817 -0.027069 0.0561677 0.0665732 -0.0272167 0.0569054 0.0668203 -0.0239072 0.0615336 0.0612854 -0.0248289 0.0661367 0.0628268 -0.0274491 0.057555 0.067209 -0.0277533 0.0580801 0.0677178 -0.0281123 0.0584514 0.0683182 -0.0237721 0.0622805 0.0610594 -0.0237308 0.0630683 0.0609903 -0.0237855 0.063853 0.0610818 -0.0239332 0.0645907 0.0613289 -0.0241657 0.0652403 0.0617176 -0.0244699 0.0657654 0.0622264 -0.0283112 0.0489399 0.0686508 -0.0271907 0.0538483 0.0667768 -0.0255825 0.0664085 0.064282 -0.0231793 0.0664085 0.065719 -0.024741 0.0683781 0.0628747 -0.0223378 0.0683781 0.0643116 -0.00171757 0.0323792 0.03002 -0.000796808 0.0335721 0.0284801 -0.0102629 0.0231651 0.0443117 -0.00729801 0.0183553 0.039353 -0.0101681 0.0231655 0.0441531 -0.00993586 0.0233074 0.0437647 -0.00377422 0.0377295 0.0334597 -0.00374474 0.0382002 0.0334104 -0.00376171 0.038382 0.0334387 -0.009783 0.0235576 0.0435091 -0.00418243 0.0272888 0.0341424 -0.00654881 0.0311276 0.0381 -0.00517164 0.0254127 0.0357968 -0.00500101 0.024694 0.0355114 -0.00474061 0.0259823 0.0350759 -0.00437836 0.0340297 0.0344701 -0.00387282 0.0373912 0.0336246 -0.00322987 0.0346834 0.0325493 -0.00363581 0.034646 0.0332282 -0.00402591 0.034424 0.0338806 -0.00188821 0.033098 0.0303054 -0.0065133 0.0269981 0.0380407 -0.007107 0.0298211 0.0390336 -0.00691925 0.0269607 0.0387196 -0.00730934 0.0267387 0.039372 -0.00766179 0.0263444 0.0399614 -0.0061142 0.0268488 0.0373732 -0.00574423 0.0265211 0.0367544 -0.00542408 0.0260333 0.036219 -0.00283077 0.0345341 0.0318818 -0.0024608 0.0342063 0.031263 -0.00214065 0.0337186 0.0307276 -0.00324637 0.0335082 0.0269259 -0.000843195 0.0335082 0.0283628 -0.00408785 0.0315386 0.0283332 -0.00168467 0.0315386 0.0297701 -0.0125107 0.0233074 0.0422252 -0.00987284 0.0183553 0.0378135 -0.0127429 0.0231655 0.0426136 -0.0128377 0.0231651 0.0427721 -0.00633654 0.038382 0.0318992 -0.00337164 0.0335721 0.0269405 -0.00631958 0.0382002 0.0318708 -0.00634906 0.0377295 0.0319201 -0.0123578 0.0235576 0.0419695 -0.00421312 0.0316025 0.0283478 -0.00435479 0.0326968 0.0285848 -0.0046749 0.0336373 0.0291202 -0.00749655 0.0239173 0.0338392 -0.00763823 0.0250115 0.0340762 -0.00795834 0.025952 0.0346116 -0.00842055 0.026632 0.0353846 -0.00897242 0.0269743 0.0363076 -0.0100915 0.0265333 0.0381792 -0.0095513 0.0269401 0.0372757 -0.00644765 0.0373912 0.032085 -0.00680808 0.0342186 0.0326878 -0.00513712 0.0343173 0.0298932 -0.00568898 0.0346596 0.0308162 -0.00626787 0.0346254 0.0317843 -0.0389482 0.060088 0.053704 -0.0392152 0.060088 0.0535443 -0.0415093 0.0540934 0.0579872 -0.0417763 0.0540934 0.0578276 -0.0443044 0.0531977 0.0550624 -0.0448171 0.0540295 0.0559199 -0.0417433 0.0591922 0.0507791 -0.042256 0.060024 0.0516366 -0.0445037 0.0540934 0.0561968 -0.0419427 0.060088 0.0519135 -0.0447707 0.0540934 0.0560371 -0.0422097 0.060088 0.0517538 -0.0388229 0.060024 0.0536893 -0.041384 0.0540295 0.0579726 -0.0383102 0.0591922 0.0528318 -0.0408713 0.0531977 0.0571151 -0.0444533 0.0541499 0.056306 -0.0456486 0.0567561 0.0592388 -0.0418923 0.0601445 0.0520227 -0.0430875 0.0627507 0.0549555 -0.0443154 0.0588386 0.0581498 -0.0440342 0.0568127 0.0602831 -0.0447988 0.0577071 0.0589583 -0.0449637 0.0579462 0.0586278 -0.0455981 0.0568127 0.059348 -0.0414732 0.0628072 0.0559998 -0.043447 0.0607584 0.0568069 -0.0436587 0.0603756 0.0570516 -0.0441421 0.0592442 0.05786 -0.044307 0.0594833 0.0575295 -0.0446846 0.0585995 0.058161 -0.0442652 0.0598099 0.0572377 -0.0449219 0.0582729 0.058336 -0.0436234 0.0609397 0.0565256 -0.0436523 0.0612016 0.0562542 -0.0440279 0.0601365 0.0570627 -0.0435281 0.0614923 0.0560465 -0.0432753 0.0617543 0.0559435 -0.0430371 0.0628072 0.0550647 -0.0429441 0.0619355 0.0559658 -0.0439142 0.0567561 0.0602758 -0.0418963 0.0541499 0.0578349 -0.0413531 0.0627507 0.0559925 -0.0393353 0.0601445 0.0535516 -0.0417995 0.0601156 0.0518556 -0.0416247 0.0592691 0.0507755 -0.0418704 0.0601008 0.0517926 -0.0421374 0.0601008 0.051633 -0.0417696 0.0602138 0.0520111 -0.0429648 0.06282 0.0549438 -0.0414009 0.06282 0.0558789 -0.0393187 0.0601564 0.0533961 -0.039232 0.0601156 0.0533908 -0.0383632 0.0592691 0.0527256 -0.0391429 0.0601008 0.0534234 -0.0388759 0.0601008 0.0535831 -0.0417631 0.0601564 0.0519345 -0.0393831 0.0602138 0.053438 -0.04099 0.0531208 0.0571187 -0.0415027 0.0539526 0.0579762 -0.0417697 0.0539526 0.0578166 -0.0443899 0.0540081 0.0563276 -0.0444263 0.0539673 0.0562487 -0.0442514 0.0531208 0.0551686 -0.0444971 0.0539526 0.0561857 -0.0447641 0.0539526 0.0560261 -0.0418587 0.0539673 0.0577839 -0.0420098 0.0540656 0.0578311 -0.0440276 0.0566718 0.060272 -0.0455915 0.0566718 0.0593369 -0.0419454 0.0540081 0.0577892 -0.0443963 0.0540656 0.0564042 -0.0460992 0.0670541 0.0612427 -0.0464305 0.0668728 0.0612204 -0.0466833 0.0666109 0.0613234 -0.0468075 0.0663201 0.0615311 -0.0467785 0.0660582 0.0618025 -0.0466021 0.0658769 0.0620838 -0.0468139 0.0654942 0.0623285 -0.0471831 0.0652551 0.0623396 -0.0474204 0.0649284 0.0625146 -0.0474622 0.0646018 0.0628064 -0.0472973 0.0643627 0.0631369 -0.0474706 0.0639571 0.0634267 -0.0478398 0.063718 0.0634379 -0.0480771 0.0633914 0.0636129 -0.0481189 0.0630648 0.0639047 -0.047954 0.0628256 0.0642352 -0.00417845 0.0315948 0.0284847 -0.0043159 0.0326564 0.0287146 -0.0018522 0.0323483 0.0300503 -0.00442092 0.0330455 0.0288902 -0.00201774 0.0330455 0.0303272 -0.00462645 0.0335688 0.029234 -0.00226265 0.0336476 0.0307368 -0.00497642 0.0341208 0.0298193 -0.00257324 0.0341208 0.0312562 -0.00507487 0.0342285 0.029984 -0.00293216 0.0344388 0.0318565 -0.00561026 0.0345606 0.0308794 -0.00331935 0.0345837 0.0325041 -0.00443356 0.0339495 0.0343675 -0.00669595 0.0341327 0.0326951 -0.00409163 0.034332 0.0337956 -0.00649481 0.034332 0.0323587 -0.00371318 0.0345474 0.0331627 -0.00617187 0.0345274 0.0318186 -0.00572253 0.0345837 0.0310671 -0.00746189 0.0239095 0.0339761 -0.00759933 0.0249711 0.034206 -0.00513563 0.024663 0.0355417 -0.00770435 0.0253603 0.0343816 -0.00530117 0.0253603 0.0358186 -0.00790989 0.0258835 0.0347254 -0.00554608 0.0259623 0.0362282 -0.00825985 0.0264356 0.0353107 -0.00585667 0.0264356 0.0367476 -0.0083583 0.0265432 0.0354753 -0.00621559 0.0267535 0.0373479 -0.0088937 0.0268753 0.0363708 -0.00660278 0.0268984 0.0379954 -0.00771699 0.0262642 0.0398589 -0.00997939 0.0264474 0.0381865 -0.00737506 0.0266467 0.039287 -0.00977824 0.0266467 0.0378501 -0.00699661 0.0268621 0.0386541 -0.0094553 0.0268421 0.03731 -0.00900596 0.0268984 0.0365585 -0.010899 0.0519608 0.0679795 -0.0110948 0.0510579 0.0683069 -0.0111964 0.0500979 0.0684768 -0.0111999 0.0491178 0.0684827 -0.0111053 0.0481551 0.0683244 -0.010916 0.047247 0.068008 -0.0106395 0.0464282 0.0675455 -0.0102864 0.0457302 0.0669549 -0.00987009 0.04518 0.0662587 -0.00940674 0.0447985 0.0654837 -0.0089141 0.0446005 0.0646598 -0.0084111 0.0445936 0.0638186 -0.00791708 0.0447781 0.0629923 -0.00745102 0.0451468 0.0622129 -0.00703083 0.0456856 0.0615101 -0.0107681 0.0519131 0.0679554 -0.0109599 0.0510282 0.0682763 -0.0110595 0.0500874 0.0684428 -0.011063 0.0491269 0.0684486 -0.0109702 0.0481835 0.0682934 -0.0105138 0.0464911 0.0675301 -0.00697727 0.0457634 0.0616154 -0.00738906 0.0452353 0.0623041 -0.0101677 0.0458071 0.0669513 -0.00975976 0.0452678 0.066269 -0.00930567 0.044894 0.0655096 -0.00882288 0.0447 0.0647021 -0.0078458 0.044874 0.063068 -0.00832994 0.0446932 0.0638777 -0.0107848 0.0472935 0.0679833 -0.0130339 0.0629963 0.0639817 -0.0131742 0.0626678 0.0642164 -0.0128615 0.0627182 0.0638287 -0.0129986 0.0630683 0.0639249 -0.00909021 0.0586527 0.0600787 -0.00882753 0.0592675 0.0596394 -0.0124694 0.0624722 0.0634037 -0.0122289 0.0631121 0.0629862 -0.0126985 0.062659 0.0636434 -0.0125129 0.0633046 0.0632911 -0.0127884 0.0632813 0.0636286 -0.0090801 0.058639 0.0600655 -0.00491988 0.051612 0.0527186 -0.00881743 0.0592538 0.0596262 -0.0046572 0.0522268 0.0522793 0.00100976 0.0387774 0.0368451 -0.00465312 0.0522187 0.0522705 -0.0049158 0.0516039 0.0527098 0.000395512 0.0389971 0.0382421 0.000498517 0.0385634 0.0379193 0.00103802 0.0386992 0.0367657 0.000496324 0.0380188 0.0378027 0.00109507 0.0383329 0.0365588 0.000461201 0.0377901 0.0378287 0.000956854 0.0375099 0.0366785 0.00106755 0.0379042 0.0365236 -0.0108916 0.0376167 0.0627041 -0.0111543 0.0370019 0.0631435 -0.00558034 0.0250099 0.0482364 -0.00549144 0.0235605 0.0477181 -0.00552434 0.0248999 0.048089 -0.00532388 0.0247346 0.0476123 -0.00533846 0.0233689 0.0473396 -0.00515719 0.02339 0.0469465 -0.00509861 0.0248163 0.0471361 -0.00498868 0.0236011 0.0466238 -0.00490673 0.0251137 0.0467814 -0.00495333 0.0236764 0.046563 0.000346765 0.0374101 0.0379951 0.000389101 0.0375206 0.0379268 -0.00354214 0.0498036 0.0511936 -0.0034797 0.0497396 0.0511414 0.00045329 0.038911 0.0383383 -0.00320577 0.0496756 0.0512157 0.00314374 0.039375 0.0405964 -0.0032916 0.0496756 0.0511644 -0.003388 0.0496927 0.0511307 -0.0110543 0.0624079 0.0643419 -0.00360017 0.0503154 0.0518753 -0.003686 0.0503154 0.051824 -0.00377877 0.0501875 0.0515894 -0.00485802 0.0515179 0.052806 -0.00379589 0.0502364 0.0516477 -0.00374568 0.0503057 0.0517746 -0.00378427 0.0502779 0.0517128 -0.00486618 0.0515339 0.0528237 -0.0090264 0.0585609 0.0601706 -0.00904661 0.0585884 0.0601968 -0.0124258 0.0624079 0.0635219 -0.015056 0.0446517 0.0700599 -0.0153186 0.0440369 0.0704992 -0.0108957 0.0376247 0.062713 -0.0111584 0.0370099 0.0631523 -0.018754 0.0491056 0.073648 -0.0188037 0.0494913 0.0736315 -0.0189441 0.0491628 0.0738662 -0.0153287 0.0440506 0.0705123 -0.0150661 0.0446654 0.070073 -0.0187301 0.0478953 0.0738592 -0.0184453 0.048485 0.073398 -0.0186836 0.0488838 0.0736068 -0.0190231 0.0487724 0.0740392 -0.0189671 0.0483444 0.0740564 -0.0187945 0.0479769 0.0739208 -0.00545689 0.0250775 0.0482228 -0.00276644 0.0255415 0.0504809 -0.00911595 0.0358421 0.0611002 -0.00920178 0.0358421 0.0610489 -0.00929818 0.0358592 0.0610152 -0.00938988 0.0359061 0.0610259 -0.00945232 0.03597 0.0610781 -0.00968895 0.0363539 0.0614739 -0.0107682 0.0376843 0.0626905 -0.0097054 0.0364179 0.0615536 -0.0149366 0.0447274 0.0700551 -0.0107764 0.0377004 0.0627082 -0.00959618 0.0364819 0.0617085 -0.00967144 0.0364648 0.0616395 -0.018336 0.0485744 0.0734064 -0.0149568 0.0447548 0.0700814 -0.0169645 0.0485744 0.0742265 -0.00951035 0.0364819 0.0617598 0.000381204 0.0374635 0.0380905 0.0032342 0.0379556 0.040485 -0.00487229 0.0251671 0.0468767 -0.00201929 0.0256591 0.0492712 -0.00367939 0.0501746 0.0518129 -0.00359357 0.0501746 0.0518642 -0.00568758 0.0454742 0.0551715 -0.00560175 0.0454742 0.0552228 -0.0056503 0.0443111 0.0551092 -0.00556447 0.0443111 0.0551605 -0.00336388 0.0496627 0.0512852 -0.00327805 0.0496627 0.0513365 -0.00920839 0.0359829 0.0610599 -0.00912256 0.0359829 0.0611112 -0.00692196 0.0413346 0.057236 -0.00683614 0.0413346 0.0572873 -0.00751572 0.0411952 0.058229 -0.00742989 0.0411952 0.0582803 -0.0095239 0.0364948 0.0615876 -0.00943808 0.0364948 0.0616389 -0.00577556 0.0443751 0.0551238 -0.00348914 0.0497267 0.0512999 -0.00372578 0.0501106 0.0516956 -0.00591203 0.0452681 0.055352 -0.00593775 0.0443862 0.0553951 -0.00590284 0.0443267 0.0553367 -0.00573397 0.0454102 0.0550542 -0.00581393 0.045296 0.055188 -0.00581253 0.0443205 0.0551856 -0.00585806 0.0443031 0.0552618 -0.00752266 0.0414982 0.0580458 -0.00751895 0.0413051 0.0580395 -0.00704588 0.0416512 0.0572483 -0.00777697 0.044454 0.0584711 -0.00791635 0.0434955 0.0587042 -0.00759738 0.043645 0.0581707 -0.00702589 0.0415697 0.0572149 -0.00702638 0.0414793 0.0572157 -0.00704723 0.0413986 0.0572506 -0.00756211 0.0411312 0.0581117 -0.00933365 0.0360469 0.0610746 -0.00957029 0.0364308 0.0614703 -0.00752566 0.0440912 0.0580508 -0.00739739 0.0444863 0.0578362 -0.00744987 0.0452196 0.057924 -0.00722122 0.0448038 0.0575416 -0.00699141 0.0456605 0.0571573 -0.00708225 0.0417073 0.0573092 -0.00728402 0.0419604 0.0576466 -0.00757238 0.0416653 0.0581289 -0.00744555 0.0423061 0.0579168 -0.007844 0.0425093 0.0585832 -0.00755592 0.0427213 0.0581014 -0.0076077 0.0431779 0.058188 -0.00700903 0.0450221 0.0571867 -0.00677514 0.0451265 0.0567956 -0.00648058 0.0457006 0.0563029 -0.00653534 0.0451101 0.0563945 -0.0060054 0.0453331 0.0555082 -0.00630581 0.0449738 0.0560106 -0.00610203 0.044727 0.0556698 -0.00638889 0.0458224 0.0565393 -0.00638613 0.0457992 0.0563398 -0.00608434 0.0456891 0.0560299 -0.00589116 0.0454163 0.055512 -0.00580533 0.0454163 0.0555633 -0.0074376 0.0415958 0.0582932 -0.00752342 0.0415958 0.0582419 -0.00762582 0.042081 0.058608 -0.00780636 0.0424749 0.0587151 -0.00774833 0.0426405 0.0588129 -0.00783416 0.0426405 0.0587616 -0.00779788 0.043241 0.0588958 -0.00788173 0.0435022 0.0588411 -0.00777154 0.0438471 0.0588517 -0.00785737 0.0438471 0.0588004 -0.00767086 0.0444229 0.0586833 -0.00773654 0.0445006 0.0585983 -0.00750181 0.0449342 0.0584006 -0.00758764 0.0449342 0.0583493 -0.00727439 0.0453509 0.0580203 -0.00739581 0.0452981 0.0580285 -0.00700207 0.0456482 0.0575648 -0.0070879 0.0456482 0.0575135 -0.00670096 0.0458085 0.0570612 -0.00691825 0.0457574 0.0572298 -0.00647472 0.0458224 0.056488 -0.00697449 0.0417977 0.0573238 -0.00688866 0.0417977 0.0573751 -0.00716506 0.0420367 0.0576425 -0.00719782 0.0422745 0.0578922 -0.00731761 0.0423633 0.0578977 -0.00723178 0.0423633 0.057949 -0.00742185 0.0427554 0.058072 -0.00736768 0.0429679 0.0581763 -0.00747075 0.0431866 0.0581538 -0.00738492 0.0431866 0.0582051 -0.007461 0.0436278 0.0581375 -0.00736356 0.0437361 0.0581694 -0.00739327 0.0440492 0.0580242 -0.00730744 0.0440492 0.0580755 -0.00727212 0.0444224 0.0578216 -0.00718629 0.0444224 0.0578729 -0.00710574 0.0447222 0.0575433 -0.00701991 0.0447222 0.0575946 -0.00690534 0.0449284 0.0572082 -0.00687209 0.0448865 0.0573474 -0.00668444 0.045027 0.0568387 -0.00659862 0.045027 0.05689 -0.00648512 0.0450336 0.0567002 -0.00645797 0.0450115 0.05646 -0.00624118 0.0448828 0.0560974 -0.00615535 0.0448828 0.0561487 -0.00610442 0.0448338 0.0560635 -0.00604872 0.0446496 0.0557755 -0.00580774 0.0443278 0.0555673 -0.00589357 0.0443278 0.055516 -0.00532477 0.0299748 0.0399501 -0.00463018 0.028848 0.0387884 -0.00489793 0.0309739 0.0392362 -0.00420333 0.0298471 0.0380746 -0.00462187 0.0288262 0.0387628 -0.00429064 0.026242 0.0353443 -0.00419502 0.0298252 0.0380489 -0.0038638 0.0272411 0.0346304 -0.0039185 0.027199 0.0345388 -0.00434534 0.0261999 0.0352527 -0.00420171 0.027199 0.0343695 -0.00462856 0.0261999 0.0350834 -0.0039251 0.0273399 0.0345499 -0.00420832 0.0273399 0.0343805 -0.00425633 0.029924 0.0379683 -0.00649582 0.0310508 0.0382063 -0.00495092 0.0310508 0.03913 -0.00544343 0.029898 0.0399537 -0.00698834 0.029898 0.03903 -0.00474884 0.0287712 0.038792 -0.00470083 0.0261871 0.0352042 -0.00441762 0.0261871 0.0353736 -0.024854 0.0594703 0.0695525 -0.0244272 0.0604694 0.0688386 -0.0251372 0.0594703 0.0693832 -0.0247104 0.0604694 0.0686693 -0.0247474 0.0594282 0.0695573 -0.0218928 0.0568441 0.0676477 -0.0243206 0.0604273 0.0688434 -0.021466 0.0578432 0.0669338 -0.0218741 0.0568222 0.0676282 -0.0211795 0.0556954 0.0664665 -0.0214473 0.0578213 0.0669143 -0.0207527 0.0566945 0.0657526 -0.0208057 0.0567714 0.0656464 -0.0223506 0.0567714 0.0647227 -0.0215003 0.0578982 0.0668081 -0.0246381 0.0604823 0.0685484 -0.0243549 0.0604823 0.0687177 -0.0248474 0.0593295 0.0695415 -0.0251306 0.0593295 0.0693721 -0.0219928 0.0567454 0.0676318 -0.0228431 0.0556186 0.0655464 -0.0212982 0.0556186 0.0664701 -0.0351681 0.0278466 0.0288701 -0.0362839 0.0278466 0.028203 -0.0343794 0.026567 0.0275509 -0.0354951 0.026567 0.0268838 -0.0365476 0.0261809 0.0311772 -0.0376633 0.0261809 0.03051 -0.0358909 0.0277179 0.0300789 -0.0370067 0.0277179 0.0294117 -0.0339112 0.0262406 0.0269627 -0.0338179 0.0262737 0.0268067 -0.0341527 0.026298 0.0273668 -0.0343264 0.0264902 0.0276571 -0.0365752 0.0258666 0.0314182 -0.0362607 0.0246837 0.0308923 -0.0368074 0.0257248 0.0318066 -0.0369022 0.0257244 0.0319651 -0.0351152 0.0277698 0.0289764 -0.0353322 0.027965 0.0293394 -0.0355703 0.0279226 0.0297376 -0.0357656 0.027654 0.0300642 -0.0364223 0.0261169 0.0311625 -0.0362929 0.0261467 0.0309461 -0.0363469 0.0253423 0.0310364 -0.0312941 0.0384773 0.0223909 -0.0324098 0.0384773 0.0217238 -0.0306374 0.0400144 0.0212927 -0.0317532 0.0400144 0.0206255 -0.0304392 0.0357894 0.0209612 -0.031555 0.0357894 0.0202941 -0.031228 0.037069 0.0222805 -0.0323438 0.037069 0.0216133 -0.0303841 0.0407595 0.0210638 -0.030401 0.0409412 0.0210922 -0.0301921 0.0355683 0.0207428 -0.0295851 0.0361811 0.0197276 -0.0301194 0.0351158 0.0206211 -0.0301191 0.0349311 0.0206207 -0.0310141 0.0379397 0.0221175 -0.0309146 0.0371283 0.0219512 -0.0311094 0.0371458 0.0222769 -0.0306522 0.0364692 0.0215122 -0.0303206 0.0358662 0.0209576 -0.0302734 0.0360801 0.0208788 -0.029846 0.0360305 0.020164 -0.0304135 0.0402887 0.0211131 -0.0305121 0.0399504 0.021278 -0.0312473 0.0375264 0.0225075 -0.031269 0.0379904 0.0225439 -0.0309327 0.0387588 0.0219814 -0.0311688 0.0384134 0.0223763 -0.0446375 0.0588227 0.0447073 -0.0457533 0.0588227 0.0440401 -0.0454263 0.0601023 0.0460265 -0.0465421 0.0601023 0.0453593 -0.0432581 0.0604885 0.0424002 -0.0443739 0.0604885 0.0417331 -0.0439148 0.0589514 0.0434985 -0.0450306 0.0589514 0.0428314 -0.0447134 0.0629769 0.045029 -0.0445743 0.0632005 0.0447964 -0.0443899 0.0631424 0.044488 -0.0443975 0.0633042 0.0445007 -0.0440564 0.0630939 0.0439302 -0.044214 0.0632647 0.0441938 -0.0485116 0.048192 0.0511865 -0.0496274 0.048192 0.0505193 -0.0491683 0.046655 0.0522847 -0.0502841 0.046655 0.0516176 -0.0493665 0.05088 0.0526161 -0.0504822 0.05088 0.051949 -0.0485777 0.0496004 0.0512969 -0.0496934 0.0496004 0.0506298 -0.04925 0.0459099 0.0526162 -0.049233 0.0457281 0.0525878 -0.0498745 0.0467688 0.0536607 -0.0492205 0.0463806 0.0525669 -0.0496223 0.0467121 0.0532389 -0.0491219 0.0467189 0.052402 -0.0491629 0.0469376 0.0524706 -0.0488063 0.0475452 0.0518742 -0.0484652 0.048256 0.0513037 -0.0486303 0.0484022 0.0515799 -0.048365 0.048679 0.0511362 -0.0486734 0.0493214 0.051652 -0.0483868 0.0491429 0.0511725 -0.0494419 0.051101 0.0529372 -0.050049 0.0504883 0.0539525 -0.0495147 0.0515536 0.0530589 -0.0495149 0.0517383 0.0530593 -0.0485247 0.0495235 0.0514032 -0.0489262 0.0501021 0.0520747 -0.0493135 0.0508031 0.0527224 -0.0493334 0.0505736 0.0527558 -0.0498062 0.0506331 0.0535464 -0.0366386 0.024119 0.0286014 -0.0369433 0.0242677 0.0291108 -0.0371846 0.0246593 0.0295145 -0.0373149 0.0252161 0.0297324 -0.0373082 0.0258279 0.0297213 -0.0363311 0.0242426 0.028087 -0.031849 0.0371479 0.020591 -0.0313031 0.0366076 0.0196779 -0.0316077 0.0367563 0.0201873 -0.0309955 0.0367312 0.0191635 -0.0319793 0.0377047 0.0208088 -0.0319727 0.0383165 0.0207978 -0.0460366 0.0601189 0.044319 -0.0461615 0.0603826 0.044528 -0.0451781 0.0600524 0.0428833 -0.0453412 0.0598854 0.043156 -0.0455209 0.0598063 0.0434565 -0.0462472 0.0607003 0.0446713 -0.0462878 0.0610505 0.0447392 -0.0462805 0.0614091 0.0447269 -0.0457049 0.0598206 0.0437644 -0.0458808 0.0599272 0.0440585 -0.0462258 0.0617519 0.0446354 -0.0516052 0.0490212 0.0536322 -0.0509355 0.0473123 0.0525123 -0.0512402 0.047461 0.0530218 -0.0514815 0.0478526 0.0534254 -0.050628 0.0474359 0.0519979 -0.0516118 0.0484094 0.0536433 -0.0441318 0.0586529 0.0438614 -0.0452476 0.0586529 0.0431943 -0.0443963 0.0586058 0.0443039 -0.0455121 0.0586058 0.0436367 -0.0310593 0.0414014 0.0211615 -0.0305891 0.0411601 0.0212119 -0.0311948 0.0411594 0.0208504 -0.0312167 0.0411188 0.0208111 -0.030521 0.0407499 0.0210979 -0.0313414 0.0408809 0.0206327 -0.031616 0.0403203 0.0205047 -0.031613 0.0403267 0.0205039 -0.0305478 0.0403219 0.0211428 -0.031507 0.0405492 0.0205095 -0.0314331 0.0406994 0.0205484 -0.0316818 0.0401767 0.02054 -0.0438821 0.060792 0.0412247 -0.0314988 0.0407905 0.020576 -0.0440333 0.0607544 0.0412972 -0.0316905 0.0404607 0.0205117 -0.0442264 0.0606586 0.0414169 -0.0318541 0.0401339 0.0206043 -0.0443328 0.0605633 0.0415071 -0.0436772 0.0608087 0.0411461 -0.0433681 0.0607783 0.0410593 -0.0314088 0.040932 0.0206492 -0.0312646 0.0411432 0.0208167 -0.0429185 0.0606356 0.0409891 -0.0433101 0.0607663 0.0410466 -0.0443479 0.0605409 0.041694 -0.0431191 0.060716 0.0421678 -0.042908 0.0608449 0.0418147 -0.0441227 0.0607549 0.0414802 -0.0441864 0.0607161 0.0415294 -0.0433504 0.0608028 0.0411042 -0.0436337 0.0608465 0.0412102 -0.0437999 0.0608445 0.0412869 -0.0426886 0.0607887 0.0414478 -0.046011 0.0602001 0.0470044 -0.0470478 0.0602722 0.0462051 -0.0458014 0.0603297 0.0466537 -0.0469171 0.0603297 0.0459866 -0.0455831 0.0602763 0.0462887 -0.0467833 0.0603193 0.0457627 -0.0313812 0.0374919 0.0225367 -0.032497 0.0374919 0.0218696 -0.0314054 0.0380074 0.0225771 -0.0325212 0.0380074 0.02191 -0.0303225 0.0355186 0.020766 -0.0314018 0.0353665 0.0200379 -0.030286 0.0353665 0.020705 -0.0302563 0.0351072 0.0206553 -0.0313776 0.034851 0.0199974 -0.0302852 0.0346797 0.0207036 -0.0302618 0.034851 0.0206646 -0.0342215 0.0263924 0.0272869 -0.0352539 0.0263501 0.0264804 -0.0341382 0.0263501 0.0271475 -0.0340019 0.0263401 0.0269196 -0.0349894 0.0263972 0.026038 -0.0338736 0.0263972 0.0267051 -0.0337914 0.0264729 0.0265676 -0.0356739 0.0280165 0.0297159 -0.0367896 0.0280165 0.0290488 -0.0354093 0.0280636 0.0292735 -0.0365251 0.0280636 0.0286064 -0.0381449 0.0258352 0.0313154 -0.037117 0.0258807 0.0321296 -0.038011 0.0258248 0.0310915 -0.0368977 0.0258244 0.0317627 -0.0378803 0.0258823 0.030873 -0.0366865 0.0259534 0.0314096 -0.0492166 0.0455093 0.0523655 -0.0503439 0.04555 0.0517177 -0.0492847 0.0459194 0.0524795 -0.0504007 0.0459241 0.0518127 -0.0492579 0.0463474 0.0524346 -0.0503797 0.0463122 0.0517775 -0.0495205 0.0519897 0.0528738 -0.0506439 0.0519455 0.0522194 -0.0495438 0.0518183 0.0529128 -0.0506596 0.0518183 0.0522457 -0.0495494 0.0515622 0.0529221 -0.0506649 0.0515575 0.0522546 -0.0495197 0.0513029 0.0528724 -0.0506354 0.0513029 0.0522052 -0.0494832 0.0511508 0.0528114 -0.0506082 0.0511833 0.0521596 -0.0484244 0.0491775 0.0510407 -0.0495402 0.0491775 0.0503736 -0.0484003 0.048662 0.0510003 -0.049516 0.048662 0.0503331 -0.0506318 0.0481006 0.055122 -0.0506909 0.0484834 0.0552209 -0.0506683 0.0488807 0.0551832 -0.0191016 0.0490958 0.0739424 -0.0256021 0.0489067 0.0701607 -0.0191392 0.0489081 0.0740234 -0.0191433 0.0488709 0.0740353 -0.0256289 0.0484787 0.0702055 -0.0191474 0.0486316 0.0740841 -0.0191314 0.0484834 0.0740911 -0.0255608 0.0480685 0.0700915 -0.0190447 0.0481602 0.074042 -0.0189401 0.0479459 0.0739507 -0.0184174 0.0486759 0.0734801 -0.0170904 0.0488778 0.0744371 -0.0184441 0.048715 0.0735029 -0.0186521 0.0492513 0.0736321 -0.0186188 0.0491071 0.073624 -0.0171472 0.0492519 0.074532 -0.0185352 0.0488798 0.0735745 -0.0185173 0.0488429 0.0735615 -0.0186757 0.0495835 0.0735887 -0.0171261 0.0496399 0.0744969 -0.0186716 0.0496467 0.0735704 -0.0186685 0.049677 0.0735603 -0.0132902 0.0623729 0.0645424 -0.01156 0.0625778 0.0651878 -0.0131874 0.0625059 0.0643935 -0.0131711 0.0625213 0.064371 -0.0130346 0.062608 0.0641926 -0.0114293 0.0626352 0.0649692 -0.012934 0.0626353 0.0640688 -0.0112955 0.0626249 0.0647453 -0.012717 0.0626114 0.0638196 -0.0190329 0.0633479 0.0591739 -0.0125078 0.063362 0.0631274 -0.0123626 0.0632668 0.0629638 -0.0130017 0.0632736 0.0637589 -0.0129548 0.0633154 0.0636927 -0.0192522 0.0634042 0.0595408 -0.0127568 0.0634038 0.06343 -0.0126689 0.0634064 0.0633199 -0.0194634 0.0632752 0.0598939 -0.0441125 0.0633599 0.0442188 -0.0443164 0.0634038 0.0445598 -0.0445128 0.0632886 0.0448883 -0.0103061 0.0233214 0.0445788 -0.0100867 0.0232652 0.0442119 -0.00531928 0.0232656 0.047057 -0.0053802 0.023263 0.0471863 -0.00548169 0.0233073 0.0474114 -0.00556771 0.0234043 0.0476138 -0.00513577 0.0233958 0.0466913 -0.00515184 0.0233769 0.0467219 -0.00517406 0.0233532 0.0467646 -0.00987558 0.0233941 0.0438588 -0.0288306 0.0385688 0.0186606 -0.028801 0.0384406 0.0186111 -0.0287715 0.038186 0.0185617 -0.0287768 0.0379251 0.0185706 -0.028794 0.0377886 0.0185994 0.000950804 0.0375753 0.0364987 -0.0037368 0.0377627 0.0335919 0.0010016 0.0377611 0.0364268 0.00100958 0.0377984 0.0364172 -0.00371 0.0381907 0.0335471 0.00104566 0.0380391 0.0363875 0.00105525 0.038186 0.0363958 -0.00377815 0.0386008 0.0336611 0.0010415 0.0385094 0.0364886 0.00100056 0.0387234 0.0366179 -0.0353499 0.0233095 0.0295639 -0.0352799 0.023276 0.0294467 -0.035146 0.0232656 0.0292228 -0.0349496 0.0233808 0.0288943 -0.0350153 0.0233231 0.0290043 -0.00237413 0.0253064 0.049853 -0.00244806 0.0253048 0.0499725 -0.00530956 0.0248564 0.0478134 -0.00258092 0.0253517 0.0501859 -0.00269645 0.0254491 0.0503701 -0.00501745 0.0249247 0.0471475 -0.00220137 0.0253927 0.0495718 -0.00510901 0.0248479 0.0473403 -0.00518039 0.0248224 0.0475004 -0.00492743 0.0250542 0.0469736 -0.00500234 0.0249424 0.0471172 0.00327715 0.0380738 0.0404127 0.000496412 0.0378543 0.0379327 0.000541427 0.0383361 0.0379658 0.00334371 0.0386897 0.0402902 0.000538403 0.0382075 0.0379359 0.00334719 0.0385401 0.0402882 0.00332756 0.0382998 0.0403258 0.000521506 0.0386298 0.0380972 0.00329261 0.0390159 0.0403647 0.000526361 0.0385927 0.0380751 0.000540296 0.0384043 0.0379881 0.000496952 0.0387638 0.0381934 0.000491876 0.0387851 0.0382115 0.00321902 0.0392328 0.0404783 -0.0271397 0.0627697 0.0667064 -0.0270323 0.062798 0.0667067 -0.0270686 0.0627945 0.0666929 -0.0271063 0.0627846 0.0666928 -0.0288958 0.0587183 0.0697488 -0.0289036 0.0587146 0.0697389 -0.0289151 0.0587045 0.0697178 -0.0289205 0.0586912 0.069696 -0.0289209 0.0586837 0.0696853 -0.0246948 0.0628441 0.0682535 -0.024671 0.0628518 0.0682138 -0.0246481 0.0628376 0.0681754 -0.024631 0.0628045 0.0681468 -0.0251855 0.0662475 0.0635206 -0.0252144 0.0662838 0.0634977 -0.0248266 0.06609 0.0628491 -0.0239188 0.0615557 0.0613307 -0.0237857 0.0622914 0.0611082 -0.023745 0.0630675 0.0610401 -0.0237989 0.0638404 0.0611302 -0.0239444 0.0645672 0.0613736 -0.0241734 0.065207 0.0617566 -0.024473 0.0657243 0.0622578 -0.0256147 0.0662948 0.0641672 -0.024802 0.0660559 0.0628793 -0.0244523 0.0656942 0.0622944 -0.024156 0.0651827 0.0617988 -0.0239295 0.0645499 0.0614201 -0.0237856 0.0638313 0.0611794 -0.0237323 0.0630668 0.0610903 -0.0237726 0.0622994 0.0611576 -0.0239042 0.0615718 0.0613777 -0.025571 0.0662526 0.0641882 -0.0255813 0.0662584 0.0641827 -0.0256 0.0662742 0.0641735 -0.0219211 0.0634693 0.0579516 -0.022146 0.063332 0.0583278 -0.0222941 0.0630896 0.0585754 -0.0221566 0.0633007 0.0583005 -0.0222997 0.0630665 0.0585397 -0.0222942 0.0630797 0.0585615 -0.0223215 0.0630517 0.0585059 -0.0221817 0.0632806 0.0582721 -0.0223112 0.0630563 0.0585186 -0.0219693 0.0634103 0.0579168 -0.0217486 0.0633537 0.0575477 -0.0217145 0.0633747 0.0575593 -0.021709 0.0633655 0.0575438 -0.0216645 0.0632776 0.057408 -0.0217901 0.0634735 0.0577396 -0.0217671 0.063448 0.0576911 -0.0219393 0.0634334 0.057937 -0.0217607 0.0634404 0.0576767 -0.0217338 0.0634044 0.0576111 -0.0282317 0.0492182 0.0683905 -0.0282214 0.0492228 0.0684031 -0.0282099 0.049233 0.0684242 -0.0282044 0.0492462 0.068446 -0.0282043 0.0492561 0.0684599 -0.0289259 0.0586701 0.0697049 -0.0288766 0.0586811 0.0697912 -0.0289128 0.0586782 0.0697543 -0.028845 0.058566 0.0697385 -0.0288648 0.0585731 0.0696741 -0.0288855 0.0585785 0.0697087 -0.0288981 0.0586095 0.0696586 -0.0289101 0.0586126 0.0696785 -0.0288648 0.0585927 0.0697716 -0.0289026 0.0586016 0.0697373 -0.02892 0.058626 0.0696951 -0.0288762 0.0586341 0.0697906 -0.0289124 0.0586375 0.0697538 -0.0289257 0.0586467 0.0697046 -0.0246031 0.0627873 0.0682802 -0.0246105 0.0627766 0.0682925 -0.024594 0.0627903 0.068265 -0.0245852 0.0627848 0.0682503 -0.0246015 0.0628005 0.068172 -0.0246173 0.0628311 0.0681984 -0.0246385 0.0628442 0.0682339 -0.0246604 0.0628371 0.0682706 -0.0246783 0.0628112 0.0683005 -0.0245831 0.0627892 0.0682045 -0.0245952 0.0628126 0.0682247 -0.0246114 0.0628226 0.0682519 -0.0246282 0.0628171 0.06828 -0.0246419 0.0627973 0.0683028 -0.0245787 0.0627722 0.0682393 -0.0256415 0.0663529 0.0642007 -0.0256375 0.066369 0.0641939 -0.0256414 0.0663349 0.0642005 -0.025637 0.0663191 0.0641932 -0.025593 0.0662584 0.0642251 -0.0255616 0.0662513 0.0642471 -0.0255814 0.066278 0.0642802 -0.0256113 0.0662831 0.0642557 -0.0255927 0.0663194 0.0642992 -0.0256218 0.0663213 0.0642732 -0.0255931 0.0663664 0.0642998 -0.0256222 0.0663647 0.0642738 -0.0256123 0.0664036 0.0642574 -0.0256169 0.0662786 0.0642017 -0.0256309 0.0662975 0.0642251 -0.0256389 0.0663268 0.0642385 -0.0256392 0.06636 0.064239 -0.0256316 0.0663897 0.0642264 -0.0256294 0.0663088 0.0641805 -0.0217131 0.0634157 0.0576057 -0.0216546 0.0632778 0.057408 -0.0216448 0.0632771 0.0574086 -0.0217396 0.0635153 0.0577226 -0.0217742 0.0635586 0.057775 -0.0217392 0.0635753 0.0577797 -0.0217692 0.0634965 0.0577274 -0.021739 0.0634574 0.0576683 -0.0217118 0.0634699 0.0576651 -0.0218043 0.0635327 0.0577821 -0.0216907 0.0633717 0.0575409 -0.021671 0.0633751 0.0575403 -0.0216512 0.0633754 0.0575421 -0.0216823 0.0634759 0.0576681 -0.0283021 0.0489164 0.0685785 -0.0283219 0.0489087 0.0685413 -0.028287 0.0481647 0.0685916 -0.0282907 0.0481787 0.0686015 -0.0283283 0.0484724 0.0686674 -0.0283041 0.0482267 0.068634 -0.0282997 0.0489284 0.0686196 -0.0282803 0.0480654 0.0684717 -0.0282263 0.0479189 0.0683823 -0.0282566 0.0480401 0.0684943 -0.0283489 0.0484781 0.0685864 -0.0283297 0.0484759 0.0686247 -0.02826 0.0480543 0.0685063 -0.0284689 0.0585622 0.069012 -0.0284979 0.0585985 0.0689891 -0.0281101 0.0584047 0.0683405 -0.0277565 0.058039 0.0677491 -0.0274568 0.0575218 0.067248 -0.0272278 0.0568819 0.066865 -0.0270823 0.0561551 0.0666216 -0.0270284 0.0553822 0.0665315 -0.0270691 0.0546061 0.0665996 -0.0272022 0.0538704 0.0668221 -0.0280854 0.0583706 0.0683707 -0.0277358 0.0580089 0.0677858 -0.0274394 0.0574974 0.0672902 -0.027213 0.0568646 0.0669115 -0.0270691 0.056146 0.0666708 -0.0270158 0.0553816 0.0665817 -0.027056 0.0546141 0.066649 -0.0271876 0.0538865 0.0668691 -0.0264418 0.058566 0.0711754 -0.0264616 0.0585927 0.0712085 -0.026473 0.0586341 0.0712275 -0.0264734 0.0586811 0.0712281 -0.0264269 0.0587183 0.071225 -0.0263905 0.0587045 0.0712273 -0.0263591 0.0586837 0.071217 -0.0230585 0.0663064 0.065697 -0.0224872 0.0662341 0.0647415 -0.0212883 0.0618592 0.0627364 -0.0230754 0.0662742 0.065683 -0.0225097 0.0662026 0.0647368 -0.0213225 0.0618705 0.0627514 -0.0231021 0.0662526 0.0656644 -0.0225401 0.0661815 0.0647245 -0.0216069 0.0650093 0.0631638 -0.0220221 0.0657508 0.0638581 -0.0213608 0.0618781 0.0627522 -0.0212564 0.0629565 0.0625775 -0.0213416 0.0640413 0.0627201 -0.0219882 0.065769 0.0638647 -0.0215703 0.0650226 0.0631657 -0.0213032 0.0640481 0.0627191 -0.0212174 0.0629561 0.0625755 -0.0219606 0.0657963 0.0638608 -0.0215385 0.0650425 0.0631548 -0.0212688 0.0640583 0.0627038 -0.0211822 0.0629556 0.0625588 -0.0231584 0.0662513 0.065684 -0.0231782 0.066278 0.0657171 -0.0231896 0.0663194 0.0657361 -0.02319 0.0663664 0.0657367 -0.0247787 0.0683695 0.0628402 -0.0247902 0.0683593 0.0628191 -0.0247956 0.0683461 0.0627973 -0.0247595 0.0683525 0.0627368 -0.0247391 0.0683684 0.0627336 -0.0247161 0.0683806 0.0627355 -0.0283053 0.0482142 0.0686445 -0.0282854 0.048154 0.0686008 -0.0282816 0.0481436 0.0686104 -0.0282465 0.0481114 0.0686465 -0.0282103 0.0479095 0.0683893 -0.0282168 0.0480076 0.0685229 -0.0282464 0.0480272 0.0685051 -0.0282519 0.0480335 0.0684998 -0.0283283 0.0482733 0.0686826 -0.0283297 0.048258 0.0686966 -0.0283276 0.0482451 0.0687104 -0.0282757 0.0481338 0.0686201 -0.0283218 0.048233 0.0687256 -0.0282329 0.0480162 0.0685148 -0.0282186 0.0479139 0.068386 -0.0282677 0.0481249 0.0686296 -0.0283011 0.0482164 0.0687541 -0.030352 0.0551092 0.0721843 -0.0303157 0.0551127 0.0721981 -0.0303898 0.0550993 0.0721842 -0.0304232 0.0550844 0.0721978 -0.0263511 0.0586235 0.0712037 -0.0263463 0.0586095 0.0711844 -0.0264076 0.0585731 0.0711927 -0.0264259 0.0585978 0.0712233 -0.0263897 0.0586122 0.071226 -0.0263757 0.0585933 0.0712026 -0.0263587 0.0586338 0.0712163 -0.0263588 0.0585889 0.0711744 -0.0263758 0.0585731 0.0711623 -0.0263855 0.0585673 0.0711558 -0.0264367 0.0586794 0.0712414 -0.0264364 0.058636 0.0712408 -0.026398 0.0586747 0.0712399 -0.0263978 0.0586415 0.0712394 -0.0263632 0.0586676 0.0712239 -0.026363 0.0586496 0.0712236 -0.0230677 0.0663088 0.0657123 -0.0230753 0.0663191 0.0657249 -0.0230796 0.0663349 0.0657322 -0.0230798 0.0663529 0.0657325 -0.0230757 0.066369 0.0657256 -0.0231071 0.0663897 0.0657359 -0.0231146 0.06636 0.0657485 -0.0231435 0.0664036 0.0657336 -0.0231533 0.0663647 0.06575 -0.0231529 0.0663213 0.0657494 -0.0231424 0.0662831 0.0657319 -0.0231242 0.0662584 0.0657013 -0.0231143 0.0663268 0.065748 -0.0231063 0.0662975 0.0657346 -0.0230923 0.0662786 0.0657112 -0.0247716 0.0683634 0.062757 -0.0247255 0.0684026 0.0628487 -0.0247193 0.0684079 0.0628384 -0.0247599 0.0683954 0.0628088 -0.0247063 0.0684137 0.0628166 -0.0246929 0.0684126 0.0627942 -0.024737 0.0683994 0.0627705 -0.0246863 0.0684096 0.0627832 -0.0247848 0.068361 0.0627791 -0.031266 0.0530262 0.0737128 -0.0312867 0.0530429 0.0736842 -0.0312946 0.0530678 0.0736553 -0.0312721 0.0531563 0.073723 -0.0312914 0.0531425 0.0736921 -0.0312972 0.0531217 0.0736595 -0.0279782 0.0551588 0.0737449 -0.0279545 0.0551666 0.0737052 -0.0279315 0.0551523 0.0736668 -0.0279144 0.0551192 0.0736382 -0.0246504 0.0538704 0.0683479 -0.0246986 0.0538865 0.0683573 -0.0259799 0.0585622 0.0705003 -0.0255964 0.0583706 0.0698589 -0.0252468 0.0580089 0.0692741 -0.0249504 0.0574974 0.0687784 -0.024724 0.0568646 0.0683997 -0.0245801 0.056146 0.0681591 -0.0245268 0.0553816 0.0680699 -0.024567 0.0546141 0.0681373 -0.025946 0.0585985 0.0705149 -0.0255582 0.0584047 0.0698663 -0.0252046 0.058039 0.0692749 -0.024905 0.0575218 0.0687738 -0.024676 0.0568819 0.0683908 -0.0245305 0.0561551 0.0681474 -0.0244766 0.0553822 0.0680573 -0.0245173 0.0546061 0.0681254 -0.0222896 0.0683695 0.0643284 -0.0222656 0.0683593 0.0643286 -0.0222438 0.0683461 0.0643231 -0.0222832 0.0684096 0.0642202 -0.0222897 0.0684126 0.0642311 -0.0223031 0.0684137 0.0642535 -0.0223161 0.0684079 0.0642753 -0.0223223 0.0684026 0.0642856 -0.0312539 0.0530881 0.0737672 -0.0312534 0.0531142 0.0737663 -0.0312824 0.0531129 0.0737402 -0.0312509 0.0530627 0.0737622 -0.0312801 0.0530653 0.0737365 -0.0312975 0.0530728 0.0737024 -0.0312992 0.0531092 0.0737052 -0.0313005 0.053084 0.0736651 -0.0313014 0.0531037 0.0736667 -0.027882 0.0551167 0.0737527 -0.0278938 0.0551128 0.0737725 -0.0279326 0.0551465 0.0737661 -0.027912 0.0551532 0.0737316 -0.0278922 0.0551409 0.0736984 -0.0278774 0.0551122 0.0736737 -0.0278619 0.055093 0.0737192 -0.0279494 0.0551222 0.0737941 -0.0279253 0.055112 0.0737942 -0.0279035 0.0550988 0.0737887 -0.0278705 0.0551096 0.0737335 -0.0222395 0.0683794 0.0642934 -0.0222077 0.0683525 0.0642626 -0.0222271 0.0683806 0.0642238 -0.0222563 0.0684037 0.0642597 -0.0222872 0.0683887 0.0643113 -0.0222969 0.0684028 0.0642918 -0.028845 0.0530507 0.0751946 -0.0288507 0.0530881 0.0752041 -0.0288486 0.0531269 0.0752006 -0.0288032 0.0531563 0.0751992 -0.0287668 0.0531425 0.0752016 -0.0287354 0.0531217 0.0751913 -0.0192416 0.0635327 0.0593143 -0.0192428 0.0635427 0.059304 -0.0192498 0.0635589 0.0592841 -0.0192622 0.0635708 0.0592651 -0.0192431 0.0635183 0.0593274 -0.0287971 0.0530262 0.075189 -0.0288124 0.0530561 0.0752089 -0.0288257 0.0530923 0.075215 -0.0288351 0.0531292 0.0752065 -0.0287621 0.0530429 0.0751937 -0.0287329 0.0530678 0.075187 -0.0287801 0.0530715 0.0752133 -0.028753 0.0530945 0.0752071 -0.028801 0.053104 0.0752184 -0.0287803 0.0531217 0.0752136 -0.0288217 0.0531355 0.0752083 -0.0288105 0.0531451 0.0752057 -0.0192093 0.0634852 0.0592705 -0.0191699 0.0634492 0.059215 -0.0191722 0.0634574 0.059203 -0.0191693 0.0634404 0.0592261 -0.0190892 0.0633758 0.0591313 -0.0190795 0.0633689 0.059109 -0.0191748 0.0634448 0.0592331 -0.0192108 0.0634736 0.0592818 -0.0192321 0.063491 0.0593133 -0.0191989 0.0634759 0.0591529 -0.0189881 0.0632771 0.0589971 -0.0191026 0.0633754 0.0590659 -0.018963 0.063263 0.0589987 -0.0190768 0.0633655 0.0591176 -0.0190686 0.0633585 0.0591086 -0.0190829 0.0633717 0.0591001 -0.0191764 0.0634643 0.0591904 -0.0189783 0.0632777 0.059014 -0.0189829 0.0632778 0.0590055 -0.0190917 0.0633751 0.0590825 -0.0191824 0.0634699 0.0591775 -0.0258322 0.0482164 0.0702303 -0.0257972 0.048233 0.0702351 -0.025768 0.048258 0.0702284 -0.0190615 0.0633537 0.0591543 -0.0194946 0.0632806 0.0598788 -0.0196345 0.0630517 0.0601126 -0.0196505 0.0630563 0.0601095 -0.0195315 0.0633007 0.0598701 -0.0196746 0.0630665 0.0601093 -0.0196964 0.0630797 0.0601148 -0.0195606 0.063332 0.0598737 -0.0197086 0.0630896 0.0601213 -0.0193356 0.0634693 0.0594975 -0.0193142 0.0634334 0.0595067 -0.0192822 0.0634103 0.0595235 -0.0256791 0.0480853 0.0701046 -0.0257148 0.0481436 0.0701452 -0.0257383 0.0481249 0.070142 -0.0256973 0.048168 0.070143 -0.0257249 0.0482266 0.0701762 -0.0257446 0.0482017 0.0701862 -0.0256341 0.0480556 0.0700776 -0.0256619 0.0481023 0.0701053 -0.0256956 0.0481647 0.0701412 -0.0255402 0.0479188 0.0699885 -0.0256196 0.0480325 0.0700635 -0.0256386 0.0480272 0.0700643 -0.0256244 0.04804 0.0700681 -0.0255105 0.0478809 0.0699607 -0.0255537 0.0479095 0.0699777 -0.0255337 0.0479103 0.0699824 -0.0255469 0.0479139 0.0699835 -0.0257719 0.0481792 0.0701874 -0.0256536 0.0480162 0.070057 -0.0256683 0.0480076 0.0700467 -0.0257632 0.0481114 0.0701313 -0.022382 0.0568237 0.0645951 -0.0223724 0.0568162 0.0645903 -0.0223506 0.056803 0.0645848 -0.0223265 0.0567928 0.064585 -0.0223142 0.0567891 0.0645872 -0.0257429 0.0484724 0.0702133 -0.0257143 0.0489284 0.0701655 -0.0256188 0.0492561 0.0700058 -0.025677 0.0489164 0.0701481 -0.0255847 0.049233 0.0699938 -0.0256348 0.0489087 0.0701479 -0.0255446 0.0492182 0.0699971 -0.0255932 0.0480654 0.0700784 -0.0257046 0.0484759 0.0701943 -0.0256618 0.0484781 0.0701931 -0.0246715 0.0604955 0.0685352 -0.0223809 0.0567772 0.0646988 -0.0224017 0.0567939 0.0646703 -0.0246478 0.0604835 0.0685433 -0.0247503 0.0606207 0.0685519 -0.0247457 0.0606087 0.0685486 -0.0247123 0.0605423 0.0685347 -0.0224096 0.0568188 0.0646413 -0.0229401 0.0555172 0.0655286 -0.0229087 0.0554965 0.0655184 -0.0228723 0.0554826 0.0655207 -0.0247644 0.060537 0.0686185 -0.0252287 0.059444 0.0693984 -0.0251744 0.0594645 0.0693764 -0.0252893 0.0594097 0.0694534 -0.0247713 0.0605765 0.0686036 -0.0252813 0.0594149 0.0694443 -0.0251472 0.0594698 0.0693786 -0.0247285 0.0604747 0.068657 -0.0247492 0.0604976 0.0686384 -0.0229427 0.0555711 0.0655329 -0.0252594 0.0593546 0.0694198 -0.0229134 0.0555961 0.0655262 -0.0252274 0.0593454 0.069393 -0.0228784 0.0556127 0.0655309 -0.0251873 0.0593361 0.069371 -0.0251521 0.0593307 0.0693654 -0.00736935 0.0182887 0.0393749 -0.0103462 0.0230941 0.0443307 -0.00734636 0.0183009 0.0393768 -0.0103113 0.0231108 0.0443355 -0.00732592 0.0183168 0.0393736 -0.0102704 0.023151 0.0443209 -0.010282 0.0231357 0.0443288 -0.0102951 0.0231228 0.0443334 -0.0103045 0.0231841 0.0443776 -0.0103347 0.0232201 0.0444385 -0.0103464 0.023212 0.0444422 -0.0103246 0.0232289 0.0444338 -0.0103702 0.0232936 0.0445493 -0.0103853 0.0233004 0.0445684 -0.0103211 0.0232246 0.0444257 -0.0102952 0.0231958 0.0443709 -0.0102776 0.0231784 0.0443373 -0.0104032 0.0231935 0.0444424 -0.0104407 0.0233922 0.0447019 -0.0104342 0.023294 0.0445684 -0.0104273 0.0234064 0.0447232 -0.0103764 0.0233039 0.0445666 -0.0103805 0.0233108 0.0445782 -0.0103947 0.0232976 0.0445696 -0.0103595 0.023205 0.0444445 -0.0104211 0.0233917 0.0447025 -0.0104308 0.0233916 0.0447024 -0.0104144 0.0232942 0.0445702 -0.0103737 0.0231995 0.0444453 -0.00729757 0.018311 0.0393262 -0.00728978 0.0183233 0.0393132 -0.00730717 0.0183055 0.0393422 -0.00731712 0.0183075 0.0393589 -0.00735412 0.0182726 0.0393494 -0.00739907 0.0182598 0.0393272 -0.00739255 0.0182567 0.0393163 -0.00733687 0.018269 0.0393206 -0.00737916 0.0182557 0.0392939 -0.00736609 0.0182614 0.039272 -0.00732024 0.0182786 0.0392928 -0.00735996 0.0182667 0.0392618 -0.00730676 0.0182999 0.0392702 -0.00644797 0.0203004 0.0379165 -0.00644831 0.0202929 0.0379058 -0.00645378 0.0202796 0.037884 -0.00646528 0.0202694 0.0378629 -0.00647307 0.0202657 0.0378531 -0.00979122 0.0235896 0.0435489 -0.00978575 0.0236029 0.0435707 -0.00992878 0.0233687 0.04381 -0.00977424 0.023613 0.0435918 -0.00976388 0.0236177 0.0436045 -0.0099037 0.0233887 0.0438384 -0.0101161 0.023259 0.0441936 -0.0103369 0.0233156 0.0445628 -0.0101643 0.0232 0.0441589 -0.00993939 0.0233374 0.0437827 -0.00979134 0.0235798 0.0435351 -0.0101461 0.023236 0.0441734 -0.00976314 0.0182667 0.0378249 -0.00976927 0.0182614 0.0378351 -0.00978234 0.0182557 0.037857 -0.00979573 0.0182567 0.0378794 -0.00980225 0.0182598 0.0378903 -0.00900014 0.0202929 0.03638 -0.00985121 0.0183308 0.0377921 -0.00897834 0.0202796 0.0363745 -0.00981981 0.01831 0.0377819 -0.00895429 0.0202694 0.0363747 -0.00978342 0.0182961 0.0377842 -0.00652382 0.0204181 0.0378634 -0.00650402 0.0203913 0.0378303 -0.0089072 0.0203913 0.0363934 -0.00890011 0.0203714 0.0363815 -0.00649268 0.0203499 0.0378113 -0.00889586 0.0203499 0.0363744 -0.00889443 0.0203339 0.036372 -0.00649228 0.020303 0.0378106 -0.00889545 0.020303 0.0363737 -0.00889653 0.0202951 0.0363755 -0.00645597 0.0203605 0.0379299 -0.00644839 0.0203503 0.0379173 -0.00644405 0.0203344 0.03791 -0.00646324 0.0203047 0.0378366 -0.00646361 0.020348 0.0378373 -0.0064741 0.0203863 0.0378548 -0.00649239 0.020411 0.0378854 -0.00644625 0.0203094 0.0378714 -0.00644654 0.0203426 0.0378719 -0.00645456 0.0203719 0.0378853 -0.00646856 0.0203908 0.0379087 -0.00644389 0.0203165 0.0379097 -0.00709824 0.0298766 0.0391164 -0.00711522 0.0298531 0.0390734 -0.00977475 0.018269 0.0378157 -0.00987776 0.0183168 0.0378478 -0.00987887 0.0183259 0.0378384 -0.00985679 0.0183036 0.0378152 -0.00985836 0.0182887 0.0378867 -0.00987092 0.0183009 0.0378673 -0.00984944 0.0182806 0.0378419 -0.00985019 0.0182843 0.0378959 -0.00983029 0.0182652 0.0378683 -0.0098038 0.0182598 0.0378401 -0.00981846 0.0182716 0.03782 -0.00982408 0.0182892 0.0377995 -0.00978268 0.0182754 0.0378048 -0.00978573 0.0182849 0.0377937 -0.00899536 0.02031 0.036372 -0.00899715 0.0203481 0.036375 -0.0089491 0.0203651 0.036366 -0.00894419 0.0203327 0.0363578 -0.00894601 0.0202991 0.0363608 -0.00899431 0.0203294 0.0363703 -0.00508618 0.0246671 0.0355564 -0.0050369 0.0246785 0.0355453 -0.00520499 0.0253865 0.0358265 -0.00765798 0.0263043 0.039929 -0.00731079 0.0266927 0.0393483 -0.00692651 0.0269114 0.0387056 -0.00652663 0.0269482 0.0380368 -0.00613348 0.0268011 0.0373793 -0.00576904 0.0264783 0.0367698 -0.00545367 0.0259978 0.0362424 -0.0052524 0.0253673 0.0358344 -0.00549832 0.0259718 0.0362457 -0.00581019 0.026447 0.0367673 -0.00617059 0.0267663 0.0373701 -0.00655938 0.0269117 0.0380203 -0.00695483 0.0268753 0.0386817 -0.00733484 0.026659 0.0393172 -0.00767818 0.026275 0.0398914 -0.00472823 0.0261738 0.0351811 -0.00703565 0.0298877 0.0390117 -0.00705864 0.0298755 0.0390098 -0.00470995 0.0261858 0.0351982 -0.00475083 0.0260487 0.0351037 -0.00475162 0.0260606 0.0351093 -0.00474803 0.0261271 0.0351454 -0.00707908 0.0298596 0.039013 -0.0128438 0.0231366 0.0427961 -0.0128427 0.0231267 0.0428065 -0.0128356 0.0231105 0.0428264 -0.0128233 0.0230985 0.0428454 -0.00749795 0.0239105 0.033939 -0.00749084 0.0239101 0.03395 -0.00762861 0.0249741 0.0341804 -0.00838935 0.0265499 0.0354527 -0.00793989 0.0258887 0.034701 -0.0100142 0.026454 0.0381702 -0.00948892 0.0268496 0.0372917 -0.008926 0.0268828 0.0363502 -0.00751064 0.0239134 0.0338889 -0.00750759 0.0239118 0.0339148 -0.00764628 0.0249829 0.0341467 -0.00795963 0.0259036 0.0346708 -0.00841209 0.0265692 0.0354275 -0.0089523 0.0269043 0.036331 -0.00951897 0.0268708 0.0372787 -0.0100478 0.0264726 0.0381631 -0.0075096 0.0239143 0.0338759 -0.00764965 0.024996 0.0341101 -0.00796611 0.0259258 0.0346394 -0.00842304 0.026598 0.0354036 -0.0089686 0.0269364 0.036316 -0.00954088 0.0269026 0.0372731 -0.0100749 0.0265004 0.0381663 -0.00745443 0.0238648 0.0339637 -0.00498367 0.0238287 0.0352876 -0.00739062 0.0238253 0.0338569 -0.00498744 0.0238253 0.0352938 -0.00500288 0.0238177 0.0353197 -0.00741438 0.0238175 0.0338967 -0.0050112 0.0238175 0.0353336 -0.00502279 0.0238218 0.035353 -0.00743733 0.0238318 0.0339351 -0.00503416 0.0238318 0.035372 -0.00491912 0.0238834 0.0353596 -0.00491316 0.0238928 0.0353497 -0.0049135 0.0238853 0.0353389 -0.00495265 0.0238355 0.0353102 -0.00497039 0.0238253 0.0353399 -0.00498878 0.023829 0.0353707 -0.00494355 0.0238468 0.0353582 -0.00492998 0.0238547 0.0353355 -0.00492646 0.0238791 0.0353719 -0.00491897 0.023872 0.0353171 -0.00493048 0.0238618 0.035296 -0.00493826 0.0238581 0.0352862 -0.00495763 0.0238497 0.0353818 -0.00493409 0.0238807 0.0353846 -0.00469886 0.0261324 0.0350598 -0.00423161 0.0272253 0.0342817 -0.00422529 0.0272048 0.0343399 -0.00421181 0.0272597 0.0342022 -0.00471531 0.0260929 0.0350608 -0.00421603 0.0272544 0.0342136 -0.00421047 0.0271996 0.0343628 -0.004648 0.0261946 0.0350732 -0.00467415 0.0261718 0.0350638 -0.0128753 0.0231729 0.0428528 -0.0128746 0.0231958 0.0428287 -0.0129132 0.023212 0.0429074 -0.0129161 0.0232289 0.0428843 -0.0129138 0.0232271 0.0428814 -0.012956 0.0232537 0.0429599 -0.0129611 0.0232649 0.0429391 -0.0129965 0.0232938 0.0429794 -0.0130025 0.0232976 0.0430103 -0.0130086 0.0233039 0.0429928 -0.0131025 0.0233916 0.043105 -0.0131071 0.0233917 0.0430964 -0.0130145 0.0233089 0.0429993 -0.0131395 0.0234232 0.0431287 -0.0130973 0.0233922 0.0431134 -0.0131143 0.0233985 0.0431036 -0.0129828 0.023294 0.0430446 -0.0128865 0.0231935 0.0429575 -0.0128656 0.023154 0.0428813 -0.0129031 0.0231995 0.0429329 -0.0129938 0.0232942 0.0430279 -0.00750691 0.023891 0.0338827 -0.00749149 0.0238719 0.0339282 -0.00741948 0.0238618 0.0338078 -0.00743622 0.0238376 0.0338358 -0.00746533 0.0238853 0.0338131 -0.007475 0.0238713 0.0338293 -0.0074568 0.0238309 0.0338702 -0.00748688 0.0238674 0.0338492 -0.00747669 0.0238432 0.0339034 -0.00749836 0.0238745 0.0338684 -0.00316487 0.0279781 0.0324144 -0.00318185 0.0279547 0.0323715 -0.00654689 0.0310733 0.0381539 -0.00422723 0.0273147 0.0342445 -0.00655373 0.0310892 0.0381344 -0.00653434 0.0310611 0.0381733 -0.0042244 0.0273386 0.0343647 -0.00423608 0.0273333 0.0343311 -0.00423629 0.0273249 0.0342895 -0.012451 0.0236177 0.0419978 -0.0124473 0.0236167 0.0419988 -0.0124109 0.0236029 0.0420011 -0.0125539 0.0233687 0.0422403 -0.0127498 0.0232 0.042613 -0.0123768 0.0235798 0.0419892 -0.0125248 0.0233374 0.0422368 -0.0123795 0.0235821 0.0419908 -0.0125908 0.0233887 0.0422317 -0.0128032 0.023259 0.042587 -0.0130239 0.0233156 0.0429561 -0.0127712 0.023236 0.0426038 -0.0057263 0.0279857 0.0308934 -0.00571671 0.0279781 0.0308886 -0.0056949 0.0279649 0.0308831 -0.00567086 0.0279547 0.0308833 -0.00565851 0.027951 0.0308855 -0.00324039 0.0281034 0.032372 -0.00322059 0.0280766 0.0323389 -0.00562377 0.0280766 0.030902 -0.00561667 0.0280567 0.0308901 -0.00320924 0.0280352 0.0323199 -0.00561242 0.0280352 0.030883 -0.00561099 0.0280192 0.0308806 -0.00320884 0.0279883 0.0323192 -0.00561202 0.0279883 0.0308823 -0.0056131 0.0279804 0.0308841 -0.00317533 0.0280568 0.0324319 -0.00319996 0.0280909 0.0324018 -0.00317264 0.0279912 0.0323561 -0.00315955 0.0279992 0.0324055 -0.00317298 0.0280319 0.0323567 -0.00315975 0.0280227 0.0324059 -0.00318281 0.0280677 0.0323731 -0.00316543 0.0280434 0.0324154 -0.0038537 0.0374512 0.03372 -0.00386406 0.0374466 0.0337073 -0.00654006 0.0311831 0.0381828 -0.00387557 0.0374364 0.0336862 -0.00655704 0.0311596 0.0381399 -0.00388104 0.0374231 0.0336644 -0.00388116 0.0374133 0.0336506 -0.00654077 0.0374512 0.0321133 -0.00653707 0.0374503 0.0321143 -0.00650068 0.0374364 0.0321166 -0.00646928 0.0374156 0.0321063 -0.00646661 0.0374133 0.0321047 -0.00572264 0.0279988 0.0308873 -0.00564967 0.0279827 0.0308707 -0.00564773 0.0280185 0.0308675 -0.00565297 0.0280531 0.0308762 -0.00568665 0.0280166 0.0308693 -0.00568814 0.0279891 0.0308718 -0.00572184 0.0280136 0.0308859 -0.00569067 0.028043 0.0308761 -0.00572401 0.0280279 0.0308896 -0.00180275 0.0323524 0.030065 -0.00175347 0.0323638 0.0300539 -0.00437454 0.0339896 0.0344376 -0.00402735 0.034378 0.0338569 -0.00364308 0.0345967 0.0332142 -0.00324319 0.0346335 0.0325454 -0.00285005 0.0344864 0.0318879 -0.0024856 0.0341636 0.0312784 -0.00217023 0.0336831 0.030751 -0.00192156 0.0330718 0.0303351 -0.00196897 0.0330526 0.030343 -0.00221489 0.0336571 0.0307543 -0.00252676 0.0341323 0.0312759 -0.00288716 0.0344515 0.0318787 -0.00327595 0.034597 0.0325289 -0.0036714 0.0345606 0.0331903 -0.00405141 0.0343443 0.0338258 -0.00439475 0.0339602 0.0344 -0.00381398 0.038567 0.0335655 -0.0038252 0.038614 0.0336033 -0.00375572 0.0381935 0.0334858 -0.00373655 0.0381912 0.0335241 -0.00382886 0.0386293 0.0336161 -0.00380512 0.038604 0.0336388 -0.00385916 0.0387505 0.0337282 -0.00386061 0.0387559 0.0337336 -0.00375712 0.0381969 0.0334431 -0.0037813 0.0384427 0.0334765 -0.00379474 0.0384906 0.0335089 -0.00379842 0.0385046 0.0335188 -0.00378567 0.037741 0.0334909 -0.00378331 0.0377529 0.0335319 -0.00376351 0.0377606 0.0335692 -0.00637112 0.037741 0.031945 -0.00636051 0.0384427 0.0319343 -0.00634256 0.0381969 0.0318972 -0.00638273 0.0384906 0.0319615 -0.00654537 0.0387505 0.032122 -0.00646103 0.0386293 0.0320423 -0.0064922 0.038604 0.0320321 -0.00645145 0.038614 0.032033 -0.0065495 0.0387559 0.0321259 -0.00638972 0.0385046 0.0319694 -0.00638084 0.0381935 0.0319162 -0.00642362 0.0381912 0.0319174 -0.00645059 0.0377606 0.0319625 -0.00640842 0.0377529 0.0319623 -0.00421452 0.0315958 0.0284476 -0.00420741 0.0315954 0.0284586 -0.00434517 0.0326594 0.028689 -0.00510592 0.0342352 0.0299613 -0.00465645 0.033574 0.0292096 -0.0067308 0.0341392 0.0326788 -0.00620549 0.0345349 0.0318003 -0.00564257 0.0345681 0.0308588 -0.0042272 0.0315987 0.0283975 -0.00422416 0.031597 0.0284234 -0.00436284 0.0326682 0.0286553 -0.00467619 0.0335888 0.0291794 -0.00512865 0.0342545 0.0299361 -0.00566887 0.0345896 0.0308396 -0.00623554 0.0345561 0.0317873 -0.00676435 0.0341579 0.0326717 -0.00422617 0.0315996 0.0283845 -0.00436622 0.0326813 0.0286187 -0.00468267 0.0336111 0.029148 -0.00513961 0.0342833 0.0299122 -0.00568517 0.0346217 0.0308246 -0.00625744 0.0345879 0.0317817 -0.00679148 0.0341857 0.0326749 -0.00417099 0.0315501 0.0284723 -0.00172777 0.0315028 0.0298422 -0.00410718 0.0315105 0.0283655 -0.00170637 0.0315087 0.0298064 -0.00173283 0.031504 0.0298507 -0.0041539 0.031517 0.0284437 -0.00413095 0.0315028 0.0284053 -0.00175072 0.031517 0.0298806 -0.00163803 0.0315666 0.0298721 -0.00162973 0.0315781 0.0298583 -0.00167488 0.0315159 0.0298283 -0.00169932 0.0315115 0.0298692 -0.00166959 0.0315329 0.0298827 -0.00165088 0.0315362 0.0298514 -0.00164815 0.0315648 0.0298891 -0.00165483 0.0315434 0.0297948 -0.00164704 0.0315471 0.0298046 -0.00163554 0.0315573 0.0298257 -0.00163006 0.0315706 0.0298475 -0.00382264 0.0385841 0.0335506 -0.00380378 0.0385258 0.0335 -0.00381772 0.0385444 0.0334809 -0.00386857 0.0386617 0.0335876 -0.00383891 0.0385579 0.033464 -0.00379368 0.0384902 0.0334297 -0.00378172 0.0384677 0.0334544 -0.00375679 0.0384204 0.0334044 -0.00375565 0.0384104 0.0334147 -0.003839 0.0386421 0.0336054 -0.00386679 0.0387555 0.0337245 -0.00376382 0.0384366 0.0333845 -0.00377618 0.0384485 0.0333655 -0.00387507 0.0387598 0.0337212 -0.00385247 0.0386532 0.0335957 -0.0063518 0.0384552 0.0319283 -0.00638084 0.0385153 0.0319665 -0.00637061 0.0385258 0.0319652 -0.00632221 0.0385579 0.0319791 -0.00653171 0.0387598 0.0321327 -0.0064171 0.0386617 0.0320638 -0.00644678 0.0386421 0.0320461 -0.00645404 0.0386359 0.0320438 -0.00632908 0.038396 0.03189 -0.00631828 0.0384104 0.0318825 -0.00630862 0.0384204 0.0318786 -0.00635926 0.0385356 0.0319659 -0.00628776 0.0384366 0.0318754 -0.00643184 0.0386532 0.0320534 -0.00653851 0.0387555 0.032127 -0.00634713 0.0385444 0.0319685 -0.00626519 0.0384485 0.0318773 -0.00422347 0.0315763 0.0283913 -0.00420805 0.0315572 0.0284368 -0.00413605 0.0315471 0.0283164 -0.00415279 0.0315229 0.0283444 -0.0041819 0.0315706 0.0283217 -0.00419157 0.0315565 0.0283379 -0.00417337 0.0315162 0.0283788 -0.00420345 0.0315527 0.0283578 -0.00419325 0.0315285 0.0284121 -0.00421493 0.0315598 0.028377 -0.000788586 0.0335401 0.0284402 -0.000805566 0.0335167 0.0283973 -0.000791888 0.0336106 0.0284457 -0.000811286 0.0336387 0.0284069 -0.00335254 0.0336015 0.0269234 -0.00334373 0.0336106 0.0269199 -0.00332329 0.0336265 0.0269167 -0.00330029 0.0336387 0.0269186 -0.00328832 0.0336431 0.0269215 -0.00335002 0.0335476 0.0269192 -0.00334042 0.0335401 0.0269144 -0.00331862 0.0335269 0.0269089 -0.00328222 0.033513 0.0269113 -0.00329457 0.0335167 0.0269091 -0.000831529 0.0335812 0.0283433 -0.00083448 0.0336067 0.0283482 -0.000798016 0.0336021 0.0283847 -0.000832062 0.0335552 0.0283442 -0.000795923 0.0335574 0.0283812 -0.000783018 0.0335636 0.0284309 -0.000784227 0.0335894 0.0284329 -0.00334636 0.0335608 0.0269131 -0.00334772 0.0335899 0.0269153 -0.00327339 0.0335447 0.0268965 -0.00323681 0.0335424 0.0269099 -0.00324039 0.0336187 0.0269159 -0.00327669 0.0336151 0.026902 -0.00331438 0.033605 0.0269018 -0.00323471 0.0335812 0.0269064 -0.00327144 0.0335805 0.0268932 -0.00331037 0.0335786 0.0268951 -0.00331185 0.0335511 0.0268976 -0.00334555 0.0335756 0.0269117 -0.0252775 0.0593878 0.0694456 -0.0252788 0.0594015 0.0694458 -0.0252775 0.0593742 0.0694437 -0.0252219 0.0594069 0.0694069 -0.0252209 0.0593935 0.0694067 -0.025176 0.059415 0.0693958 -0.0251958 0.0593954 0.0693983 -0.0251752 0.0593965 0.069396 -0.0251598 0.0594364 0.0693935 -0.0251604 0.0594171 0.0693976 -0.02516 0.0593971 0.0693979 -0.0252236 0.0594199 0.0694055 -0.0251768 0.0594328 0.0693922 -0.0252259 0.0594324 0.0694026 -0.0251775 0.0594492 0.0693857 -0.0251425 0.0594553 0.0693921 -0.0251465 0.0594375 0.0693987 -0.0251483 0.0594233 0.0694018 -0.0251489 0.0593972 0.0694027 -0.0251459 0.0593718 0.0693977 -0.0252211 0.0593675 0.0694014 -0.0251954 0.0593642 0.0693908 -0.0251428 0.0593584 0.0693925 -0.0251561 0.0593592 0.0693874 -0.0251735 0.0593613 0.0693865 -0.0248651 0.0594233 0.0695711 -0.0248627 0.0593718 0.0695671 -0.0247792 0.0594503 0.0695691 -0.0248168 0.0594651 0.0695674 -0.0248004 0.0594059 0.0695855 -0.0248329 0.0594188 0.0695841 -0.0248253 0.0593617 0.0695754 -0.0248441 0.0593692 0.0695745 -0.0247728 0.0593869 0.0695753 -0.0248094 0.0593507 0.0695695 -0.0246761 0.0605065 0.0685877 -0.0246557 0.0605009 0.0685778 -0.0246676 0.0605027 0.0685704 -0.0247563 0.0606079 0.0685738 -0.0247501 0.0606087 0.0685616 -0.0247641 0.0606062 0.068585 -0.0246895 0.060513 0.0685821 -0.0247226 0.0605461 0.0685718 -0.0247288 0.0605454 0.0685836 -0.0246756 0.060505 0.0686111 -0.0246859 0.0605066 0.0686051 -0.0246983 0.0605128 0.0685984 -0.024713 0.0605254 0.0685909 -0.0247143 0.0605445 0.068547 -0.0246775 0.0605051 0.0685495 -0.0247446 0.060541 0.0686045 -0.024732 0.0605187 0.0686159 -0.0246948 0.060494 0.0686432 -0.0247072 0.0604957 0.0686366 -0.0247193 0.0605038 0.0686269 -0.0246458 0.0604926 0.0685613 -0.0246825 0.0605103 0.0685655 -0.0247177 0.0605458 0.0685595 -0.0219105 0.056813 0.0676633 -0.0219182 0.0568027 0.0676656 -0.0219357 0.0567834 0.0676657 -0.0219548 0.0567666 0.0676598 -0.0219646 0.0567596 0.0676547 -0.0243899 0.0604642 0.0688536 -0.0243524 0.0604493 0.0688553 -0.0244055 0.0604993 0.0688023 -0.0243924 0.060505 0.0687805 -0.024379 0.060504 0.0687581 -0.0228278 0.0555763 0.0655207 -0.0228305 0.0555882 0.0655253 -0.0228632 0.0555828 0.065511 -0.0228269 0.055512 0.0655193 -0.0228405 0.0555098 0.0655134 -0.022865 0.0554939 0.0655142 -0.0228952 0.0555173 0.0655063 -0.0228745 0.0555349 0.0655015 -0.0228498 0.0555467 0.0655049 -0.0228538 0.0555034 0.0655116 -0.0228254 0.0555247 0.0655167 -0.0228248 0.0555508 0.0655158 -0.0228955 0.0555674 0.0655066 -0.0229225 0.0555444 0.0655128 -0.0218932 0.0567928 0.0676453 -0.0219225 0.0567679 0.067652 -0.0219575 0.0567512 0.0676472 -0.0243732 0.0604947 0.0688153 -0.0243407 0.0604819 0.0688167 -0.0243131 0.0604551 0.068817 -0.0243604 0.0605014 0.0687656 -0.0243416 0.0604939 0.0687664 -0.0243131 0.0604628 0.0688065 -0.024317 0.0604753 0.0687839 -0.0243257 0.0604829 0.0687605 -0.0243317 0.0604848 0.068749 -0.021282 0.055512 0.0664431 -0.0212805 0.0555247 0.0664404 -0.0212799 0.0555508 0.0664395 -0.0212829 0.0555763 0.0664445 -0.0212856 0.0555882 0.066449 -0.0212075 0.055657 0.0664871 -0.0212279 0.0556411 0.0664903 -0.0212509 0.0556289 0.0664884 -0.0214585 0.0578709 0.0669074 -0.0214585 0.0578787 0.0668968 -0.0214624 0.0578911 0.0668742 -0.0214711 0.0578988 0.0668508 -0.0214771 0.0579007 0.0668393 -0.0210901 0.0556363 0.0664372 -0.0211353 0.0555742 0.0664705 -0.0212055 0.0555287 0.0664727 -0.0212188 0.0555641 0.0664632 -0.0212347 0.0555993 0.0664687 -0.021188 0.0556296 0.0664673 -0.0211626 0.0556005 0.0664615 -0.0211265 0.0556502 0.0664349 -0.0211579 0.0556709 0.0664452 -0.0214424 0.0578597 0.06688 -0.0214618 0.0578879 0.0668411 -0.0206756 0.0566391 0.0657212 -0.0206997 0.0566493 0.065721 -0.0207215 0.0566625 0.0657265 -0.0207478 0.0567329 0.0657183 -0.0207672 0.0567611 0.0656794 -0.0206973 0.0567389 0.0656113 -0.0206682 0.0566967 0.0656697 -0.0207159 0.0567061 0.0656876 -0.0207379 0.056738 0.0656435 -0.0207816 0.0567497 0.0656061 -0.0207682 0.0567486 0.0655837 -0.0207551 0.0567544 0.0655618 -0.022333 0.0567527 0.0646932 -0.0223131 0.0567486 0.0646599 -0.0222939 0.0567597 0.0646278 -0.0223875 0.0567966 0.0646181 -0.0223165 0.0567778 0.0645967 -0.0223055 0.0567619 0.0646187 -0.0223345 0.0567528 0.0646431 -0.0223492 0.0567645 0.0646229 -0.0223548 0.0567822 0.0646024 -0.0223134 0.0567683 0.0646078 -0.0223802 0.0567735 0.0646449 -0.022361 0.0567581 0.0646712 -0.00473439 0.0260615 0.0350881 -0.00474226 0.0260606 0.0350993 -0.00472824 0.0260631 0.0350759 -0.0047202 0.0261232 0.0351187 -0.00471273 0.0261239 0.0351077 -0.0046955 0.0261563 0.035143 -0.00469883 0.026144 0.0351181 -0.00468527 0.0261566 0.0351276 -0.00469546 0.0261666 0.0351679 -0.00468425 0.0261628 0.0351522 -0.0046735 0.0261627 0.0351353 -0.00472875 0.0261236 0.0351288 -0.0047068 0.026159 0.035157 -0.00473813 0.0261249 0.0351378 -0.00471856 0.0261642 0.035169 -0.00469311 0.0261767 0.0351913 -0.00468401 0.0261689 0.0351761 -0.00467671 0.0261654 0.0351639 -0.00466333 0.0261643 0.0351415 -0.00465026 0.0261701 0.0351197 -0.00470185 0.0261284 0.0350839 -0.00468585 0.0261506 0.0350895 -0.00464341 0.0261761 0.0351082 -0.00465587 0.0261737 0.0351017 -0.00467007 0.0261656 0.0350956 -0.00436091 0.0261754 0.0352787 -0.00436705 0.0261701 0.035289 -0.00438011 0.0261643 0.0353108 -0.0043935 0.0261654 0.0353332 -0.00440003 0.0261684 0.0353442 -0.00421315 0.0272815 0.0342163 -0.00421356 0.0272678 0.0342151 -0.00421484 0.0272951 0.0342172 -0.00422088 0.0272625 0.0342836 -0.00422061 0.0272758 0.0342846 -0.004209 0.0272543 0.0343293 -0.00421607 0.027274 0.0343107 -0.00420836 0.0272728 0.03433 -0.00420329 0.027233 0.0343447 -0.00419998 0.0272522 0.0343423 -0.00419946 0.0272723 0.0343424 -0.00422289 0.0272494 0.0342828 -0.00421253 0.0272365 0.0343303 -0.00422654 0.0272369 0.0342822 -0.00421856 0.0272202 0.0343328 -0.0041964 0.0272141 0.0343606 -0.00419239 0.0272318 0.0343539 -0.00419058 0.027246 0.0343509 -0.00419005 0.0272721 0.03435 -0.004193 0.0272976 0.0343549 -0.00422535 0.0273018 0.0342869 -0.00422249 0.0273052 0.0343146 -0.00419611 0.0273109 0.0343601 -0.00420691 0.0273102 0.0343508 -0.00421588 0.0273081 0.034336 -0.00438087 0.0261761 0.0353664 -0.00437909 0.0261845 0.0353792 -0.00438825 0.0261704 0.035354 -0.00431467 0.0261939 0.0353323 -0.00429529 0.02622 0.0353107 -0.00431457 0.0262052 0.0352784 -0.00433248 0.0261802 0.0353025 -0.00435836 0.026168 0.035329 -0.00434472 0.0261785 0.0353519 -0.00431037 0.0262143 0.0353634 -0.00431967 0.0262065 0.0353683 -0.00434143 0.0261941 0.0353756 -0.00436615 0.0261864 0.0353791 -0.00390978 0.0272976 0.0345242 -0.00390737 0.027246 0.0345202 -0.00386844 0.0272191 0.0345968 -0.00388773 0.0272043 0.0345645 -0.0046416 0.0287984 0.0387819 -0.0046509 0.0287907 0.0387868 -0.00467266 0.0287782 0.0387941 -0.00469737 0.0287705 0.0387975 -0.00471032 0.0287687 0.0387977 -0.00388072 0.0272506 0.0345425 -0.00386402 0.0272634 0.0345704 -0.0038584 0.0272722 0.0346075 -0.00385999 0.0272825 0.0345996 -0.00386815 0.0273019 0.0345841 -0.00388475 0.0273076 0.0345533 -0.00389158 0.0273256 0.0345639 -0.00388243 0.0273186 0.0345701 -0.0038944 0.0273002 0.0345371 -0.0047135 0.028777 0.0388075 -0.00464928 0.0288186 0.0388056 -0.00467854 0.0287937 0.0388122 -0.00708428 0.0298958 0.0391061 -0.00706257 0.0299098 0.0391054 -0.00702584 0.0299207 0.0390927 -0.00703891 0.029915 0.0391146 -0.00700593 0.0299166 0.0390594 -0.00701245 0.0299197 0.0390703 -0.00705343 0.0299108 0.0390545 -0.00709104 0.0298864 0.0390556 -0.00704504 0.0299097 0.0391248 -0.0042228 0.0299098 0.0379823 -0.00421365 0.0299027 0.0379885 -0.00419938 0.029886 0.0380026 -0.00419122 0.0298666 0.038018 -0.00418962 0.0298563 0.0380259 -0.00540809 0.0299038 0.0399692 -0.00537313 0.0299205 0.0399739 -0.00534387 0.0299454 0.0399672 -0.00546103 0.0299166 0.0399831 -0.00546755 0.0299197 0.0399941 -0.00548094 0.0299207 0.0400164 -0.00549401 0.029915 0.0400383 -0.00550014 0.0299097 0.0400486 -0.00421781 0.0299137 0.0380014 -0.00419841 0.0298856 0.0380402 -0.00544099 0.0299238 0.0400615 -0.00542747 0.0299263 0.0400116 -0.00533299 0.0300068 0.03999 -0.00535465 0.0299735 0.0400094 -0.00538783 0.0299452 0.040017 -0.00531601 0.0300303 0.0400329 -0.00534466 0.0299861 0.0400586 -0.00538855 0.0299487 0.0400686 -0.00491241 0.0310405 0.039163 -0.00489301 0.0310124 0.0392019 -0.00488917 0.0310293 0.039319 -0.00490615 0.0310059 0.0392761 -0.00496624 0.0310931 0.0391556 -0.00492257 0.0310814 0.0391931 -0.00490057 0.0310495 0.0392372 -0.00496866 0.0311446 0.0391597 -0.00491089 0.0311292 0.0392092 -0.00488179 0.031087 0.0392675 -0.00651114 0.0310931 0.0382319 -0.00651356 0.0311446 0.0382359 -0.00654252 0.0311638 0.0382 -0.00653282 0.0311498 0.0382194 -0.0065445 0.031102 0.0382033 -0.0065613 0.0311264 0.0381696 -0.00697263 0.0457245 0.0615816 -0.0108021 0.0519369 0.0679862 -0.0109959 0.0510431 0.0683104 -0.0110965 0.0500927 0.0684786 -0.0111 0.0491224 0.0684844 -0.0110063 0.0481693 0.0683277 -0.010819 0.0472702 0.0680144 -0.0105452 0.0464596 0.0675566 -0.0101956 0.0457687 0.0669718 -0.00978351 0.0452239 0.0662826 -0.00932479 0.0448462 0.0655154 -0.00883707 0.0446502 0.0646998 -0.00833911 0.0446434 0.0638669 -0.00785003 0.044826 0.063049 -0.00738862 0.0451911 0.0622773 -0.00699224 0.045696 0.061543 -0.0074113 0.0451587 0.0622439 -0.00787611 0.0447909 0.0630213 -0.00836881 0.044607 0.0638453 -0.00887046 0.0446138 0.0646843 -0.00936178 0.0448113 0.065506 -0.0098239 0.0451917 0.0662788 -0.010239 0.0457405 0.0669732 -0.0105913 0.0464366 0.0675622 -0.010867 0.0472532 0.0680234 -0.0110557 0.0481589 0.0683391 -0.0111502 0.049119 0.0684969 -0.0111466 0.0500965 0.068491 -0.0110453 0.0510539 0.0683216 -0.0108501 0.0519544 0.0679951 -0.00777575 0.0480838 0.059151 -0.00797203 0.0471785 0.0594793 -0.00798695 0.0471611 0.0594329 -0.0118506 0.0534706 0.065966 -0.0114293 0.0540108 0.0652614 -0.010962 0.0543805 0.0644798 -0.0104666 0.0545655 0.0636514 -0.00996227 0.0545586 0.0628079 -0.00946831 0.05436 0.0619818 -0.00900371 0.0539776 0.0612048 -0.00858634 0.0534258 0.0605067 -0.00823222 0.052726 0.0599145 -0.00795497 0.051905 0.0594508 -0.00776524 0.0509944 0.0591335 -0.00767033 0.0500292 0.0589747 -0.00767388 0.0490464 0.0589807 -0.0118938 0.053499 0.065967 -0.0114694 0.0540432 0.0652572 -0.0109987 0.0544156 0.06447 -0.0104997 0.0546019 0.0636355 -0.00999171 0.0545949 0.0627858 -0.00949414 0.054395 0.0619537 -0.00902616 0.0540097 0.061171 -0.00860573 0.0534539 0.0604678 -0.00824903 0.052749 0.0598713 -0.00796976 0.051922 0.0594042 -0.00777865 0.0510048 0.0590846 -0.00768304 0.0500325 0.0589247 -0.00768661 0.0490425 0.0589306 -0.00778923 0.048073 0.0591023 -0.00740031 0.0414704 0.0582308 -0.00748613 0.0414704 0.0581795 -0.00739752 0.0413256 0.0582262 -0.00748335 0.0413256 0.0581749 -0.00566172 0.0453885 0.0553231 -0.00574755 0.0453885 0.0552718 -0.0057353 0.0453676 0.0554462 -0.00582113 0.0453676 0.0553949 -0.00584122 0.0442385 0.0554285 -0.00575539 0.0442385 0.0554798 -0.00577403 0.0442032 0.0553161 -0.0056882 0.0442032 0.0553674 -0.00570574 0.0442292 0.0552019 -0.00561992 0.0442292 0.0552532 -0.00689068 0.0414557 0.0571837 -0.00680485 0.0414557 0.057235 -0.00688995 0.0415912 0.0571824 -0.00680413 0.0415912 0.0572338 -0.00691993 0.0417136 0.0572326 -0.0068341 0.0417136 0.0572839 -0.00353632 0.0502564 0.0519485 -0.00354115 0.050268 0.0519566 -0.00353862 0.0502141 0.0519524 -0.00353496 0.0502272 0.0519462 -0.00354226 0.050277 0.0519472 -0.00355819 0.0502815 0.0518796 -0.00358758 0.0502851 0.0518542 -0.00358485 0.0502731 0.0518497 -0.00358243 0.0502216 0.0518456 -0.0035819 0.0502477 0.0518447 -0.00355295 0.050247 0.0518709 -0.003584 0.0502089 0.0518482 -0.00356372 0.0501795 0.0518889 -0.00355489 0.0502111 0.0518741 -0.00355593 0.0501832 0.0518987 -0.00353767 0.0502176 0.0519085 -0.00354443 0.0501933 0.0519198 -0.00353618 0.050245 0.051906 -0.00354019 0.0502715 0.0519128 -0.00353415 0.0502421 0.0519449 -0.0035491 0.0502929 0.0519277 -0.00356165 0.0503051 0.0519083 -0.00356982 0.0503096 0.0518991 -0.00353895 0.0502066 0.0519417 -0.0109953 0.0623605 0.0644233 -0.0109964 0.0623695 0.0644138 -0.0110032 0.0623854 0.0643943 -0.0110158 0.0623976 0.064375 -0.0110239 0.0624021 0.0643658 -0.0055468 0.0455137 0.055311 -0.00554714 0.0455062 0.0553003 -0.00555261 0.0454929 0.0552784 -0.00556412 0.0454827 0.0552573 -0.00557191 0.045479 0.0552475 -0.00366826 0.0502216 0.0517943 -0.00367068 0.0502731 0.0517983 -0.0115258 0.0625706 0.0652051 -0.0112216 0.062564 0.0648017 -0.0116734 0.0622397 0.0655574 -0.0114698 0.0625198 0.0652169 -0.011683 0.0622472 0.0655622 -0.0114941 0.0625503 0.0652153 -0.0112373 0.062596 0.0647859 -0.0117288 0.0622706 0.0655675 -0.0117048 0.0622605 0.0655677 -0.0117412 0.0622743 0.0655653 -0.0112633 0.0626174 0.0647661 -0.00565287 0.045429 0.0554884 -0.00559443 0.0454456 0.0553906 -0.00560673 0.0454156 0.0553689 -0.00570849 0.0454677 0.0555814 -0.00571679 0.045458 0.055584 -0.00567312 0.0453967 0.05548 -0.00563035 0.0453955 0.0553452 -0.00570207 0.0453752 0.0554652 -0.00573632 0.0454407 0.0555857 -0.00575861 0.0454275 0.0555826 -0.00577032 0.0454227 0.0555793 -0.00372086 0.050149 0.0516613 -0.00373057 0.0501768 0.0516944 -0.00374026 0.0501772 0.0516224 -0.0037531 0.0502139 0.0516661 -0.00374438 0.050245 0.0517149 -0.00371544 0.0502658 0.0517614 -0.00372398 0.0502003 0.0517312 -0.0037021 0.0502161 0.0517663 -0.00373434 0.0501351 0.0517248 -0.00372853 0.0501558 0.0517573 -0.00370924 0.0501697 0.0517883 -0.0169269 0.0499433 0.0743436 -0.0169365 0.0499508 0.0743484 -0.0169583 0.049964 0.0743539 -0.0169823 0.0499742 0.0743537 -0.0169947 0.0499779 0.0743515 -0.0073817 0.041561 0.0583685 -0.00757369 0.042056 0.0586896 -0.00600138 0.0457361 0.05606 -0.00739962 0.0415865 0.0583271 -0.00758885 0.0420743 0.0586436 -0.00603911 0.0457017 0.0560517 -0.00771202 0.0426368 0.0588496 -0.00776184 0.0432405 0.0589329 -0.00773536 0.0438499 0.0588886 -0.00763414 0.0444287 0.0587193 -0.00746418 0.0449428 0.0584351 -0.00723555 0.0453617 0.0580527 -0.00696176 0.0456606 0.0575948 -0.00665904 0.0458218 0.0570885 -0.0063453 0.0458357 0.0565638 -0.00769865 0.0426266 0.0588986 -0.00774919 0.0432392 0.0589831 -0.00772233 0.0438574 0.0589382 -0.00761964 0.0444446 0.0587664 -0.0074472 0.0449662 0.058478 -0.00721524 0.0453912 0.0580901 -0.00693747 0.0456944 0.0576255 -0.00663034 0.045858 0.0571119 -0.00631203 0.0458722 0.0565795 -0.00571742 0.0454693 0.0551469 -0.00573672 0.0454554 0.0551159 -0.00574253 0.0454347 0.0550834 -0.00348311 0.0497561 0.0512749 -0.00348422 0.0497651 0.0512655 -0.00349106 0.0497811 0.051246 -0.00351179 0.0497977 0.0512175 -0.00350362 0.0497933 0.0512267 -0.00326248 0.0496873 0.0513105 -0.00334831 0.0496873 0.0512592 -0.00324328 0.0496983 0.0512784 -0.00332911 0.0496983 0.0512271 -0.00322336 0.0496942 0.0512451 -0.00330919 0.0496942 0.0511938 -0.00314786 0.0496372 0.0512876 -0.00317441 0.0496232 0.0513432 -0.00316986 0.0496587 0.0513115 -0.003184 0.0496307 0.051348 -0.00320233 0.0496712 0.0513292 -0.0032422 0.0496579 0.0513512 -0.00324032 0.0496726 0.051338 -0.00322985 0.0496542 0.0513534 -0.00320581 0.049644 0.0513535 -0.00316726 0.0496653 0.0512487 -0.00318778 0.0496847 0.0512756 -0.00321604 0.0496911 0.0513017 -0.00324774 0.0496833 0.0513231 -0.0169291 0.0485803 0.0742419 -0.0170541 0.0488813 0.0744509 -0.0168942 0.0485969 0.0742467 -0.0170164 0.0488914 0.0744511 -0.0168649 0.0486218 0.07424 -0.0169831 0.0489065 0.0744376 -0.0170166 0.0496216 0.0744937 -0.0170363 0.0492575 0.0745267 -0.0170715 0.0492546 0.0745433 -0.0170511 0.0496312 0.0745091 -0.0171104 0.0492526 0.0745452 -0.0170896 0.0496377 0.0745103 -0.00735063 0.0414566 0.0583165 -0.007364 0.0414667 0.0582675 -0.00734831 0.0413359 0.0583126 -0.00736134 0.0413284 0.0582631 -0.00737528 0.0412272 0.0583577 -0.00739226 0.0412038 0.0583148 -0.00592617 0.04541 0.055496 -0.00585436 0.04536 0.0553759 -0.00577891 0.0453815 0.0552497 -0.00580254 0.0453614 0.055226 -0.00581483 0.0453314 0.0552043 -0.00588331 0.0453384 0.0553611 -0.00590356 0.0453062 0.0553527 -0.00596017 0.0453919 0.0554896 -0.005988 0.0453649 0.0554939 -0.00343612 0.0496815 0.0512683 -0.00341207 0.0496713 0.0512684 -0.00340017 0.0496965 0.0512411 -0.00339972 0.0496676 0.0512706 -0.0034613 0.049746 0.0511752 -0.0034507 0.0497397 0.0512123 -0.00344952 0.0497217 0.0512469 -0.00339142 0.0497094 0.0512053 -0.00338714 0.0497081 0.0511666 -0.00345792 0.0496947 0.0512738 -0.00346752 0.0497022 0.0512785 -0.00551627 0.0443025 0.0551773 -0.00547042 0.0442791 0.0551719 0.00320165 0.0393366 0.0406683 0.00319503 0.0393522 0.0406492 0.00318225 0.0393647 0.0406294 0.00317322 0.0393696 0.0406193 -0.0094196 0.0365203 0.0617768 -0.00944004 0.0365044 0.06178 -0.00946304 0.0364922 0.0617781 -0.00940045 0.0365033 0.0616734 -0.00938347 0.0365268 0.0617163 -0.00776593 0.0444971 0.0585729 -0.00792941 0.0434981 0.0587409 -0.00778781 0.0444718 0.058504 -0.00778393 0.044487 0.0585398 -0.00647075 0.0457383 0.0563013 -0.00698972 0.0456975 0.0571693 -0.00785293 0.042485 0.0586552 -0.00757331 0.0416162 0.0581875 -0.00757996 0.0416387 0.0581564 -0.00742623 0.0452922 0.0580048 -0.00744719 0.0452751 0.0579766 -0.00745549 0.0452497 0.0579482 -0.00755346 0.0416011 0.0582176 -0.00783554 0.0424776 0.0586893 -0.00791067 0.0435017 0.058815 -0.00792742 0.0435003 0.0587798 -0.00785591 0.0424962 0.0586179 -0.00695013 0.04575 0.0572085 -0.00697523 0.045729 0.0571873 -0.00641964 0.0457916 0.0563213 -0.00644935 0.0457703 0.0563078 -0.00568614 0.0443159 0.0550945 -0.00569849 0.0443196 0.0550923 -0.00572254 0.0443298 0.0550922 -0.00574435 0.0443431 0.0550977 -0.00575394 0.0443506 0.0551025 -0.00553511 0.0441835 0.0552801 -0.00575925 0.0443107 0.055624 -0.00575424 0.0442986 0.0556466 -0.00569316 0.0441944 0.0555445 -0.00557419 0.0442169 0.0552742 -0.00577807 0.0443233 0.0555923 -0.00577041 0.0443199 0.0556023 -0.00571572 0.0442267 0.0555109 -0.00564553 0.0441898 0.0553935 -0.00561478 0.0441532 0.0554134 0.00327246 0.0379901 0.0405562 0.00336013 0.0383188 0.040419 0.00336057 0.0383098 0.0403846 0.00337918 0.0386862 0.0403507 0.00332304 0.0390359 0.0404795 0.00337866 0.038683 0.0403874 0.00332075 0.0390514 0.0404442 0.00325596 0.0379633 0.0405088 0.00334867 0.0383031 0.0403517 0.00326186 0.0379677 0.0405185 0.00336634 0.0386886 0.0403162 0.00334489 0.0388805 0.0403479 0.0033044 0.0390623 0.0404108 0.0032466 0.0392275 0.0405022 -0.00939125 0.0365145 0.0617294 -0.00940085 0.036509 0.0617454 -0.00941081 0.036511 0.0617621 -0.0094478 0.0364761 0.0617526 -0.00949276 0.0364633 0.0617304 -0.00947285 0.0364592 0.0616971 -0.00943056 0.0364725 0.0617238 -0.00945364 0.0364702 0.061665 -0.00941393 0.0364821 0.061696 -0.00754556 0.0411903 0.0582043 -0.00751237 0.0413241 0.0581488 -0.00751523 0.0414725 0.0581536 -0.00753239 0.0414786 0.0581191 -0.007535 0.0414876 0.0580812 -0.00752933 0.0413196 0.058114 -0.00753164 0.041313 0.0580756 -0.00756486 0.0411764 0.0581734 -0.00757066 0.0411557 0.0581409 -0.00575147 0.0442414 0.0551809 -0.00579055 0.0442748 0.055175 -0.00594707 0.044357 0.0554368 -0.00590344 0.0442826 0.0553638 -0.00584746 0.0442532 0.0552702 -0.0059309 0.0443356 0.055481 -0.00588089 0.0442503 0.0553974 -0.00581671 0.0442166 0.05529 -0.00645241 0.045026 0.0567201 -0.00683765 0.0448795 0.0573644 -0.00715045 0.0444175 0.0578875 -0.00732692 0.0437343 0.0581827 -0.00733102 0.0429695 0.0581895 -0.00709376 0.042313 0.0578982 -0.00725746 0.0429812 0.058172 -0.00712538 0.0422928 0.0579088 -0.00729232 0.0429742 0.058188 -0.00716192 0.0422793 0.0579067 -0.00679583 0.0418536 0.0573999 -0.00682155 0.0418242 0.0574007 -0.00685415 0.0418046 0.057392 -0.00725348 0.0437215 0.0581653 -0.00728827 0.0437292 0.0581812 -0.00708265 0.0443829 0.0578796 -0.00711405 0.0444036 0.0578899 -0.00680526 0.0448597 0.0573734 -0.00677986 0.0448301 0.0573732 -0.00642496 0.0450044 0.0567374 -0.00640694 0.0449719 0.0567495 -0.00607341 0.0448271 0.0560862 -0.00605082 0.044808 0.0561117 -0.00604006 0.0447794 0.0561359 -0.00198103 0.0256936 0.0493424 -0.00198387 0.0256816 0.0493239 -0.00199164 0.0256713 0.0493047 -0.00199754 0.0256669 0.049295 -0.00953947 0.0364702 0.0616136 -0.00955867 0.0364592 0.0616457 -0.00957859 0.0364633 0.0616791 -0.00956153 0.0364862 0.0615531 -0.00957304 0.036476 0.061532 -0.00957851 0.0364628 0.0615102 -0.0070416 0.0417713 0.0572983 -0.00702034 0.0417856 0.0573031 -0.00721241 0.0420265 0.0576243 -0.007009 0.0417909 0.057307 -0.00608728 0.04466 0.0557426 -0.00628126 0.044895 0.056067 -0.00649975 0.0450247 0.0564324 -0.00672801 0.0450403 0.0568142 -0.00695064 0.0449409 0.0571865 -0.00715262 0.0447331 0.0575243 -0.00732032 0.0444309 0.0578048 -0.00744242 0.0440548 0.058009 -0.00751069 0.0436301 0.0581231 -0.00752051 0.0431854 0.0581396 -0.00747123 0.0427508 0.0580572 -0.00736616 0.0423556 0.0578814 -0.00610679 0.0446883 0.0557039 -0.00630491 0.0449283 0.0560352 -0.00652807 0.0450608 0.0564085 -0.00676121 0.0450768 0.0567984 -0.0069886 0.0449752 0.0571787 -0.00719489 0.044763 0.0575237 -0.00736617 0.0444544 0.0578101 -0.00749088 0.0440702 0.0580187 -0.0075606 0.0436364 0.0581353 -0.00757064 0.0431822 0.0581521 -0.0075203 0.0427383 0.0580679 -0.00741299 0.0423347 0.0578884 -0.00725595 0.0419985 0.0576258 -0.00705978 0.0417525 0.0572977 -0.0067982 0.0417183 0.0572984 -0.00676166 0.0417319 0.0573005 -0.00673004 0.0417521 0.0572899 -0.00676747 0.0415929 0.057247 -0.00672876 0.0415976 0.0572455 -0.0066939 0.0416046 0.0572294 -0.00676821 0.0414539 0.0572483 -0.00672956 0.0414488 0.0572468 -0.00669478 0.0414411 0.0572309 -0.00680029 0.0413297 0.0573019 -0.0067639 0.0413158 0.0573043 -0.0067325 0.0412951 0.057294 -0.00256551 0.0253545 0.050194 -0.00230828 0.025372 0.0498985 -0.00212762 0.025474 0.049597 -0.00249683 0.0254138 0.0502129 -0.00266688 0.025589 0.0504944 -0.00251918 0.0253823 0.0502111 -0.00269613 0.025564 0.0505011 -0.0027311 0.0255474 0.0504964 -0.00213514 0.0254464 0.0495759 -0.00232274 0.0253402 0.0498869 -0.00215298 0.0254258 0.0495529 -0.00234643 0.0253171 0.0498706 -0.00236015 0.0253102 0.0498617 -0.00254951 0.0253605 0.0502012 -0.00275016 0.0255428 0.0504894 -0.00966691 0.0364115 0.0615538 -0.00965361 0.0363598 0.0614894 -0.00964164 0.0363642 0.0614922 -0.00962928 0.0364178 0.0615456 -0.00963945 0.0364494 0.0616233 -0.00960732 0.0364481 0.0616011 -0.00957997 0.036461 0.0615765 -0.00958939 0.0364014 0.0614874 -0.00959824 0.0364358 0.0615303 -0.00959821 0.0363924 0.0614909 -0.00961865 0.0363764 0.0614941 -0.00697016 0.0413431 0.0572191 -0.00695781 0.0413394 0.0572214 -0.00692732 0.0414575 0.0571704 -0.00699237 0.0416953 0.0572159 -0.00701601 0.0413666 0.0572245 -0.00699421 0.0413533 0.057219 -0.00696598 0.0414626 0.0571718 -0.00702561 0.0413741 0.0572293 -0.00700076 0.0414703 0.0571877 -0.00700018 0.0415779 0.0571868 -0.00702399 0.0416751 0.0572266 -0.00696532 0.0415849 0.0571707 -0.00692661 0.0415896 0.0571692 -0.00695583 0.0417089 0.057218 -0.00907436 0.0359743 0.0611281 -0.00905032 0.0359642 0.0611282 -0.00902851 0.0359509 0.0611227 -0.00902521 0.0358805 0.0611172 -0.00904565 0.0358646 0.0611204 -0.00906864 0.0358524 0.0611185 -0.00936157 0.0360085 0.0610951 -0.009405 0.0359803 0.0610965 -0.00925658 0.0359915 0.0610431 -0.00930244 0.0360149 0.0610484 -0.00903287 0.0359017 0.06113 -0.00913212 0.0359486 0.0611272 -0.00913369 0.0359359 0.0611298 -0.009084 0.0359336 0.0611442 -0.00913422 0.0359098 0.0611307 -0.00913127 0.0358844 0.0611258 -0.00908191 0.035889 0.0611407 -0.00912855 0.0358724 0.0611212 -0.00903408 0.0359274 0.061132 -0.00921438 0.0358724 0.0610699 -0.0092894 0.0358972 0.0610493 -0.00935818 0.0359324 0.0610573 -0.00932617 0.0359722 0.0610655 -0.00927417 0.0359456 0.0610595 -0.0092171 0.0358844 0.0610745 -0.00922005 0.0359098 0.0610794 -0.00921952 0.0359359 0.0610785 -0.00921795 0.0359486 0.0610759 -0.0189091 0.0479557 0.0739682 -0.0188077 0.0478165 0.0738709 -0.0187757 0.0478373 0.0738795 -0.0190179 0.0492076 0.0738848 -0.0190295 0.0492107 0.0738822 -0.0191116 0.0488717 0.0740469 -0.0189765 0.0491892 0.0738839 -0.0190425 0.0488622 0.0740363 -0.0190758 0.0488687 0.0740477 -0.019063 0.0484949 0.0741041 -0.0190288 0.0485007 0.074091 -0.0189247 0.0481518 0.0740336 -0.0187485 0.0478649 0.0738754 -0.0189571 0.0481336 0.0740445 -0.0190995 0.0484887 0.0741037 -0.0190571 0.0482985 0.0740869 -0.0189927 0.0481188 0.0740411 -0.0188776 0.0495361 0.0736501 -0.0188568 0.0495284 0.0736518 -0.0188361 0.0495177 0.0736492 -0.0188138 0.0495014 0.0736396 -0.0154062 0.0439719 0.070524 -0.0153743 0.0439926 0.0705326 -0.0153471 0.0440203 0.0705285 -0.018669 0.0498677 0.0734634 -0.0186631 0.0498631 0.0734672 -0.0187658 0.0497645 0.0735088 -0.018814 0.0496426 0.0735808 -0.0187725 0.0496112 0.0735801 -0.018781 0.0496218 0.0735817 -0.0187587 0.0496519 0.0735627 -0.0187289 0.0497276 0.0735298 -0.0187371 0.0497491 0.0735226 -0.0187241 0.0497389 0.0735248 -0.0186652 0.0498592 0.0734691 -0.0187716 0.0496139 0.073579 -0.0187913 0.0496293 0.073583 -0.0187512 0.0497578 0.0735172 -0.0186753 0.0498717 0.0734588 -0.0153378 0.0440076 0.0705164 -0.0153672 0.0439829 0.0705233 -0.0154024 0.0439666 0.070519 -0.0186022 0.0488563 0.0735556 -0.0187214 0.0492453 0.0736191 -0.0187556 0.0492396 0.0736322 -0.0186346 0.0488381 0.0735665 -0.0184269 0.0485154 0.0733818 -0.0183997 0.048543 0.0733777 -0.0187388 0.0496492 0.0735579 -0.0187031 0.049646 0.0735586 -0.0184751 0.0487053 0.0734855 -0.0185666 0.0488711 0.073559 -0.0186374 0.0490556 0.0736042 -0.0186849 0.0492514 0.0736195 -0.0183677 0.0485638 0.0733863 -0.0112301 0.0369439 0.0631748 -0.011207 0.0369559 0.0631764 -0.0111864 0.0369716 0.063173 -0.0149994 0.0447383 0.0700571 -0.0150205 0.0447235 0.0700527 -0.0150394 0.0447056 0.070054 -0.0111829 0.0369647 0.0631654 -0.0112041 0.0369502 0.0631702 -0.0112281 0.0369399 0.0631704 -0.0149843 0.0447177 0.0700374 -0.0150279 0.04469 0.0700391 -0.00559773 0.0234925 0.0477384 -0.00557771 0.0234952 0.0477433 -0.00554119 0.0235089 0.0477448 -0.0055109 0.0235318 0.047736 -0.010812 0.037695 0.0626932 -0.010824 0.0376907 0.0626905 -0.0108472 0.0376787 0.0626888 -0.0108677 0.037663 0.0626922 -0.0108766 0.0376541 0.0626958 -0.00546514 0.0233081 0.047418 -0.00524029 0.0233228 0.0470995 -0.00508627 0.0234274 0.0467854 -0.00495117 0.0236484 0.0465252 -0.0053886 0.0233609 0.0474326 -0.00541409 0.023331 0.0474318 -0.00495776 0.0236374 0.0465058 -0.00509937 0.0234009 0.046763 -0.00525943 0.0232922 0.0470875 -0.00512303 0.0233832 0.0467404 -0.00528792 0.0232722 0.0470722 -0.00496959 0.0236287 0.0464866 -0.00497764 0.0236254 0.0464772 -0.00544772 0.0233123 0.0474239 -0.0108054 0.037682 0.0626789 -0.0108179 0.0376786 0.0626772 -0.0108419 0.0376683 0.0626774 -0.0108631 0.0376539 0.0626822 -0.0108722 0.0376454 0.0626863 0.000932545 0.037459 0.0365927 0.000940595 0.0374622 0.0366021 0.000959015 0.0374819 0.0366407 -0.00547405 0.0250779 0.0482162 -0.0055066 0.0250718 0.0482095 -0.00553106 0.0250612 0.0482098 -0.00555178 0.025047 0.0482145 -0.0131193 0.0630442 0.0639976 -0.0132481 0.0627127 0.064235 -0.0131078 0.0630412 0.0640003 -0.013086 0.063033 0.064002 -0.0132274 0.062705 0.0642367 -0.0130663 0.0630227 0.0639994 -0.0131968 0.0626878 0.0642309 -0.0132066 0.0626943 0.0642341 -0.0124949 0.0633615 0.0631393 -0.0127436 0.0634021 0.0634405 -0.0126852 0.0633489 0.0634815 -0.0128981 0.0632441 0.06376 -0.0124481 0.0633111 0.0632018 -0.0122222 0.0631406 0.0629604 -0.0124604 0.0633399 0.0631791 -0.0122281 0.0631628 0.0629289 -0.0122458 0.0631754 0.0628964 -0.0129234 0.0632693 0.063758 -0.0127043 0.0633782 0.0634695 -0.0129532 0.0632861 0.0637473 -0.01273 0.0633974 0.063451 -0.0124821 0.0633577 0.0631524 -0.0122591 0.0631775 0.0628806 0.00103566 0.0377984 0.0364403 0.00108824 0.0385207 0.0366004 0.00105842 0.0378098 0.0365087 0.00105344 0.0378023 0.0364727 0.00101543 0.0388075 0.036821 0.00109977 0.0381767 0.0364521 0.00110367 0.0381716 0.0364895 0.00108203 0.0381818 0.0364188 0.00108301 0.0385383 0.0365657 0.00106327 0.038552 0.0365346 0.00103048 0.038715 0.0366382 0.00100644 0.0388345 0.0367942 0.00098416 0.0388541 0.0367689 -0.00534969 0.0248742 0.0478701 -0.00536613 0.0248693 0.0478649 -0.0052071 0.0248125 0.0474849 -0.00505836 0.0248965 0.0471107 -0.00523123 0.0247919 0.0474723 -0.0052474 0.0247635 0.0474628 -0.00506801 0.0248723 0.0470921 -0.00490989 0.025138 0.0468135 -0.00542109 0.0248215 0.0478589 -0.00539741 0.0248501 0.0478586 -0.00538233 0.0248612 0.047861 -0.00504046 0.0249147 0.0471301 -0.00489221 0.0251604 0.0468555 -0.00519342 0.0248189 0.0474917 -0.00489775 0.0251568 0.0468471 -0.013277 0.0626028 0.0643203 -0.0132034 0.0626276 0.0642624 -0.0132264 0.0626428 0.064273 -0.0132289 0.0625868 0.0643086 -0.0132517 0.0625955 0.0643182 -0.0132299 0.062585 0.0643106 -0.0133109 0.0623907 0.0645157 -0.0133192 0.0623896 0.064516 -0.0133099 0.0623939 0.0645126 -0.0132914 0.0624955 0.0644149 -0.0133088 0.0624965 0.064415 -0.0133278 0.0623882 0.0645153 -0.0132752 0.0624927 0.0644119 -0.0132716 0.0625012 0.0644028 -0.0132448 0.0625579 0.0643409 -0.0133267 0.0624956 0.064412 -0.00882135 0.0593042 0.0596034 -0.0088267 0.0593182 0.059582 -0.00883731 0.0593278 0.0595602 -0.00465123 0.0522563 0.0522545 -0.00881145 0.0592833 0.0596014 -0.0088126 0.0592924 0.059592 -0.00465238 0.0522654 0.0522451 -0.00881955 0.0593085 0.0595727 -0.00465933 0.0522815 0.0522258 -0.00883226 0.0593209 0.0595536 -0.00467204 0.0522939 0.0522067 -0.00884051 0.0593255 0.0595445 -0.00468029 0.0522985 0.0521977 -0.00464885 0.0522584 0.0522375 -0.00465645 0.0522758 0.0522196 -0.00466999 0.0522899 0.0522023 0.000343604 0.0374344 0.0380272 0.000347706 0.0374445 0.0380439 0.000355745 0.0374532 0.0380609 0.000361281 0.0374569 0.0380692 -0.0130092 0.0626897 0.0640217 -0.0131997 0.0625275 0.0643544 -0.01299 0.0626604 0.0640336 -0.0132296 0.0625443 0.0643439 -0.0129507 0.0626365 0.0640624 -0.0129643 0.0626412 0.064052 -0.0127354 0.062646 0.0637003 -0.0127231 0.0626171 0.063723 -0.0126886 0.0625955 0.0637627 -0.0124393 0.0624069 0.0635093 -0.0127014 0.0625993 0.0637497 -0.0124596 0.0624119 0.0634829 -0.0124704 0.0624218 0.0634606 -0.0124756 0.0624355 0.0634396 0.00050254 0.0383536 0.0378762 0.000502803 0.0383404 0.0378726 0.000502998 0.0383272 0.0378692 0.000502909 0.0383338 0.0378709 0.000503766 0.0382154 0.0378808 0.000456179 0.037804 0.0378879 0.000502028 0.0382207 0.0378471 0.000501802 0.0383799 0.0378838 0.000499498 0.038432 0.0379007 0.000483357 0.0386148 0.0380233 0.00050051 0.0386009 0.0380533 0.000516853 0.0384109 0.0379652 0.000422051 0.0389199 0.0383191 0.000468437 0.0387727 0.0381729 0.000516862 0.0382102 0.0379119 0.000468042 0.0378081 0.0379174 0.000479335 0.0386322 0.0379907 0.000391236 0.0389574 0.0382751 0.000448363 0.0387902 0.0381444 0.000398612 0.0389404 0.0382927 0.000412382 0.0389259 0.0383103 0.000502859 0.0383371 0.0378718 -0.00907336 0.0585894 0.0601685 -0.00908043 0.0585924 0.0601579 -0.00909104 0.058602 0.060136 -0.00909638 0.0586159 0.0601146 -0.00909695 0.0586242 0.0601045 -0.00489893 0.0515328 0.052778 -0.00492008 0.0515643 0.0527428 -0.00905702 0.0585672 0.0601472 -0.00906527 0.0585718 0.0601381 -0.00907798 0.0585843 0.060119 -0.00908493 0.0586004 0.0600997 -0.00908608 0.0586095 0.0600904 -0.00490505 0.0515448 0.0527912 -0.0049247 0.0515734 0.0527528 -0.0456236 0.0566806 0.0593161 -0.0444368 0.0540797 0.0563752 -0.0456321 0.0566859 0.059308 -0.0456529 0.0567167 0.059272 -0.0444577 0.0541105 0.0563392 -0.0456543 0.0567263 0.0592629 -0.0456281 0.0568077 0.0593232 -0.0430671 0.0628022 0.0550399 -0.0456336 0.0568053 0.0593165 -0.0430725 0.0627998 0.0550332 -0.0456474 0.0567937 0.059292 -0.0430864 0.0627882 0.0550087 -0.0456518 0.0567849 0.0592771 -0.0430907 0.0627794 0.0549938 -0.0456531 0.0567727 0.0592593 -0.043092 0.0627673 0.054976 -0.0444593 0.0540059 0.0562586 -0.0445125 0.0539949 0.0562114 -0.0445097 0.0539829 0.0562068 -0.0444747 0.0540548 0.0562511 -0.0444683 0.0541008 0.0562283 -0.0445133 0.0540592 0.0562128 -0.0445149 0.0540464 0.0562154 -0.0445154 0.0540204 0.0562163 -0.044432 0.0540365 0.0563178 -0.0444541 0.0540779 0.0562958 -0.0444501 0.0541212 0.0562677 -0.0430019 0.062817 0.0549314 -0.0430141 0.0628135 0.0549296 -0.0418189 0.0602073 0.0519968 -0.0418638 0.0601819 0.0520011 -0.043059 0.0627881 0.0549338 -0.0430682 0.0627794 0.0549378 -0.0419072 0.0600953 0.051945 -0.041889 0.0601157 0.0519844 -0.0447767 0.0539829 0.0560472 -0.0447794 0.0539949 0.0560517 -0.0447824 0.0540204 0.0560566 -0.0447819 0.0540464 0.0560558 -0.0447803 0.0540592 0.0560531 -0.041921 0.0601178 0.0518772 -0.0418808 0.0601262 0.0519129 -0.0418945 0.0601225 0.051833 -0.0418414 0.0601336 0.0518802 -0.0418601 0.0601493 0.0519576 -0.0418141 0.0601642 0.0519394 -0.0448011 0.0540516 0.0560393 -0.0448128 0.0540038 0.0560231 -0.0448199 0.0540747 0.0559815 -0.0448253 0.0540615 0.0559597 -0.0448296 0.0540282 0.0559894 -0.0448257 0.0540539 0.055949 -0.0448232 0.054 0.0559448 -0.044822 0.053991 0.0559542 -0.0448152 0.0539751 0.0559737 -0.0447945 0.0539585 0.0560023 -0.0448026 0.0539629 0.0559931 -0.0448108 0.0540657 0.0560198 -0.0448006 0.0540886 0.0560125 -0.0448084 0.0540849 0.0560026 -0.0421615 0.0601225 0.0516733 -0.042188 0.0601178 0.0517176 -0.0422646 0.0600485 0.0516657 -0.0422643 0.060056 0.0516764 -0.0422588 0.0600692 0.0516982 -0.0422473 0.0600794 0.0517194 -0.0422395 0.0600831 0.0517292 -0.0442818 0.0531267 0.0551448 -0.0442899 0.0531311 0.0551356 -0.0443025 0.0531434 0.0551162 -0.0443093 0.0531593 0.0550967 -0.0443104 0.0531683 0.0550873 -0.0409774 0.0530905 0.0570976 -0.0442388 0.0530905 0.0551475 -0.0409746 0.0530786 0.0570931 -0.0442361 0.0530786 0.055143 -0.0409717 0.0530531 0.0570881 -0.0442331 0.0530531 0.055138 -0.0409722 0.053027 0.057089 -0.0442337 0.053027 0.0551389 -0.0409738 0.0530143 0.0570917 -0.0442352 0.0530143 0.0551416 -0.0422333 0.0600986 0.0517091 -0.0422281 0.0600624 0.051616 -0.0422401 0.0600893 0.0516586 -0.0422077 0.0600783 0.0516128 -0.0421847 0.0600905 0.0516147 -0.0422025 0.0601136 0.0516575 -0.0422116 0.0601127 0.0517084 -0.0442975 0.0530309 0.0550882 -0.0443289 0.0530764 0.0550253 -0.0442829 0.0530664 0.0550954 -0.0442803 0.0531016 0.055112 -0.0443011 0.0531319 0.0550702 -0.044321 0.0531386 0.0549697 -0.044308 0.0531028 0.0550451 -0.0443017 0.0531525 0.0550007 -0.0442958 0.0531732 0.0550332 -0.04166 0.0592632 0.05076 -0.041695 0.0592466 0.0507553 -0.0417242 0.0592216 0.050762 -0.0417348 0.0591677 0.0507499 -0.0417406 0.059147 0.0507174 -0.0417599 0.0591331 0.0506865 -0.041729 0.0591807 0.0506588 -0.0416817 0.059221 0.050648 -0.0416251 0.0592479 0.0506556 -0.0415872 0.0592463 0.0507128 -0.0415741 0.0592521 0.0506909 -0.041568 0.0592574 0.0506806 -0.0417159 0.059185 0.0506953 -0.0416781 0.0592172 0.0506866 -0.0416329 0.0592388 0.0506928 -0.0416005 0.0592474 0.0507351 -0.0417142 0.0591994 0.0507315 -0.0416827 0.0592262 0.0507243 -0.0416451 0.0592441 0.0507294 -0.0416071 0.0592504 0.0507461 -0.0383391 0.0592474 0.0526852 -0.0383126 0.0592521 0.052641 -0.0506184 0.0492072 0.0549618 -0.0505982 0.0492184 0.0549972 -0.0505512 0.0493727 0.0548439 -0.0505236 0.0493982 0.0548687 -0.05049 0.0495426 0.0547258 -0.0504529 0.0495784 0.0547395 -0.050432 0.0497169 0.0546107 -0.0503287 0.049887 0.0545208 -0.0503734 0.0498863 0.054493 -0.0501271 0.0503652 0.0541347 -0.0502075 0.0502038 0.0542533 -0.050207 0.0501864 0.0542865 -0.0502914 0.0500459 0.0543757 -0.0501915 0.0501903 0.0543023 -0.0500297 0.0505468 0.0540494 -0.0500431 0.0505395 0.0540349 -0.0500538 0.0505287 0.0540176 -0.0501505 0.050319 0.0541126 -0.0501883 0.0502503 0.0541947 -0.0501181 0.0503845 0.0540932 -0.0500569 0.0504944 0.0539728 -0.0500522 0.0504877 0.0539589 -0.0500724 0.0504481 0.0539911 -0.050117 0.0503649 0.0539904 -0.0501668 0.0503059 0.0540649 -0.0501528 0.0503202 0.0540596 -0.0502299 0.050203 0.0541998 -0.0501187 0.0503646 0.0540381 -0.0501364 0.0503402 0.0540505 -0.0501796 0.0502732 0.0541471 -0.0502065 0.0502343 0.0541766 -0.050062 0.0504213 0.0539173 -0.0500576 0.0504291 0.0539255 -0.0500526 0.0504443 0.0539383 -0.0500505 0.0504743 0.0539535 -0.0500976 0.0504153 0.0540417 -0.0501011 0.0503925 0.0540231 -0.0500508 0.050457 0.0539465 -0.0500587 0.0505018 0.053983 -0.0502582 0.0501311 0.0542903 -0.0502489 0.0501808 0.054216 -0.0500866 0.0504018 0.053887 -0.050133 0.0503528 0.0539828 -0.0501863 0.0502922 0.0540651 -0.0501977 0.0502904 0.0540559 -0.0502887 0.0501585 0.0542203 -0.0504176 0.049886 0.0544662 -0.0506043 0.0492497 0.054771 -0.0506155 0.049141 0.0548074 -0.0506068 0.0491462 0.0548284 -0.0506267 0.0491374 0.0547913 -0.0505975 0.0492292 0.0547965 -0.0505951 0.0492459 0.05479 -0.0505858 0.049357 0.0547333 -0.0505804 0.0493304 0.0547573 -0.050557 0.04943 0.0547185 -0.0505427 0.049564 0.0546451 -0.0505972 0.0493554 0.054724 -0.0506305 0.0491366 0.0547871 -0.0505274 0.0495272 0.0546801 -0.0505243 0.0495362 0.0546766 -0.0500286 0.0469313 0.0538014 -0.0499706 0.0468895 0.0537112 -0.0499535 0.0468779 0.0537169 -0.049894 0.0468389 0.0536363 -0.0501419 0.0470291 0.0539749 -0.0500403 0.0469335 0.0537926 -0.0499134 0.0468569 0.0536156 -0.0502938 0.0472468 0.0542592 -0.050008 0.0469197 0.0537993 -0.050057 0.0469643 0.053883 -0.0501003 0.0470116 0.0539674 -0.0502496 0.0472465 0.054286 -0.0498803 0.0468057 0.0536575 -0.0498776 0.046785 0.0536636 -0.0499348 0.0468471 0.053745 -0.0499013 0.0468001 0.0537049 -0.0499632 0.0468734 0.0537936 -0.0499291 0.0468222 0.0537599 -0.0499902 0.0469008 0.0538445 -0.049952 0.0468425 0.0538154 -0.0500336 0.0469522 0.053936 -0.0501136 0.047048 0.0540485 -0.0500533 0.046969 0.0539204 -0.050154 0.0471155 0.0541458 -0.0500566 0.046987 0.054001 -0.0499624 0.0468542 0.0538592 -0.0498751 0.0467185 0.0537187 -0.0498816 0.0467347 0.0537025 -0.0498799 0.0467648 0.0536728 -0.0498847 0.0468208 0.0536496 -0.0499304 0.0468547 0.053713 -0.0499746 0.046891 0.0537799 -0.050016 0.0469293 0.0538494 -0.0498504 0.0466985 0.0537466 -0.0499443 0.0468471 0.0538998 -0.0500416 0.0469941 0.0540516 -0.0502048 0.0472456 0.0543136 -0.0504718 0.0476805 0.0547111 -0.050396 0.0475374 0.0545685 -0.050372 0.0475092 0.0545625 -0.0503228 0.0473893 0.0544281 -0.0503556 0.0475035 0.0545768 -0.0505308 0.0478036 0.0548874 -0.0505433 0.0478093 0.0548714 -0.0505532 0.0478186 0.0548529 -0.050539 0.0478369 0.0547711 -0.0505193 0.0477995 0.0547227 -0.0504781 0.0476943 0.0546595 -0.0505061 0.0477482 0.0546514 -0.0505458 0.0478974 0.0547429 -0.0505277 0.0478095 0.0546773 -0.0505484 0.0479005 0.0547307 -0.0505071 0.0477378 0.054635 -0.0505013 0.04772 0.0546244 -0.0504406 0.0475823 0.0545502 -0.0504311 0.0475482 0.0545206 -0.0504328 0.0476001 0.0546029 -0.0504941 0.0477223 0.0547213 -0.0505182 0.0477794 0.0547443 -0.0505472 0.0478868 0.0547773 -0.0505449 0.047894 0.0547551 -0.0505121 0.0477801 0.0546967 -0.0505077 0.0477626 0.0546725 -0.0504615 0.0476512 0.0546173 -0.0504491 0.0476133 0.0545806 -0.0504054 0.0475387 0.0545461 -0.0503818 0.0474832 0.054496 -0.0505577 0.0478554 0.0548103 -0.0505583 0.0478458 0.0548185 -0.0485266 0.0495779 0.0513493 -0.0485391 0.0495901 0.0513299 -0.048388 0.0491729 0.0510771 -0.0485197 0.0495619 0.0513688 -0.0483742 0.0491602 0.0511254 -0.0483512 0.0486705 0.051087 -0.048457 0.048224 0.0512639 -0.0483641 0.0486643 0.0510372 -0.048474 0.0482006 0.051221 -0.049141 0.0466589 0.0523066 -0.0491307 0.0466635 0.0523192 -0.0491192 0.0466737 0.0523403 -0.0491136 0.0466968 0.052376 -0.0491137 0.0466869 0.0523622 -0.0493388 0.0508752 0.0526373 -0.0493154 0.0508575 0.0526685 -0.0493074 0.0508297 0.0527002 -0.049209 0.0463691 0.0525357 -0.0492134 0.0456674 0.0525501 -0.0492376 0.0459132 0.0525835 -0.0492 0.0456195 0.0525177 -0.0491659 0.0454808 0.0524104 -0.0491692 0.045495 0.0524224 -0.0491896 0.0455061 0.0523878 -0.0491356 0.0453597 0.0522984 -0.0491963 0.0456055 0.0525077 -0.049239 0.0459166 0.0525408 -0.0492582 0.0459188 0.0525025 -0.0492312 0.0463495 0.0524574 -0.0492114 0.0463571 0.0524946 -0.0495228 0.0515617 0.0529451 -0.0494543 0.0521547 0.0528314 -0.0494938 0.0519918 0.0528966 -0.0494723 0.0520154 0.052923 -0.0494745 0.051998 0.0529333 -0.0494903 0.0518748 0.0529995 -0.0495037 0.0515597 0.0529834 -0.0494926 0.0518591 0.0530071 -0.0495023 0.0515566 0.0530261 -0.0495013 0.0518057 0.0530316 -0.049481 0.0519449 0.0529632 -0.0494318 0.0511182 0.0529082 -0.0494356 0.0511362 0.0528695 -0.0494563 0.0511477 0.0528338 -0.0492146 0.0456549 0.0525606 -0.0491947 0.0455948 0.052517 -0.0491909 0.0455843 0.0525266 -0.0491558 0.0455522 0.0525626 -0.0491196 0.0453503 0.0523054 -0.0491261 0.0454483 0.052439 -0.0491557 0.045468 0.0524212 -0.0491612 0.0454742 0.0524159 -0.0492391 0.0457015 0.05261 -0.0492369 0.0456858 0.0526265 -0.049185 0.0455745 0.0525363 -0.0492311 0.0456738 0.0526417 -0.0491422 0.0454569 0.0524309 -0.0491279 0.0453546 0.0523021 -0.049177 0.0455657 0.0525457 -0.0492077 0.045656 0.0526729 -0.0494392 0.0521644 0.0528399 -0.0494958 0.0517983 0.0531547 -0.0494546 0.0519224 0.0530623 -0.0494356 0.0520465 0.0529565 -0.0494634 0.0520273 0.0529357 -0.0494738 0.0519601 0.0529806 -0.0494746 0.0519098 0.0530434 -0.0494868 0.0518931 0.0530214 -0.0494931 0.0518463 0.0530852 -0.0495031 0.0518269 0.0530573 -0.0494471 0.0521598 0.0528359 -0.0494509 0.0520379 0.0529471 -0.0495176 0.0517835 0.053121 -0.0495232 0.0517604 0.0530853 -0.0506612 0.0481042 0.0550966 -0.0505385 0.0478117 0.0548915 -0.0505592 0.0478284 0.054863 -0.0506792 0.0481145 0.0550636 -0.0505672 0.0478533 0.054834 -0.0506831 0.0481299 0.055028 -0.0506041 0.0492093 0.0550012 -0.0507175 0.0488618 0.0550854 -0.0507386 0.048489 0.0551207 -0.0507147 0.0488717 0.055123 -0.0507366 0.0484861 0.0551596 -0.0506975 0.0488784 0.0551574 -0.0507198 0.0484841 0.0551948 -0.0506234 0.0491955 0.0549702 -0.0506292 0.0491747 0.0549377 -0.0496278 0.0467468 0.053236 -0.0496478 0.0467829 0.0532245 -0.0498562 0.0505397 0.0534981 -0.0494065 0.050483 0.0527448 -0.0490159 0.0500349 0.0520973 -0.0487751 0.0492913 0.0516947 -0.0487341 0.0484157 0.051626 -0.0489017 0.0475994 0.0519063 -0.0492414 0.0470207 0.0524744 -0.0496789 0.046806 0.0532062 -0.0498084 0.050599 0.0535382 -0.049344 0.0505406 0.0527614 -0.0489439 0.0500773 0.0520923 -0.0486955 0.0493103 0.0516769 -0.0486532 0.0484072 0.0516061 -0.0488261 0.0475652 0.0518952 -0.0491764 0.0469682 0.0524812 -0.0498251 0.0505634 0.053521 -0.0493693 0.0505061 0.0527587 -0.0489767 0.0500514 0.052102 -0.0487329 0.0492987 0.0516944 -0.0486914 0.0484124 0.0516249 -0.048861 0.047586 0.0519086 -0.0492049 0.0470002 0.0524837 -0.0506219 0.0491966 0.0549407 -0.0506207 0.0491827 0.0549201 -0.050561 0.0479098 0.0547056 -0.0505366 0.0478078 0.0546579 -0.0505086 0.0477099 0.0546041 -0.0505693 0.047913 0.0546952 -0.0505201 0.0477119 0.054595 -0.050447 0.047524 0.0544851 -0.0506028 0.0492048 0.0548778 -0.0505866 0.0492525 0.0548352 -0.0506063 0.0491523 0.0548756 -0.0505939 0.0492174 0.0548245 -0.0506038 0.0491497 0.0548577 -0.0505726 0.0493098 0.0548124 -0.0505876 0.0492672 0.0548607 -0.0505559 0.0493687 0.0547898 -0.0505692 0.0493284 0.0548472 -0.0505203 0.049473 0.0547494 -0.0505348 0.0494642 0.0547244 -0.050559 0.0493819 0.0547572 -0.0505786 0.0492992 0.0547908 -0.050481 0.0496097 0.0546622 -0.0506302 0.0485104 0.0549125 -0.0506316 0.0485137 0.0548698 -0.0506508 0.0485158 0.0548315 -0.0440056 0.0631442 0.0439023 -0.0439694 0.0631642 0.0439109 -0.0439232 0.0630084 0.0437588 -0.0438788 0.0630156 0.0437556 -0.0438429 0.0628757 0.0436088 -0.0437912 0.0628685 0.043598 -0.0437614 0.0627472 0.0434545 -0.0436376 0.062617 0.0433303 -0.0436831 0.0626161 0.0433039 -0.0434138 0.0621821 0.0429069 -0.0435036 0.0623252 0.0430413 -0.0434975 0.0623535 0.0430651 -0.0435925 0.0624733 0.0431721 -0.0434771 0.0623591 0.0430729 -0.0432864 0.062059 0.0427715 -0.0433065 0.0620534 0.0427681 -0.0433274 0.062044 0.0427681 -0.0434644 0.0621752 0.0429304 -0.0434914 0.0622651 0.0429944 -0.0434155 0.062142 0.0428834 -0.0433671 0.0620072 0.0427843 -0.0433732 0.0619929 0.0427885 -0.0433942 0.0620308 0.042822 -0.04347 0.0620532 0.0428736 -0.0435042 0.0621426 0.042922 -0.0434889 0.0621309 0.0429145 -0.043544 0.0622908 0.043018 -0.0434504 0.0620949 0.0428857 -0.0434705 0.0621147 0.0429022 -0.0434942 0.0622197 0.0429661 -0.043521 0.0622588 0.0429954 -0.0434328 0.0619622 0.0428302 -0.043422 0.061967 0.0428276 -0.0434048 0.0619754 0.0428201 -0.0433811 0.0619874 0.0427993 -0.0434073 0.0620872 0.0428525 -0.0434297 0.062073 0.0428656 -0.0433934 0.0619815 0.0428122 -0.0433602 0.0620169 0.0427799 -0.0435619 0.062383 0.0430911 -0.0435623 0.0623145 0.043033 -0.0434742 0.0619488 0.0428282 -0.0434914 0.0620549 0.042875 -0.0435255 0.0621528 0.0429252 -0.0435389 0.0621508 0.0429193 -0.0436012 0.0623386 0.0430358 -0.0437276 0.0626158 0.0432776 -0.0440054 0.0629314 0.0437279 -0.0439975 0.0629429 0.0437471 -0.0439533 0.0629038 0.043674 -0.0440574 0.0629731 0.0438217 -0.0441055 0.0630102 0.0439197 -0.0440872 0.0630237 0.0439246 -0.0441227 0.0630021 0.0439136 -0.0440518 0.0629916 0.0438491 -0.0440443 0.0629848 0.0438341 -0.0440045 0.0629492 0.0437594 -0.0439062 0.0628335 0.043546 -0.0440187 0.0629292 0.0437218 -0.0441277 0.0630004 0.0439116 -0.0438984 0.0628557 0.0435935 -0.0438931 0.0628511 0.0435862 -0.0452503 0.0618456 0.0458098 -0.0452687 0.0617383 0.0458475 -0.0452595 0.0617345 0.0458665 -0.0452712 0.0616348 0.0459049 -0.0452071 0.0620526 0.0457216 -0.0452616 0.061844 0.0458004 -0.0452854 0.061627 0.0458755 -0.045082 0.0623746 0.0455427 -0.0452419 0.0618332 0.0458283 -0.0452183 0.0619301 0.0457904 -0.0451887 0.0620248 0.0457531 -0.0450378 0.0623749 0.0455695 -0.0452688 0.0616459 0.045945 -0.0452748 0.0616498 0.0459656 -0.0452492 0.061749 0.0459085 -0.0452663 0.0616974 0.0459531 -0.0452352 0.0618053 0.0458862 -0.0452512 0.0617589 0.0459364 -0.0452186 0.0618628 0.0458642 -0.0452332 0.0618182 0.0459235 -0.0451839 0.0619637 0.0458251 -0.0451442 0.0621013 0.0457373 -0.0451966 0.0619604 0.0457979 -0.0450964 0.0622055 0.0456872 -0.0451544 0.0620312 0.0458022 -0.0452156 0.0618613 0.0459203 -0.0452828 0.0616958 0.0460383 -0.0452864 0.0616852 0.0460172 -0.0452828 0.0616589 0.0459843 -0.0452678 0.0616414 0.0459281 -0.0452561 0.0617193 0.0458955 -0.0452406 0.0617994 0.0458625 -0.0452208 0.0618803 0.0458297 -0.0452626 0.061707 0.0460737 -0.045188 0.0618868 0.0459451 -0.0451173 0.062067 0.045816 -0.0449931 0.0623756 0.0455973 -0.0447915 0.0628538 0.0452111 -0.0448719 0.0626924 0.0453298 -0.0448715 0.062675 0.045363 -0.0449558 0.0625345 0.0454521 -0.0448559 0.0626789 0.0453788 -0.0446942 0.0630354 0.0451259 -0.0447076 0.0630281 0.0451113 -0.0447182 0.0630173 0.0450941 -0.0447344 0.0629398 0.0450631 -0.0447603 0.0628881 0.0450911 -0.0448119 0.0628127 0.0451829 -0.0448084 0.0628201 0.0451222 -0.0447208 0.062919 0.0450007 -0.0447815 0.0628535 0.0450669 -0.0447265 0.0629099 0.0449938 -0.0448216 0.0628065 0.0451263 -0.0448312 0.0627945 0.0451414 -0.0448898 0.0626997 0.0452668 -0.0449133 0.0626694 0.0452925 -0.0448517 0.0627409 0.0452688 -0.044782 0.062874 0.0451681 -0.0447604 0.0629061 0.0451146 -0.0447121 0.0629493 0.0450183 -0.0447165 0.062929 0.0450073 -0.0447765 0.0628621 0.0451041 -0.0447929 0.0628391 0.0451147 -0.0448403 0.062768 0.0452161 -0.0448668 0.0627301 0.0452445 -0.0448881 0.0626781 0.0453186 -0.0449212 0.0626229 0.0453635 -0.0447214 0.062983 0.0450493 -0.0447232 0.0629904 0.0450594 -0.0438657 0.0589702 0.0435541 -0.0438772 0.05896 0.043533 -0.0440913 0.0586654 0.0438911 -0.0445672 0.0588452 0.0447275 -0.0445468 0.0588611 0.0447242 -0.0443177 0.058655 0.044341 -0.0438602 0.0589834 0.0435759 -0.0440663 0.0586998 0.0439207 -0.0443523 0.058619 0.0443276 -0.0445902 0.058833 0.0447256 -0.0453946 0.0601071 0.0460408 -0.045356 0.0601248 0.0460467 -0.0453243 0.0601526 0.0460387 -0.0432308 0.0604924 0.0424221 -0.043209 0.0605072 0.0424558 -0.0432034 0.0605303 0.0424915 -0.0454914 0.0603379 0.0463181 -0.0458495 0.0603533 0.0469241 -0.0457239 0.0603948 0.046707 -0.0458785 0.0603185 0.0469626 -0.0460609 0.0600973 0.0471562 -0.0459717 0.060209 0.0470684 -0.0459829 0.0602054 0.0470248 -0.0459609 0.0602219 0.047057 -0.0459575 0.0602259 0.0470535 -0.046065 0.0600919 0.0471601 -0.0455174 0.0603039 0.0463166 -0.0455524 0.0602821 0.0463047 -0.0458873 0.0603081 0.0469736 -0.0457421 0.0603588 0.0466923 -0.045772 0.0603358 0.046672 -0.0428786 0.0608511 0.0418329 -0.0426238 0.0608154 0.0414754 -0.0426183 0.0608062 0.0414599 -0.0426579 0.0607945 0.0414638 -0.0425738 0.0607183 0.0413242 -0.0425719 0.060714 0.0413179 -0.04267 0.0608811 0.0415928 -0.0428486 0.0608741 0.0418532 -0.0426764 0.0608888 0.0416072 -0.0428304 0.0609101 0.0418677 -0.0426994 0.0609143 0.0416557 -0.0426431 0.0608452 0.0415272 -0.0430553 0.0607727 0.0422439 -0.0430659 0.0607414 0.0422166 -0.043091 0.0607214 0.0421882 -0.0458521 0.0603629 0.0469371 -0.0458875 0.0603152 0.0469859 -0.0458859 0.0603215 0.0469991 -0.0458607 0.0603344 0.0470517 -0.0460509 0.0600951 0.0471731 -0.0459466 0.0602131 0.0471213 -0.0459661 0.060213 0.0470867 -0.0459693 0.0602113 0.0470775 -0.0458245 0.0604178 0.0468993 -0.0458237 0.0604309 0.0469181 -0.0458823 0.0603268 0.0470127 -0.0458189 0.0604409 0.046935 -0.0459576 0.0602144 0.0471047 -0.0460562 0.0600966 0.0471649 -0.0458768 0.0603308 0.0470263 -0.045797 0.0604557 0.0469687 -0.0426449 0.0610171 0.0416969 -0.0425916 0.0609166 0.0415842 -0.0425605 0.0608161 0.0414582 -0.0426 0.0608125 0.041457 -0.0426224 0.0608564 0.0415218 -0.0426211 0.0609106 0.0415812 -0.0426483 0.0608981 0.0415844 -0.0426489 0.0609561 0.0416387 -0.0426785 0.0609372 0.0416436 -0.0425639 0.0607185 0.0413241 -0.0425541 0.0607179 0.0413247 -0.0425803 0.0608159 0.0414564 -0.0426835 0.0609993 0.0416911 -0.0427151 0.0609716 0.041699 -0.0445438 0.0632819 0.0448656 -0.0446939 0.0630429 0.0451166 -0.0447132 0.063029 0.0450857 -0.0445664 0.0632628 0.0448401 -0.044719 0.0630082 0.0450532 -0.0445771 0.0632342 0.0448158 -0.0439766 0.0631706 0.0439171 -0.0442014 0.0633011 0.0441876 -0.0443928 0.0633423 0.0445076 -0.0441777 0.063332 0.0441902 -0.0443757 0.0633746 0.0445212 -0.0441465 0.0633526 0.0442012 -0.0443488 0.0633962 0.0445396 -0.0440116 0.0631539 0.0439124 -0.0440409 0.063129 0.043919 -0.0452987 0.0611546 0.0459958 -0.0453 0.061155 0.045953 -0.0434026 0.0614966 0.0427093 -0.0434316 0.0606192 0.0427578 -0.0436621 0.0598633 0.0431433 -0.0440437 0.0593941 0.0437815 -0.044493 0.0593141 0.044533 -0.044912 0.0596407 0.0452336 -0.0452089 0.0603026 0.0457303 -0.0453191 0.0611552 0.0459146 -0.0433218 0.0615067 0.0426896 -0.0433518 0.0606016 0.0427397 -0.0435895 0.059822 0.0431373 -0.0439831 0.0593381 0.0437956 -0.0444466 0.0592555 0.0445707 -0.0448787 0.0595924 0.0452934 -0.045185 0.0602752 0.0458057 -0.0433599 0.0615005 0.0427082 -0.0433893 0.0606123 0.0427574 -0.0436226 0.0598472 0.0431477 -0.0440089 0.0593722 0.0437937 -0.0444638 0.0592912 0.0445544 -0.0448878 0.0596219 0.0452636 -0.0451885 0.0602919 0.0457664 -0.044023 0.0631279 0.0439042 -0.0440383 0.0631096 0.0439113 -0.0448622 0.062779 0.0451324 -0.0447421 0.0628948 0.0449736 -0.044751 0.0628902 0.0449645 -0.0447974 0.0628414 0.0450593 -0.0448507 0.0627808 0.0451415 -0.0449531 0.0626471 0.0452968 -0.0439167 0.0628975 0.043656 -0.0440324 0.0630641 0.0438891 -0.0440147 0.0630192 0.0438441 -0.0440629 0.063064 0.043932 -0.0440428 0.0630138 0.0438681 -0.0440703 0.0630473 0.0439306 -0.0439851 0.0629925 0.043795 -0.0439968 0.0630416 0.0438377 -0.0439525 0.0629645 0.0437459 -0.0439577 0.0630206 0.0437898 -0.0438905 0.0629116 0.0436614 -0.0439624 0.0629381 0.0437245 -0.0440045 0.062977 0.0437958 -0.0438298 0.0628165 0.0435384 -0.0443936 0.063108 0.0444821 -0.0444118 0.063072 0.0444674 -0.0444417 0.063049 0.0444471 -0.0355782 0.0235252 0.0298078 -0.0355535 0.0235052 0.0298356 -0.0356655 0.0236609 0.0299483 -0.0356474 0.0236538 0.0299889 -0.0357597 0.0237937 0.03009 -0.0357447 0.0238009 0.0301407 -0.0358571 0.0239222 0.0302349 -0.0359079 0.0240523 0.0304027 -0.0359527 0.0240532 0.0303751 -0.0361749 0.0244872 0.0308002 -0.0360991 0.0243441 0.0306575 -0.0360751 0.0243159 0.0306516 -0.0360259 0.024196 0.0305172 -0.0360587 0.0243103 0.0306659 -0.0362339 0.0246103 0.0309765 -0.0362464 0.024616 0.0309605 -0.0362563 0.0246253 0.030942 -0.0361781 0.0244941 0.0307445 -0.0361345 0.0244043 0.0306904 -0.0361964 0.0245274 0.0308098 -0.0362608 0.0246621 0.0308994 -0.03626 0.0246765 0.030892 -0.0362404 0.0246385 0.0308577 -0.0362308 0.0246162 0.0307664 -0.0362044 0.0245267 0.0307134 -0.0362038 0.0245385 0.0307305 -0.0361387 0.0243786 0.0306329 -0.0362109 0.0245744 0.030778 -0.0362059 0.0245547 0.0307525 -0.0361608 0.0244496 0.0307014 -0.0361477 0.0244105 0.0306639 -0.0362515 0.0247072 0.0308198 -0.0362487 0.0247024 0.0308306 -0.0362471 0.0246939 0.0308492 -0.0362547 0.0246818 0.030881 -0.0362198 0.0245821 0.0308317 -0.0362189 0.0245963 0.0308057 -0.0362487 0.0246879 0.030863 -0.0362614 0.0246525 0.0309076 -0.0360828 0.0242863 0.0305825 -0.0361341 0.0243549 0.0306097 -0.0362729 0.0247206 0.0307842 -0.0362397 0.0246145 0.0307469 -0.0362117 0.0245166 0.0306932 -0.0362232 0.0245186 0.0306841 -0.0361501 0.0243307 0.0305742 -0.0359969 0.0240535 0.0303483 -0.0357317 0.023738 0.0298905 -0.0357111 0.0237264 0.0298884 -0.0357545 0.0237655 0.0299619 -0.0356737 0.0236962 0.0298003 -0.0356101 0.0236592 0.0297115 -0.0355971 0.0236456 0.0297254 -0.0356236 0.0236673 0.0296993 -0.0356469 0.0236778 0.0297923 -0.0356566 0.0236846 0.029806 -0.0357035 0.0237202 0.0298764 -0.035845 0.0238358 0.030064 -0.0357434 0.0237402 0.0298816 -0.0356278 0.0236689 0.0296958 -0.0357995 0.0238136 0.0300483 -0.0358034 0.0238183 0.0300565 -0.0344869 0.0248238 0.0278086 -0.0344624 0.024931 0.0277745 -0.0344413 0.0249349 0.0277736 -0.0345442 0.0246167 0.0278883 -0.0345005 0.0248254 0.027803 -0.0346425 0.0242948 0.0280832 -0.0344667 0.0248362 0.0278072 -0.0344888 0.0247392 0.0278459 -0.0345078 0.0246445 0.0278896 -0.034598 0.0242945 0.0281094 -0.0343994 0.0249204 0.0277628 -0.0343683 0.0249719 0.0277266 -0.0344125 0.0248641 0.0277856 -0.0343758 0.0249105 0.0277478 -0.034424 0.0248065 0.0278107 -0.0343787 0.0248511 0.0277698 -0.034442 0.0247057 0.0278597 -0.0345006 0.0245681 0.0279364 -0.034472 0.0247089 0.0278614 -0.0345221 0.0244639 0.0280021 -0.0344482 0.0246381 0.0278966 -0.0343731 0.0248081 0.0277868 -0.034301 0.0249735 0.0276718 -0.0343213 0.0249841 0.0276786 -0.0343486 0.0250105 0.0276973 -0.0344142 0.02495 0.0277628 -0.0344359 0.0248699 0.0277922 -0.0344554 0.0247891 0.0278251 -0.0342603 0.0249623 0.0276728 -0.0343382 0.0247826 0.0277994 -0.0344185 0.0246024 0.0279227 -0.0345524 0.0242937 0.0281357 -0.0347012 0.0239943 0.0283537 -0.0347307 0.0239769 0.028369 -0.0346626 0.0241349 0.0282372 -0.0347972 0.0238156 0.028496 -0.0348355 0.0236373 0.0286193 -0.0348656 0.0236521 0.028616 -0.0346799 0.0239905 0.0283599 -0.0349005 0.0237296 0.0286164 -0.0348881 0.0237812 0.0285803 -0.0348317 0.0238567 0.0284915 -0.0348834 0.0238492 0.0285232 -0.034949 0.0237503 0.0286579 -0.0349194 0.0238159 0.0285731 -0.0349578 0.0237595 0.0286562 -0.0348861 0.0238628 0.0285096 -0.0348774 0.0238749 0.0284941 -0.0347947 0.0239697 0.0283831 -0.0347831 0.024 0.0283502 -0.0347748 0.0239285 0.0284157 -0.0348305 0.0237954 0.0285248 -0.0348675 0.0237632 0.0285691 -0.0349295 0.0237201 0.0286573 -0.0349411 0.0237403 0.0286586 -0.0348843 0.0238073 0.0285599 -0.0348828 0.0238303 0.0285404 -0.0348159 0.0239013 0.0284507 -0.0348034 0.0239392 0.028414 -0.0347482 0.0239913 0.0283601 -0.0347243 0.0240464 0.0283097 -0.0349065 0.0236864 0.0286344 -0.0348984 0.023679 0.028628 -0.0357872 0.0276784 0.0300856 -0.0355836 0.0279586 0.029745 -0.0353354 0.0280028 0.0293299 -0.0351091 0.0277992 0.0289514 -0.0351102 0.0278082 0.028942 -0.0353512 0.0280347 0.0293141 -0.0351171 0.0278241 0.0289225 -0.0351296 0.0278363 0.0289031 -0.0353772 0.0280561 0.0292943 -0.0351378 0.0278408 0.0288939 -0.035608 0.027989 0.0297435 -0.0356397 0.0280093 0.0297333 -0.0358186 0.0276992 0.0300959 -0.035855 0.0277131 0.0300935 -0.0343203 0.0265168 0.027635 -0.0343214 0.0265286 0.0276228 -0.0343283 0.0265445 0.0276033 -0.0343408 0.0265567 0.0275839 -0.0343517 0.0265623 0.0275721 -0.0365154 0.0261769 0.0311908 -0.0364753 0.0261621 0.0311941 -0.0364413 0.026139 0.0311822 -0.0341522 0.0263307 0.0273537 -0.0337889 0.0263161 0.0267533 -0.0339182 0.026275 0.0269624 -0.0337687 0.0263508 0.0267096 -0.0337632 0.0263612 0.0266966 -0.0339398 0.026311 0.0269535 -0.0337245 0.0264475 0.0265922 -0.0339719 0.026334 0.0269369 -0.0337601 0.0264676 0.0265827 -0.033683 0.0265775 0.0264517 -0.0336845 0.0265721 0.0264572 -0.0337196 0.0264604 0.0265773 -0.0341929 0.0263865 0.0273065 -0.0341658 0.0263647 0.0273316 -0.0368677 0.0258183 0.03178 -0.0370612 0.0258532 0.0321727 -0.0370731 0.0258632 0.0321858 -0.0370884 0.0258749 0.0321491 -0.0371716 0.025951 0.0322893 -0.0371762 0.0259554 0.0322939 -0.0369805 0.0257883 0.0320774 -0.0368357 0.0257952 0.0317968 -0.0369708 0.0257806 0.0320649 -0.0368143 0.0257593 0.031806 -0.036939 0.0257551 0.0320217 -0.0370256 0.0258242 0.0321321 -0.0365893 0.0258966 0.0314298 -0.0366184 0.025928 0.0314334 -0.0366553 0.025948 0.0314247 -0.0337787 0.0263065 0.0267449 -0.0337524 0.0263542 0.0266905 -0.0337401 0.0263478 0.0266857 -0.0336818 0.0263349 0.0266831 -0.0336649 0.0265742 0.026458 -0.0336612 0.0264563 0.0265745 -0.0337008 0.0264564 0.0265736 -0.0337104 0.0264581 0.0265751 -0.0337989 0.0262515 0.0267871 -0.033782 0.0262384 0.0267789 -0.0337264 0.0263426 0.0266825 -0.0337649 0.0262284 0.0267751 -0.033681 0.0264549 0.0265726 -0.0336747 0.0265728 0.0264572 -0.0337118 0.0263386 0.0266809 -0.0337248 0.0262136 0.0267784 -0.0368769 0.0256523 0.0320502 -0.036951 0.0257527 0.0321506 -0.0370472 0.0258532 0.0322376 -0.037067 0.0258569 0.0322033 -0.0370205 0.0258129 0.0321529 -0.0369675 0.0257587 0.0321259 -0.0369777 0.0257713 0.0321004 -0.0369301 0.0257133 0.0320743 -0.0369398 0.0257321 0.0320459 -0.037167 0.0259509 0.032298 -0.0371618 0.0259515 0.0323064 -0.0370582 0.0258535 0.0322209 -0.0369003 0.02567 0.032019 -0.0369083 0.0256978 0.0319873 -0.0351792 0.0232732 0.0292038 -0.0349843 0.0233875 0.0288778 -0.0348342 0.0236265 0.0286267 -0.0348706 0.0236404 0.0286244 -0.0350174 0.0234066 0.0288699 -0.034902 0.0236611 0.0286347 -0.0350439 0.0234352 0.028872 -0.0355801 0.0235403 0.0297688 -0.0354195 0.0233683 0.0295002 -0.0355721 0.0235154 0.0297977 -0.035406 0.0233374 0.0295199 -0.0355514 0.0234988 0.0298263 -0.0353816 0.0233167 0.0295422 -0.0352282 0.0233271 0.0291803 -0.0352081 0.0232947 0.0291888 -0.0363345 0.025345 0.0310036 -0.0362814 0.0261353 0.0309149 -0.0363036 0.0261157 0.0308365 -0.036355 0.0253495 0.0309226 -0.0363359 0.0253477 0.0309609 -0.0362838 0.0261233 0.0308738 -0.0355847 0.0235414 0.0297916 -0.0355857 0.0235597 0.0297747 -0.0349 0.0238904 0.0284711 -0.034983 0.0237745 0.028652 -0.0349953 0.0237792 0.0286484 -0.0349337 0.023828 0.0285627 -0.0348865 0.0238885 0.0284768 -0.0347981 0.0240223 0.0283131 -0.035753 0.0237719 0.0300026 -0.0356025 0.0236053 0.0297905 -0.0356338 0.0236502 0.0298273 -0.0355791 0.0236054 0.0297432 -0.0356259 0.0236555 0.0297911 -0.0355838 0.023622 0.0297374 -0.035663 0.0236769 0.0298767 -0.0356309 0.0236278 0.0298461 -0.0356908 0.0237049 0.0299286 -0.0356546 0.0236488 0.0299032 -0.0357359 0.0237578 0.0300232 -0.0357143 0.0237313 0.02993 -0.0356715 0.0236924 0.0298592 -0.0358155 0.0238529 0.0301348 -0.035251 0.0235614 0.0291916 -0.0352725 0.0235973 0.0291825 -0.0353046 0.0236204 0.0291658 -0.0297605 0.0397798 0.0199108 -0.0297474 0.0397915 0.0199231 -0.0297085 0.0397381 0.0198169 -0.0296093 0.0396402 0.0196351 -0.0297218 0.0397359 0.0198109 -0.0294307 0.0394225 0.0193667 -0.0297006 0.0397496 0.0198362 -0.0296501 0.039705 0.0197534 -0.0295962 0.0396578 0.0196753 -0.0293862 0.0394228 0.019393 -0.0297138 0.0398222 0.0199263 -0.0297333 0.0398693 0.0199748 -0.0296845 0.0397959 0.0198783 -0.029698 0.0398472 0.0199243 -0.0296524 0.0397685 0.0198304 -0.0296599 0.0398269 0.0198779 -0.0295923 0.0397172 0.0197489 -0.0295311 0.0396214 0.0196251 -0.0296154 0.0397003 0.0197389 -0.0294645 0.0395539 0.0195435 -0.029546 0.0396824 0.0196978 -0.0296263 0.0398152 0.0198479 -0.0297087 0.0399509 0.0199914 -0.0297261 0.0399346 0.0199933 -0.0297515 0.0399046 0.0200088 -0.0297399 0.0398146 0.0199453 -0.0297019 0.0397783 0.0198747 -0.0296603 0.0397401 0.0198054 -0.0296725 0.0399709 0.0199999 -0.0295819 0.0398223 0.0198447 -0.0294943 0.0396752 0.0196871 -0.0293407 0.0394237 0.0194193 -0.0292006 0.0391602 0.0191542 -0.0292067 0.0391319 0.0191303 -0.0292957 0.03928 0.0192612 -0.0291169 0.0389888 0.018996 -0.0289994 0.0388634 0.0188586 -0.0290305 0.0388507 0.0188572 -0.0291802 0.0391658 0.0191619 -0.0290959 0.0388324 0.0189084 -0.0291291 0.0388698 0.0189487 -0.0291654 0.038975 0.0190149 -0.0291857 0.0389212 0.0189941 -0.029124 0.038772 0.0189158 -0.0291731 0.0388599 0.0189627 -0.0291359 0.0387689 0.0189193 -0.0292007 0.0389315 0.019001 -0.0292073 0.0389493 0.0190111 -0.0292439 0.039087 0.0190996 -0.0292654 0.0391212 0.0191221 -0.0291938 0.0390692 0.0190816 -0.0291184 0.038947 0.0189716 -0.0291096 0.03889 0.0189394 -0.0290943 0.0387825 0.0188983 -0.0291127 0.0387754 0.0189108 -0.0291487 0.0388892 0.0189674 -0.029168 0.0389068 0.0189826 -0.0291947 0.0390181 0.0190494 -0.0292211 0.039056 0.0190778 -0.0292309 0.0391306 0.0191326 -0.0292638 0.0391861 0.0191771 -0.0290702 0.0388139 0.0188734 -0.0290633 0.0388236 0.018869 -0.0289654 0.0374621 0.0187483 -0.0289247 0.0374509 0.0187493 -0.0290375 0.0372967 0.0188633 -0.0290026 0.0372712 0.0188759 -0.0291126 0.0371267 0.018973 -0.0290829 0.0370909 0.0189992 -0.0291865 0.0369525 0.0190786 -0.0292168 0.0367823 0.0192121 -0.0292624 0.0367831 0.0191859 -0.0294616 0.0363041 0.0195725 -0.0293951 0.0364655 0.0194455 -0.0293656 0.0364829 0.0194302 -0.029327 0.0366235 0.0193137 -0.0293443 0.0364791 0.0194364 -0.0294906 0.0361226 0.0196986 -0.0295097 0.0361299 0.0196937 -0.02953 0.0361407 0.0196925 -0.0294921 0.0363503 0.0195623 -0.0294376 0.0364191 0.0194902 -0.0294938 0.0362848 0.0196 -0.0295709 0.036175 0.0197109 -0.029581 0.0361817 0.0197216 -0.0295622 0.0362212 0.0196886 -0.0295838 0.0363044 0.0196496 -0.0295418 0.0363635 0.0195706 -0.0295399 0.0363492 0.0195854 -0.0294528 0.0364663 0.0194511 -0.0295427 0.0363047 0.0196256 -0.0295401 0.0363292 0.0196042 -0.0294755 0.0363962 0.0195204 -0.0294622 0.0364351 0.0194827 -0.0296223 0.0362481 0.0197327 -0.029613 0.0362402 0.0197327 -0.0295993 0.036225 0.019731 -0.0295846 0.0361938 0.0197256 -0.0295295 0.0362541 0.0196425 -0.0295475 0.0362768 0.0196482 -0.0295912 0.0362124 0.0197287 -0.0295629 0.0361676 0.0197045 -0.0293865 0.0365382 0.0193833 -0.0294476 0.0364886 0.0194267 -0.0296605 0.0362676 0.0197254 -0.0295981 0.0363166 0.0196391 -0.0295509 0.0363771 0.0195533 -0.0295644 0.036379 0.0195476 -0.0294626 0.0365109 0.0193896 -0.0293069 0.0367833 0.0191597 -0.0291513 0.0373124 0.0188851 -0.0291311 0.0373248 0.0188837 -0.0291508 0.0372394 0.0189175 -0.0291269 0.0374196 0.018851 -0.0291001 0.0375284 0.0188239 -0.0290775 0.0375232 0.0188216 -0.0291196 0.0375319 0.0188216 -0.0291012 0.0374402 0.0188449 -0.0291058 0.0374234 0.01885 -0.0291276 0.0373389 0.0188785 -0.0292086 0.0371053 0.0189648 -0.0291649 0.037314 0.0188795 -0.0291251 0.0375328 0.0188203 -0.0291705 0.0371421 0.0189617 -0.0291722 0.0371331 0.0189661 -0.0311577 0.0370915 0.0223007 -0.0311807 0.0370793 0.0222988 -0.0313319 0.0374965 0.0225516 -0.0312218 0.0384586 0.0224079 -0.0312 0.0384453 0.0224024 -0.0313058 0.0379989 0.0225793 -0.0311373 0.0371074 0.0222974 -0.0312828 0.0375092 0.0225409 -0.0313557 0.0380051 0.0225915 -0.0312459 0.0384688 0.0224078 -0.0304075 0.0357941 0.0209756 -0.0303689 0.0358119 0.0209814 -0.0303372 0.0358396 0.0209735 -0.0306053 0.0400104 0.0213063 -0.0305652 0.0399957 0.0213096 -0.0305311 0.0399726 0.0212977 -0.0302234 0.0351077 0.0206678 -0.0302947 0.0345083 0.0207849 -0.0302525 0.0346776 0.0207164 -0.0302115 0.0346701 0.0207165 -0.030219 0.034654 0.0207227 -0.0302911 0.0345146 0.020782 -0.0301602 0.0347946 0.0206707 -0.0301806 0.0351097 0.0206665 -0.0301546 0.0348102 0.020665 -0.0301424 0.0351128 0.0206475 -0.0301371 0.0348636 0.0206458 -0.0301877 0.0347245 0.0206961 -0.0302129 0.0355511 0.0207654 -0.0302488 0.0355332 0.0207805 -0.03029 0.0355216 0.0207791 -0.0304356 0.0403002 0.021138 -0.030425 0.041002 0.0211273 -0.030407 0.0407562 0.0210902 -0.0304472 0.0410499 0.0211545 -0.0306098 0.0413097 0.021315 -0.0305255 0.0411886 0.0212353 -0.0305567 0.0411632 0.0212251 -0.0305159 0.0411732 0.021226 -0.030614 0.0413151 0.0213189 -0.0304542 0.0410639 0.0211624 -0.0304453 0.0407527 0.0211092 -0.0304881 0.0407505 0.0211104 -0.0304729 0.0403122 0.0211553 -0.0305151 0.0403199 0.0211555 -0.030026 0.034871 0.0205924 -0.0300879 0.0347469 0.0206724 -0.0301721 0.0346228 0.0207392 -0.0302036 0.0346421 0.0207246 -0.030169 0.0347092 0.0206941 -0.0301141 0.0347595 0.0206638 -0.0301392 0.0347762 0.0206634 -0.0300859 0.0348231 0.0206277 -0.0301153 0.0348425 0.0206321 -0.0302838 0.0345096 0.0207862 -0.0302766 0.034505 0.0207912 -0.0301877 0.0346315 0.0207302 -0.0300661 0.0348858 0.0205891 -0.0301002 0.0349089 0.0206011 -0.0288082 0.0381853 0.0185486 -0.0288669 0.0385651 0.0186467 -0.0289918 0.0374946 0.0187502 -0.0289035 0.0378075 0.0186025 -0.0289604 0.0374739 0.0187399 -0.028869 0.0377976 0.0185871 -0.028924 0.03746 0.0187422 -0.0288306 0.037791 0.018586 -0.0289378 0.0385395 0.0186599 -0.0290538 0.038816 0.0188538 -0.0289045 0.0385549 0.0186465 -0.0290245 0.038841 0.0188471 -0.0289895 0.0388576 0.0188519 -0.0288823 0.0381803 0.0185671 -0.0288472 0.0381833 0.0185505 -0.0304163 0.0410144 0.0211213 -0.0304453 0.0410746 0.0211595 -0.0304351 0.041085 0.0211582 -0.0303867 0.0411172 0.0211721 -0.0305962 0.0413191 0.0213257 -0.0304816 0.041221 0.0212568 -0.0305112 0.0412014 0.0212391 -0.0305185 0.0411951 0.0212368 -0.0303844 0.0409678 0.0210764 -0.0303688 0.0409835 0.0210704 -0.0304237 0.0410949 0.0211589 -0.0303527 0.0409956 0.0210684 -0.0304963 0.0412124 0.0212464 -0.030603 0.0413147 0.02132 -0.0304116 0.0411037 0.0211615 -0.0303141 0.0410133 0.0210742 -0.0289857 0.0374727 0.0187551 -0.0290032 0.0374867 0.0187659 -0.0298541 0.0360647 0.0201654 -0.0302739 0.0361135 0.0208676 -0.030646 0.0364957 0.0214899 -0.0309039 0.0371432 0.0219212 -0.0310016 0.0379405 0.0220846 -0.0309217 0.0387452 0.0219509 -0.0303166 0.0361705 0.0208236 -0.0299095 0.0361232 0.0201427 -0.0310221 0.0379418 0.0220034 -0.0309274 0.0371688 0.021845 -0.0306773 0.0365411 0.0214269 -0.0309445 0.0387219 0.0218738 -0.0298767 0.0361004 0.0201582 -0.0302888 0.0361482 0.0208474 -0.030654 0.0365234 0.0214582 -0.0309071 0.0371588 0.0218815 -0.0310029 0.0379413 0.0220418 -0.0309245 0.038731 0.0219106 -0.029135 0.0372052 0.0189343 -0.029032 0.0374646 0.0188017 -0.0290619 0.0374169 0.0188362 -0.0290357 0.0375171 0.0187997 -0.0290748 0.0374519 0.0188347 -0.0290503 0.0375197 0.0188103 -0.0290754 0.0373595 0.0188593 -0.02904 0.0374022 0.0188232 -0.0290874 0.0373007 0.0188847 -0.0290431 0.037341 0.0188458 -0.0291061 0.0371964 0.0189352 -0.0291176 0.0372874 0.0188974 -0.0290973 0.0373702 0.0188642 -0.0291644 0.0370596 0.0190111 -0.029242 0.0389575 0.0190084 -0.029164 0.0387596 0.01892 -0.029177 0.0387563 0.0189177 -0.0291945 0.0388616 0.0189641 -0.0292286 0.0389595 0.0190143 -0.0293043 0.0391453 0.0191248 -0.0290955 0.0381535 0.0187814 -0.0290144 0.0381589 0.0187611 -0.0290527 0.0381556 0.0187801 -0.0315593 0.0405798 0.0204969 -0.0316594 0.0403867 0.0204834 -0.0316756 0.0403951 0.020487 -0.0312517 0.0411396 0.0208147 -0.0318014 0.040023 0.0206087 -0.0317495 0.0402018 0.0205205 -0.0317135 0.040186 0.020524 -0.0317875 0.0400189 0.0206113 -0.0316268 0.0403705 0.0204863 -0.0315312 0.0405644 0.0204986 -0.0314305 0.0407596 0.020559 -0.0314883 0.0407874 0.0205696 -0.0314771 0.0407834 0.0205644 -0.0314654 0.0407785 0.0205607 -0.0312391 0.0411342 0.0208131 -0.0314535 0.0407728 0.0205584 -0.0318698 0.0400667 0.020629 -0.0317036 0.0404101 0.0205031 -0.0317821 0.0402211 0.020532 -0.0318579 0.0400548 0.0206195 -0.0317668 0.0402113 0.0205245 -0.0318472 0.0400464 0.0206141 -0.0318254 0.0400331 0.0206085 -0.0316905 0.040403 0.0204937 -0.0312274 0.0411272 0.0208119 -0.0324457 0.0384822 0.0217092 -0.032458 0.0384859 0.021707 -0.0324821 0.0384961 0.0217068 -0.0325039 0.0385093 0.0217123 -0.0325135 0.0385168 0.0217171 -0.0326317 0.0380178 0.0219148 -0.0325967 0.0380123 0.0218985 -0.0324434 0.0370215 0.0215998 -0.032606 0.0374705 0.0218719 -0.0324141 0.0370465 0.0215931 -0.0325718 0.0374817 0.0218569 -0.0323791 0.0370631 0.0215979 -0.0325335 0.0374892 0.021856 -0.0325579 0.0380086 0.0218968 -0.0316457 0.0357509 0.0202771 -0.0316253 0.0357669 0.0202739 -0.0316023 0.0357791 0.0202758 -0.0314273 0.0348533 0.0199831 -0.0314512 0.0353619 0.020023 -0.0315002 0.0353492 0.0200337 -0.0314772 0.0348595 0.0199953 -0.0315371 0.0343896 0.0201668 -0.0315612 0.0343998 0.0201667 -0.031583 0.034413 0.0201722 -0.034876 0.0267352 0.0256683 -0.0348446 0.0267145 0.025658 -0.0348082 0.0267006 0.0256604 -0.0352861 0.0263576 0.0264596 -0.0355255 0.0265729 0.0268599 -0.0355336 0.0265773 0.0268508 -0.0353121 0.0263789 0.0264398 -0.0350236 0.0264043 0.0260206 -0.0350553 0.0264247 0.0260104 -0.0350796 0.0264551 0.0260089 -0.0353278 0.0264109 0.026424 -0.0355462 0.0265895 0.0268314 -0.035553 0.0266054 0.0268119 -0.0355541 0.0266145 0.0268025 -0.0363418 0.0278851 0.0281311 -0.0363224 0.0278569 0.02817 -0.0371007 0.0277499 0.0294003 -0.0368728 0.0280634 0.0290192 -0.0368349 0.0280291 0.0290271 -0.0370548 0.0277265 0.0293949 -0.0370789 0.0277367 0.0293948 -0.0365951 0.0281129 0.0285546 -0.0365668 0.0280768 0.0285788 -0.037767 0.0262204 0.0305033 -0.0377356 0.0261996 0.0304931 -0.0376992 0.0261857 0.0304954 -0.0381771 0.0258427 0.0312947 -0.0384164 0.026058 0.031695 -0.0384246 0.0260625 0.0316858 -0.038203 0.0258641 0.0312748 -0.0379145 0.0258895 0.0308556 -0.0379462 0.0259098 0.0308454 -0.0379706 0.0259403 0.0308439 -0.0382188 0.0258961 0.031259 -0.0384372 0.0260747 0.0316664 -0.038444 0.0260906 0.0316469 -0.0384451 0.0260996 0.0316375 -0.0502565 0.0452569 0.0514741 -0.0502759 0.045285 0.0514352 -0.0503955 0.0455732 0.0516353 -0.0503808 0.0455562 0.0516819 -0.0504368 0.0459253 0.0517756 -0.050416 0.0463082 0.0517409 -0.0503217 0.0466464 0.0515831 -0.0504495 0.0459287 0.0517255 -0.0504295 0.0462973 0.0516921 -0.0503387 0.046623 0.0515402 -0.0496823 0.0481525 0.0504312 -0.049682 0.04816 0.0504419 -0.0496765 0.0481733 0.0504637 -0.049665 0.0481834 0.0504848 -0.0496572 0.0481871 0.0504947 -0.0495641 0.0486515 0.0502335 -0.0495619 0.048657 0.0502721 -0.0497524 0.0496478 0.0505485 -0.0495898 0.0491988 0.0502764 -0.0497445 0.0496229 0.0505774 -0.0495868 0.0491876 0.0503137 -0.0497238 0.0496062 0.050606 -0.0495694 0.0491801 0.0503478 -0.049545 0.0486607 0.050307 -0.0505412 0.0509274 0.0518677 -0.0505333 0.0509025 0.0518966 -0.0505126 0.0508858 0.0519252 -0.0506594 0.0512121 0.0520653 -0.0506555 0.051197 0.0521011 -0.0506375 0.0511869 0.0521342 -0.050673 0.0519433 0.0521935 -0.0506939 0.0515582 0.0522284 -0.0507106 0.0515602 0.0521933 -0.0506902 0.0519368 0.0521591 -0.0505781 0.0522835 0.0520348 -0.0505859 0.0522798 0.052025 -0.0505974 0.0522696 0.0520039 -0.0506029 0.0522563 0.0519821 -0.0507127 0.0515631 0.0521544 -0.0506929 0.0519272 0.0521214 -0.0506032 0.0522488 0.0519714 -0.0472947 0.0599688 0.0465434 -0.0473025 0.0599651 0.0465336 -0.047314 0.0599549 0.0465125 -0.0473194 0.0599416 0.0464907 -0.0473198 0.0599341 0.04648 -0.0468168 0.0603118 0.0457442 -0.0470793 0.060265 0.0461833 -0.0471033 0.0602447 0.0461602 -0.0465774 0.0600965 0.0453439 -0.0465894 0.060092 0.045341 -0.0468465 0.0602904 0.0457307 -0.0471162 0.0602142 0.0461394 -0.046868 0.0602584 0.0457243 -0.0466124 0.0600798 0.0453391 -0.0466328 0.0600639 0.0453423 -0.0466417 0.0600549 0.0453458 -0.045844 0.0587843 0.0440231 -0.0458006 0.0588124 0.0440218 -0.0450852 0.0589194 0.0427539 -0.045313 0.058606 0.043135 -0.0450682 0.0589428 0.0427969 -0.0452881 0.0586403 0.0431647 -0.0455908 0.0585565 0.0435996 -0.0455562 0.0585926 0.043613 -0.0444288 0.0604481 0.0416437 -0.0444285 0.0604565 0.0416557 -0.0443888 0.0604874 0.0417226 -0.0444027 0.060484 0.0417096 -0.0444115 0.0604799 0.0416986 -0.0440219 0.0607974 0.0413401 -0.0441954 0.0607232 0.0414491 -0.0441883 0.0607302 0.0414647 -0.0443005 0.0606271 0.04161 -0.0441698 0.0607354 0.0414948 -0.0441796 0.0607343 0.0414802 -0.0443128 0.0606253 0.0415957 -0.0443233 0.0606206 0.0415798 -0.0443314 0.0606129 0.0415632 -0.0443382 0.0605903 0.0415315 -0.0442031 0.0607018 0.0414206 -0.0440302 0.0607787 0.0413154 -0.0438274 0.0608188 0.0412197 -0.0433621 0.0607858 0.0410689 -0.043357 0.0607926 0.0410797 -0.0433531 0.0607983 0.0410916 -0.043805 0.0608444 0.0412752 -0.0438101 0.0608426 0.0412634 -0.043815 0.060839 0.0412516 -0.0438196 0.0608338 0.0412402 -0.0439301 0.0567727 0.0602895 -0.041369 0.0627673 0.0560062 -0.0439464 0.0567849 0.0602968 -0.0413853 0.0627794 0.0560135 -0.0439616 0.0567937 0.0603 -0.0414005 0.0627882 0.0560167 -0.0439897 0.0568053 0.0602994 -0.0414286 0.0627998 0.0560161 -0.0439982 0.0568077 0.0602978 -0.0414371 0.0628022 0.0560145 -0.0393547 0.0602109 0.0534646 -0.0393471 0.0602073 0.0534747 -0.0413475 0.0627881 0.0559572 -0.0393357 0.0601966 0.0534956 -0.041365 0.0628135 0.0559156 -0.0393288 0.0601733 0.0535261 -0.0393296 0.0601819 0.0535163 -0.0439941 0.0566806 0.0602904 -0.0419765 0.0540743 0.0578494 -0.0439829 0.0566859 0.060294 -0.041915 0.05412 0.0578514 -0.0439327 0.0567263 0.0602923 -0.0419236 0.0541105 0.0578545 -0.0439414 0.0567167 0.0602954 -0.0419432 0.0540934 0.0578565 -0.0419651 0.0540797 0.0578531 -0.0393031 0.0601157 0.0535306 -0.0418641 0.0541212 0.0578139 -0.0392597 0.0600953 0.053528 -0.0418208 0.0541008 0.0578113 -0.039167 0.0601225 0.0534638 -0.0391605 0.0601195 0.0534529 -0.0392325 0.0601314 0.0534265 -0.0391935 0.0601178 0.053508 -0.0391804 0.0601236 0.0534862 -0.039238 0.0601331 0.0534651 -0.0392942 0.0601424 0.0535036 -0.0392475 0.0601204 0.0535007 -0.0391996 0.0601125 0.0535183 -0.039294 0.0601595 0.0534685 -0.0393026 0.0601644 0.0534307 -0.0419244 0.0540278 0.0578155 -0.0419015 0.0540563 0.0578294 -0.0418804 0.054089 0.0578289 -0.0418543 0.0539948 0.0578112 -0.0418455 0.0540299 0.057826 -0.0418337 0.0540671 0.057826 -0.0417823 0.0539829 0.0578376 -0.0417879 0.0540204 0.0578471 -0.0417858 0.0540592 0.0578436 -0.0389326 0.0601125 0.0536779 -0.0389265 0.0601178 0.0536677 -0.0389134 0.0601236 0.0536458 -0.0389 0.0601225 0.0536234 -0.0388935 0.0601195 0.0536125 -0.041518 0.0539949 0.0580018 -0.0415209 0.0540204 0.0580067 -0.0415204 0.0540464 0.0580059 -0.0388446 0.0600485 0.0537106 -0.0414152 0.0540615 0.0579987 -0.038876 0.0600692 0.0537209 -0.041437 0.0540747 0.0580042 -0.0389124 0.0600831 0.0537186 -0.0414611 0.0540849 0.0580041 -0.0430728 0.0628091 0.0549966 -0.0430485 0.0628232 0.0550307 -0.0430597 0.0628136 0.0550333 -0.043035 0.0628296 0.0550325 -0.0430743 0.0627945 0.0549601 -0.0430472 0.0628176 0.0549539 -0.0430148 0.062833 0.0549583 -0.042982 0.0628385 0.0549727 -0.0430215 0.0628317 0.0550387 -0.043052 0.0628268 0.0549918 -0.0430272 0.0628387 0.0549952 -0.0430023 0.0628428 0.0550065 -0.0414181 0.0628385 0.0559078 -0.0414384 0.0628428 0.0559416 -0.0414576 0.0628317 0.0559738 -0.0413824 0.0628289 0.0559384 -0.0414427 0.0628279 0.0559863 -0.0414108 0.0628355 0.0559647 -0.041397 0.0628155 0.0559923 -0.0414352 0.062817 0.0560013 -0.0413645 0.0628029 0.0559744 -0.0414318 0.054036 0.0580135 -0.0414874 0.054 0.0580152 -0.0414706 0.0540702 0.0580126 -0.0415027 0.0540494 0.0580136 -0.0414853 0.0540577 0.058016 -0.0414571 0.0540144 0.0580193 -0.0414031 0.054 0.0579897 -0.0414324 0.0539751 0.0579964 -0.0414673 0.0539585 0.0579917 -0.0409426 0.0531311 0.057137 -0.0409197 0.0531434 0.0571389 -0.0408992 0.0531593 0.0571357 -0.0408401 0.0531657 0.057089 -0.0408497 0.0531732 0.0570938 -0.0408797 0.0531319 0.0571159 -0.040827 0.0530764 0.0571191 -0.0408973 0.0530309 0.0571213 -0.0408544 0.0531028 0.0571101 -0.0409105 0.0530664 0.0571118 -0.0408183 0.0531525 0.0570835 -0.0407942 0.0531423 0.0570836 -0.0407819 0.0531386 0.0570858 -0.0409264 0.0531016 0.0571173 -0.038279 0.0591602 0.0528057 -0.0382331 0.0591368 0.0528003 -0.0382549 0.0592366 0.0526905 -0.0382258 0.0591945 0.0527489 -0.0382954 0.0592357 0.0527227 -0.0382734 0.0592038 0.0527668 -0.0383247 0.0592588 0.0527586 -0.0383053 0.0592306 0.0527975 -0.0388456 0.060095 0.0536069 -0.0388374 0.0600905 0.0536161 -0.0388249 0.0600783 0.0536354 -0.0388169 0.0600534 0.0536644 -0.038818 0.0600624 0.053655 -0.0388463 0.0600987 0.0536609 -0.0388655 0.0601141 0.0536345 -0.038921 0.0601103 0.053687 -0.038892 0.0601194 0.0536626 -0.0388773 0.0601076 0.0536828 -0.0389131 0.0601039 0.053698 -0.038839 0.0600756 0.0536876 -0.0388717 0.06009 0.0537033 -0.03891 0.0600943 0.053709 -0.0456098 0.0567391 0.0593675 -0.0456078 0.0567781 0.059364 -0.0456194 0.0567804 0.0593549 -0.0456274 0.0567868 0.0593439 -0.0456305 0.0567964 0.0593328 -0.0456321 0.056707 0.0593356 -0.0456513 0.0567224 0.0593092 -0.0456587 0.0567455 0.0592824 -0.045604 0.0567015 0.0593577 -0.0456314 0.0567433 0.0593505 -0.0456461 0.0567551 0.0593303 -0.0456517 0.0567728 0.0593097 -0.0440401 0.0567015 0.0602928 -0.0440459 0.0567391 0.0603026 -0.0440438 0.0567781 0.0602991 -0.0439752 0.0567728 0.0603122 -0.0440168 0.0567868 0.0603069 -0.0440055 0.0567964 0.0603043 -0.0440302 0.0567804 0.0603051 -0.0439478 0.0567455 0.0603053 -0.0439749 0.0567224 0.0603115 -0.0440073 0.056707 0.0603071 -0.0439959 0.0567551 0.0603169 -0.0440208 0.0567433 0.0603135 -0.0505546 0.0472618 0.0519493 -0.050427 0.0471142 0.0519472 -0.0502647 0.0470156 0.0519919 -0.0506756 0.0468505 0.052679 -0.0510826 0.0470491 0.0533597 -0.051405 0.0475722 0.0538989 -0.051579 0.0483161 0.05419 -0.0515702 0.0491334 0.0541752 -0.0508137 0.0469589 0.0525938 -0.0511966 0.0471458 0.0532343 -0.0515 0.047638 0.0537417 -0.0516638 0.048338 0.0540156 -0.0516555 0.0491071 0.0540017 -0.0509049 0.047121 0.0525353 -0.0512519 0.0472904 0.0531157 -0.0515269 0.0477364 0.0535755 -0.0516753 0.0483707 0.0538236 -0.0516677 0.0490677 0.053811 -0.0450466 0.0598481 0.0427939 -0.0448354 0.0596986 0.0427973 -0.0450498 0.0594791 0.0431558 -0.0452861 0.0593751 0.043551 -0.0455281 0.0593939 0.0439558 -0.0457594 0.0595341 0.0443426 -0.0459642 0.0597861 0.0446851 -0.0461285 0.0601329 0.0449599 -0.0462412 0.0605507 0.0451484 -0.0462945 0.0610111 0.0452376 -0.0462849 0.0614827 0.0452215 -0.0462129 0.0619334 0.0451012 -0.0452393 0.0596508 0.0431162 -0.0454517 0.0595574 0.0434714 -0.0456692 0.0595742 0.0438352 -0.0458771 0.0597002 0.0441828 -0.0460612 0.0599268 0.0444907 -0.0462089 0.0602384 0.0447377 -0.0463101 0.0606139 0.044907 -0.0463581 0.0610277 0.0449872 -0.0463494 0.0614516 0.0449728 -0.0462848 0.0618567 0.0448646 -0.0359678 0.0238223 0.0280809 -0.0372733 0.0259401 0.0302643 -0.0363787 0.0236572 0.0287681 -0.0367857 0.0238559 0.0294488 -0.0371081 0.0243789 0.029988 -0.0372821 0.0251228 0.0302791 -0.0361301 0.0239209 0.0280363 -0.0365168 0.0237656 0.0286829 -0.0368997 0.0239525 0.0293234 -0.0372031 0.0244447 0.0298308 -0.0373669 0.0251447 0.0301047 -0.0373586 0.0259138 0.0300908 -0.0362577 0.0240685 0.0280384 -0.036608 0.0239277 0.0286244 -0.036955 0.0240971 0.0292047 -0.03723 0.0245431 0.0296645 -0.0373784 0.0251774 0.0299127 -0.0373708 0.0258744 0.0299001 -0.0306322 0.0363109 0.0191574 -0.0319377 0.0384287 0.0213408 -0.0310431 0.0361458 0.0198446 -0.0314501 0.0363444 0.0205252 -0.0317725 0.0368675 0.0210645 -0.0319465 0.0376114 0.0213555 -0.0307945 0.0364095 0.0191128 -0.0311812 0.0362542 0.0197594 -0.0315641 0.0364411 0.0203999 -0.0318675 0.0369333 0.0209073 -0.0320313 0.0376333 0.0211812 -0.032023 0.0384024 0.0211673 -0.0309221 0.0365571 0.0191149 -0.0312725 0.0364163 0.0197009 -0.0316195 0.0365857 0.0202812 -0.0318944 0.0370317 0.020741 -0.0320428 0.037666 0.0209892 -0.0320353 0.038363 0.0209766 0.0204615 0.000153285 0.0157252 0.0202182 0.000455046 0.0161323 0.0212351 0.000184123 0.0144315 0.0207227 -0.00167733 0.0152885 0.0204351 -0.00172097 0.0157695 0.0206028 -0.00126364 0.015489 0.0214958 -0.00283514 0.0139956 0.0212793 -0.00320668 0.0143576 0.0212724 -0.00264476 0.0143692 0.0205158 -0.000803368 0.0156346 0.0202359 -0.000667304 0.0161026 0.0204693 -0.00033699 0.0157123 0.0212927 0.000596067 0.0143352 0.0204932 0.000624344 0.0156722 0.0214075 0.000959722 0.0141432 0.0204688 -0.000329306 0.0157131 0.0202038 -0.000107521 0.0161563 0.0204613 0.000145562 0.0157256 0.0210609 -0.00237865 0.0147228 0.0233828 -0.00131538 0.0108396 0.0210641 -0.00238335 0.0147175 0.0212689 -0.0026411 0.014375 0.0210247 -0.00294016 0.0147835 0.0208773 -0.0020546 0.01503 0.02088 -0.00206023 0.0150254 0.0207952 -0.0025975 0.0151672 0.0226142 0.00275013 0.012125 0.0226179 0.00274703 0.0121189 0.0227587 0.000242738 0.0118833 0.0205168 -0.000810815 0.0156328 0.0217968 -0.0014473 0.013492 0.0215958 -0.00127764 0.0138283 0.0222296 -0.00296619 0.0127683 0.0221265 -0.00349118 0.0129407 0.0219864 -0.0029999 0.013175 0.0214995 -0.00283766 0.0139893 0.0214074 0.00276956 0.0141434 0.021411 0.00277252 0.0141373 0.0224024 0.00127764 0.0124793 0.0215526 -0.00339014 0.0139005 0.0217357 -0.00295576 0.0135943 0.0217396 -0.00295707 0.0135878 0.0219824 -0.00299982 0.0131817 0.0218375 -0.0034858 0.0134241 0.0223837 0.00290487 0.0125105 0.0225841 0.00330914 0.0121753 0.022836 0.00251804 0.0117541 0.022763 -0.000184122 0.0118761 0.0231996 0.00187807 0.0111459 0.0232021 0.00187203 0.0111418 0.0227055 -0.000596069 0.0119724 0.0234444 0.00103335 0.0107365 0.023729 0.000941606 0.0102606 0.02351 0.00057577 0.0106268 0.0214274 -0.00100448 0.0141099 0.0213053 -0.000649934 0.0143141 0.0226997 -0.00267133 0.011982 0.0226873 -0.00323288 0.0120028 0.0224745 -0.00285336 0.0123586 0.0204941 0.000631904 0.0156708 0.0202787 0.00100583 0.016031 0.0205641 0.00108696 0.0155537 0.0228327 0.00252224 0.0117597 0.022849 0.00308342 0.0117324 0.0233063 0.00240031 0.0109675 0.0230324 0.00222384 0.0114255 0.0230295 0.00222902 0.0114305 0.0230918 0.00277784 0.0113263 0.0234431 0.0010406 0.0107388 0.0225907 -0.000959722 0.0121644 0.0235108 0.00056818 0.0106255 0.0237841 0.000388673 0.0101684 0.0235379 9.60251e-05 0.0105803 0.0212395 -0.000242738 0.0144242 0.0229138 -0.00241314 0.011624 0.0229106 -0.00241772 0.0116294 0.0222335 -0.00296503 0.0127618 0.0211904 0.0025528 0.0145063 0.0211796 0.00311449 0.0145243 0.0216469 0.00292044 0.0137428 0.0225708 0.00100448 0.0121976 0.0221356 0.00298817 0.0129254 0.0221396 0.00298748 0.0129188 0.0226929 0.000649935 0.0119935 0.0236291 0.00147015 0.0104277 0.0233406 0.00147175 0.0109101 0.0233387 0.00147848 0.0109133 0.023487 0.00196062 0.0106654 0.022428 -0.00124563 0.0124365 0.023538 8.8297e-05 0.0105801 0.0235253 -0.000393871 0.0106012 0.0237554 -0.000732813 0.0102164 0.0234743 -0.000858433 0.0106866 0.0234731 -0.000865839 0.0106885 0.0236724 -0.00127232 0.0103553 0.0233845 -0.00130843 0.0108367 0.021643 0.00291866 0.0137493 0.0214466 0.00333031 0.0140778 0.0220162 0.00349984 0.0131251 0.0218918 0.00299271 0.0133331 0.0218879 0.00299216 0.0133397 0.0217279 0.00345988 0.0136073 0.0223799 0.00290679 0.0125169 0.0223041 0.00344916 0.0126436 0.0222305 -0.00143062 0.0127667 0.0235258 -0.000386206 0.0106004 0.023793 -0.000174327 0.0101535 0.0203137 -0.0012098 0.0159726 0.0206011 -0.00125662 0.0154918 0.0220143 -0.00149971 0.0131284 0.0207249 -0.00168374 0.0152848 0.0206722 0.00152142 0.0153729 0.0206742 0.00152808 0.0153696 0.0219839 0.00149971 0.0131792 0.0209877 0.00226189 0.0148452 0.0209907 0.00226696 0.0148402 0.0222013 0.0014473 0.0128155 0.0235459 -0.00177887 0.0105667 0.0232588 -0.00172454 0.0110469 0.0227033 -0.0026678 0.0119761 0.0229445 -0.0029759 0.0115726 0.0208172 0.00192241 0.0151305 0.0207156 0.00244853 0.0153003 0.020597 -0.00218756 0.0154987 0.0224123 -0.00340614 0.0124628 0.0224708 -0.00285574 0.0123649 0.0232566 -0.00173086 0.0110507 0.0231773 -0.00264184 0.0111833 0.0230978 -0.0021015 0.0113162 0.0231006 -0.00209598 0.0113116 0.0233795 -0.00223935 0.0108451 0.0203838 0.00153056 0.0158553 0.0205656 0.00109416 0.0155512 0.0217677 0.00143062 0.0135408 0.0215702 0.00124563 0.013871 0.0208146 0.00191647 0.0151347 0.0205307 0.00201565 0.0156096 0.021187 0.00254873 0.0145119 0.0209338 0.00281801 0.0149354 0.0256989 0.000959722 0.0167091 0.0258616 0.00124563 0.016437 0.0260591 0.00143062 0.0161067 0.0262753 0.00149971 0.0157451 0.0264927 0.0014473 0.0153814 0.0266938 0.00127764 0.0150452 0.0268622 0.00100448 0.0147636 0.0269842 0.000649935 0.0145594 0.0270501 0.000242738 0.0144492 0.0270544 -0.000184122 0.014442 0.0269969 -0.000596069 0.0145383 0.0268821 -0.000959722 0.0147303 0.027548 -0.00173086 0.0136166 0.0275502 -0.00172454 0.0136128 0.0276742 -0.00131538 0.0134056 0.0276759 -0.00130843 0.0134027 0.0277645 -0.000865839 0.0132544 0.0277657 -0.000858433 0.0132525 0.0278167 -0.000393871 0.0131672 0.0278172 -0.000386206 0.0131663 0.0278294 8.8297e-05 0.013146 0.0278292 9.60251e-05 0.0131462 0.0278022 0.00056818 0.0131915 0.0278014 0.00057577 0.0131927 0.0277358 0.00103335 0.0133024 0.0277345 0.0010406 0.0133047 0.027632 0.00147175 0.013476 0.0276301 0.00147848 0.0134793 0.0274935 0.00187203 0.0137077 0.027491 0.00187807 0.0137118 0.0273238 0.00222384 0.0139915 0.0273209 0.00222902 0.0139964 0.0271274 0.00251804 0.01432 0.027124 0.00252224 0.0143256 0.0269093 0.00274703 0.0146848 0.0269056 0.00275013 0.0146909 0.0266751 0.00290487 0.0150764 0.0266713 0.00290679 0.0150829 0.026431 0.00298748 0.0154847 0.026427 0.00298817 0.0154913 0.0261832 0.00299271 0.015899 0.0261793 0.00299216 0.0159057 0.0259383 0.00292044 0.0163088 0.0259344 0.00291866 0.0163152 0.0257024 0.00277252 0.0167032 0.0256987 0.00276956 0.0167093 0.0254818 0.0025528 0.0170722 0.0254784 0.00254873 0.0170778 0.0252821 0.00226696 0.0174061 0.0252791 0.00226189 0.0174111 0.0251086 0.00192241 0.0176964 0.025106 0.00191647 0.0177006 0.0249656 0.00152808 0.0179355 0.0249636 0.00152142 0.0179389 0.024857 0.00109416 0.0181172 0.0248555 0.00108696 0.0181196 0.0247855 0.000631904 0.0182368 0.0247846 0.000624344 0.0182381 0.0247529 0.000153285 0.0182912 0.0247527 0.000145562 0.0182915 0.0247602 -0.000329306 0.018279 0.0247607 -0.00033699 0.0182782 0.0248072 -0.000803368 0.0182005 0.0248082 -0.000810815 0.0181987 0.0248925 -0.00125662 0.0180578 0.0248942 -0.00126364 0.018055 0.025014 -0.00167733 0.0178545 0.0250163 -0.00168374 0.0178508 0.0251687 -0.0020546 0.0175959 0.0251714 -0.00206023 0.0175913 0.0253523 -0.00237865 0.0172887 0.0253555 -0.00238335 0.0172835 0.0255603 -0.0026411 0.0169409 0.0255638 -0.00264476 0.0169351 0.0257872 -0.00283514 0.0165615 0.0257909 -0.00283766 0.0165552 0.0260271 -0.00295576 0.0161602 0.026031 -0.00295707 0.0161537 0.0262738 -0.00299982 0.0157476 0.0262778 -0.0029999 0.015741 0.026521 -0.00296619 0.0153342 0.0265249 -0.00296503 0.0153277 0.0267621 -0.00285574 0.0149309 0.0267659 -0.00285336 0.0149245 0.0269911 -0.00267133 0.0145479 0.0269947 -0.0026678 0.014542 0.0273892 -0.0021015 0.0138822 0.027392 -0.00209598 0.0138775 0.0269787 -0.00323288 0.0145687 0.0272359 -0.0029759 0.0141385 0.027202 -0.00241772 0.0141953 0.0272052 -0.00241314 0.0141899 0.0274686 -0.00264184 0.0137493 0.0245096 0.000455046 0.0186982 0.0278373 -0.00177887 0.0131326 0.0255707 -0.00320668 0.0169235 0.0245701 0.00100583 0.018597 0.0280468 -0.000732813 0.0127823 0.025316 -0.00294016 0.0173494 0.0250866 -0.0025975 0.0177331 0.0261289 -0.0034858 0.01599 0.025844 -0.00339014 0.0164664 0.0280844 -0.000174327 0.0127195 0.025471 0.00311449 0.0170902 0.0258872 -0.00127764 0.0163942 0.0260882 -0.0014473 0.0160579 0.0257188 -0.00100448 0.0166758 0.0248884 -0.00218756 0.0180646 0.0247265 -0.00172097 0.0183354 0.0268755 0.00330914 0.0147413 0.0263057 -0.00149971 0.0156943 0.0276709 -0.00223935 0.0134111 0.0267194 -0.00124563 0.0150024 0.0265219 -0.00143062 0.0153327 0.0244952 -0.000107521 0.0187223 0.0267037 -0.00340614 0.0150287 0.0264179 -0.00349118 0.0155066 0.0280755 0.000388673 0.0127343 0.0275977 0.00240031 0.0135334 0.0279637 -0.00127232 0.0129212 0.024605 -0.0012098 0.0185385 0.0245273 -0.000667304 0.0186686 0.0280204 0.000941606 0.0128265 0.0277784 0.00196062 0.0132313 0.0279205 0.00147015 0.0129936 0.0273832 0.00277784 0.0138922 0.025007 0.00244853 0.0178662 0.0246752 0.00153056 0.0184212 0.0263076 0.00349984 0.015691 0.0252252 0.00281801 0.0175013 0.0248221 0.00201565 0.0181755 0.0255967 -0.000649934 0.01688 0.0260193 0.00345988 0.0161732 0.0271403 0.00308342 0.0142983 0.0265955 0.00344916 0.0152095 0.0255308 -0.000242738 0.0169901 0.025738 0.00333031 0.0166437 0.0255265 0.000184123 0.0169974 0.0255841 0.000596067 0.0169011 -0.0271259 0.0104338 0.0131789 -0.0270641 0.0104152 0.0131899 -0.0273976 0.00991911 0.0137476 -0.028703 0.0120369 0.0159309 -0.0285578 0.0120462 0.0160608 -0.0283639 0.0127902 0.0157365 -0.0268849 0.0103909 0.013263 -0.0272252 0.00988448 0.0138322 -0.0272918 0.00983112 0.0139435 -0.0278085 0.00975402 0.0144348 -0.0276446 0.00971596 0.0145337 -0.0277878 0.00974279 0.0147731 -0.0282154 0.00995267 0.0151154 -0.02806 0.00991874 0.0152284 -0.0285378 0.0104757 0.0156546 -0.02824 0.0101496 0.0155294 -0.0283891 0.0104526 0.0157788 -0.0287119 0.0112196 0.0159457 -0.0285273 0.0109424 0.0160098 -0.0285668 0.0112119 0.0160759 -0.0285726 0.011909 0.0160857 -0.0275599 0.0100177 0.0137029 -0.0272461 0.0104846 0.0131782 -0.0279465 0.00986238 0.0143496 -0.0283295 0.0100493 0.01499 -0.0286329 0.0105415 0.0154975 -0.0287966 0.0112415 0.0157713 -0.0287883 0.0120106 0.0157574 -0.0276874 0.0101653 0.013705 -0.0273551 0.0105508 0.0132057 -0.0285131 0.0127659 0.0156132 -0.028552 0.0127473 0.0155641 -0.0286096 0.0126965 0.0154585 -0.0286369 0.0126302 0.0153494 -0.0280378 0.0100246 0.014291 -0.0283848 0.0101939 0.0148714 -0.0286597 0.01064 0.0153312 -0.0288081 0.0112742 0.0155794 -0.0288006 0.0119712 0.0155668 -0.0286386 0.0125927 0.0152959 -0.0277608 0.0103394 0.0137536 -0.0275112 0.0107108 0.0133362 -0.0280684 0.0102159 0.014268 -0.028373 0.0103646 0.0147775 -0.0286143 0.0107561 0.0151811 -0.0287446 0.0113129 0.015399 -0.028738 0.0119247 0.0153879 -0.0285958 0.0124703 0.0151501 -0.0217903 0.0229223 0.00425537 -0.0217285 0.0229038 0.00426639 -0.022062 0.0224077 0.00482406 -0.0233675 0.0245255 0.0070074 -0.0232222 0.0245348 0.00713728 -0.0230283 0.0252788 0.00681302 -0.0215493 0.0228795 0.00433948 -0.0218897 0.0223731 0.0049087 -0.0219562 0.0223197 0.00501999 -0.0224729 0.0222426 0.00551125 -0.0223091 0.0222046 0.00561014 -0.0224522 0.0222314 0.00584955 -0.0228798 0.0224413 0.00619188 -0.0227245 0.0224073 0.00630486 -0.0232023 0.0229643 0.00673112 -0.0229044 0.0226381 0.00660589 -0.0230536 0.0229412 0.00685528 -0.0233763 0.0237082 0.00702218 -0.0231917 0.023431 0.00708633 -0.0232312 0.0237005 0.00715236 -0.023237 0.0243976 0.00716215 -0.0222243 0.0225063 0.0047794 -0.0219105 0.0229732 0.00425464 -0.0226109 0.022351 0.00542605 -0.0229939 0.0225379 0.00606652 -0.0232973 0.0230301 0.00657394 -0.023461 0.0237301 0.00684782 -0.0234527 0.0244992 0.00683392 -0.0223518 0.0226539 0.00478153 -0.0220196 0.0230394 0.00428216 -0.0231775 0.0252544 0.00668972 -0.0232164 0.0252359 0.00664054 -0.023274 0.0251851 0.00653499 -0.0233013 0.0251188 0.0064259 -0.0227022 0.0225131 0.0053675 -0.0230492 0.0226825 0.00594786 -0.0233241 0.0231286 0.00640767 -0.0234725 0.0237628 0.00665585 -0.023465 0.0244598 0.00664325 -0.023303 0.0250813 0.00637237 -0.0224252 0.022828 0.00483012 -0.0221756 0.0231994 0.00441269 -0.0227328 0.0227044 0.00534451 -0.0230374 0.0228531 0.00585397 -0.0232788 0.0232447 0.00625761 -0.023409 0.0238015 0.00647547 -0.0234024 0.0244133 0.00646442 -0.0232602 0.0249589 0.00622662 -0.0132143 -0.0124825 -0.0105747 -0.0131062 -0.0126049 -0.0106814 -0.0133905 -0.013028 -0.0102059 -0.0129492 -0.0127087 -0.0107328 -0.013263 -0.0131756 -0.010208 -0.0127672 -0.0127781 -0.010721 -0.0131007 -0.0132742 -0.0101633 -0.012588 -0.0128024 -0.0106479 -0.0129283 -0.0133088 -0.0100787 -0.0129949 -0.0133622 -0.00996741 -0.0135116 -0.0134393 -0.00947615 -0.0133477 -0.0134773 -0.00937727 -0.0134909 -0.0134505 -0.00913785 -0.0139185 -0.0132406 -0.00879553 -0.0137631 -0.0132746 -0.00868254 -0.0142409 -0.0127176 -0.00825628 -0.0139431 -0.0130437 -0.00838152 -0.0140922 -0.0127407 -0.00813213 -0.014415 -0.0119737 -0.00796523 -0.0142304 -0.0122509 -0.00790108 -0.0142699 -0.0119814 -0.00783504 -0.0144061 -0.0111564 -0.00798 -0.0142757 -0.0112843 -0.00782526 -0.0142609 -0.0111471 -0.00785012 -0.014067 -0.0104031 -0.00817438 -0.0142162 -0.0104274 -0.00829768 -0.0136496 -0.0133309 -0.00956135 -0.0140326 -0.013144 -0.00892089 -0.014336 -0.0126518 -0.00841346 -0.0144997 -0.0119518 -0.00813958 -0.0144914 -0.0111827 -0.00815348 -0.0143127 -0.0104968 -0.00845242 -0.0137409 -0.0131687 -0.00961991 -0.0140879 -0.0129994 -0.00903954 -0.0143628 -0.0125533 -0.00857974 -0.0145112 -0.0119191 -0.00833156 -0.0145037 -0.0112221 -0.00834415 -0.0143417 -0.0106006 -0.00861504 -0.0134639 -0.0128539 -0.0101573 -0.0137715 -0.0129774 -0.0096429 -0.0140761 -0.0128287 -0.00913343 -0.0143174 -0.0124372 -0.00872979 -0.0144477 -0.0118804 -0.00851193 -0.0144411 -0.0112686 -0.00852299 -0.0142989 -0.010723 -0.00876078 -0.00787874 6.10031e-06 -0.0194982 -0.00772265 -0.000153854 -0.0196288 -0.00788258 -0.000441655 -0.0193613 -0.00749339 -0.000270948 -0.0196556 -0.00767134 -0.000591162 -0.0193579 -0.00725241 -0.000313807 -0.0195714 -0.00743694 -0.000645887 -0.0192628 -0.0076593 -0.00087358 -0.0188909 -0.00788575 -0.000810722 -0.0189993 -0.00790433 -0.000981372 -0.0184811 -0.00812202 -0.000914663 -0.0186042 -0.00815532 -0.000961916 -0.0180614 -0.00836405 -0.000895902 -0.0181994 -0.00839517 -0.000816539 -0.0176602 -0.00859533 -0.000755718 -0.0178126 -0.00860755 -0.000555146 -0.017305 -0.00880012 -0.000503665 -0.0174701 -0.00877796 -0.000195552 -0.01702 -0.00896445 -0.000156918 -0.0171953 -0.00889481 0.000237737 -0.0168246 -0.00907712 0.000260892 -0.0170068 -0.00895013 0.000715194 -0.0167321 -0.00913046 0.000721291 -0.0169176 -0.00894015 0.00120428 -0.0167488 -0.00912084 0.0011929 -0.0169337 -0.00886554 0.00167167 -0.0168735 -0.0090489 0.00164359 -0.017054 -0.0087314 0.0020855 -0.0170979 -0.00891955 0.00204264 -0.0172704 -0.0080753 -0.00063899 -0.019039 -0.00828765 -0.000732411 -0.0186838 -0.00850517 -0.000715548 -0.01832 -0.00871305 -0.000589553 -0.0179724 -0.00889711 -0.000363014 -0.0176645 -0.0090448 -5.1366e-05 -0.0174175 -0.00914607 0.000324151 -0.0172482 -0.00919401 0.000737947 -0.017168 -0.00918536 0.00116182 -0.0171824 -0.0091207 0.00156689 -0.0172906 -0.00900444 0.00192554 -0.017485 -0.00801407 -0.000237426 -0.0192719 -0.00817714 -0.000404401 -0.0189992 -0.00835682 -0.000483448 -0.0186987 -0.00854088 -0.00046918 -0.0183908 -0.00871677 -0.000362569 -0.0180967 -0.00887251 -0.000170881 -0.0178362 -0.00899749 9.28213e-05 -0.0176272 -0.00908318 0.000410566 -0.0174839 -0.00912374 0.000760701 -0.017416 -0.00911642 0.00111936 -0.0174283 -0.00906171 0.00146211 -0.0175198 -0.00896334 0.00176559 -0.0176843 -0.0270529 0.00976388 0.0153653 -0.027081 0.00976944 0.0153447 -0.0270153 0.00974279 0.0152349 -0.0267205 0.00971983 0.0148093 -0.0270462 0.00976041 0.0153713 -0.0266883 0.00969685 0.0148258 -0.0266665 0.00966096 0.0148343 -0.0270175 0.00972432 0.0154053 -0.0270269 0.00974244 0.015392 -0.0270089 0.00967669 0.0154189 -0.0270104 0.009688 0.0154194 -0.0270132 0.00970945 0.0154131 -0.0262632 0.00987586 0.0141718 -0.0266593 0.00962654 0.0148344 -0.0270074 0.00967231 0.0154164 -0.0259872 0.0103269 0.0137102 -0.0262773 0.00990592 0.0141834 -0.0260061 0.0103491 0.0137299 -0.0263063 0.00993726 0.0141869 -0.0260402 0.0103722 0.0137418 -0.0263432 0.00995732 0.0141782 -0.0260803 0.0103869 0.0137385 -0.0263745 0.00996269 0.0141631 -0.0261124 0.0103909 0.0137249 -0.0267506 0.00972598 0.0147921 -0.0265193 0.00983112 0.0144054 -0.0224006 0.0245449 0.00768378 -0.0224041 0.0245383 0.0076606 -0.0224325 0.0240239 0.00770812 -0.0224182 0.0245305 0.0076312 -0.0224509 0.0245254 0.00760113 -0.0224646 0.0243976 0.00762401 -0.0224516 0.0240246 0.00766978 -0.0224149 0.0245492 0.00773581 -0.0224128 0.0245522 0.00773202 -0.0224312 0.0240229 0.00775095 -0.0224078 0.0245534 0.0077218 -0.0224017 0.0245494 0.00770049 -0.0206705 0.0228377 0.00480636 -0.0206516 0.0228155 0.0047867 -0.0208848 0.0224629 0.00516477 -0.0208697 0.022434 0.00515151 -0.0212765 0.0221638 0.00581976 -0.0212683 0.0221296 0.00581818 -0.0216965 0.0222064 0.0065223 -0.0216959 0.022173 0.00653325 -0.0220701 0.0225833 0.00714703 -0.0220761 0.0225566 0.00716913 -0.0223305 0.023227 0.00758249 -0.0223411 0.0232118 0.00761235 -0.0224436 0.0240218 0.00778382 -0.0207769 0.0228795 0.00480134 -0.0207447 0.0228755 0.00481503 -0.0209839 0.0225173 0.00514768 -0.0209525 0.0225122 0.00516251 -0.0211838 0.0223197 0.00548186 -0.0213322 0.0222222 0.0057975 -0.0217394 0.0222636 0.00647861 -0.0216798 0.0222314 0.00631142 -0.0213624 0.0222283 0.00578059 -0.0224782 0.0240248 0.00764671 -0.0224193 0.023431 0.00754819 -0.022354 0.023253 0.00750644 -0.0223808 0.0232558 0.00748391 -0.0221016 0.0226289 0.00708428 -0.0221292 0.0226337 0.00706314 -0.0217683 0.0222696 0.00645946 -0.0207046 0.0228608 0.00481831 -0.0209149 0.0224929 0.00517006 -0.0212993 0.0221994 0.00581286 -0.0217115 0.0222413 0.00650233 -0.0220781 0.0226111 0.00711544 -0.0223336 0.0232429 0.00754279 0.0183023 0.00323107 0.0154653 0.0183241 0.00321781 0.0154598 0.0188697 0.00417641 0.0145473 0.022723 -0.00198689 0.00824071 0.0223403 -0.00319908 0.00888066 0.0223105 -0.00320395 0.00885601 0.0183482 0.00320765 0.01546 0.0183605 0.00320395 0.0154622 0.0189038 0.00415841 0.0145536 0.0183964 0.00319908 0.0154768 0.0189388 0.00415209 0.0145696 0.0191747 0.00442608 0.014175 0.019563 0.00477598 0.0134511 0.019597 0.00476872 0.0134688 0.0201348 0.00497925 0.0125693 0.0202848 0.00500664 0.0122439 0.0203177 0.00499902 0.0122634 0.0210107 0.00483168 0.0110299 0.0210425 0.00482434 0.0110512 0.0211305 0.00477437 0.0109041 0.0216819 0.00426529 0.00990728 0.0217127 0.00425881 0.00993033 0.0220101 0.00384264 0.00943302 0.0222441 0.00335335 0.00896712 0.022274 0.00334826 0.00899161 0.0226398 0.00232591 0.00837991 0.0226516 0.00216975 0.00828556 0.0226809 0.00216645 0.00831109 0.0228715 0.000810359 0.00791781 0.0228185 -0.00148504 0.00808098 0.0226937 -0.00198992 0.00821507 0.0228859 -0.000614678 0.00789366 0.0229005 0.000809128 0.00794389 0.0229236 0.000455072 0.00790514 0.0229149 -0.000613743 0.00791978 0.0226761 -0.00199853 0.00818135 0.0228691 -0.000617338 0.00785854 0.0228546 0.000813868 0.0078828 0.0226338 0.00217914 0.00825214 0.0222245 0.00336787 0.00893665 0.0216599 0.00428375 0.00988088 0.0209858 0.0048526 0.0110083 0.0202567 0.00502831 0.0122276 0.0195318 0.00479666 0.0134401 0.0223027 -0.00320765 0.00884616 0.0222912 -0.00321782 0.00882506 0.0222857 -0.00323107 0.00880324 0.0226728 -0.00201142 0.00814468 0.022867 -0.000621321 0.00781979 0.0228524 0.000819117 0.00784419 0.0226302 0.0021932 0.00821592 0.0222182 0.0033896 0.00890484 0.02165 0.00431139 0.00985517 0.0209716 0.0048839 0.0109899 0.0202378 0.00506075 0.0122171 0.0195082 0.0048276 0.0134373 0.0188418 0.00420335 0.0145517 0.0182927 0.00323857 0.0154701 0.022294 -0.00326306 0.00876338 0.0226843 -0.00202663 0.00811063 0.02288 -0.000626018 0.00778329 0.0228653 0.00082531 0.00780788 0.0226413 0.00220978 0.00818241 0.0222263 0.00341522 0.00887655 0.0216538 0.00434398 0.00983405 0.0209702 0.00492082 0.0109773 0.0202309 0.00509901 0.0122138 0.0194957 0.0048641 0.0134433 0.0188244 0.00423513 0.0145661 0.0182711 0.00326306 0.0154914 0.0238852 -0.00319908 0.0098044 0.0239229 -0.0031905 0.00983889 0.0235657 -0.00387685 0.0104363 0.0239399 -0.00316709 0.00988182 0.0235853 -0.0038484 0.0104749 0.0239316 -0.00313509 0.00992168 0.0235806 -0.00380952 0.0105087 0.0231688 -0.00433755 0.0111974 0.0231693 -0.00438182 0.0111706 0.0227121 -0.0046989 0.0119613 0.0227079 -0.00474684 0.0119423 0.022228 -0.00487966 0.012771 0.0222188 -0.00492945 0.0127602 0.021735 -0.00487291 0.0135954 0.0217208 -0.00492263 0.013593 0.0212522 -0.00467889 0.0144029 0.0212331 -0.00472663 0.0144087 0.0207981 -0.00430506 0.0151623 0.0207744 -0.00434899 0.0151759 0.0203902 -0.00376579 0.0158446 0.0203623 -0.00380422 0.0158651 0.0200441 -0.00308181 0.0164234 0.0200127 -0.00311325 0.0164499 0.0197731 -0.00227939 0.0168766 0.0197389 -0.00230265 0.0169077 0.0195877 -0.00138938 0.0171867 0.0195516 -0.00140355 0.017221 0.0194949 -0.000445971 0.0173419 0.0194579 -0.000450522 0.0173777 0.0194984 0.000514575 0.0173361 0.0194614 0.000519825 0.0173719 0.019598 0.00145534 0.0171696 0.019562 0.00147019 0.0172037 0.0197898 0.00234018 0.0168487 0.0197558 0.00236406 0.0168795 0.0200665 0.00313509 0.0163859 0.0200353 0.00316709 0.016412 0.0231466 -0.00441422 0.0111372 0.0226818 -0.00478194 0.0119146 0.0221891 -0.00496591 0.0127386 0.0216874 -0.00495903 0.0135776 0.0211961 -0.00476158 0.0143993 0.020734 -0.00438115 0.0151721 0.0203189 -0.00383235 0.0158665 0.0199666 -0.00313627 0.0164555 0.0196909 -0.00231967 0.0169167 0.0195022 -0.00141393 0.0172324 0.0194077 -0.000453852 0.0173902 0.0194113 0.000523668 0.0173843 0.0195126 0.00148107 0.0172149 0.0197078 0.00238154 0.0168884 0.0199895 0.0031905 0.0164173 0.0235271 -0.00388727 0.0104034 0.0231069 -0.00442608 0.0111062 0.0226408 -0.00479479 0.0118856 0.0221468 -0.00497925 0.0127119 0.0216438 -0.00497235 0.0135531 0.0211512 -0.00477437 0.014377 0.0206878 -0.00439292 0.015152 0.0202715 -0.00384264 0.0158482 0.0199184 -0.0031447 0.0164388 0.0196419 -0.00232591 0.0169013 0.0194526 -0.00141773 0.0172177 0.019358 -0.000455072 0.017376 0.0193615 0.000525076 0.0173701 0.0194631 0.00148504 0.0172002 0.0196589 0.00238794 0.0168728 0.0199413 0.00319908 0.0164005 -0.00503981 0.0179781 0.0353814 -0.00504539 0.0180163 0.0353908 -0.00501086 0.0179775 0.0354076 -0.00501601 0.0180128 0.0354162 -0.00499411 0.0179758 0.0354428 -0.00499805 0.0180028 0.0354494 -0.0049921 0.0179733 0.0354817 -0.00499423 0.0179879 0.0354852 -0.00500514 0.0179703 0.0355183 -0.00505814 0.0180472 0.0354121 -0.00502779 0.0180413 0.0354359 -0.00500707 0.0180247 0.0354645 -0.00499911 0.0179997 0.0354934 -0.00452825 0.0161467 0.0289952 -0.0044984 0.0161516 0.0290198 -0.00428373 0.016796 0.0286608 -0.00454754 0.0161328 0.0289642 -0.00453603 0.016143 0.0289853 -0.00432047 0.0167901 0.0286248 -0.00415268 0.0175206 0.0284416 -0.00418888 0.0175176 0.0284047 -0.00411257 0.0182848 0.0283746 -0.00414861 0.0182851 0.0283374 -0.00416566 0.0190461 0.0284633 -0.00420191 0.0190495 0.0284265 -0.00430896 0.0197619 0.028703 -0.00434581 0.0197682 0.0286672 -0.00453448 0.020392 0.0290802 -0.00457226 0.0204009 0.0290459 -0.00482961 0.0209014 0.0295738 -0.00486861 0.0209125 0.0295416 -0.00517786 0.0212616 0.0301562 -0.00521829 0.0212741 0.0301264 -0.00555977 0.0214525 0.0307949 -0.00560177 0.0214657 0.0307677 -0.005954 0.0214633 0.0314543 -0.00599763 0.0214766 0.0314298 -0.00455335 0.0161121 0.0289317 -0.00455301 0.0161196 0.0289424 -0.00433503 0.0167739 0.0285779 -0.00420197 0.0175096 0.0283553 -0.00416125 0.0182857 0.0282872 -0.00421515 0.0190587 0.0283773 -0.00436066 0.0197854 0.0286207 -0.00458964 0.0204253 0.0290037 -0.00488932 0.0209425 0.0295049 -0.00524292 0.0213083 0.0300963 -0.00563071 0.021502 0.0307448 -0.006031 0.021513 0.0314143 -0.00432351 0.0167518 0.0285325 -0.00454479 0.0160876 0.0289026 -0.00418843 0.0174987 0.0283066 -0.00414709 0.0182865 0.0282374 -0.00420181 0.0190712 0.0283289 -0.00434952 0.019809 0.028576 -0.00458198 0.0204585 0.0289648 -0.00488619 0.0209836 0.0294735 -0.00524516 0.0213549 0.0300739 -0.00563881 0.0215516 0.0307323 -0.00604517 0.0215627 0.0314119 -0.00183147 0.0167901 0.0301131 -0.0017832 0.0167739 0.0301037 -0.00165013 0.0175096 0.0298811 -0.00199158 0.0161121 0.0304634 -0.00196996 0.0160876 0.0304421 -0.00174868 0.0167518 0.030072 -0.00200118 0.0161196 0.0304682 -0.00161359 0.0174987 0.0298461 -0.00157225 0.0182865 0.029777 -0.00160941 0.0182857 0.029813 -0.00162697 0.0190712 0.0298685 -0.00166331 0.0190587 0.0299032 -0.00177469 0.019809 0.0301155 -0.00180882 0.0197854 0.0301465 -0.00200715 0.0204585 0.0305043 -0.00203781 0.0204253 0.0305295 -0.00231136 0.0209836 0.0310131 -0.00233748 0.0209425 0.0310307 -0.00267032 0.0213549 0.0316134 -0.00269109 0.0213083 0.0316221 -0.00306398 0.0215516 0.0322718 -0.00307887 0.021502 0.0322706 -0.00347034 0.0215627 0.0329514 -0.00347916 0.021513 0.0329401 -0.00169988 0.0175176 0.029893 -0.00165961 0.0182851 0.0298256 -0.00171291 0.0190495 0.0299148 -0.0018568 0.0197682 0.0301554 -0.00208325 0.0204009 0.0305342 -0.0023796 0.0209125 0.0310298 -0.00272929 0.0212741 0.0316146 -0.00311277 0.0214657 0.032256 -0.00350862 0.0214766 0.032918 -0.00209522 0.0161516 0.0304568 -0.00205938 0.0161467 0.0304714 -0.00204703 0.016143 0.0304736 -0.00202298 0.0161328 0.0304737 -0.00188055 0.016796 0.0300977 -0.0017495 0.0175206 0.0298785 -0.00170939 0.0182848 0.0298115 -0.00176248 0.0190461 0.0299002 -0.00190578 0.0197619 0.0301399 -0.0021313 0.020392 0.0305171 -0.00242643 0.0209014 0.0310107 -0.00277468 0.0212616 0.0315931 -0.00315659 0.0214525 0.0322318 -0.00355082 0.0214633 0.0328912 -0.00597426 0.0214671 0.0314881 -0.00601518 0.0214799 0.0314591 -0.00604113 0.0215149 0.0314312 -0.00599218 0.0214859 0.0315181 -0.00603069 0.0214962 0.0314851 -0.00605009 0.0215243 0.0314462 -0.00175638 0.0256634 0.02989 -0.00176195 0.0257015 0.0298994 -0.00172743 0.0256628 0.0299162 -0.00173258 0.0256981 0.0299248 -0.00171067 0.0256611 0.0299514 -0.00171462 0.0256881 0.029958 -0.00170867 0.0256586 0.0299903 -0.0017108 0.0256732 0.0299938 -0.00172171 0.0256556 0.0300269 -0.0017747 0.0257325 0.0299207 -0.00174436 0.0257266 0.0299445 -0.00172363 0.02571 0.0299731 -0.00171568 0.025685 0.030002 -0.00274757 0.0291983 0.0259229 -0.00275316 0.02921 0.025921 -0.00218183 0.0291377 0.0249654 -0.00271419 0.0291619 0.0259384 -0.00273282 0.0291777 0.0259292 -0.00216708 0.0291061 0.024983 -0.0012526 0.0238283 0.0234939 -0.00124481 0.023832 0.0235038 -0.000962535 0.0247816 0.0230317 -0.00121497 0.0238369 0.0235284 -0.000933351 0.0247843 0.0230574 -0.000882223 0.0267314 0.0229719 -0.000943359 0.0269448 0.0229996 -0.000858098 0.02586 0.022857 -0.000869244 0.0252059 0.0229502 -0.00082916 0.0258601 0.0228832 -0.00189443 0.0289469 0.0246648 -0.00214182 0.029085 0.025004 -0.00162383 0.0286543 0.0241377 -0.000914219 0.0269424 0.0230255 -0.00117888 0.0279082 0.0234681 -0.00120864 0.0279128 0.0234433 -0.00125105 0.0280773 0.0235888 -0.0015931 0.0286479 0.0241609 -0.00210988 0.0290776 0.0250251 -0.00267056 0.0291486 0.0259629 -0.00270382 0.0291561 0.0259439 -0.00097995 0.0247741 0.0229976 -0.00126411 0.0238181 0.0234728 -0.000874821 0.0258596 0.0228218 -0.000960648 0.0269516 0.0229653 -0.00122769 0.0279261 0.0234119 -0.00164565 0.0286725 0.0241109 -0.000982949 0.0247628 0.0229604 -0.00126958 0.0238049 0.023451 -0.000876778 0.0258591 0.0227828 -0.000963455 0.0269619 0.0229278 -0.00123314 0.027946 0.0233788 -0.00165523 0.0286998 0.0240847 -0.000971073 0.0247494 0.0229257 -0.00126136 0.0237729 0.0234112 -0.000863677 0.0258584 0.0227461 -0.000951355 0.0269739 0.0228927 -0.00122416 0.0279694 0.0233489 -0.00165113 0.0287319 0.024063 -0.0021838 0.0291749 0.0249539 -0.00276174 0.029248 0.0259205 0.00145197 0.0244754 0.0246217 0.00150024 0.0244592 0.0246123 0.0016333 0.0251949 0.0243897 0.00129185 0.0237974 0.0249721 0.00131348 0.0237729 0.0249507 0.00153476 0.0244371 0.0245806 -0.000186903 0.029248 0.02746 0.000204562 0.0291873 0.0267792 0.000219452 0.0292369 0.0267804 0.000592346 0.0289936 0.0261307 0.000613112 0.0290402 0.026122 0.000945954 0.0286278 0.0255393 0.000972078 0.0286689 0.0255217 0.00124563 0.0281106 0.0250381 0.00127629 0.0281438 0.0250129 0.00147461 0.0274707 0.0246551 0.00150875 0.0274942 0.0246241 0.00162012 0.026744 0.0244118 0.00165646 0.0267565 0.0243771 0.00167402 0.025971 0.0243216 0.00171118 0.0259718 0.0242856 0.00166984 0.025184 0.0243547 0.00128226 0.0238049 0.0249768 0.00158356 0.0252029 0.0244016 0.00162383 0.0259704 0.0243342 0.00157052 0.0267348 0.0244234 0.00142663 0.0274535 0.024664 0.00120018 0.0280862 0.0250428 0.000903832 0.0285977 0.0255384 0.000554148 0.0289594 0.0261232 0.000170665 0.029151 0.0267646 0.00118821 0.0238369 0.0249654 0.00122406 0.023832 0.02498 0.00123641 0.0238283 0.0249822 0.00126045 0.0238181 0.0249823 -0.000195728 0.0291983 0.0274487 -0.00020826 0.0291777 0.0274387 -0.000225186 0.0291619 0.0274266 -0.000234946 0.0291561 0.0274201 0.00140288 0.0244813 0.0246063 0.00153394 0.0252059 0.0243871 0.00157404 0.0259701 0.0243201 0.00152095 0.0267314 0.0244089 0.00137765 0.0274471 0.0246485 0.00115213 0.0280773 0.0250257 0.000857 0.0285867 0.0255193 0.00050875 0.0289469 0.0261017 0.000126843 0.0291378 0.0267404 -0.000267384 0.0291486 0.0273998 -0.00269083 0.0291523 0.0259967 -0.00273174 0.0291652 0.0259677 -0.0027577 0.0292002 0.0259398 -0.00270875 0.0291712 0.0260267 -0.00274726 0.0291815 0.0259937 -0.00276666 0.0292096 0.0259548 0.0181849 -0.00366661 -0.00336345 0.0181771 -0.00367031 -0.00337328 0.0186052 -0.00295723 -0.00408924 0.0181473 -0.00367518 -0.00339794 0.0185744 -0.00296377 -0.00411222 0.0195478 -0.00251283 -0.00574023 0.0196935 -0.00252836 -0.00590926 0.0191305 -0.00256162 -0.0049678 0.0187755 -0.0027645 -0.00444863 0.0190985 -0.00256908 -0.00498873 0.0208494 -0.00405093 -0.00791712 0.0209908 -0.00443704 -0.00807909 0.0206796 -0.00352249 -0.00755849 0.0196601 -0.0025359 -0.00592799 0.0201955 -0.00286801 -0.00682341 0.0202301 -0.00286124 -0.00680678 0.0202939 -0.00297564 -0.00698807 0.0206439 -0.0035277 -0.00757337 0.0209544 -0.00444012 -0.00809276 0.0210919 -0.00550171 -0.00832263 0.0211286 -0.00550112 -0.0083095 0.0186274 -0.00293862 -0.00406305 0.0181964 -0.00365644 -0.00334233 0.0191562 -0.00254037 -0.00494746 0.0197228 -0.00250689 -0.00589519 0.0202631 -0.00284199 -0.00679867 0.0207155 -0.00350763 -0.00755539 0.0210289 -0.00442827 -0.00807946 0.0211676 -0.00549944 -0.0083114 0.0186374 -0.00291076 -0.00403766 0.0182019 -0.00364319 -0.00332052 0.0191715 -0.00250857 -0.00493082 0.0197437 -0.00247476 -0.00588792 0.0202893 -0.00281318 -0.00680035 0.0207462 -0.0034854 -0.00756455 0.0210627 -0.00441515 -0.0080938 0.0212028 -0.00549691 -0.00832804 0.0186339 -0.0028779 -0.00401692 0.0181937 -0.0036112 -0.00328066 0.0191741 -0.00247106 -0.0049204 0.019753 -0.00243686 -0.00588856 0.0203049 -0.00277919 -0.00681153 0.0207671 -0.00345918 -0.00758456 0.0210872 -0.00439968 -0.00811993 0.0212289 -0.00549393 -0.00835688 0.0186612 -0.00554321 -0.00988226 0.0186491 -0.00553236 -0.0098621 0.018654 -0.00549393 -0.00989643 0.0187071 -0.00553918 -0.00992804 0.0187311 -0.00554934 -0.00992789 0.0187123 -0.0055752 -0.00989646 0.0187793 -0.00555792 -0.00991107 0.0187576 -0.00558777 -0.00987478 0.0187362 -0.00559368 -0.009839 0.0186894 -0.00557928 -0.00985815 0.018707 -0.00557079 -0.0097902 0.0186685 -0.00556049 -0.00982321 0.0187132 -0.00557944 -0.00980061 0.0187311 -0.00559248 -0.00983053 0.0186853 -0.00552592 -0.00992253 0.0186744 -0.00554085 -0.00990439 0.0149015 -0.0113519 0.00212795 0.0148937 -0.0113556 0.00211811 0.0153218 -0.0106425 0.00140216 0.0148639 -0.0113605 0.00209345 0.0152909 -0.0106491 0.00137917 0.0162644 -0.0101981 -0.000248839 0.01641 -0.0102137 -0.000417866 0.0158471 -0.0102469 0.000523597 0.0154921 -0.0104498 0.00104276 0.015815 -0.0102544 0.00050266 0.017566 -0.0117362 -0.00242573 0.0177074 -0.0121223 -0.0025877 0.0173961 -0.0112078 -0.0020671 0.0163766 -0.0102212 -0.000436601 0.016912 -0.0105533 -0.00133202 0.0169467 -0.0105465 -0.00131538 0.0170105 -0.0106609 -0.00149668 0.0173604 -0.011213 -0.00208198 0.017671 -0.0121254 -0.00260136 0.0178084 -0.013187 -0.00283123 0.0178452 -0.0131864 -0.00281811 0.0153439 -0.0106239 0.00142834 0.014913 -0.0113417 0.00214906 0.0158727 -0.0102257 0.000543933 0.0164394 -0.0101922 -0.000403792 0.0169796 -0.0105273 -0.00130728 0.0174321 -0.0111929 -0.002064 0.0177454 -0.0121136 -0.00258806 0.0178841 -0.0131847 -0.00282001 0.015354 -0.010596 0.00145373 0.0149185 -0.0113285 0.00217088 0.015888 -0.0101939 0.000560578 0.0164603 -0.0101601 -0.000396524 0.0170059 -0.0104985 -0.00130895 0.0174628 -0.0111707 -0.00207315 0.0177793 -0.0121004 -0.00260241 0.0179193 -0.0131822 -0.00283664 0.0153505 -0.0105632 0.00147447 0.0149102 -0.0112965 0.00221073 0.0158907 -0.0101564 0.000570993 0.0164696 -0.0101222 -0.000397169 0.0170214 -0.0104645 -0.00132014 0.0174837 -0.0111445 -0.00209317 0.0178038 -0.012085 -0.00262854 0.0179454 -0.0131792 -0.00286548 0.0159834 -0.00313623 -0.00533248 0.0159408 -0.00310687 -0.00533252 0.016288 -0.00271849 -0.00591318 0.0156405 -0.00363569 -0.00484155 0.0156188 -0.0036112 -0.00482021 0.015914 -0.00306675 -0.00531378 0.0156501 -0.00364319 -0.00484632 0.0162664 -0.00267249 -0.00590324 0.0166565 -0.00245047 -0.00655565 0.0166722 -0.00249978 -0.00655586 0.0170624 -0.00241308 -0.00723458 0.0170721 -0.00246295 -0.00722465 0.0174616 -0.00256242 -0.00790206 0.0174653 -0.00261006 -0.00788217 0.0178315 -0.00289013 -0.00852081 0.0178297 -0.00293289 -0.00849168 0.0181517 -0.00337792 -0.00905624 0.0181451 -0.00341339 -0.00901913 0.0184041 -0.00399851 -0.00947845 0.0183938 -0.00402473 -0.00943503 0.0185747 -0.00471724 -0.00976383 0.0185618 -0.00473272 -0.00971615 0.01864 -0.00549782 -0.00984677 0.0163267 -0.00275217 -0.0059067 0.0167067 -0.00253588 -0.00654225 0.0171022 -0.00249946 -0.00720363 0.017491 -0.00264494 -0.00785385 0.0178514 -0.00296419 -0.00845661 0.0181633 -0.00343936 -0.0089782 0.0184092 -0.00404391 -0.00938949 0.0185754 -0.00474406 -0.00966749 0.0186526 -0.00550067 -0.00979667 0.0157441 -0.00367518 -0.00483486 0.0157083 -0.00367031 -0.00484948 0.0156959 -0.00366661 -0.00485168 0.0156719 -0.00365644 -0.00485183 0.0160304 -0.00314698 -0.00531368 0.0163723 -0.0027645 -0.00588555 0.0167508 -0.0025491 -0.00651849 0.0171446 -0.00251283 -0.00717715 0.0175318 -0.00265771 -0.00782471 0.0178907 -0.00297564 -0.00842499 0.0182013 -0.00344886 -0.00894444 0.0184462 -0.00405093 -0.00935404 0.0186118 -0.00474821 -0.0096309 0.0186887 -0.00550171 -0.00975954 0.0127 -0.0108215 0.000158913 0.0126573 -0.0107922 0.000158879 0.0130045 -0.0104038 -0.000421782 0.012357 -0.011321 0.000649843 0.0123354 -0.0112965 0.000671178 0.0126305 -0.010752 0.000177618 0.0123666 -0.0113285 0.000645075 0.012983 -0.0103578 -0.000411842 0.0133731 -0.0101358 -0.00106426 0.0133888 -0.0101851 -0.00106446 0.013779 -0.0100984 -0.00174318 0.0137887 -0.0101482 -0.00173325 0.0141781 -0.0102477 -0.00241067 0.0141818 -0.0102954 -0.00239078 0.0145481 -0.0105754 -0.00302942 0.0145463 -0.0106182 -0.00300029 0.0148682 -0.0110632 -0.00356485 0.0148616 -0.0110987 -0.00352773 0.0151207 -0.0116838 -0.00398706 0.0151103 -0.01171 -0.00394363 0.0152913 -0.0124025 -0.00427243 0.0152784 -0.012418 -0.00422475 0.0153706 -0.0131792 -0.00440504 0.0153565 -0.0131831 -0.00435538 0.0130433 -0.0104375 -0.000415311 0.0134233 -0.0102212 -0.00105086 0.0138188 -0.0101848 -0.00171223 0.0142076 -0.0103302 -0.00236246 0.014568 -0.0106495 -0.00296522 0.0148798 -0.0111246 -0.00348681 0.0151257 -0.0117292 -0.0038981 0.015292 -0.0124293 -0.0041761 0.0153692 -0.013186 -0.00430527 0.0124607 -0.0113605 0.000656537 0.0124248 -0.0113556 0.000641919 0.0124125 -0.0113519 0.000639714 0.0123884 -0.0113417 0.000639569 0.012747 -0.0108323 0.000177707 0.0130889 -0.0104498 -0.000394155 0.0134674 -0.0102344 -0.0010271 0.0138612 -0.0101981 -0.00168575 0.0142484 -0.010343 -0.00233331 0.0146073 -0.0106609 -0.00293359 0.0149179 -0.0111342 -0.00345305 0.0151628 -0.0117362 -0.00386265 0.0153283 -0.0124335 -0.00413951 0.0154053 -0.013187 -0.00426815 0.0153745 -0.013227 -0.00438542 0.0153657 -0.0132176 -0.0043707 0.0153844 -0.013229 -0.00440207 0.015394 -0.0132235 -0.00441812 0.0154018 -0.0132112 -0.00443114 0.0154477 -0.0132346 -0.0044365 0.0154342 -0.0132559 -0.00441395 0.0154959 -0.0132432 -0.00441968 0.0154803 -0.0132677 -0.00439364 0.0154765 -0.0132712 -0.00438735 0.0154176 -0.0132655 -0.00438614 0.0154611 -0.0132788 -0.00436153 0.0154528 -0.013279 -0.00434761 0.0154003 -0.0132619 -0.0043573 0.0154236 -0.0132561 -0.0042988 0.0153851 -0.0132458 -0.00433182 0.0154298 -0.0132647 -0.00430921 0.0154412 -0.0132747 -0.00432823 0.018114 0.00238794 0.0159491 0.0179182 0.00148504 0.0162765 0.0178166 0.000525076 0.0164464 0.0178131 -0.000455072 0.0164523 0.0179077 -0.00141773 0.016294 0.018097 -0.00232591 0.0159775 0.0183735 -0.0031447 0.0155151 0.0187266 -0.00384264 0.0149244 0.0191429 -0.00439292 0.0142282 0.0196063 -0.00477437 0.0134533 0.0200989 -0.00497235 0.0126294 0.0206019 -0.00497925 0.0117881 0.0210959 -0.00479479 0.0109619 0.021562 -0.00442608 0.0101824 0.0219822 -0.00388727 0.00947969 0.0121791 -0.0123079 0.00112753 0.0146492 -0.0120049 0.00245249 0.012115 -0.0127295 0.00123475 0.0145181 -0.0127295 0.00267166 0.0120749 -0.0133837 0.00130179 0.014478 -0.0134937 0.00273874 0.0121279 -0.014255 0.00121304 0.0145311 -0.014255 0.00264995 0.0121599 -0.014466 0.00115953 0.0146744 -0.0149707 0.00241028 0.0124246 -0.0154318 0.000716894 0.0148999 -0.0156009 0.00203311 0.0163194 -0.0166722 -0.000340961 0.0139163 -0.0166722 -0.00177788 0.0159252 -0.0166614 0.000318367 0.0133556 -0.0166012 -0.000840161 0.0155433 -0.0164705 0.00095709 0.0131401 -0.0164705 -0.000479829 0.0151951 -0.0161103 0.00153952 0.0128388 -0.0161715 2.41246e-05 0.0124968 -0.0156009 0.000596195 0.0154625 -0.00462258 -0.00436386 0.0179326 -0.00431958 -0.00303891 0.0153984 -0.00504417 -0.00425665 0.0178016 -0.00504417 -0.00281973 0.0153583 -0.00569845 -0.00418961 0.0177615 -0.00580846 -0.00275266 0.0154114 -0.00656973 -0.00427835 0.0178145 -0.00656973 -0.00284144 0.0154434 -0.00678069 -0.00433187 0.0179578 -0.00728546 -0.00308111 0.015708 -0.00774648 -0.0047745 0.0181834 -0.00791563 -0.00345828 0.0196029 -0.00898689 -0.00583235 0.0171997 -0.00898689 -0.00726927 0.0192087 -0.00897607 -0.00517303 0.016639 -0.00891594 -0.00633155 0.0188267 -0.00878524 -0.0045343 0.0164236 -0.00878524 -0.00597122 0.0184785 -0.00842505 -0.00395187 0.0161222 -0.00848621 -0.00546727 0.0157802 -0.00791563 -0.0048952 0.00373391 -0.0131653 -0.0213823 0.000578732 -0.00804674 -0.0161054 0.000906108 -0.00813425 -0.0158248 0.00406129 -0.0132528 -0.0211017 0.00107098 -0.00837336 -0.0154943 0.00422616 -0.0134919 -0.0207712 0.00102918 -0.00869998 -0.0152025 0.00418435 -0.0138185 -0.0204793 0.000791891 -0.00902661 -0.0150275 0.00394707 -0.0141451 -0.0203044 0.000422707 -0.00926572 -0.0150163 0.00357788 -0.0143842 -0.0202932 2.05471e-05 -0.00935323 -0.0151719 0.00317573 -0.0144718 -0.0204488 0.00307722 -0.0147023 -0.020284 -7.79551e-05 -0.00958379 -0.0150071 0.000210939 -0.00964849 -0.0147717 0.00336612 -0.014767 -0.0200486 0.000387339 -0.00982975 -0.0144904 0.00354252 -0.0149483 -0.0197673 0.000416301 -0.0100917 -0.014219 0.00357148 -0.0152102 -0.0194959 0.000292095 -0.0103824 -0.0140112 0.00344727 -0.0155009 -0.0192881 3.9317e-05 -0.0106443 -0.0139083 0.00319449 -0.0157629 -0.0191852 -0.000291966 -0.0108256 -0.0139306 0.00286321 -0.0159441 -0.0192075 -0.00063614 -0.0108903 -0.0140736 0.00251904 -0.0160088 -0.0193505 0.00242054 -0.0162394 -0.0191858 -0.000734642 -0.0111209 -0.0139089 -0.000445747 -0.0111855 -0.0136734 0.00270943 -0.0163041 -0.0189503 -0.000269348 -0.0113668 -0.0133921 0.00288583 -0.0164853 -0.018669 -0.000240385 -0.0116287 -0.0131207 0.00291479 -0.0167473 -0.0183976 -0.000364592 -0.0119195 -0.012913 0.00279059 -0.017038 -0.0181899 -0.00061737 -0.0121814 -0.01281 0.00253781 -0.0172999 -0.0180869 -0.000948652 -0.0123627 -0.0128323 0.00220653 -0.0174812 -0.0181092 -0.00129283 -0.0124273 -0.0129753 0.00186235 -0.0175459 -0.0182522 -0.00647996 -0.000313807 -0.0191096 -0.00663511 -0.000603814 -0.0188501 -0.0068248 -0.000824191 -0.0185328 -0.00688685 -0.00087358 -0.0184291 -0.0070553 -0.000961667 -0.0181473 -0.00738287 -0.000961916 -0.0175995 -0.00750408 -0.000905244 -0.0173968 -0.0078351 -0.000555146 -0.0168432 -0.0078907 -0.000457566 -0.0167502 -0.00813068 0.000283569 -0.0163488 -0.00817161 0.00115627 -0.0162804 -0.00795895 0.0020855 -0.016636 -0.00800455 0.0019699 -0.0165598 -0.0118155 -0.0128024 -0.0101861 -0.0119707 -0.0130924 -0.00992657 -0.0121604 -0.0133128 -0.00960933 -0.0122224 -0.0133622 -0.00950555 -0.0124675 -0.01347 -0.00909576 -0.0127184 -0.0134505 -0.00867599 -0.0127841 -0.0134239 -0.00856624 -0.0129911 -0.0132741 -0.00821996 -0.0131707 -0.0130437 -0.00791965 -0.0133195 -0.0127414 -0.00767075 -0.0134326 -0.0123718 -0.00748161 -0.0134579 -0.0122509 -0.00743921 -0.0135031 -0.0119226 -0.00736361 -0.0135033 -0.0112843 -0.00736339 -0.0134742 -0.0110481 -0.00741204 -0.0132945 -0.0104031 -0.00771252 -0.0223741 0.0249289 0.00747263 -0.0222558 0.0252788 0.00727489 -0.027288 0.00991916 0.015691 -0.0274676 0.0101496 0.0159913 -0.0275914 0.0127902 0.0161984 -0.0277097 0.0124403 0.0163961 -0.0276164 0.0104519 0.0162402 -0.0277295 0.0108215 0.0164293 -0.0277548 0.0109424 0.0164717 -0.0278102 0.0114199 0.0165642 -0.0278002 0.011909 0.0165475 -0.0277865 0.0120369 0.0165247 0.0132779 0.00134423 0.0238424 0.0131694 0.00119496 0.0240238 0.0131599 -2.58757e-05 0.0240396 0.0167153 0.00779691 0.0180934 0.0154464 0.00532578 0.0202157 0.0155203 0.00543498 0.020092 0.00704028 0.0108127 0.0342745 0.00700881 0.0108908 0.0343271 0.00665667 0.0107318 0.034916 0.0166754 0.00796005 0.0181602 0.0166763 0.00814081 0.0181586 0.016718 0.00830228 0.0180889 0.0122729 0.0234032 0.0255232 0.0123056 0.023452 0.0254685 0.0122178 0.0241338 0.0256154 0.00664728 0.0111636 0.0349317 0.00699755 0.0109939 0.0343459 0.00674331 0.0115547 0.0347711 0.0124418 0.0241531 0.0252407 0.01605 0.00482727 0.0192062 0.017235 0.00586038 0.0172242 0.0157707 0.00530352 0.0196732 0.0172389 0.00658343 0.0172177 0.0183344 0.0131796 0.0153856 0.0190045 0.0136539 0.0142649 0.01839 0.0134146 0.0152925 0.0183779 0.0136723 0.0153127 0.0156114 0.00546961 0.0199397 0.0157009 0.00542259 0.0197899 0.0167881 0.00768472 0.0179717 0.017079 0.00723597 0.0174851 0.0130371 0.0011714 0.0242451 0.0129165 0.00127987 0.0244467 0.00681044 0.0102747 0.0346589 0.006765 0.0103587 0.0347349 0.0123472 0.0234708 0.0253989 0.0123963 0.0234514 0.0253168 0.0126549 0.0239545 0.0248842 0.0124251 0.0234165 0.0252686 0.0183013 0.0138837 0.0154409 0.0164083 0.00463919 0.0186069 0.0167725 0.00477769 0.0179978 0.0170682 0.00521449 0.0175032 0.00701025 0.011081 0.0343247 0.00701939 0.0111068 0.0343094 0.0119968 0.0238511 0.0259849 0.0120291 0.0239191 0.0259309 0.00213264 0.000358654 -0.0146122 0.000458092 -0.00356084 -0.0118116 0.000467928 -0.00348399 -0.0118802 -0.00234031 -0.00970907 -0.00752109 -0.00224568 -0.00968848 -0.00748449 -0.00377754 -0.0134749 -0.00472767 -0.00215882 -0.00963222 -0.00748712 -0.00210299 -0.00955537 -0.00752828 -0.0119052 -0.0104007 -0.0125693 -0.00862179 -0.00271546 -0.0180607 -0.0107895 -0.0104007 -0.0119021 -0.00750603 -0.00271546 -0.0173935 -0.0107758 -0.0106364 -0.0116654 -0.00300398 -0.00342773 -0.0140107 -0.00309085 -0.00348399 -0.0140081 -0.00659265 -0.000979373 -0.0185314 -0.0063083 -0.000313807 -0.0190069 -0.00616612 1.89749e-05 -0.0192447 -0.00602395 0.000351757 -0.0194825 -0.00571759 -0.00963222 -0.00961499 -0.0056788 -0.00968848 -0.00953723 -0.0115017 -0.0124696 -0.0103212 -0.00560177 -0.00970907 -0.00947119 -0.0119282 -0.013468 -0.00960786 -0.0116439 -0.0128024 -0.0100834 0.000429135 -0.00342773 -0.011958 0.000352105 -0.00340714 -0.012024 -0.00290935 -0.00340714 -0.0139741 -0.0113605 -0.0121368 -0.0105596 -0.0108255 -0.0108868 -0.0114522 -0.00570775 -0.00955537 -0.00968366 -0.00314668 -0.00356084 -0.0139669 -0.00729101 -0.00247978 -0.0174936 -0.00712671 -0.0022294 -0.0176382 -0.0195534 0.0121177 0.0216568 -0.0136432 0.0259513 0.0117723 -0.0265654 0.0151919 0.0144823 -0.0243977 0.0228771 0.00832381 -0.0276811 0.0151919 0.0138152 -0.0232819 0.0228771 0.00899095 -0.0230669 0.0231128 0.00889091 -0.0265517 0.0149562 0.0147191 -0.0266014 0.0147058 0.0149323 -0.0271354 0.0134558 0.0158255 -0.0274198 0.0127902 0.016301 -0.0275619 0.0124574 0.0165388 -0.0277041 0.0121246 0.0167766 -0.0222264 0.024946 0.00761531 -0.0220842 0.0252788 0.00737753 -0.0218002 0.0259436 0.0069025 -0.0223695 0.0246132 0.00785249 -0.0229026 0.0233632 0.00874628 -0.00450028 -0.0136036 -0.00351892 0.00966131 -0.0136036 0.00494862 -0.0194874 0.0107094 0.0215463 -0.00532578 0.0107094 0.0300139 0.00124108 0.02608 0.0190311 0.0162282 0.001767 -0.00603416 -0.0129205 0.02608 0.0105635 0.00206659 0.001767 -0.0145017 0.0163425 0.00150436 -0.00622537 0.0022198 0.00134413 -0.0147579 0.0163814 0.00134413 -0.0062904 0.0164107 0.00109418 -0.00633936 0.00224398 0.000828639 -0.0147984 0.0162942 0.000358654 -0.00614464 0.0163839 0.000666201 -0.00629454 0.0164056 0.000828639 -0.00633083 0.00981459 -0.0137751 0.00469228 -0.00425909 -0.0138205 -0.0039223 0.0099025 -0.0138205 0.00454525 0.010034 -0.0138313 0.0043254 -0.00399455 -0.0137734 -0.00436473 0.010167 -0.0137734 0.00410281 0.0102451 -0.0137024 0.00397229 0.0103841 -0.0134749 0.00373987 -0.00544011 0.010972 0.0302051 -0.0196406 0.0111323 0.0218026 -0.00547899 0.0111323 0.0302701 -0.00550827 0.0113822 0.0303191 -0.0196648 0.0116478 0.021843 -0.00539184 0.0121177 0.0301243 -0.00548147 0.0118102 0.0302742 -0.00550317 0.0116478 0.0303105 -0.0131617 0.0262969 0.0109669 0.00108781 0.0262515 0.0192874 -0.0132956 0.0263073 0.0111908 0.000868442 0.0263077 0.0196543 -0.0134262 0.0262498 0.0114093 0.000657309 0.0261788 0.0200074 0.000518343 0.0259513 0.0202398 -0.0128282 -0.0133208 -0.00810264 -0.0126575 -0.0135978 -0.00838825 -0.0144032 -0.0110443 -0.00585837 -0.0141679 -0.0112405 -0.00599229 -0.0139821 -0.011449 -0.00617291 -0.0265784 0.00815013 0.0137247 -0.0147465 -0.0110443 -0.00606364 -0.0262351 0.00815013 0.01393 -0.0262417 0.00834633 0.0142006 -0.0263129 0.00855479 0.0144498 -0.0276371 0.010703 0.0166645 -0.0272959 0.0101496 0.0160939 -0.0133406 -0.0124896 -0.00724578 -0.012999 -0.0130437 -0.00781702 -0.0271251 0.00987251 0.0158083 -0.0269554 0.00959547 0.0155221 -0.0196682 0.0235207 0.00294719 -0.00895206 0.00432626 -0.0175083 -0.020784 0.0235207 0.00228005 -0.0078363 0.00432626 -0.0168412 -0.00760104 0.00413006 -0.0169751 -0.0074152 0.0039216 -0.0171557 -0.00609059 0.00177274 -0.019371 -0.00643215 0.00232684 -0.0187998 -0.0196748 0.0237169 0.00321783 -0.019746 0.0239254 0.003467 -0.0203875 0.024966 0.00453988 -0.0207291 0.0255201 0.00511112 -0.0208998 0.0257972 0.00539673 -0.0210706 0.0260742 0.00568236 -0.00660293 0.00260389 -0.0185142 -0.00677471 0.00288092 -0.0182292 -0.0281793 0.0131223 0.0154279 -0.0274363 0.0130802 0.0159389 -0.0272466 0.0133006 0.0156217 -0.027957 0.01335 0.015056 -0.0271845 0.01335 0.0155179 -0.027712 0.0134578 0.0146462 -0.0269988 0.0134436 0.0152073 -0.027461 0.0134383 0.0142265 -0.0266885 0.0134383 0.0146883 -0.0272211 0.0132929 0.0138253 -0.0265931 0.0133964 0.0145287 -0.0270087 0.0130315 0.0134701 -0.0262335 0.0130271 0.0139274 -0.0268383 0.0126719 0.0131851 -0.0259843 0.0124014 0.0135106 -0.0267215 0.0122387 0.0129897 -0.025949 0.0122387 0.0134516 -0.0266662 0.0117612 0.0128972 -0.0258899 0.011631 0.0133527 -0.0266761 0.0112721 0.0129139 -0.0259037 0.0112721 0.0133757 -0.0267507 0.0108047 0.0130386 -0.0259672 0.0108534 0.013482 -0.0228438 0.0256109 0.00650439 -0.0221007 0.0255688 0.0070154 -0.021911 0.0257892 0.00669815 -0.0226214 0.0258386 0.00613251 -0.021849 0.0258386 0.00659437 -0.0223764 0.0259464 0.00572272 -0.0216039 0.0259464 0.00618458 -0.0221254 0.0259269 0.00530294 -0.0213529 0.0259269 0.00576481 -0.0212873 0.0259003 0.00565506 -0.0218855 0.0257815 0.0049018 -0.0210803 0.0257505 0.00530879 -0.0216732 0.0255201 0.00454661 -0.0209007 0.0255201 0.00500848 -0.0215027 0.0251605 0.0042616 -0.0207519 0.0252178 0.00475957 -0.0206388 0.0248482 0.00457043 -0.0213859 0.0247273 0.00406617 -0.0206134 0.0247273 0.00452804 -0.0213306 0.0242498 0.00397365 -0.020557 0.0242229 0.00443358 -0.0213406 0.0237607 0.00399036 -0.0205681 0.0237607 0.00445222 -0.0214152 0.0232933 0.00411513 -0.0206082 0.0234592 0.00451934 -0.0132445 -0.0102947 -0.00779627 -0.0137266 -0.00989668 -0.00874361 -0.0128641 -0.00982711 -0.00843237 -0.0136601 -0.00984332 -0.0088549 -0.0133072 -0.00972817 -0.00944504 -0.0124163 -0.00974735 -0.00918139 -0.0131641 -0.00975499 -0.00968446 -0.0128918 -0.00993094 -0.0101398 -0.0119987 -0.0100729 -0.0098797 -0.0127118 -0.0101618 -0.0104408 -0.0119394 -0.0101618 -0.00997892 -0.0125627 -0.0104648 -0.0106902 -0.0117027 -0.0107326 -0.0103748 -0.0124246 -0.0109546 -0.0109212 -0.0116521 -0.0109546 -0.0104594 -0.0123851 -0.0112241 -0.0109873 -0.0115929 -0.0115824 -0.0105585 -0.0123792 -0.0119212 -0.010997 -0.0116068 -0.0119212 -0.0105352 -0.0123941 -0.0120584 -0.0109722 -0.0116973 -0.0124525 -0.0103838 -0.0116205 -0.0120491 -0.0105123 -0.00854686 0.00241758 -0.0174065 -0.00766599 0.00254672 -0.017126 -0.0083245 0.00264527 -0.0177784 -0.00755205 0.00264527 -0.0173165 -0.00807948 0.00275306 -0.0181882 -0.00722988 0.00276073 -0.0178554 -0.00782849 0.00273361 -0.018608 -0.00705603 0.00273361 -0.0181461 -0.00699042 0.00270695 -0.0182559 -0.00758863 0.00258823 -0.0190091 -0.00678337 0.00255723 -0.0186021 -0.00737626 0.00232684 -0.0193643 -0.00660381 0.00232684 -0.0189024 -0.00720584 0.00196724 -0.0196493 -0.00645498 0.0020245 -0.0191513 -0.00708899 0.00153395 -0.0198447 -0.00634189 0.00165487 -0.0193405 -0.00631654 0.00153395 -0.0193829 -0.00703367 0.0010565 -0.0199373 -0.00626122 0.0010565 -0.0194754 -0.00704366 0.00056741 -0.0199206 -0.00636172 3.60889e-05 -0.0193073 -0.00711826 0.000100026 -0.0197958 -0.00628488 0.000439542 -0.0194358 -0.00627121 0.00056741 -0.0194587 -0.00606783 0.00130956 -0.019604 -0.00612429 0.0010656 -0.0195096 -0.00620572 0.00169015 -0.0193734 -0.00620926 0.00169589 -0.0193674 -0.00604607 0.000845622 -0.0196404 -0.00614627 0.000422627 -0.0194728 -0.00614921 0.000415739 -0.0194679 -0.0124651 -0.00913144 -0.00890488 -0.012248 -0.00932669 -0.00926792 -0.0118832 -0.0099913 -0.00987801 -0.0114592 -0.0106063 -0.0105871 -0.0115714 -0.0106862 -0.0103995 -0.0127032 -0.00917384 -0.00850669 -0.012323 -0.0096484 -0.00914245 -0.0128985 -0.00944253 -0.00818004 -0.0114557 -0.0115813 -0.010593 -0.0112867 -0.0107977 -0.0108756 -0.0114848 -0.0120729 -0.0105443 -0.0110467 -0.0108564 -0.0112771 -0.0109507 -0.0108228 -0.0114375 -0.013708 -0.0112298 -0.00682611 -0.0133936 -0.0124128 -0.00735201 -0.0139403 -0.0113717 -0.00643769 -0.0140351 -0.0113721 -0.00627914 -0.0127948 -0.00973241 -0.00835348 -0.0131954 -0.010225 -0.00768346 -0.0135552 -0.0109796 -0.00708176 -0.0134374 -0.0110185 -0.00727873 -0.0134679 -0.0119397 -0.00722772 -0.0276905 0.0107805 0.0165589 -0.0278052 0.0110515 0.0167508 -0.0277754 0.0114108 0.016701 -0.0278585 0.011396 0.0168398 -0.0277505 0.0120607 0.0166593 -0.0278382 0.0117536 0.0168059 -0.0211928 0.0260031 0.00569186 -0.0211893 0.0259974 0.00568595 -0.0215228 0.0260459 0.00624371 -0.0218462 0.0258804 0.00678468 -0.0218433 0.0258873 0.00677975 -0.0214099 0.0261984 0.00605491 -0.021648 0.026156 0.0064531 0.0189747 0.001767 -0.00439197 0.00398758 0.02608 0.0206733 0.00883204 0.02608 0.0235699 0.0189813 0.00157079 -0.00466261 0.00123446 0.0262762 0.0193017 0.0197403 0.0126386 0.0112808 0.0242433 0.00561165 0.00413889 0.0255817 0.001767 -0.000441466 0.0220174 -0.00344749 -0.00987044 0.0196142 -0.00344749 -0.0113074 0.0190525 0.00136234 -0.00491178 0.0166493 0.00136234 -0.0063487 0.0164634 0.0015708 -0.00616808 -0.0018016 0.0312945 0.0245095 0.000601581 0.0312945 0.0259465 0.0011633 0.0264846 0.0195509 0.00356648 0.0264846 0.0209878 0.00375231 0.0262762 0.0208072 -0.00281456 0.0109056 0.03179 -0.00257929 0.0107094 0.0316561 0.0124078 -0.0136036 0.00659082 0.00989658 -0.0137998 0.0048147 0.00226518 0.0107094 0.0345527 0.0131734 -0.00273193 0.0222636 0.0176764 -0.00975893 0.0151217 0.0190148 -0.0136036 0.0105413 -0.00596528 0.0159239 0.0369293 -0.00836846 0.0159239 0.0354923 -0.00300039 0.011114 0.0319706 -0.00540356 0.011114 0.0305337 -0.0053324 0.0109056 0.0302845 0.0130473 -0.0188181 -0.000324574 0.0154505 -0.0188181 0.00111235 0.0100824 -0.0140082 0.00463409 0.0124856 -0.0140082 0.006071 0.0124144 -0.0137998 0.00632019 -0.0268066 0.0110316 0.0121578 -0.0227395 0.0214107 0.00535572 -0.0224485 0.0214626 0.00486904 -0.0266841 0.0115485 0.0119529 -0.0267107 0.0121156 0.0119974 -0.0268793 0.0125807 0.0122793 -0.00979043 0.000927858 -0.016301 -0.00976383 0.000360819 -0.0163455 -0.0137351 -0.00893434 -0.00970381 -0.0134698 -0.00917298 -0.0101475 -0.0095953 -0.00010434 -0.0166274 -0.012681 -0.0104526 -0.0114667 -0.00966796 0.00144484 -0.0165058 -0.0222098 0.021791 0.0044698 -0.00901127 0.0029819 -0.0176041 -0.0274633 0.0094945 0.013256 -0.0149215 -0.0108516 -0.00771961 -0.0142648 -0.00931456 -0.00881789 -0.0140261 -0.00898617 -0.00921713 -0.0276681 0.0138604 0.0135985 -0.0237936 0.022929 0.00711865 -0.0230048 0.0216494 0.00579943 -0.0241311 0.0231336 0.00768318 -0.0239519 0.0230967 0.00738345 -0.024304 0.023034 0.00797221 -0.00880651 -0.00138397 -0.0179466 -0.00869316 -0.00165698 -0.0181361 -0.00874706 -0.00265148 -0.018046 -0.00864207 -0.00199373 -0.0182216 -0.00866099 -0.00234295 -0.01819 -0.0122258 -0.0106055 -0.012228 -0.0124639 -0.0106479 -0.0118298 -0.0120305 -0.0103368 -0.0125546 -0.0278059 0.0142409 0.0138291 -0.0278277 0.0147049 0.0138655 -0.0277275 0.0151279 0.0136979 -0.0244441 0.0228132 0.00820653 -0.0212402 0.0236484 0.00284818 -0.021061 0.0236116 0.00254845 -0.021413 0.0235489 0.0031372 -0.0209026 0.0234439 0.00228365 -0.0215531 0.023328 0.00337153 -0.00893283 0.00386882 -0.0177353 -0.00891108 0.00340488 -0.0177717 -0.00907072 0.00424941 -0.0175047 0.0197234 -0.0131464 0.00900549 0.0195831 -0.0134749 0.0092402 0.0174461 -0.00719076 0.00186692 0.026866 -0.000409873 0.000921949 0.0216125 -0.0127063 0.00970818 0.0200522 -0.0127063 0.0087752 0.0175888 -0.00705765 0.00182312 0.0180156 -0.00605856 0.00110924 0.0253057 -0.000409873 -1.1031e-05 0.0180277 -0.00599974 0.0010594 0.0180118 -0.00594988 0.00100152 0.0252993 -0.000196148 -0.000222132 0.0179703 -0.00591656 0.000944413 0.0253529 3.01787e-05 -0.000409604 0.0254933 0.000358654 -0.000644312 0.0190407 0.000358654 -0.00450244 0.0179096 -0.00590486 0.000896774 0.0163647 -0.00590486 -2.69566e-05 0.0173514 -0.00721135 0.00183031 0.0131305 -0.0134749 0.00538206 0.0158065 -0.00721135 0.000906579 0.0175329 -0.0071345 0.00186428 0.0198629 -0.0129204 0.00886966 0.012699 -0.0139309 0.00590886 0.0126042 -0.0139314 0.00606741 0.0155691 -0.0187412 0.00110875 0.0186847 -0.00980773 -0.00410191 0.0181265 -0.0111142 -0.00316837 0.0220703 -0.00352435 -0.00976421 0.0190929 0.000632975 -0.00478462 0.0191224 0.00110375 -0.00483392 0.0191054 0.00128549 -0.00480555 0.0157602 -0.00727534 0.000789299 0.0189943 0.000294674 -0.00461972 0.0164106 -0.0167716 -0.000298586 0.0160043 -0.0167605 0.000381026 0.0156106 -0.0165638 0.0010394 0.0152516 -0.0161925 0.00163976 0.0149474 -0.0156674 0.00214854 0.0129313 -0.0137891 0.00552044 0.0145539 -0.0127076 0.00280673 0.014689 -0.0119607 0.00258081 0.0130842 -0.0135388 0.00526478 0.0196941 -0.00908634 -0.00578998 0.0192877 -0.0090752 -0.00511037 0.018894 -0.00887849 -0.00445199 0.0178507 -0.00659481 -0.00270703 0.017796 -0.00581012 -0.00261552 0.0163183 -0.00596884 -0.000144236 0.0178373 -0.00502231 -0.00268466 0.0179724 -0.00427543 -0.00291058 0.014715 -0.0150179 0.00253731 0.0145673 -0.0142801 0.00278436 0.0145125 -0.0134954 0.00287587 0.0185351 -0.00850722 -0.00385164 0.0182309 -0.00798213 -0.00334286 0.0179984 -0.00733256 -0.00295408 0.026853 0.000921617 0.00113865 0.0269124 -0.000345893 0.00103923 0.0269663 0.000648605 0.000949096 0.0270174 0.000311854 0.000863637 0.0269985 -3.73664e-05 0.000895287 0.0173907 0.00831371 0.0169639 0.0193989 0.0130141 0.0136053 0.0172261 0.00414136 0.0172392 0.0169429 0.00383217 0.0177129 0.0176762 -0.000464173 0.0164865 0.0156982 0.00407329 0.0197944 0.0156516 0.00410578 0.0198725 0.0156025 0.00409184 0.0199545 0.0173691 0.00822674 0.017 0.0173709 0.00813021 0.0169969 0.0177705 0.00633559 0.0163287 0.0177431 0.00570525 0.0163745 0.0176384 0.00510647 0.0165496 0.0174626 0.00457468 0.0168436 0.0179831 0.0024357 0.0159732 0.0177834 0.00151474 0.0163071 0.0177727 -0.00144608 0.016325 0.0166297 0.00366541 0.0182366 0.0179657 -0.00237242 0.0160022 0.0173958 0.00804663 0.0169553 0.0175916 0.00754198 0.0166279 0.017719 0.00696015 0.0164149 0.0176798 0.000535578 0.0164804 0.0200077 -0.0050718 0.0125871 0.0195052 -0.00486986 0.0134275 0.0210085 -0.0127582 0.0109133 0.0155625 0.00403472 0.0200214 0.0135543 -0.000665691 0.02338 0.0159884 0.00378965 0.0193091 0.0163052 0.00365095 0.0187794 0.0215 -0.0045146 0.0100912 0.0210246 -0.00489069 0.0108863 0.0216589 -0.0126424 0.00982546 0.0219286 -0.00396501 0.0093744 0.0214636 -0.012911 0.0101521 0.0212255 -0.0129534 0.0105503 0.0205207 -0.00507883 0.011729 0.0190326 -0.00448078 0.0142179 0.018608 -0.0039195 0.014928 0.0182477 -0.00320759 0.0155305 3.0652e-05 0.0183812 0.027291 -0.00264535 0.0121177 0.0317665 0.00157555 0.0183812 0.0282148 0.00208676 0.0121177 0.034596 0.00167018 0.0184018 0.0282514 0.00175704 0.0184581 0.0282487 0.00219443 0.019676 0.0273289 0.00223588 0.0196427 0.027386 0.00799694 0.0259513 0.0247115 0.00225179 0.0195929 0.0274439 0.00223972 0.019534 0.0274937 0.00181288 0.018535 0.0282076 0.00213374 0.0196877 0.0272812 0.00326483 0.0259513 0.021882 0.000588836 0.0196877 0.0263575 0.017899 -0.0132432 -0.00298276 0.0196477 -0.00915032 -0.00590726 0.0172445 -0.00915032 -0.00734418 0.0211825 -0.00555792 -0.00847416 0.022024 -0.00358833 -0.00988149 0.0196208 -0.00358833 -0.0113184 -0.00271535 0.029312 0.0260378 -0.000312172 0.029312 0.0274747 -0.00187387 0.0312816 0.0246304 0.000529306 0.0312816 0.0260673 -0.00599878 0.0216267 0.0315292 -0.00359561 0.0216267 0.0329661 -0.00425016 0.0257196 0.0286047 -0.00184698 0.0257196 0.0300416 0.0165476 0.00110375 -0.00637348 0.0165306 0.00128549 -0.0063451 0.0194955 -0.00352435 -0.0113038 0.0132579 -0.0166985 -0.000871569 0.0138358 -0.0167716 -0.00183814 0.0129943 -0.0187412 -0.000430804 0.0103565 -0.0137891 0.00398089 0.0101242 -0.0139309 0.00436931 0.0100294 -0.0139314 0.00452786 0.0152212 -0.00569673 -0.00415511 0.0153088 -0.00681226 -0.00430175 0.0105093 -0.0135388 0.00372523 0.0120451 -0.012273 0.00115667 0.0119377 -0.013382 0.00133628 0.0171192 -0.00908634 -0.00732954 0.0165413 -0.00901321 -0.00636296 0.0160086 -0.00857026 -0.00547208 0.0120254 -0.0144976 0.00118965 0.0122982 -0.0154931 0.000733394 0.0127252 -0.0162555 1.93115e-05 0.0164195 0.000294674 -0.00615928 0.0153286 -0.00458775 -0.00433473 0.0155816 -0.00780777 -0.004758 0.0165181 0.000632975 -0.00632417 0.0139611 -0.0168356 -0.00185278 0.0163642 -0.0168356 -0.000415866 0.0131196 -0.0188052 -0.000445448 0.0155228 -0.0188052 0.000991471 0.00352467 0.0264073 0.0212526 0.00361947 0.0264078 0.021094 0.000654575 0.0312176 0.0260527 -0.00486347 0.0168761 0.0352814 -0.00584662 0.0160007 0.0369257 -0.00286921 0.0118434 0.0319461 -0.00289869 0.0113726 0.0319954 -0.00288172 0.0111909 0.031967 -0.002461 0.0222841 0.0312634 -0.00190281 0.0235906 0.0303298 -0.00158004 0.0245614 0.02979 -0.00277061 0.0121817 0.0317812 -0.00295039 0.0149475 0.0320818 -0.00352928 0.0149133 0.03305 -0.00408115 0.0152556 0.033973 -0.00454336 0.0159356 0.034746 0.000333038 0.0226327 0.0265905 -0.000245848 0.0225985 0.0275586 0.000463568 0.0197517 0.0263721 -0.000797713 0.0229409 0.0284816 -0.00125993 0.0236209 0.0292546 -9.46146e-05 0.0184452 0.0273057 -0.00241018 0.0153543 0.0311784 0.00329243 0.0262655 0.021641 0.00313957 0.0260152 0.0218967 0.000873249 0.0230396 0.025687 -0.00837507 0.0160647 0.0355034 -0.00597189 0.0160647 0.0369403 -0.00753359 0.0180343 0.034096 -0.00513041 0.0180343 0.035533 0.000717594 0.0262655 0.0201015 -0.00192026 0.0312176 0.0245131 0.000949841 0.0264073 0.019713 0.00104464 0.0264078 0.0195545 -0.00545656 0.0111909 0.0304274 -0.00842146 0.0160007 0.0353861 -0.00547352 0.0113726 0.0304558 -0.00544404 0.0118434 0.0304065 0.000564732 0.0260152 0.0203571 -0.00757998 0.0179703 0.0339788 -0.00743831 0.0168761 0.0337418 -0.0071182 0.0159356 0.0332065 -0.00665598 0.0152556 0.0324334 -0.00610411 0.0149133 0.0315105 -0.00534545 0.0121817 0.0302416 -0.00552523 0.0149475 0.0305423 -0.00498502 0.0153543 0.0296388 -0.00429655 0.0256556 0.0284874 -0.00421726 0.0248789 0.0283548 -0.00404663 0.0241602 0.0280694 -0.00229902 0.0226122 0.0251466 -0.00190892 0.0228342 0.0244942 -0.00155647 0.0232284 0.0239047 -0.00379418 0.0235396 0.0276472 -0.00347403 0.0230518 0.0271118 -0.00310407 0.0227241 0.026493 -0.00270496 0.0225748 0.0258255 -0.00168304 -0.0105151 -0.00862034 -0.00195003 -0.0105151 -0.00877998 0.000878033 -0.00452057 -0.0129036 0.000611043 -0.00452057 -0.0130633 -0.00302141 -0.00362482 -0.0139816 -0.00250869 -0.00445658 -0.0148391 -0.00558249 -0.00961935 -0.0096983 -0.00506977 -0.0104511 -0.0105558 -0.00211644 -0.00452057 -0.0146941 -0.00467751 -0.0105151 -0.0104108 -0.00238343 -0.00452057 -0.0148537 -0.0049445 -0.0105151 -0.0105704 -0.00163666 -0.0104511 -0.00850306 0.00092442 -0.00445658 -0.0127863 -0.00214937 -0.00961935 -0.00764556 0.000411704 -0.00362482 -0.0119288 -0.00199636 -0.00457707 -0.0147014 2.14654e-05 -0.00718327 -0.0171423 -0.00455744 -0.0105716 -0.0104181 -0.00253961 -0.0131778 -0.012859 0.00170545 -0.00723978 -0.0162145 0.000141535 -0.00723978 -0.0171496 0.000176572 -0.00813425 -0.016261 -0.000192612 -0.00837336 -0.0162498 -0.000429896 -0.00869998 -0.0160749 -0.000963516 -0.0108028 -0.0143543 -0.0011368 -0.0112084 -0.0140644 -0.00112839 -0.0105637 -0.0146848 -0.00150599 -0.0114475 -0.0140533 -0.00108658 -0.010237 -0.0149766 -0.00174327 -0.0117741 -0.0138783 -0.00178508 -0.0121007 -0.0135865 -0.00241954 -0.0132343 -0.0128663 -0.000849299 -0.00991042 -0.0151515 -0.000471703 -0.00902661 -0.015783 -0.000480115 -0.00967131 -0.0151627 -0.00030683 -0.00926572 -0.0154525 -0.0016202 -0.0123398 -0.013256 -0.00085563 -0.0132343 -0.0119312 0.00175586 -0.00718327 -0.0161053 0.000560634 -0.00457707 -0.0131725 -0.000805221 -0.0131778 -0.011822 -0.00200044 -0.0105716 -0.0088892 -0.00212959 -0.0105835 -0.00880096 -0.00209319 -0.0105427 -0.0087221 -0.00226804 -0.0096962 -0.00764197 -0.00202231 -0.010528 -0.0086591 -0.00175532 -0.010528 -0.00849946 -0.00249182 -0.0132472 -0.0127454 -0.000927904 -0.0132472 -0.0118103 -0.00450964 -0.010641 -0.0103045 -0.00212312 -0.010641 -0.00887755 -0.00457405 -0.0105835 -0.0102626 -0.00466075 -0.0105427 -0.0102573 -0.00474979 -0.010528 -0.0102899 -0.00552949 -0.0096962 -0.00959207 -0.00501678 -0.010528 -0.0104496 -0.0019473 -0.00443526 -0.0146557 -0.002034 -0.00439446 -0.0146504 -0.00290275 -0.00354797 -0.0139852 -0.00212304 -0.00437973 -0.014683 -0.00239003 -0.00437973 -0.0148427 0.00169884 -0.00709894 -0.0162034 0.00013493 -0.00709894 -0.0171385 0.00050362 -0.00449274 -0.0132707 -0.0018829 -0.00449274 -0.0146976 0.000497159 -0.00443526 -0.0131941 0.000533557 -0.00439446 -0.0131152 0.000604438 -0.00437973 -0.0130522 0.00035871 -0.00354797 -0.0120351 0.000871428 -0.00437973 -0.0128926 0.00153498 -0.0174584 -0.0185329 0.0013701 -0.0172192 -0.0188634 0.00141191 -0.0168926 -0.0191552 0.00164919 -0.016566 -0.0193301 0.00201838 -0.0163269 -0.0193413 0.00219166 -0.0159213 -0.0196311 0.00202679 -0.0156822 -0.0199617 0.00206859 -0.0153556 -0.0202535 0.00230588 -0.0150289 -0.0204284 0.00267506 -0.0147898 -0.0204396 0.00284835 -0.0143842 -0.0207294 0.00268347 -0.0141451 -0.0210599 0.00272528 -0.0138185 -0.0213518 0.00296257 -0.0134919 -0.0215267 0.00333175 -0.0132528 -0.0215379 -0.00252231 0.0154402 0.031171 -0.00492549 0.0154402 0.0297341 -0.00272346 0.0152409 0.0315074 -0.00512664 0.0152409 0.0300705 -0.0030464 0.0150455 0.0320475 -0.00544957 0.0150455 0.0306106 -0.00349574 0.0149892 0.032799 -0.00589891 0.0149892 0.0313621 -0.003608 0.0150123 0.0329868 -0.00601118 0.0150123 0.0315499 -0.00414339 0.0153444 0.0338822 -0.00654657 0.0153444 0.0324453 -0.00424185 0.015452 0.0340469 -0.00664503 0.015452 0.03261 -0.00459181 0.0160041 0.0346322 -0.00699499 0.0160041 0.0331953 -0.00479735 0.0165273 0.0349759 -0.00720053 0.0165273 0.033539 -0.00490236 0.0169165 0.0351516 -0.00730554 0.0169165 0.0337147 -0.00744299 0.0179781 0.0339445 -0.00415955 0.0256634 0.0284531 -0.00408263 0.0249099 0.0283245 -0.00161893 0.0246018 0.0296602 -0.0039171 0.0242126 0.0280476 -0.00151392 0.0242126 0.0294845 -0.00367219 0.0236105 0.027638 -0.00130838 0.0236894 0.0291408 -0.00336159 0.0231373 0.0271186 -0.000958414 0.0231373 0.0285555 -0.000859961 0.0230297 0.0283908 -0.00300267 0.0228194 0.0265183 -0.000324569 0.0226976 0.0274954 -0.00261548 0.0226745 0.0258707 -0.000212302 0.0226745 0.0273077 -0.00222165 0.0227108 0.0252121 0.000237037 0.0227308 0.0265561 -0.0018432 0.0229262 0.0245791 0.000559977 0.0229262 0.026016 -0.00150127 0.0233087 0.0240073 0.000761122 0.0231255 0.0256796 0.0241676 -0.00238794 0.00933211 0.0243634 -0.00148504 0.00900471 0.024465 -0.000525076 0.00883479 0.0244685 0.000455072 0.00882887 0.0243739 0.00141773 0.00898719 0.0241847 0.00232591 0.00930365 0.0239081 0.0031447 0.00976609 0.023555 0.00384264 0.0103568 0.0231387 0.00439292 0.0110529 0.0226754 0.00477437 0.0118279 0.0202994 0.00388727 0.0158015 0.0207196 0.00442608 0.0150987 0.0211857 0.00479479 0.0143193 0.0216797 0.00497925 0.013493 0.0221827 0.00497235 0.0126518 0.0242251 0.00227939 0.00943094 0.0208293 0.00433755 0.0151101 0.0204176 0.00380952 0.0157988 0.0242084 -0.00234018 0.00945883 0.0244105 0.00138938 0.00912081 0.0245033 0.00044597 0.00896566 0.0244998 -0.000514574 0.00897146 0.0244002 -0.00145534 0.00913799 0.0227459 0.00467889 0.0119047 0.0222632 0.00487291 0.0127121 0.0217702 0.00487966 0.0135365 0.0212861 0.0046989 0.0143462 0.0232 0.00430506 0.0111452 0.0239541 0.00308181 0.00988414 0.023608 0.00376579 0.010463 0.0196356 -0.0134234 0.00934354 0.0197759 -0.013095 0.00910883 0.0195812 -0.0131449 0.00957072 0.0196021 -0.0134954 0.00940154 0.0180638 -0.0090798 0.0146648 0.0178011 -0.00969462 0.0151041 0.0193935 -0.0128994 0.0101144 0.0191396 -0.0135393 0.0105238 0.0194992 -0.0130892 0.00979078 0.0192737 -0.0137317 0.0101294 0.0194407 -0.0137084 0.00972693 0.018057 -0.00906609 0.01468 0.013554 -0.00203909 0.0218219 0.0177943 -0.00968091 0.0151193 0.0132913 -0.00265391 0.0222612 0.00237727 0.0107955 0.034558 0.0132855 -0.00264587 0.022269 0.0135482 -0.00203104 0.0218297 0.00331717 0.0105758 0.0333558 0.00308045 0.0110127 0.0336003 0.00232063 0.0108737 0.0346206 0.00297765 0.0115572 0.0336522 0.00216538 0.01124 0.0347687 0.00298411 0.0117828 0.0336093 0.00220546 0.012063 0.0345903 0.00212133 0.0116687 0.0347611 0.019524 0.0119562 0.0118353 0.0197867 0.012571 0.011396 0.00929301 0.024563 0.0233614 0.00887846 0.0260123 0.0236851 0.00919139 0.0246714 0.0234785 0.00886651 0.024838 0.0238802 0.00861751 0.026204 0.0239989 0.00835701 0.0261829 0.0243447 0.00855345 0.0247578 0.0243041 0.00815248 0.0259718 0.0246458 0.00833001 0.0244592 0.0246435 0.00811564 0.0258965 0.0247058 0.00307652 0.0121628 0.0334297 0.00303707 0.0120545 0.0334981 0.0208898 -0.0128351 0.0109169 0.0134357 -0.000742543 0.0233836 0.0133499 -0.000742543 0.0233323 0.00669177 0.0101978 0.0346625 0.00342926 0.0106619 0.0333611 0.0128462 -0.00016671 0.023837 0.0132535 -0.0007254 0.0232986 0.0136603 -0.00194498 0.021835 0.0136719 -0.00196107 0.0218195 0.0181749 -0.00898807 0.0146776 0.0181885 -0.00901549 0.0146473 0.0195182 -0.0128351 0.0100969 0.0128802 -0.000119872 0.0239229 0.0129555 -0.000102728 0.0239919 0.0130413 -0.000102728 0.0240432 0.0131618 -0.000678563 0.0233094 0.0130993 -0.000614581 0.0233616 0.0128627 -0.000230692 0.0237573 0.0240328 0.00492114 0.00468562 0.0242955 0.00553596 0.00424631 0.0195298 0.0119481 0.0118276 0.0197925 0.012563 0.0113883 0.0243023 0.00552225 0.00423119 0.0240396 0.00490743 0.0046705 0.0256408 0.0016776 -0.000349164 0.0253694 0.00108787 0.000120043 0.0254054 8.1612e-05 -0.000306257 0.0255457 0.000410089 -0.000540965 0.0254437 0.000476381 -0.000267845 0.0256607 0.000800446 -0.000692457 0.0254407 0.000686169 -0.000190065 0.0257023 0.00122845 -0.000651256 0.0256646 0.0015959 -0.000435055 0.0190528 0.01317 0.0134344 0.0191156 0.0131285 0.0134138 0.0195704 0.0118885 0.0119505 0.018806 0.013721 0.0140581 0.0187674 0.0136933 0.0139962 0.00933944 0.0244954 0.0234766 0.0240851 0.00484545 0.00479304 0.0195821 0.0118724 0.011935 0.01926 0.013091 0.0134478 0.0191883 0.0131007 0.0134185 0.012602 0.0240314 0.024778 0.0189515 0.0137308 0.0141587 0.0188656 0.0137308 0.0141074 0.0187557 0.0136518 0.0139311 0.0187729 0.0136028 0.0138728 0.0190095 0.0132189 0.013477 0.0254284 0.000998469 0.000212345 0.0240987 0.00481802 0.0047628 0.0268 0.000998469 0.00103242 0.0193459 0.013091 0.0134991 0.00317681 0.0121093 0.0334149 0.00663644 0.0116173 0.0347949 0.00843031 0.0244058 0.0246287 0.0118899 0.0239137 0.0260087 0.0133432 -0.000601711 0.0233433 0.0134291 -0.000601711 0.0233946 0.0153514 0.0040987 0.0199847 0.0154373 0.0040987 0.020036 0.0153142 0.0052618 0.0200471 0.0154 0.0052618 0.0200984 0.0130277 -8.98576e-05 0.023871 0.0131136 -8.98576e-05 0.0239223 0.0188722 0.01359 0.0140963 0.0189581 0.01359 0.0141476 0.0165858 0.0082383 0.0179203 0.0166716 0.0082383 0.0179716 0.0171796 0.00837769 0.0169272 0.0172654 0.00837769 0.0169786 0.0191878 0.0130781 0.0135686 0.0192736 0.0130781 0.01362 0.0190625 0.0131421 0.0135833 0.0188259 0.013526 0.013979 0.0170543 0.00844167 0.0169419 0.0165394 0.00817432 0.017803 0.0170111 0.00826774 0.0170141 0.0165186 0.00809358 0.0178379 0.0129813 -0.000153839 0.0237537 0.013218 -0.000537729 0.023358 0.0152678 0.00519782 0.0199298 0.0152262 0.00416268 0.0199994 0.0153061 0.00427692 0.0198656 0.0153503 0.00526973 0.0197918 0.0153047 0.00525242 0.019868 0.0170646 0.00790752 0.0169247 0.0170149 0.00807467 0.0170079 0.0167762 0.0076125 0.017407 0.0165181 0.0080032 0.0178387 0.0165381 0.00792163 0.0178052 0.0165744 0.00786554 0.0177444 0.0172453 0.00744169 0.0166225 0.0169377 0.00726674 0.0171368 0.0173629 0.00690462 0.0164258 0.0170481 0.00685157 0.0169522 0.0174105 0.00632809 0.0163462 0.0170999 0.00639502 0.0168656 0.0173852 0.00574625 0.0163885 0.0170896 0.00592788 0.0168829 0.0172885 0.00519352 0.0165502 0.0170179 0.00548168 0.0170028 0.0171262 0.00470264 0.0168216 0.0168896 0.00508653 0.0172174 0.0169079 0.00430266 0.0171867 0.0167134 0.00476909 0.017512 0.0166465 0.00401725 0.017624 0.0165012 0.00455078 0.0178669 0.0163574 0.00386332 0.0181074 0.0162673 0.00444632 0.018258 0.0160578 0.00384997 0.0186084 0.0160275 0.00446278 0.0186591 0.0157655 0.003978 0.0190974 0.015798 0.00459903 0.019043 0.0154976 0.00423982 0.0195454 0.0155942 0.00484589 0.0193838 0.0154042 0.0043048 0.0197016 0.0154299 0.00518669 0.0196586 0.015395 0.00524622 0.0197169 0.0172731 0.00797708 0.0169657 0.0171873 0.00797708 0.0169144 0.0174613 0.00749184 0.0166509 0.0173755 0.00749184 0.0165996 0.0175838 0.00693239 0.016446 0.017498 0.00693239 0.0163947 0.0176334 0.00633184 0.0163631 0.0175476 0.00633184 0.0163118 0.0176071 0.00572575 0.0164072 0.0175212 0.00572575 0.0163558 0.0175064 0.00515 0.0165755 0.0174205 0.00515 0.0165242 0.0173373 0.00463866 0.0168583 0.0172515 0.00463866 0.016807 0.0171099 0.00422201 0.0172386 0.0170241 0.00422201 0.0171873 0.0168376 0.00392471 0.0176941 0.0167518 0.00392471 0.0176427 0.0165365 0.00376437 0.0181977 0.0164506 0.00376437 0.0181463 0.0162244 0.00375046 0.0187196 0.0161386 0.00375046 0.0186683 0.0159199 0.00388382 0.0192289 0.015834 0.00388382 0.0191776 0.0156408 0.00415656 0.0196956 0.015555 0.00415656 0.0196442 0.0166383 0.00777513 0.0178324 0.0167242 0.00777513 0.0178837 0.0168289 0.00753615 0.0175137 0.0170333 0.00729833 0.0173667 0.0169815 0.0072096 0.0172586 0.0170673 0.0072096 0.0173099 0.0170857 0.00681749 0.0170842 0.0172032 0.00660501 0.0170826 0.0171346 0.0063863 0.0170025 0.0172204 0.0063863 0.0170538 0.0171249 0.00594512 0.0170188 0.0171991 0.00583676 0.0170895 0.0170571 0.00552371 0.017132 0.017143 0.00552371 0.0171833 0.016936 0.00515051 0.0173346 0.0170218 0.00515051 0.017386 0.0167696 0.0048507 0.0176129 0.0168554 0.0048507 0.0176642 0.0165692 0.00464452 0.0179481 0.0167076 0.00468641 0.0179115 0.0163483 0.00454587 0.0183175 0.0164341 0.00454587 0.0183688 0.0161218 0.00456141 0.0186963 0.0163206 0.00453925 0.0185586 0.015905 0.00469009 0.0190588 0.0159909 0.00469009 0.0191102 0.0159399 0.00473909 0.0191953 0.0157126 0.00492324 0.0193807 0.0156433 0.00524511 0.0196915 0.0155574 0.00524511 0.0196402 0.00211446 0.019598 0.0275083 0.00141986 0.0207248 0.02867 0.00168761 0.0185989 0.0282222 0.000993017 0.0197257 0.0293839 0.0014012 0.0207467 0.0286895 -0.0014534 0.0233308 0.0305992 0.000974352 0.0197476 0.0294034 -0.00188025 0.0223317 0.031313 -0.00198685 0.0223738 0.0313082 -0.00156 0.0233729 0.0305943 -0.00227006 0.0223738 0.0311389 -0.00184322 0.0233729 0.030425 -0.00198024 0.022233 0.0312972 -0.00226346 0.022233 0.0311278 0.000874354 0.0196489 0.0293875 2.4047e-05 0.0185221 0.0273021 0.00156895 0.0185221 0.0282258 0.00206146 0.0196749 0.0274021 0.000516562 0.0196749 0.0264784 0.00136687 0.0208017 0.0285638 -0.00177094 0.0233858 0.0303041 -0.00148773 0.0233858 0.0304735 0.0189487 -0.00989745 -0.00370546 0.0185218 -0.0108965 -0.00299158 0.0186654 -0.00989745 -0.0038748 0.0182386 -0.0108965 -0.00316092 0.0190034 -0.00985535 -0.00361383 0.0186721 -0.00727124 -0.00019537 0.0185765 -0.0108544 -0.00289995 0.0182453 -0.00827033 0.000518512 0.0186638 -0.00724935 -0.000169717 0.0179692 -0.00612254 0.000991959 0.018237 -0.00824844 0.000544164 0.0175424 -0.00712163 0.00170584 0.0174237 -0.00719848 0.00170943 0.0158788 -0.00719848 0.000785704 0.0181183 -0.00832529 0.000547763 0.0181663 -0.0109094 -0.00304004 0.0184495 -0.0109094 -0.0028707 0.018942 -0.00975662 -0.00369441 0.0186588 -0.00975662 -0.00386375 0.0186108 -0.0071725 -0.000275948 0.0163713 -0.00604569 -3.80058e-05 0.0179162 -0.00604569 0.000885728 -0.0217704 0.0217262 0.00646297 -0.0228861 0.0217262 0.00579583 -0.0225592 0.0230059 0.0077822 -0.0236749 0.0230059 0.00711506 -0.020391 0.023392 0.00415594 -0.0215067 0.023392 0.0034888 -0.0210476 0.0218549 0.00525422 -0.0221634 0.0218549 0.00458708 -0.0228557 0.0233323 0.00847301 -0.022949 0.0232992 0.008629 -0.0226141 0.0232748 0.00806896 -0.0224405 0.0230827 0.0077786 -0.0201917 0.0237062 0.00401757 -0.0205062 0.0248892 0.00454347 -0.0199595 0.0238481 0.00362915 -0.0198647 0.0238485 0.0034706 -0.0216517 0.0218031 0.00645938 -0.0214347 0.0216078 0.00609634 -0.0211966 0.0216502 0.00569815 -0.0210013 0.0219189 0.0053715 -0.0203446 0.023456 0.00427322 -0.020474 0.0234262 0.00448966 -0.02042 0.0242306 0.00439933 -0.0256445 0.0110955 0.0129422 -0.0267602 0.0110955 0.012275 -0.0263011 0.00955848 0.0140405 -0.0274169 0.00955848 0.0133733 -0.0264993 0.0137835 0.0143719 -0.0276151 0.0137835 0.0137047 -0.0257105 0.0125039 0.0130526 -0.0268263 0.0125039 0.0123855 -0.0263828 0.00881339 0.0143719 -0.0263659 0.00863164 0.0143436 -0.0265747 0.0140045 0.0146929 -0.0271818 0.0133918 0.0157082 -0.0266475 0.0144571 0.0148146 -0.0266477 0.0146418 0.014815 -0.0257528 0.0116331 0.0133182 -0.0258522 0.0124446 0.0134845 -0.0256575 0.012427 0.0131589 -0.0261147 0.0131037 0.0139236 -0.0264463 0.0137067 0.0144781 -0.0264935 0.0134927 0.014557 -0.0269208 0.0135424 0.0152717 -0.0263533 0.00928416 0.0143226 -0.0262547 0.00962246 0.0141577 -0.0255196 0.0120464 0.0129283 -0.0254979 0.0115825 0.0128919 -0.0258342 0.0108141 0.0134543 -0.0255981 0.0111595 0.0130595 -0.012301 -0.00924983 -0.00937415 -0.0134168 -0.00924983 -0.0100413 -0.0115122 -0.0105295 -0.0106934 -0.012628 -0.0105295 -0.0113605 -0.0136804 -0.0109156 -0.00706712 -0.0147962 -0.0109156 -0.00773426 -0.0130237 -0.00937855 -0.0081654 -0.0141395 -0.00937855 -0.00883254 -0.0120535 -0.013404 -0.00959321 -0.0121926 -0.0136276 -0.00936062 -0.012377 -0.0135696 -0.00905225 -0.0123694 -0.0137313 -0.00906494 -0.0127105 -0.013521 -0.00849449 -0.0125529 -0.0136918 -0.00875802 -0.00842693 0.00138086 -0.0158533 -0.00954269 0.00138086 -0.0165205 -0.00777025 0.00291792 -0.0169516 -0.00888601 0.00291792 -0.0176188 -0.00757208 -0.00130712 -0.017283 -0.00868784 -0.00130712 -0.0179502 -0.00836088 -2.74869e-05 -0.0159638 -0.00947664 -2.74869e-05 -0.016631 -0.0075169 0.00366301 -0.0171805 -0.00753387 0.00384475 -0.0171521 -0.00689237 0.00280408 -0.018225 -0.00732499 -0.00152813 -0.0175014 -0.00671792 -0.000915391 -0.0185167 -0.0072522 -0.00198069 -0.0176232 -0.00725198 -0.00216542 -0.0176235 -0.00754638 0.00319224 -0.0171312 -0.00714461 0.00286073 -0.0178031 -0.00764498 0.00285393 -0.0169663 -0.0083801 0.000429951 -0.0157368 -0.00840186 0.000893891 -0.0157004 -0.00830166 0.00131688 -0.015868 -0.00813657 0.00117069 -0.0161441 -0.00809345 0.000251448 -0.0162162 -0.00824222 4.93658e-05 -0.0159674 -0.00784067 -0.000529215 -0.016639 -0.00745342 -0.00123026 -0.0172866 -0.00743344 -0.00100077 -0.0173201 -0.00696071 -0.0010602 -0.0181107 -0.00796059 0.00202771 -0.0164384 -0.00760397 0.0026353 -0.0170348 -0.0231249 0.0252024 0.00600029 -0.0229618 0.0253694 0.00572758 -0.0227822 0.0254484 0.00542707 -0.0225981 0.0254342 0.00511923 -0.0224222 0.0253276 0.00482506 -0.0222665 0.0251359 0.00456459 -0.0221415 0.0248722 0.00435558 -0.0220558 0.0245544 0.00421227 -0.0220152 0.0242043 0.00414442 -0.0220226 0.0238456 0.00415667 -0.0220773 0.0235029 0.00424817 -0.0284605 0.0127138 0.0149238 -0.0282974 0.0128808 0.0146511 -0.0281177 0.0129598 0.0143506 -0.0279337 0.0129456 0.0140428 -0.0277578 0.012839 0.0137486 -0.027602 0.0126473 0.0134881 -0.0274771 0.0123836 0.0132791 -0.0273914 0.0120658 0.0131358 -0.0273508 0.0117157 0.0130679 -0.0273581 0.011357 0.0130802 -0.0274129 0.0110143 0.0131717 -0.0134371 -0.0103768 -0.0102021 -0.0131958 -0.0107683 -0.0106057 -0.0137418 -0.0102281 -0.0096926 -0.0130655 -0.0113251 -0.0108236 -0.0140493 -0.0103516 -0.00917821 -0.0130721 -0.0119369 -0.0108125 -0.00882801 0.00200912 -0.0179106 -0.00778037 0.000309577 -0.0196627 -0.00866495 0.00217609 -0.0181833 -0.00848526 0.00225514 -0.0184839 -0.00771834 0.00101099 -0.0197665 -0.00772566 0.000652326 -0.0197543 -0.00796957 0.00194257 -0.0193463 -0.00775891 0.00136112 -0.0196987 -0.0078446 0.00167887 -0.0195553 -0.0083012 0.00224087 -0.0187917 -0.00812531 0.00213426 -0.0190859 -0.0128067 -0.00908 -0.00852834 -0.0139225 -0.00908 -0.00919548 -0.0125422 -0.00903289 -0.00897077 -0.0136579 -0.00903289 -0.00963791 -0.0266169 0.00817177 0.0137309 -0.0263494 0.00841277 0.0141212 -0.0269545 0.00841351 0.0137587 -0.0269995 0.00845411 0.0137581 -0.0264176 0.00882296 0.0142352 -0.027216 0.00869231 0.0137326 -0.0274584 0.00925262 0.0135513 -0.0274577 0.00924604 0.0135544 -0.0263908 0.00925093 0.0141904 -0.0274026 0.00902367 0.013645 -0.0273333 0.00887333 0.0136918 -0.0274585 0.00939622 0.0134766 -0.0150112 -0.0112192 -0.00706031 -0.0273401 0.00878241 0.0136208 -0.015019 -0.0111815 -0.00722796 -0.0274875 0.00911213 0.0134823 -0.0150049 -0.0110858 -0.00745456 -0.0274833 0.00943901 0.0132945 -0.0149758 -0.0109905 -0.00759115 -0.0149836 -0.0112358 -0.00684314 -0.0149137 -0.0112054 -0.0065294 -0.0272331 0.00864084 0.0136654 -0.0270173 0.00842964 0.0137132 -0.014763 -0.011063 -0.00610063 -0.0148975 -0.0111934 -0.00647226 -0.0148183 -0.0109681 -0.00769284 -0.0138194 -0.0111431 -0.0068347 -0.0140305 -0.0112721 -0.00648159 -0.0149001 -0.0111821 -0.00739336 -0.0148869 -0.0111433 -0.00747269 -0.0148658 -0.0112299 -0.006535 -0.0149065 -0.0112737 -0.00683483 -0.0149176 -0.0112716 -0.00701749 -0.0142499 -0.0112158 -0.00611471 -0.0109275 -0.0106272 -0.0116713 -0.0121222 -0.0106993 -0.0122063 -0.0110065 -0.0106993 -0.0115392 -0.0111372 -0.0107568 -0.0113206 -0.0123868 -0.0107464 -0.0117639 -0.0113554 -0.0107034 -0.0109556 -0.011271 -0.0107464 -0.0110967 -0.0255573 0.012081 0.0127964 -0.0266731 0.012081 0.0121293 -0.0255331 0.0115655 0.012756 -0.0266489 0.0115655 0.0120888 -0.0266161 0.0140543 0.0145671 -0.0277683 0.0142064 0.013961 -0.0266525 0.0142064 0.0146281 -0.0266822 0.0144657 0.0146778 -0.0277924 0.0147219 0.0140014 -0.0266534 0.0148932 0.0146295 -0.0266767 0.0147219 0.0146685 -0.0238509 0.0231922 0.00740928 -0.022717 0.0231805 0.00804616 -0.02405 0.0232332 0.00774232 -0.0229366 0.0232327 0.00841348 -0.024242 0.0231225 0.00806345 -0.0231471 0.0230999 0.00876553 -0.0212647 0.0215564 0.00561716 -0.0223804 0.0215564 0.00495002 -0.0215292 0.0215093 0.0060596 -0.022645 0.0215093 0.00539246 -0.0198215 0.0236922 0.00320354 -0.0209599 0.0237071 0.00257428 -0.0199094 0.0237377 0.00335057 -0.0210252 0.0237377 0.00268343 -0.0200409 0.0237484 0.00357042 -0.021159 0.023748 0.00290731 -0.0201739 0.0236905 0.003793 -0.0212897 0.0236905 0.00312586 -0.020252 0.0236195 0.00392353 -0.021351 0.0236374 0.00322845 -0.00772197 0.00406362 -0.0170324 -0.00879885 0.00390339 -0.0177645 -0.00768309 0.00390339 -0.0170974 -0.00765381 0.00365344 -0.0171464 -0.00877467 0.0033879 -0.017805 -0.00768061 0.00322546 -0.0171015 -0.00765891 0.0033879 -0.0171378 -0.00741803 -0.00241679 -0.0175407 -0.00852616 -0.00237265 -0.0182206 -0.0073947 -0.00224548 -0.0175797 -0.00851046 -0.00224548 -0.0182469 -0.00738916 -0.00198933 -0.017589 -0.00850513 -0.00198463 -0.0182558 -0.00741887 -0.00172999 -0.0175393 -0.00853464 -0.00172999 -0.0182064 -0.00745533 -0.00157791 -0.0174783 -0.00856191 -0.00161046 -0.0181608 -0.00851409 0.000395384 -0.0157076 -0.00962985 0.000395384 -0.0163747 -0.00853826 0.000910875 -0.0156671 -0.00965403 0.000910875 -0.0163343 -0.00608705 0.001767 -0.019377 -0.00593384 0.00134413 -0.0196332 -0.00590967 0.000828639 -0.0196736 -0.006021 0.000358654 -0.0194874 0.0255376 0.000475072 -0.00071475 0.0191304 0.000666201 -0.00465235 0.0255919 0.000664771 -0.000787206 0.0256004 0.000701964 -0.000796479 0.0191572 0.00109418 -0.00469717 0.0256411 0.000938809 -0.000823159 0.0256552 0.00108948 -0.00081236 0.019089 0.00150436 -0.00458318 0.0256532 0.00141026 -0.00071396 0.0256221 0.00162694 -0.000577424 0.0254544 0.000899 0.000107515 0.0269259 0.000695123 0.000821802 0.0254624 0.00085792 7.14544e-05 0.0254777 0.000321567 -0.000172969 0.0254863 0.00046834 -0.000139039 0.0269827 0.000320956 0.000726845 0.0254823 0.000693036 -4.26662e-05 0.0254792 0.000729975 -2.08024e-05 0.0254288 -8.0204e-06 -0.000173584 0.0269617 -6.70681e-05 0.000762015 0.0254141 -7.3809e-05 -0.000160851 0.0254066 -0.00010414 -0.000153393 0.020009 -0.0127983 0.0088508 0.0213955 -0.0130049 0.0100711 0.0199256 -0.012933 0.00901341 0.0199136 -0.0129484 0.00903849 0.019822 -0.0130345 0.00924078 0.0212648 -0.0130624 0.0102897 0.0197595 -0.0130624 0.00939037 0.021131 -0.013052 0.0105136 0.0196436 -0.0130392 0.00969687 0.0125611 -0.0137751 0.00633447 0.0191319 -0.0137892 0.0102113 0.0190559 -0.0136927 0.0104187 0.0194544 -0.0137007 0.00947736 0.0194173 -0.0137436 0.00955223 0.0127804 -0.0138313 0.00596759 0.0192807 -0.0138309 0.00984875 0.0192244 -0.0138334 0.00998058 0.0129916 -0.0137024 0.00561448 -0.0124828 -0.013787 -0.00868041 -0.0124127 -0.0138205 -0.00879755 -0.0122789 -0.0138309 -0.00902143 -0.0120824 -0.0137157 -0.00934996 -0.0121482 -0.0137734 -0.00923999 0.0038343 0.0262515 0.0209296 0.00361493 0.0263077 0.0212965 0.00837754 0.0263073 0.0241496 0.00846414 0.0263097 0.0240328 0.00861287 0.0262656 0.0238388 0.00875176 0.0261674 0.0236657 0.0081423 0.0261771 0.0244843 0.0081616 0.026196 0.0244557 0.0081901 0.0262208 0.0244139 0.0034038 0.0261788 0.0216496 -0.0277646 0.0110041 0.0168778 -0.0277942 0.0111323 0.0169273 -0.0278237 0.0113869 0.0169766 -0.0278184 0.0116478 0.0169677 -0.0278012 0.0117842 0.0169389 0.00204474 0.0119996 0.034669 -0.00273498 0.0118102 0.0319164 0.00200493 0.0118118 0.0347488 0.00200018 0.0117744 0.0347604 -0.00276178 0.0113822 0.0319613 0.00199101 0.0115362 0.034806 0.00200302 0.0113869 0.0348108 -0.00269362 0.010972 0.0318473 0.00207739 0.0110659 0.0347555 0.00217273 0.0108495 0.0346575 -0.0217969 0.0259513 0.00689703 -0.0215799 0.0262498 0.00653409 -0.0213153 0.0262969 0.00609165 -0.0210741 0.02608 0.00568828 0.0122345 0.0242665 0.0254207 0.012306 0.0242679 0.0252969 0.00904662 0.0247172 0.0238024 0.0124299 0.0242212 0.025081 0.0125385 0.0241226 0.0248902 0.00860017 0.0246482 0.0243727 0.0120698 0.0241813 0.0257039 0.00872511 0.0247243 0.0242028 0.00883395 0.0247505 0.0240621 0.00848862 0.0245173 0.0245357 0.00858057 0.0246305 0.0244004 0.00659374 0.0115011 0.0348659 0.00309222 0.011716 0.0335917 0.00314353 0.0112342 0.0336147 0.00651665 0.0108832 0.0349836 0.00311504 0.0113654 0.0336266 0.00651666 0.0110352 0.0349875 0.00654038 0.0112731 0.0349525 0.00324915 0.0109431 0.0335353 0.0065576 0.0105595 0.0349043 0.00323199 0.0109802 0.0335501 0.00316196 0.0111686 0.0336035 0.00332228 0.0108091 0.0334682 0.00333721 0.0107856 0.0334538 0.00662336 0.0103401 0.0347847 0.0154108 -0.0132252 -0.00427748 0.015374 -0.013219 -0.00431335 0.0153593 -0.0132022 -0.00436004 0.0172086 -0.00914546 -0.00735879 0.0171963 -0.00914175 -0.007361 0.0171723 -0.00913159 -0.00736114 0.0171504 -0.00911834 -0.00735564 0.0171409 -0.00911083 -0.00735087 0.0178797 -0.0132712 -0.00295043 0.017856 -0.013279 -0.00291069 0.017833 -0.0132647 -0.0028723 0.0178159 -0.0132316 -0.00284371 0.0120381 -0.0133836 0.00128868 0.0121234 -0.0144684 0.00114609 0.0128038 -0.0161779 8.0276e-06 0.0133218 -0.0166086 -0.000858285 0.0120701 -0.0122864 0.00112978 0.0132689 -0.0166613 -0.000875283 0.0132914 -0.0166297 -0.000870616 0.0138571 -0.0167013 -0.00181678 0.0138403 -0.0167336 -0.00183081 0.0138446 -0.0167219 -0.00182679 0.0121043 -0.0122977 0.00111481 0.0138838 -0.0166797 -0.0017982 0.0138741 -0.0166855 -0.00180474 0.0127424 -0.0162234 5.41989e-06 0.01277 -0.0161961 1.45991e-06 0.0123887 -0.0154364 0.000702418 0.012352 -0.0154497 0.00070047 0.0123203 -0.0154696 0.000711348 0.0120506 -0.0144855 0.00116239 0.012085 -0.0144752 0.00114709 0.0119639 -0.0133827 0.00130735 0.0119991 -0.0133832 0.00129063 0.0121426 -0.0123052 0.00111402 0.0101174 -0.0138965 0.0043687 0.0103423 -0.0137591 0.0039925 0.0104904 -0.0135167 0.00374489 0.0103133 -0.0137278 0.00399606 0.0102764 -0.0137077 0.00398741 0.0104162 -0.0134788 0.00375356 0.0104323 -0.0134834 0.0037567 0.0104563 -0.0134936 0.00375684 0.0104781 -0.0135069 0.00375134 0.0100639 -0.0138375 0.0043427 0.00976 -0.0137047 0.004852 0.00984321 -0.0137809 0.00471185 0.00985855 -0.0137926 0.00474853 0.00987044 -0.0138025 0.00473537 0.00999263 -0.0139006 0.00458441 0.00996083 -0.0138752 0.00462762 0.0100959 -0.0138605 0.00435952 0.00995114 -0.0138675 0.00464008 0.00990607 -0.0138316 0.0046948 0.0164005 0.000316819 -0.00613962 0.0163883 0.000326663 -0.00613317 0.0163665 0.000339916 -0.00612767 0.0163424 0.000350082 -0.00612781 0.0163264 0.0003547 -0.00613095 0.0171449 -0.00909471 -0.00735768 0.0172185 -0.00910654 -0.00737523 0.0172551 -0.0091082 -0.00736197 0.0172547 -0.00906126 -0.0073613 0.0172181 -0.00906317 -0.00737461 0.0171795 -0.00906861 -0.00737325 0.0171798 -0.0091018 -0.00737372 0.0171448 -0.00907675 -0.00735742 0.0172236 -0.00899309 -0.00730921 0.0172434 -0.00901985 -0.00734232 0.0171893 -0.00900019 -0.00732649 0.0172076 -0.00902491 -0.00735708 0.0171575 -0.0090204 -0.00733642 0.0171715 -0.00903933 -0.00735983 0.0171329 -0.00905066 -0.00733749 0.0171404 -0.0090609 -0.00735016 0.0171673 -0.00899446 -0.00728959 0.0171406 -0.00901602 -0.00730818 0.0171237 -0.00904828 -0.0073222 0.0179466 -0.0132144 -0.00288226 0.017954 -0.0132037 -0.00289463 0.0179537 -0.0132112 -0.00290534 0.017911 -0.0132642 -0.00292824 0.0178891 -0.0132714 -0.00289152 0.0179177 -0.0132498 -0.00287619 0.0179345 -0.0132443 -0.00290429 0.0179375 -0.0132174 -0.00286705 0.0179482 -0.0132245 -0.00292715 0.0179367 -0.0132346 -0.00294827 0.0179289 -0.0132383 -0.0029581 0.0178521 -0.0132277 -0.00282963 0.0178679 -0.0132582 -0.00285605 0.0178894 -0.0132163 -0.00282883 0.0179015 -0.0132397 -0.00284904 0.0179222 -0.0131993 -0.00284142 0.0179287 -0.0132119 -0.00285236 0.0138721 -0.0167591 -0.00187281 0.0138723 -0.0167826 -0.00187314 0.0139217 -0.0167499 -0.00188443 0.0139713 -0.0167466 -0.00186991 0.0139717 -0.0167935 -0.00187057 0.0139119 -0.016714 -0.001868 0.0139599 -0.0167051 -0.00185093 0.0138948 -0.0166909 -0.00183933 0.0139402 -0.0166784 -0.00181782 0.0138566 -0.016725 -0.00184676 0.0139221 -0.0167906 -0.00188501 0.0139129 -0.016827 -0.0018696 0.013867 -0.0168036 -0.00186424 0.0138665 -0.0167384 -0.00186332 0.00976465 -0.0137049 0.00486068 0.00976984 -0.0137042 0.0048691 0.0100015 -0.0139424 0.00463697 0.0100315 -0.013986 0.00458209 0.0100439 -0.0139979 0.00460107 0.0100245 -0.0139698 0.00456219 0.00998067 -0.013903 0.00471327 0.0100234 -0.0139598 0.00455184 0.00999182 -0.0139236 0.00460857 0.00995395 -0.0138845 0.00466316 0.00986464 -0.0137989 0.00476603 0.00987339 -0.0138023 0.00478363 0.00988438 -0.0138025 0.00480027 0.00991116 -0.0138428 0.00471564 0.00996409 -0.013897 0.00468866 0.0164587 0.000656469 -0.00628196 0.0164166 0.000664149 -0.00628178 0.0164774 0.00140813 -0.00627485 0.0164844 0.00139412 -0.0062828 0.0165246 0.00110043 -0.00634708 0.0165066 0.00134622 -0.00630999 0.016496 0.000644475 -0.00629932 0.016375 0.00150749 -0.00621219 0.0163218 0.00165397 -0.00612228 0.0164061 0.00153282 -0.00620198 0.0164435 0.00109477 -0.00632688 0.0164863 0.00109698 -0.0063281 0.0164157 0.00151751 -0.00621129 0.0153216 -0.00569832 -0.00420271 0.0154068 -0.00678309 -0.00434531 0.0160873 -0.00849261 -0.00548337 0.0166053 -0.00892334 -0.00634968 0.0153535 -0.00460108 -0.00436161 0.0153877 -0.00461238 -0.00437659 0.0165524 -0.00897598 -0.00636667 0.0165748 -0.00894443 -0.00636201 0.0160258 -0.0085381 -0.00548597 0.0160534 -0.00851083 -0.00548993 0.0156721 -0.00775114 -0.00478898 0.0156355 -0.00776443 -0.00479092 0.0156037 -0.00778431 -0.00478005 0.015334 -0.00680018 -0.00432901 0.0153684 -0.00678994 -0.0043443 0.0152473 -0.00569739 -0.00418405 0.0152826 -0.00569795 -0.00420076 0.015426 -0.00461993 -0.00437738 0.0196268 -0.00899309 -0.00587229 0.0196466 -0.00901985 -0.0059054 0.0196579 -0.00906126 -0.00592438 0.0196583 -0.0091082 -0.00592505 0.0196853 -0.00914175 -0.00587276 0.0197023 -0.00911834 -0.00582983 0.0163965 -0.0167219 -0.000300989 0.0159962 -0.0167109 0.000368479 0.0147005 -0.0119828 0.00253544 0.0163631 -0.0166855 -0.000316501 0.0159672 -0.0166746 0.000345543 0.0146859 -0.011999 0.00248846 0.0155837 -0.016483 0.0009869 0.0152341 -0.0161213 0.00157173 0.0149377 -0.0156098 0.00206736 0.0147113 -0.0149771 0.00244609 0.0145674 -0.0142584 0.00268675 0.0145141 -0.013494 0.00277589 0.0145543 -0.0127265 0.00270854 0.0156084 -0.0165172 0.00101703 0.0152548 -0.0161514 0.00160842 0.0149551 -0.0156342 0.00210961 0.0147261 -0.0149943 0.00249258 0.0145806 -0.0142676 0.00273594 0.0145267 -0.0134946 0.00282609 0.0145674 -0.0127185 0.00275798 0.0163433 -0.0166784 -0.0003809 0.0163631 -0.0167051 -0.000414011 0.0163745 -0.0167466 -0.000432987 0.0163749 -0.0167935 -0.000433658 0.0130837 -0.0188003 -0.000460066 0.0130714 -0.0187966 -0.000462268 0.0130473 -0.0187865 -0.000462417 0.0130159 -0.0187657 -0.000452143 0.0130255 -0.0187732 -0.000456911 0.0129883 -0.0187706 -0.000405886 0.0129894 -0.0187796 -0.000396472 0.0129962 -0.0187956 -0.000376944 0.0130088 -0.0188078 -0.000357587 0.013017 -0.0188122 -0.00034839 0.0165154 0.00135871 -0.00631596 0.0164863 0.00141883 -0.00627779 0.0164965 0.00142928 -0.00627903 0.0165449 0.00146145 -0.00626515 0.0163354 0.00166335 -0.00611156 0.0164501 0.00156527 -0.0061805 0.0164204 0.00154566 -0.00619814 0.0164131 0.00153941 -0.00620049 0.0165381 0.00129956 -0.00635429 0.0165497 0.0013149 -0.00636222 0.0165629 0.00132779 -0.00636686 0.0165079 0.00143912 -0.0062784 0.016579 0.00133983 -0.00636891 0.0164353 0.00155672 -0.00619087 0.0163286 0.00165898 -0.0061173 0.01652 0.00144796 -0.00627582 0.0166139 0.00135649 -0.00636416 0.0186943 -0.00553986 -0.00976887 0.0186575 -0.00553371 -0.00980474 0.0186427 -0.0055169 -0.00985143 0.0196918 -0.00903972 -0.00581235 0.0196799 -0.00903662 -0.00579238 0.0197017 -0.0090531 -0.00582891 0.0197074 -0.0090738 -0.0058384 0.0197076 -0.00909727 -0.00583873 0.0196945 -0.00910527 -0.00588817 0.0196942 -0.00906462 -0.00588759 0.0196843 -0.00902876 -0.00587115 0.0196672 -0.00900559 -0.00584248 0.0196465 -0.00900021 -0.00580789 0.0164084 -0.016725 -0.00032096 0.0164183 -0.0167384 -0.000337512 0.016424 -0.0167591 -0.000347004 0.0164242 -0.0167826 -0.000347339 0.0164188 -0.0168036 -0.000338443 0.0164019 -0.016827 -0.00038137 0.0164111 -0.0167906 -0.000396777 0.0164107 -0.0167499 -0.0003962 0.0164009 -0.016714 -0.00037976 0.0163838 -0.0166909 -0.000351087 0.0129975 -0.0187789 -0.00042132 0.0130392 -0.0188323 -0.000385657 0.0130714 -0.0188398 -0.000364911 0.0130979 -0.0188351 -0.000409153 0.0130637 -0.0188279 -0.000426535 0.013032 -0.0188076 -0.000436753 0.0130133 -0.0188109 -0.000405468 0.0130076 -0.0187771 -0.000438251 0.0195788 -0.00345334 -0.0113228 0.0195439 -0.00347 -0.0113276 0.0195146 -0.00349494 -0.0113209 0.0195849 -0.00358346 -0.011333 0.0195485 -0.00356959 -0.0113354 0.0195171 -0.00354883 -0.0113251 0.0211631 -0.00558594 -0.00844182 0.0211394 -0.00559368 -0.00840208 0.0211164 -0.00557944 -0.00836369 0.0210993 -0.00554635 -0.0083351 0.0192796 -0.00902564 -0.00512292 0.0179839 -0.00429751 -0.00295596 0.0192507 -0.00898935 -0.00514585 0.0179694 -0.00431367 -0.00300293 0.0188672 -0.00879773 -0.00450449 0.0185175 -0.00843606 -0.00391966 0.0182211 -0.00792454 -0.00342403 0.0179947 -0.00729177 -0.00304531 0.0178508 -0.00657309 -0.00280465 0.0177975 -0.00580868 -0.0027155 0.0178378 -0.00504124 -0.00278285 0.0188918 -0.00883187 -0.00447436 0.0185382 -0.00846614 -0.00388297 0.0182385 -0.00794888 -0.00338179 0.0180095 -0.00730901 -0.00299881 0.017864 -0.00658227 -0.00275545 0.0178101 -0.00580929 -0.00266531 0.0178509 -0.00503324 -0.00273341 0.0155604 -0.0187966 0.00102597 0.0155774 -0.0187732 0.00106889 0.0154746 -0.0188398 0.00107201 0.0155011 -0.0188351 0.00102776 0.0196295 -0.00348978 -0.011333 0.0196319 -0.00354133 -0.011337 0.019593 -0.00349241 -0.0113465 0.0195952 -0.00354004 -0.0113502 0.0195547 -0.0034999 -0.0113457 0.0195564 -0.00353636 -0.0113485 0.0195205 -0.00351112 -0.0113307 0.0195214 -0.00353085 -0.0113322 0.02123 -0.00552914 -0.00837365 0.0212374 -0.00551842 -0.00838602 0.0212371 -0.00552592 -0.00839673 0.0211945 -0.00557893 -0.00841963 0.0211725 -0.00558609 -0.00838291 0.0212011 -0.00556446 -0.00836759 0.0212179 -0.00555899 -0.00839569 0.0212209 -0.0055321 -0.00835845 0.0212316 -0.00553918 -0.00841855 0.0212201 -0.00554934 -0.00843966 0.0212123 -0.00555304 -0.00844949 0.0211355 -0.00554236 -0.00832103 0.0211513 -0.00557293 -0.00834744 0.0211728 -0.005531 -0.00832022 0.0211849 -0.00555439 -0.00834044 0.0212056 -0.00551399 -0.00833281 0.0212121 -0.00552665 -0.00834375 0.0155412 -0.0187796 0.00112933 0.0154978 -0.0188078 0.00113065 0.0155532 -0.0188065 0.00108672 0.0155156 -0.0188308 0.00108786 0.0155464 -0.0188158 0.00103626 0.0155247 -0.0188299 0.00103692 0.0220327 -0.00348978 -0.00989607 0.0220351 -0.00354133 -0.00990011 0.0220616 -0.00357976 -0.00984699 0.0220786 -0.00355634 -0.00980407 0.0125555 -0.013986 0.00609122 0.0125329 -0.0139979 0.00608931 0.0125968 -0.0139455 0.0060766 0.012586 -0.0139598 0.0060841 0.0125763 -0.0139698 0.00608799 0.0220646 -0.00356505 -0.00985945 0.0220606 -0.00355259 -0.00987392 0.0220503 -0.00354426 -0.0098882 0.022059 -0.00349485 -0.00987544 0.0220477 -0.00345334 -0.00984662 0.0220684 -0.00347 -0.00981807 0.0220769 -0.00350928 -0.00985071 0.0220764 -0.00349494 -0.00978913 0.0220838 -0.00353087 -0.00982565 0.0125626 -0.0139124 0.00613337 0.0125325 -0.0138764 0.00619426 0.0125208 -0.0138845 0.00619793 0.0125425 -0.0138676 0.00618956 0.0124969 -0.0138029 0.00630496 0.0124818 -0.013796 0.0063241 0.0125457 -0.0138715 0.00618225 0.0125719 -0.0139007 0.00612664 0.012591 -0.0139194 0.00609045 0.012464 -0.013903 0.0061981 0.0124265 -0.0137042 0.00645757 0.0124329 -0.0138025 0.0063241 0.0124397 -0.0136899 0.00647916 0.0124907 -0.0137926 0.00632236 0.0124865 -0.0137853 0.00633443 0.0124724 -0.0137989 0.00632529 0.0125077 -0.0138915 0.00620024 0.0124461 -0.0137048 0.00645817 0.0124364 -0.0137049 0.00645816 0.0124528 -0.0138023 0.0063259 0.0124935 -0.013897 0.00620106 0.0190828 0.00135649 -0.00488797 0.0191035 0.00133983 -0.00485941 0.0191115 0.00131395 -0.00482953 0.0125303 -0.0137809 0.00631852 0.0129635 -0.0137077 0.00559407 0.0131033 -0.0134788 0.00536023 0.0130929 -0.0134834 0.00534757 0.0129384 -0.0137278 0.00556568 0.0130814 -0.0134936 0.00532646 0.0130759 -0.0135069 0.00530464 0.0129278 -0.0137591 0.0055384 0.0130758 -0.0135167 0.00529079 0.0127028 -0.0138965 0.0059146 0.0127211 -0.0138605 0.00592913 0.012751 -0.0138375 0.00594937 0.0190445 0.00148761 -0.00469365 0.0190634 0.00142928 -0.00474427 0.0190494 0.00144796 -0.00476342 0.0190697 0.00140505 -0.0047277 0.019086 0.00134626 -0.00476781 0.0190854 0.00137118 -0.00478991 0.019042 0.00151724 -0.00464123 0.0190532 0.00147061 -0.00467878 0.0190689 0.0014082 -0.00472545 0.0190079 0.0016541 -0.00451623 0.0190364 0.00154065 -0.00462147 0.0190282 0.00154566 -0.00463888 0.0190383 0.00153285 -0.00462812 0.0189968 0.00169451 -0.00447423 0.0189921 0.00166335 -0.00452309 0.0190056 0.00166298 -0.00450723 0.0190004 0.00165898 -0.00451982 0.0190735 0.00139367 -0.00481454 0.0190147 0.00155672 -0.0046486 0.0189986 0.00156527 -0.00465668 0.0190282 0.00146145 -0.00478033 0.0157519 -0.00724334 0.000829156 0.0157689 -0.00721993 0.000872083 0.0190135 0.0003547 -0.00452428 0.0190031 0.000350082 -0.00453694 0.0189916 0.000339916 -0.00455805 0.0190838 0.000656469 -0.00471234 0.01911 0.00110043 -0.00480118 0.018986 0.000316819 -0.00459372 0.0190815 0.000644475 -0.00475343 0.0189861 0.000326663 -0.00457987 0.0191036 0.000664149 -0.00467511 0.019062 0.00150749 -0.00460552 0.0191114 0.00109698 -0.00475848 0.0191306 0.00109477 -0.00472021 0.0181389 -0.0109227 -0.0030632 0.0158315 -0.00720878 0.000767402 0.0158085 -0.00722099 0.000765502 0.0181572 -0.0109106 -0.00304613 0.0181163 -0.0110478 -0.00314057 0.0181155 -0.0110359 -0.00313496 0.0181191 -0.0109694 -0.00309889 0.0157881 -0.00723691 0.000768717 0.0163349 -0.00590973 -5.1618e-05 0.0163271 -0.00591343 -6.14528e-05 0.0163156 -0.0059236 -8.2564e-05 0.0163101 -0.00593685 -0.000104383 0.0163098 -0.00594435 -0.00011509 0.0181683 -0.0109641 -0.00318446 0.0186355 -0.00987117 -0.00396257 0.0186419 -0.00989164 -0.00390435 0.0186553 -0.00983683 -0.00404207 0.0181518 -0.0110036 -0.0031835 0.0186511 -0.00984205 -0.0040307 0.0186567 -0.00989691 -0.00388148 0.0182192 -0.0109018 -0.00317109 0.018193 -0.0109247 -0.00318048 0.0163123 -0.00599825 -0.000119318 0.0186399 -0.00978175 -0.00399979 0.0163203 -0.00602318 -9.03759e-05 0.0186314 -0.00977249 -0.00395892 0.016341 -0.00603984 -6.18253e-05 0.0186311 -0.00976323 -0.00391314 0.0186428 -0.00975786 -0.00387954 0.000640096 0.0312842 0.0259795 0.00359683 0.0264788 0.0210116 0.000652654 0.031272 0.0259988 0.00361755 0.0264621 0.0210402 0.000659494 0.031256 0.0260184 0.00362404 0.0264218 0.0210831 0.0036255 0.0264372 0.0210691 0.00362338 0.0264501 0.0210553 0.00365789 0.0263887 0.0210262 0.00369724 0.0263528 0.0209708 0.00369494 0.0263609 0.0209587 0.00369786 0.026344 0.0209818 0.00377795 0.0262793 0.0208871 0.00378764 0.0262724 0.0208647 0.00369294 0.0263479 0.0209881 0.00365634 0.0263771 0.0210375 0.00363349 0.0263958 0.0210714 0.00366821 0.0263794 0.0209086 0.00387904 0.0261806 0.0207528 0.0037645 0.0262789 0.0208216 0.00390433 0.0261663 0.0207542 0.00379033 0.026269 0.0208734 0.00379896 0.0262617 0.0208639 0.00378425 0.0262753 0.0208559 0.00369077 0.0263679 0.0209461 0.00388885 0.0261812 0.0207698 0.00388424 0.0261813 0.0207612 0.00377549 0.0262787 0.0208383 0.00368479 0.0263734 0.0209332 0.000634207 0.0312645 0.0260607 0.000623357 0.0312496 0.0260788 0.000619209 0.031303 0.0260144 0.000577463 0.0313162 0.0259868 0.000551008 0.0313114 0.026031 0.000596298 0.0312989 0.0260527 0.000647433 0.0312669 0.0260385 0.000577504 0.031273 0.0260842 0.000601549 0.0312629 0.0260843 -0.00020853 0.0292725 0.0274814 -0.000239931 0.0292933 0.0274916 -0.000276325 0.0293071 0.0274893 0.00317078 0.0259833 0.0218706 0.00319259 0.02597 0.0218651 0.00333563 0.0262042 0.0216258 0.00321664 0.0259598 0.0218652 0.00323269 0.0259552 0.0218683 0.00337251 0.0261841 0.0216345 0.00358495 0.0263139 0.0212792 0.00380568 0.0262573 0.02091 0.00353151 0.0263729 0.0212532 0.00330657 0.0262355 0.0216294 0.00315852 0.0259931 0.021877 0.00355295 0.0263369 0.0212624 -0.00182572 0.0313162 0.0245499 -0.00185217 0.0313114 0.0245941 -0.0027703 0.0292725 0.0259496 -0.00192882 0.0312421 0.0245423 -0.00192848 0.0312496 0.024553 -0.00276996 0.02928 0.0259603 -0.00192301 0.0312629 0.0245748 -0.00276449 0.0292933 0.0259821 -0.0019115 0.031273 0.0245959 -0.00275298 0.0293034 0.0260033 -0.00190371 0.0312767 0.0246058 -0.00274519 0.0293071 0.0260131 -0.000291265 0.0291548 0.0274397 -0.000311061 0.0291815 0.0274728 -0.00271424 0.0291815 0.0260359 -0.00272134 0.0292015 0.0260478 -0.000322411 0.0292229 0.0274918 -0.00272559 0.0292229 0.0260549 -0.00272702 0.0292389 0.0260573 -0.000322809 0.0292699 0.0274925 -0.00272599 0.0292699 0.0260556 -0.00272491 0.0292777 0.0260538 -0.00020053 0.0292123 0.027468 -0.000257009 0.0291619 0.027457 -0.000275299 0.0291866 0.0274876 -0.000239145 0.029201 0.0274903 -0.000225147 0.0291821 0.0274669 -0.000208106 0.0292226 0.0274807 -0.000286152 0.0292682 0.0275057 -0.000285783 0.0292249 0.0275051 -0.000247452 0.0292635 0.0275042 -0.000247169 0.0292303 0.0275038 -0.0002126 0.0292564 0.0274882 -0.000212447 0.0292384 0.0274879 0.000552988 0.0196926 0.0263429 0.000540639 0.0196963 0.0263407 0.000516596 0.0197065 0.0263405 0.000494788 0.0197197 0.026346 0.000485195 0.0197272 0.0263508 -0.00189754 0.0312922 0.0245856 -0.00189234 0.031256 0.0244926 -0.0019043 0.0312829 0.0245352 -0.00184891 0.0312842 0.0244913 -0.00186669 0.0313072 0.024534 -0.00187583 0.0313063 0.024585 -0.00277474 0.0292629 0.0259683 -0.00276308 0.0292401 0.0260202 -0.00275817 0.0292077 0.0260119 -0.00276126 0.0292737 0.0260171 -0.00277295 0.0292248 0.0259653 -0.00277579 0.0292435 0.0259701 0.000270658 0.0227233 0.0265745 -0.000292265 0.02269 0.027516 -0.00127838 0.0236842 0.0291652 -0.00158966 0.0245987 0.0296858 0.000856651 0.0230724 0.0256999 0.000829514 0.0231003 0.025703 -0.00156861 0.0245768 0.029756 -0.00157199 0.02459 0.0297194 -0.00125216 0.0236471 0.0292268 -0.00125864 0.0236693 0.0291954 -0.00082891 0.0230229 0.0284135 -0.000806179 0.0230037 0.0284387 -0.000795223 0.0229749 0.0284626 -0.000249661 0.0226364 0.0275502 -0.000265961 0.0226686 0.0275352 0.000322612 0.0226703 0.0265931 0.000300708 0.0227021 0.0265875 0.00079597 0.0231189 0.0256959 -0.00180431 0.0233991 0.0302909 0.000486216 0.0196807 0.0264546 0.00046549 0.0196974 0.026426 -0.00178062 0.023387 0.030299 -0.00188317 0.0235242 0.0303077 -0.00187859 0.0235123 0.0303043 -0.00184512 0.0234458 0.0302904 0.000457537 0.0197223 0.0263971 0.00111599 0.0264743 0.0195326 0.00109341 0.0264624 0.0195307 0.00107255 0.0264462 0.0195339 0.0010629 0.0264362 0.0195378 -0.00425946 0.0256595 0.0284515 -0.00418136 0.0248944 0.0283208 -0.00156029 0.0232685 0.0239372 -0.00420932 0.0256624 0.0284389 -0.00413209 0.0249057 0.0283098 -0.00154008 0.0232979 0.0239747 -0.00396586 0.0242056 0.0280318 -0.00371994 0.023601 0.0276205 -0.00340807 0.0231259 0.0270989 -0.00304767 0.0228066 0.0264961 -0.00265888 0.0226611 0.0258459 -0.00226344 0.0226976 0.0251845 -0.00188342 0.0229139 0.024549 -0.00401328 0.0241864 0.0280397 -0.0037646 0.0235751 0.0276238 -0.00344923 0.0230946 0.0270964 -0.00308478 0.0227717 0.0264869 -0.00269164 0.0226246 0.0258293 -0.00229175 0.0226615 0.0251606 -0.00190748 0.0228802 0.0245179 -0.00416702 0.025708 0.0284656 -0.00183141 0.0257441 0.0300155 -0.00423083 0.0257476 0.0285723 -0.00182765 0.0257476 0.0300092 -0.00181221 0.0257552 0.0299834 -0.00420706 0.0257554 0.0285326 -0.00180389 0.0257554 0.0299695 -0.0017923 0.0257511 0.0299501 -0.00418411 0.0257411 0.0284942 -0.00178093 0.0257411 0.0299311 -0.00179675 0.0257374 0.0300321 -0.00177901 0.0257476 0.0300025 -0.00176061 0.0257438 0.0299717 -0.00173607 0.0257231 0.0299939 -0.00172241 0.0256922 0.0300133 -0.00175015 0.025726 0.0300174 -0.00176373 0.0257182 0.0300401 -0.00173003 0.0256937 0.030026 -0.00173738 0.0256895 0.0300383 -0.00181113 0.0257147 0.0300562 -0.00177474 0.0257009 0.0300585 -0.00174334 0.0256801 0.0300483 -0.00189723 0.0234405 0.0303742 -0.00236154 0.0223476 0.0311541 -0.00230725 0.022368 0.0311321 -0.00242219 0.0223132 0.0312092 -0.00190417 0.02348 0.0303593 -0.00241417 0.0223184 0.0312001 -0.00228009 0.0223733 0.0311343 -0.00186138 0.0233782 0.0304127 -0.00188203 0.0234011 0.0303941 0.00109795 0.0264 0.0194832 0.00107699 0.0263771 0.0194952 0.00112811 0.0263609 0.019424 0.00110637 0.0263439 0.0194323 0.00110495 0.0263457 0.0194356 0.00115409 0.0263192 0.0193614 0.00113331 0.026308 0.0193667 0.00115209 0.0262791 0.0193165 0.00117646 0.0262753 0.0192966 0.00115818 0.026269 0.0192995 0.00121252 0.0261813 0.0191637 0.00120281 0.0261812 0.0191637 0.00116118 0.0262638 0.0192909 0.00121677 0.0261475 0.0191169 0.0012224 0.0261806 0.0191643 0.00120592 0.026174 0.0191535 0.00121597 0.0262789 0.0192978 0.0011849 0.0263794 0.0194238 0.00112756 0.0264188 0.0194783 0.00115538 0.0263734 0.0194208 0.00119611 0.0262787 0.019296 -0.00427174 0.0256984 0.028472 -0.0042632 0.0256818 0.0284577 -0.00423059 0.0257297 0.0284745 -0.00425047 0.025742 0.0285077 -0.00427105 0.0257353 0.0285422 -0.00428 0.0257147 0.02858 -0.00428779 0.025711 0.0285702 -0.0042993 0.0257009 0.028549 -0.0042951 0.0257016 0.0285111 -0.00421578 0.025701 0.0284497 -0.00430511 0.0256801 0.0285165 -0.00430477 0.0256876 0.0285272 -0.00428322 0.0257055 0.0284912 -0.00350155 0.0215947 0.0329775 -0.00352336 0.021608 0.032983 -0.00354741 0.0216181 0.0329829 -7.55169e-05 0.0184746 0.0272886 -0.00239224 0.0222581 0.0311756 -4.62604e-05 0.0184996 0.0272819 -0.0023603 0.0222489 0.0311487 -1.12967e-05 0.0185162 0.0272866 -0.0023201 0.0222396 0.0311268 -0.00228498 0.0222343 0.0311211 0.000545612 0.0259552 0.0202617 0.000548186 0.0259561 0.0202645 0.000567481 0.02597 0.0202954 0.000710517 0.0262042 0.0200562 0.000946069 0.0263729 0.0197073 0.000573078 0.0259931 0.0203311 0.000721131 0.0262355 0.0200835 0.000573291 0.0259908 0.020328 0.000685437 0.0261841 0.0200278 0.0011186 0.0262573 0.0193034 0.000927834 0.0263369 0.0196928 0.000897875 0.0263139 0.0196725 -0.00605373 0.0215872 0.031441 -0.00605339 0.0215947 0.0314517 -0.00604792 0.021608 0.0314735 -0.00603641 0.0216181 0.0314947 -0.00602863 0.0216218 0.0315045 -0.0035747 0.0214695 0.0329311 -0.0035945 0.0214962 0.0329642 -0.00599767 0.0214962 0.0315273 -0.00600477 0.0215162 0.0315392 -0.00360584 0.0215377 0.0329832 -0.00600902 0.0215377 0.0315463 -0.00601045 0.0215536 0.0315487 -0.00360624 0.0215846 0.0329839 -0.00600942 0.0215846 0.0315469 -0.00600835 0.0215924 0.0315451 -0.0034911 0.0215161 0.03296 -0.003501 0.0215295 0.0329766 -0.00350668 0.0215502 0.0329861 -0.00355662 0.0215817 0.0329983 -0.00355627 0.021541 0.0329977 -0.00354644 0.0215052 0.0329813 -0.0035293 0.021482 0.0329526 -0.00350687 0.0215737 0.0329864 -0.00267749 0.0121217 0.0317528 -5.19464e-06 0.0183861 0.0272764 -0.00269354 0.0121263 0.0317497 -1.75458e-05 0.0183898 0.0272742 -0.00271759 0.0121365 0.0317496 -4.15889e-05 0.0184 0.0272741 -0.00273939 0.0121497 0.0317551 -6.33967e-05 0.0184132 0.0272796 -0.00275166 0.0121596 0.0317615 -7.29893e-05 0.0184207 0.0272843 -0.00536457 0.0121217 0.0301462 -0.00536199 0.0121226 0.030149 -0.0053427 0.0121365 0.0301799 -0.00533689 0.0121572 0.0302125 -0.0053371 0.0121596 0.0302156 -0.00605817 0.0215776 0.0314597 -0.00604652 0.0215549 0.0315116 -0.0060416 0.0215225 0.0315033 -0.00604469 0.0215885 0.0315085 -0.00605639 0.0215395 0.0314567 -0.00605923 0.0215582 0.0314615 -0.00301278 0.015038 0.0320659 -0.0035757 0.0150048 0.0330073 -0.00456181 0.0159989 0.0346566 -0.00487309 0.0169134 0.0351772 -0.00242678 0.0153872 0.0311913 -0.00245392 0.015415 0.0311944 -0.00485204 0.0168915 0.0352474 -0.00485542 0.0169047 0.0352108 -0.00453559 0.0159618 0.0347182 -0.00454207 0.015984 0.0346868 -0.00411234 0.0153376 0.0339049 -0.00408961 0.0153184 0.0339301 -0.00407866 0.0152896 0.033954 -0.00353309 0.0149512 0.0330416 -0.00354939 0.0149833 0.0330266 -0.00296082 0.014985 0.0320845 -0.00298273 0.0150168 0.0320788 -0.00248746 0.0154336 0.0311873 -0.0027948 0.0110058 0.031861 -0.00276614 0.0109578 0.0318325 -0.00283743 0.0113794 0.03195 -0.00279464 0.0113816 0.0319488 -0.00275723 0.0109436 0.0318239 -0.00272606 0.0109689 0.0318341 -0.00267289 0.0108224 0.0317442 -0.00266876 0.010817 0.0317403 -0.0028757 0.011376 0.031969 -0.00285775 0.0111302 0.0319319 -0.00283554 0.0110823 0.0319047 -0.00282854 0.0110683 0.0318967 -0.00284715 0.0118319 0.0319212 -0.00280984 0.0118199 0.0319039 -0.00276767 0.0118122 0.0319037 -0.00543259 0.0118319 0.0303753 -0.00543697 0.0111302 0.0303897 -0.00546115 0.011376 0.0304231 -0.00542353 0.0110823 0.0303573 -0.00541984 0.0110683 0.0303473 -0.00546254 0.0113794 0.0303804 -0.0053928 0.0109578 0.030262 -0.00548172 0.0113816 0.0303421 -0.00541314 0.0109689 0.0302274 -0.00535766 0.010817 0.0301326 -0.0053591 0.0108224 0.030138 -0.0053894 0.0109436 0.03025 -0.00545475 0.0118122 0.030297 -0.00543495 0.0118199 0.0303342 -0.00498855 0.0153872 0.0296596 -0.00497848 0.015415 0.0296849 -0.00749276 0.0179771 0.0339303 -0.00747973 0.0179775 0.0339314 -0.00734196 0.0169134 0.033701 -0.00658121 0.0153376 0.0324287 -0.00703068 0.0159989 0.0331804 -0.00495633 0.0154336 0.0297111 -0.00548164 0.015038 0.0305897 -0.00604457 0.0150048 0.0315312 -0.0075429 0.0179742 0.0339429 -0.00751866 0.0179758 0.0339333 -0.00737998 0.0169047 0.0337014 -0.00706663 0.015984 0.0331773 -0.00661417 0.0153184 0.0324206 -0.00607395 0.0149833 0.0315171 -0.00550728 0.0150168 0.0305694 -0.00755387 0.0179733 0.0339499 -0.00741381 0.0168915 0.0337157 -0.00709736 0.0159618 0.0331864 -0.00664042 0.0152896 0.0324222 -0.00609486 0.0149512 0.0315098 -0.00552259 0.014985 0.0305527 -0.00745045 0.0180227 0.033957 -0.00508732 0.0180701 0.0354609 -0.00751426 0.0180623 0.0340637 -0.00510871 0.0180642 0.0354967 -0.00508226 0.0180689 0.0354524 -0.00746754 0.0180558 0.0339856 -0.0074905 0.0180701 0.034024 -0.00506436 0.0180558 0.0354225 -0.00507452 0.018057 0.035514 -0.00505008 0.0180614 0.0354732 -0.00502412 0.01804 0.035493 -0.00504283 0.0180367 0.0355243 -0.00500834 0.018008 0.0355088 -0.00501847 0.0180062 0.0355258 -0.00509456 0.0180294 0.0355476 -0.00505817 0.0180156 0.0355499 -0.00502677 0.0179948 0.0355397 -0.00281199 0.0109888 0.0318604 -0.00290478 0.0110827 0.0319431 -0.00293008 0.0111366 0.0319908 -0.00296504 0.0111199 0.0319861 -0.00287742 0.0111052 0.031942 -0.00284765 0.0110471 0.0319009 -0.00287113 0.0110284 0.0318977 -0.00277148 0.0109307 0.03182 -0.00278642 0.0109197 0.0318128 -0.00268655 0.010813 0.0317334 -0.00280116 0.0109111 0.0318024 -0.00290082 0.0111615 0.0319841 -0.00289604 0.0110149 0.0318871 -0.00267975 0.0108174 0.0317392 -0.00543811 0.0111177 0.0304002 -0.00541823 0.0110576 0.0303566 -0.00541448 0.0110471 0.0303662 -0.00537935 0.0110149 0.0304022 -0.00534319 0.010813 0.030145 -0.00534969 0.0109111 0.0302786 -0.00537927 0.0109307 0.0302608 -0.00538478 0.010937 0.0302555 -0.00546112 0.0111768 0.0304384 -0.00546259 0.0111615 0.0304524 -0.00546046 0.0111486 0.0304661 -0.00540855 0.0110373 0.0303759 -0.00545464 0.0111366 0.0304813 -0.00536579 0.0109197 0.0302705 -0.00535147 0.0108174 0.0301417 -0.00540054 0.0110284 0.0303853 -0.00543391 0.0111199 0.0305099 -0.00754663 0.0179965 0.0339491 -0.00756343 0.0180294 0.0340714 -0.00755448 0.01805 0.0340336 -0.00749922 0.0180157 0.0339411 -0.00757853 0.0180163 0.0340025 -0.00758273 0.0180156 0.0340404 -0.00757122 0.0180257 0.0340616 -0.0075339 0.0180567 0.0339991 -0.00756665 0.0180202 0.0339826 -0.00751402 0.0180444 0.0339659 -0.00755518 0.0180131 0.0339634 -0.00758854 0.0179948 0.0340079 -0.0075882 0.0180023 0.0340186 -0.00586825 0.0160252 0.036947 -0.00589965 0.016046 0.0369573 -0.00593604 0.0160599 0.0369549 -0.00592994 0.0159297 0.0369447 -0.00589498 0.0159464 0.0369495 -0.00586572 0.0159713 0.0369428 -0.00840698 0.0159342 0.0354593 -0.00841954 0.0159464 0.03544 -0.00842638 0.0159623 0.0354204 -0.00843002 0.0160252 0.0354153 -0.00842968 0.0160327 0.035426 -0.00842421 0.016046 0.0354478 -0.0084127 0.0160562 0.0354689 -0.00840491 0.0160599 0.0354787 -0.00598145 0.0160304 0.0369563 -0.00594488 0.0160282 0.0369697 -0.00590641 0.0160217 0.0369686 -0.00587191 0.0160121 0.0369531 -0.00598356 0.0159916 0.0369598 -0.00597788 0.0159542 0.0369503 -0.00594682 0.0159923 0.0369729 -0.00594157 0.0159578 0.0369642 -0.0059079 0.0159943 0.0369711 -0.00590388 0.0159678 0.0369643 -0.00587271 0.0159973 0.0369545 -0.00587054 0.0159829 0.0369508 -0.00842025 0.0159708 0.0354815 -0.0083862 0.0160177 0.035522 -0.00842234 0.0160154 0.035485 -0.00838673 0.0159916 0.0355229 -0.00838378 0.0159662 0.035518 -0.00843404 0.0159835 0.0354332 -0.00843525 0.0160092 0.0354353 0.018654 -0.00981497 -0.00402795 0.0186536 -0.00982867 -0.00402919 0.0186523 -0.00980134 -0.00402704 0.0186463 -0.009834 -0.00396064 0.0186465 -0.00982068 -0.00395967 0.0186582 -0.00984215 -0.00391495 0.0186511 -0.00982251 -0.00393356 0.0186588 -0.00982366 -0.00391433 0.0186639 -0.00986348 -0.00389954 0.0186672 -0.00984426 -0.00390202 0.0186677 -0.00982422 -0.00390184 0.0186443 -0.00984707 -0.00396146 0.0186546 -0.00985997 -0.00391394 0.0186406 -0.00985956 -0.00396211 0.0186486 -0.00987632 -0.00391147 0.0186708 -0.0098824 -0.00388369 0.0186748 -0.00986467 -0.00389038 0.0186766 -0.00985045 -0.00389342 0.0186771 -0.00982437 -0.00389431 0.0186742 -0.0097989 -0.00388937 0.0186418 -0.00979465 -0.00395735 0.0186447 -0.00979132 -0.00392968 0.018671 -0.00978556 -0.00388418 0.0186602 -0.00978633 -0.00389349 0.0186513 -0.00978839 -0.00390833 0.0189546 -0.00978695 -0.00371547 0.0189574 -0.0097989 -0.00372003 0.0189603 -0.00982437 -0.00372497 0.0189598 -0.00985045 -0.00372408 0.0189582 -0.00986317 -0.00372145 0.0189664 -0.00978495 -0.00370563 0.0189738 -0.00977927 -0.00369327 0.0189756 -0.00977084 -0.00368041 0.0189866 -0.00985834 -0.00369769 0.0189794 -0.00989222 -0.00367974 0.0189987 -0.00987738 -0.00364744 0.0190088 -0.00982428 -0.0036368 0.0190045 -0.00984463 -0.00366785 0.0190072 -0.009814 -0.00364473 0.0189957 -0.00981017 -0.00368394 0.0189821 -0.00982067 -0.00370678 0.0189847 -0.00977786 -0.00367422 0.018999 -0.0097946 -0.00366018 0.0181328 -0.011035 -0.00315621 0.0181249 -0.0110358 -0.00314495 0.0181389 -0.0110333 -0.00316841 0.018147 -0.0109733 -0.00312555 0.0181544 -0.0109726 -0.00313661 0.0181717 -0.0109401 -0.00310129 0.0181683 -0.0109525 -0.00312616 0.0181819 -0.0109399 -0.00311672 0.0181717 -0.0109298 -0.00307642 0.0181829 -0.0109337 -0.0030921 0.0181937 -0.0109338 -0.00310902 0.0181384 -0.0109729 -0.00311543 0.0181603 -0.0109375 -0.00308728 0.018129 -0.0109716 -0.00310649 0.0181486 -0.0109322 -0.00307526 0.018174 -0.0109198 -0.00305296 0.0181831 -0.0109276 -0.00306818 0.0181904 -0.0109311 -0.00308038 0.0182038 -0.0109321 -0.00310277 0.0182169 -0.0109264 -0.00312462 0.0181653 -0.0109681 -0.00316043 0.0181813 -0.0109459 -0.00315474 0.0182237 -0.0109203 -0.00313607 0.0182113 -0.0109228 -0.00314263 0.0181971 -0.0109309 -0.00314872 0.0186759 -0.00722988 -0.000226267 0.0186535 -0.00719374 -0.00025576 0.0185526 -0.0108913 -0.00296586 0.0185719 -0.0108765 -0.00293355 0.0185062 -0.0109211 -0.00296554 0.0185001 -0.0109264 -0.00295528 0.018487 -0.0109321 -0.00293343 0.0184737 -0.0109311 -0.00291104 0.0184671 -0.010928 -0.00290012 0.0163113 -0.00594439 -6.49434e-05 0.0163356 -0.00593052 -3.1006e-05 0.0163326 -0.00592098 -4.20813e-05 0.0163436 -0.0059369 -2.00797e-05 0.0163552 -0.00593914 -1.09639e-05 0.0163531 -0.00597794 -7.44726e-06 0.0163316 -0.0059738 -2.42893e-05 0.0163169 -0.00596202 -4.44804e-05 0.0163587 -0.00601535 -1.6943e-05 0.0163307 -0.00600995 -3.89483e-05 0.0163116 -0.00599456 -6.53271e-05 0.0163042 -0.00597152 -9.20635e-05 0.0186493 -0.0071828 -0.00024293 0.0186687 -0.00721093 -0.000204049 0.0186619 -0.00719501 -0.000223577 0.0184789 -0.010926 -0.00289028 0.0185347 -0.0109162 -0.00294178 0.0185088 -0.0109284 -0.00291524 0.0185525 -0.0109025 -0.00291194 0.0185224 -0.0109179 -0.0028924 0.0184863 -0.0109204 -0.00287792 0.0185568 -0.0108822 -0.00288089 0.0185257 -0.0109024 -0.00286864 0.0184881 -0.0109119 -0.00286506 0.0179009 -0.0060034 0.000911351 0.017898 -0.00597794 0.000916287 0.0178985 -0.00595185 0.000915393 0.0179753 -0.00609313 0.00096704 0.0179673 -0.0060682 0.000938098 0.0179466 -0.00605154 0.000909548 0.0182256 -0.00829807 0.00053757 0.0181945 -0.00831826 0.000549823 0.0181568 -0.00832782 0.000553403 0.0179607 -0.00609806 0.00102111 0.0179665 -0.0060773 0.00105363 0.017961 -0.00609055 0.00103182 0.0179678 -0.0060572 0.00100356 0.0179858 -0.00606343 0.00108458 0.017978 -0.00606713 0.00107474 0.017987 -0.00602302 0.00103736 0.0179751 -0.00598562 0.000993952 0.017944 -0.00596063 0.000951122 0.0179588 -0.00602893 0.000970739 0.0179353 -0.00601004 0.000938359 0.0182179 -0.00827785 0.000561274 0.0181886 -0.00830279 0.000567965 0.0181537 -0.00831944 0.000563219 0.0175589 -0.00706252 0.00179846 0.0175511 -0.00706622 0.00178862 0.0175396 -0.00707639 0.00176751 0.0175342 -0.00708964 0.0017457 0.0175338 -0.00709715 0.00173499 0.0175145 -0.00716006 0.00172642 0.017494 -0.00717597 0.00172964 0.017471 -0.00718819 0.00172774 0.0175093 -0.00712386 0.0018195 0.017367 -0.00718682 0.00180428 0.0174441 -0.00716606 0.00182147 0.0174532 -0.00716511 0.00177053 0.0175025 -0.00713321 0.00176904 0.0173731 -0.0071815 0.00179402 0.0173862 -0.00717575 0.00177216 0.0173996 -0.00717679 0.00174978 0.0174061 -0.00717985 0.00173886 0.0158612 -0.00717985 0.000815127 0.0158547 -0.00717679 0.000826042 0.0158413 -0.00717575 0.000848431 0.0158282 -0.0071815 0.000870283 0.0158221 -0.00718682 0.000880543 0.0157761 -0.00721007 0.000811331 0.0158137 -0.00718571 0.000810191 0.0158046 -0.00718665 0.000861134 0.0157829 -0.00720071 0.000861793 -0.00180895 0.0234101 0.0303434 -0.00178853 0.0234044 0.0303335 -0.00180044 0.0234062 0.0303261 -0.00188915 0.0235114 0.0303295 -0.00188297 0.0235122 0.0303173 -0.00189699 0.0235097 0.0303407 -0.00182238 0.0234165 0.0303378 -0.00185543 0.0234496 0.0303275 -0.00186164 0.0234489 0.0303394 -0.00180845 0.0234085 0.0303669 -0.00181877 0.0234102 0.0303609 -0.00183112 0.0234163 0.0303541 -0.00184586 0.0234289 0.0303466 -0.00184713 0.023448 0.0303027 -0.00181035 0.0234086 0.0303052 -0.00187747 0.0234445 0.0303602 -0.00186489 0.0234222 0.0303716 -0.00182765 0.0233975 0.030399 -0.00184003 0.0233992 0.0303923 -0.00185212 0.0234073 0.0303827 -0.00177867 0.0233962 0.030317 -0.00181538 0.0234139 0.0303212 -0.00185057 0.0234493 0.0303152 -0.00151185 0.0234075 0.0305138 -0.00152523 0.0234085 0.0305362 -0.0015383 0.0234028 0.030558 -0.00229323 0.0223207 0.0311533 -0.00227963 0.0223396 0.0311549 -0.0022926 0.0223399 0.0311492 -0.00241039 0.0222914 0.0312013 -0.00241167 0.0223051 0.0312015 -0.00241039 0.0222777 0.0311994 -0.00230888 0.0223185 0.0311515 -0.00235475 0.0223104 0.0311626 -0.00235377 0.0222971 0.0311624 -0.00228173 0.0223008 0.0311584 -0.00229281 0.0223006 0.0311537 -0.00230803 0.0223001 0.0311517 -0.00232862 0.0222989 0.031154 -0.00235872 0.022336 0.0311583 -0.00231034 0.0223527 0.0311414 -0.00235397 0.022271 0.0311571 -0.00232825 0.0222677 0.0311466 -0.00227605 0.0222633 0.0311489 -0.00228899 0.0222627 0.0311431 -0.0023063 0.0222648 0.0311423 -0.00227538 0.0223588 0.0311478 -0.00230966 0.0223364 0.0311479 -0.00235643 0.0223235 0.0311612 -0.00147445 0.0233975 0.0305221 -0.00145855 0.0233864 0.0305162 -0.00150607 0.0233983 0.030571 -0.00152278 0.0233677 0.0306093 -0.0014852 0.0233529 0.030611 -0.00147352 0.0233854 0.0305725 -0.00144598 0.0233663 0.0305622 -0.00149324 0.0234049 0.0305213 -0.00199556 0.0222753 0.0313228 -0.00199851 0.0223008 0.0313277 -0.00199798 0.0223268 0.0313268 -0.00191205 0.0223538 0.0313249 -0.00194963 0.0223686 0.0313232 0.00139605 0.0208023 0.0286065 0.00140862 0.0207822 0.0286525 -0.00197695 0.0222727 0.0313303 -0.00195816 0.0222653 0.0313311 -0.00194226 0.0222543 0.0313252 -0.00190566 0.0222904 0.031331 -0.0019332 0.0223095 0.0313412 -0.00196575 0.0223223 0.0313398 0.00142478 0.0207633 0.0286357 0.00141794 0.0207792 0.0286162 0.00140538 0.0207914 0.0285968 0.000553724 0.0196718 0.0263635 0.000561657 0.0196654 0.0263744 0.000567135 0.0196579 0.0263938 0.000573268 0.0196632 0.0263835 0.00055068 0.0196814 0.0263524 0.000540681 0.0196532 0.026438 0.000554066 0.0196521 0.0264157 0.000532609 0.0196563 0.0263988 0.000479622 0.0197001 0.0263738 0.000534155 0.0196562 0.026449 0.000506118 0.0196616 0.026427 0.000486968 0.019677 0.0264006 0.000517953 0.0196681 0.0263786 0.00051233 0.0196857 0.0263582 0.000912335 0.0196701 0.0294155 0.000948936 0.0197063 0.0294213 0.00209181 0.019669 0.0274259 0.00211253 0.0196524 0.0274545 0.00212049 0.0196274 0.0274834 0.00211817 0.0196632 0.0273073 0.00211203 0.0196579 0.0273175 0.00209897 0.0196521 0.0273394 0.00208558 0.0196532 0.0273618 0.00207905 0.0196562 0.0273727 0.0009651 0.0196873 0.0294045 0.000921667 0.0196592 0.0294058 0.00213608 0.0195735 0.027487 0.00214257 0.0196052 0.0274602 0.00213401 0.019632 0.0274291 0.00211171 0.0196499 0.0273983 0.00216748 0.0195528 0.0274767 0.00217528 0.0195908 0.0274445 0.002165 0.019623 0.0274071 0.0021382 0.0196446 0.0273702 0.00220388 0.0195389 0.0274791 0.00221363 0.0195865 0.0274388 0.00220077 0.0196268 0.027392 0.00216725 0.0196537 0.0273458 0.00161626 0.0185324 0.0282441 0.00165969 0.0185605 0.0282428 0.00176468 0.0185435 0.0281908 0.00174064 0.0185537 0.0281906 0.00171883 0.0185669 0.0281961 0.00168717 0.0185234 0.0282195 0.00158427 0.0184798 0.0282002 0.00163792 0.0184915 0.028221 0.00158669 0.0184282 0.0281962 0.00165766 0.0184437 0.0282236 0.00172281 0.0184859 0.0282216 3.66404e-05 0.0184917 0.027281 3.93673e-05 0.0184798 0.0272765 4.23177e-05 0.0184543 0.0272715 4.02148e-05 0.0184155 0.027275 4.1785e-05 0.0184282 0.0272724 1.33107e-05 0.0184069 0.0272673 2.11438e-06 0.0183974 0.0272699 2.66901e-05 0.0184133 0.0272691 -2.80847e-05 0.0184208 0.027262 3.98634e-06 0.0184863 0.0272667 -5.53445e-05 0.0184479 0.0272685 -2.83138e-05 0.018471 0.0272624 -7.39628e-06 0.0184384 0.0272572 1.73266e-05 0.0184502 0.0272606 0.0203467 0.00387685 0.0158199 0.0203899 0.0038484 0.0158189 0.0208059 0.00438181 0.0151232 0.0212673 0.00474684 0.0143515 0.0217564 0.00492945 0.0135336 0.0222544 0.00492263 0.0127007 0.0227421 0.00472663 0.0118851 0.0232008 0.00434899 0.0111179 0.0236129 0.00380422 0.0104287 0.0239625 0.00311325 0.0098439 0.0242363 0.00230265 0.00938608 0.0244236 0.00140355 0.00907278 0.0245173 0.000450522 0.00891605 0.0245138 -0.000519825 0.00892191 0.0244132 -0.00147019 0.00909013 0.0242194 -0.00236406 0.00941426 0.0207658 0.00441422 0.015119 0.0212306 0.00478194 0.0143417 0.0217233 0.00496591 0.0135176 0.0222249 0.00495903 0.0126787 0.0227162 0.00476158 0.011857 0.0231783 0.00438115 0.0110841 0.0235935 0.00383235 0.0103898 0.0239457 0.00313627 0.00980069 0.0242215 0.00231968 0.00933949 0.0244102 0.00141393 0.00902387 0.0245046 0.000453852 0.00886598 0.0245011 -0.000523668 0.00887188 0.0243997 -0.00148107 0.00904135 0.0242045 -0.00238154 0.00936787 0.0178687 0.00148902 0.0162618 0.018065 0.00239434 0.0159335 0.0180171 0.00241182 0.0159423 0.0219436 -0.00389769 0.0094468 0.0215223 -0.00443794 0.0101514 0.021055 -0.00480764 0.010933 0.0205596 -0.00499259 0.0117614 0.0200553 -0.00498568 0.0126049 0.0195613 -0.00478717 0.0134311 0.0190967 -0.00440469 0.0142081 0.0186793 -0.00385294 0.0149061 0.0183252 -0.00315313 0.0154984 0.018048 -0.00233214 0.015962 0.0178582 -0.00142153 0.0162794 0.0177633 -0.000456292 0.0164381 0.0177669 0.000526482 0.0164322 0.021924 -0.00392614 0.00940826 0.0214996 -0.00447034 0.010118 0.0210289 -0.00484274 0.0109053 0.0205299 -0.00502904 0.0117398 0.0200219 -0.00502208 0.0125894 0.0195243 -0.00482212 0.0134216 0.0190563 -0.00443685 0.0142043 0.0186359 -0.00388107 0.0149074 0.0182792 -0.00317615 0.015504 0.0179999 -0.00234917 0.0159711 0.0178088 -0.00143191 0.0162907 0.0177132 -0.000459622 0.0164506 0.0177168 0.000530327 0.0164446 0.0178194 0.0014999 0.016273 0.0172358 0.00810244 0.017028 0.01715 0.00810244 0.0169767 0.017233 0.00824724 0.0170327 0.0171472 0.00824724 0.0169814 0.0154972 0.00418438 0.0199357 0.0154114 0.00418438 0.0198844 0.0155708 0.00420529 0.0198127 0.015485 0.00420529 0.0197614 0.0155051 0.0053344 0.0197278 0.0155909 0.0053344 0.0197791 0.0154379 0.00536967 0.0198401 0.0155237 0.00536967 0.0198914 0.0153696 0.0053437 0.0199543 0.0154554 0.0053437 0.0200057 0.0165545 0.0081172 0.0179726 0.0166404 0.0081172 0.0180239 0.0165538 0.00798162 0.0179738 0.0166396 0.00798162 0.0180251 0.0165838 0.00785927 0.0179237 0.0166696 0.00785927 0.017975 0.0135294 -0.000678919 0.0234069 0.0135352 -0.000695102 0.0233971 0.0134569 -0.000697626 0.0234227 0.0134204 -0.000700258 0.0234092 0.0134174 -0.000674793 0.0234141 0.0134179 -0.000648709 0.0234133 0.0134649 -0.00060658 0.0234093 0.0134546 -0.000650002 0.0234265 0.0134773 -0.000610282 0.0234115 0.0134934 -0.000653682 0.0234248 0.0135013 -0.000620449 0.0234116 0.0135231 -0.0006337 0.0234061 0.0134952 -0.000690132 0.0234219 0.0135327 -0.000641206 0.0234013 0.0135285 -0.000659192 0.0234085 0.013471 -0.000736695 0.023399 0.013483 -0.000732248 0.0234019 0.013506 -0.000720035 0.0234038 0.0135264 -0.000704117 0.0234006 0.0209894 -0.0127876 0.0109304 0.0209805 -0.0127966 0.0109339 0.0209601 -0.0128125 0.0109371 0.0209371 -0.0128248 0.0109352 0.0209251 -0.0128292 0.0109324 0.0155409 0.00405921 0.0200427 0.0155313 0.00406671 0.0200475 0.0155095 0.00407996 0.020053 0.0154855 0.00409013 0.0200529 0.0154731 0.00409383 0.0200507 0.0133337 -0.000635991 0.0233593 0.0133316 -0.000674793 0.0233628 0.0133373 -0.00071221 0.0233533 0.021427 -0.0129977 0.010093 0.0212157 -0.0129912 0.010552 0.0211942 -0.0130231 0.0105456 0.0216675 -0.0126668 0.00979631 0.0214639 -0.012947 0.0101369 0.0216617 -0.0126876 0.00976378 0.021451 -0.0129774 0.0101161 0.0216424 -0.0127015 0.00973284 0.0211645 -0.0130445 0.0105321 0.015647 0.00414386 0.0198653 0.0155885 0.00412725 0.0199631 0.0155636 0.00415727 0.0199625 0.0157026 0.00410515 0.0197723 0.015701 0.00411492 0.0197638 0.01563 0.00417614 0.0198515 0.0155316 0.00417733 0.0199529 0.0156033 0.00419771 0.019833 0.0156932 0.00413217 0.0197458 0.0156799 0.0041454 0.0197276 0.0156715 0.00415022 0.0197188 0.0131989 -0.000567138 0.0233751 0.0132325 -0.000601565 0.023347 0.0131347 -0.000608731 0.023377 0.0131852 -0.00066047 0.0233348 0.01321 -0.000633431 0.023348 0.0131901 -0.000576155 0.0233785 0.0131696 -0.000592071 0.0233818 0.0131466 -0.000604285 0.0233799 0.0132593 -0.000698346 0.0233261 0.0132693 -0.000663711 0.0233411 0.0132818 -0.000626765 0.0233412 0.0132951 -0.000593137 0.0233265 0.013271 -0.000582971 0.0233264 0.0132492 -0.00056972 0.0233319 0.026921 -0.000370378 0.00101008 0.0269152 -0.000391135 0.000977557 0.0268959 -0.000405004 0.000946611 0.0173659 0.00801186 0.0169793 0.0175579 0.00751691 0.0166582 0.0159856 0.00383674 0.0192878 0.017321 0.0079864 0.0169831 0.0175102 0.00749856 0.0166666 0.0159605 0.00387121 0.0192585 0.0176334 0.00693611 0.0164606 0.0176832 0.00633234 0.0163773 0.0176567 0.005723 0.0164216 0.0175555 0.00514416 0.0165908 0.0173855 0.00463009 0.0168751 0.0171569 0.00421121 0.0172575 0.0168831 0.00391231 0.0177154 0.0165804 0.00375111 0.0182217 0.0162666 0.00373713 0.0187464 0.0176828 0.00694627 0.0164492 0.0177334 0.00633371 0.0163647 0.0177065 0.0057155 0.0164096 0.0176038 0.00512823 0.0165813 0.0174314 0.00460667 0.0168697 0.0171994 0.00418169 0.0172577 0.0169216 0.00387844 0.0177222 0.0166145 0.00371489 0.0182359 0.0162962 0.00370071 0.0187683 0.0153156 0.00410357 0.0199701 0.0152792 0.00411744 0.0199677 0.0152478 0.0041382 0.019978 0.0129622 -0.000183249 0.0237708 0.0129534 -0.000192266 0.0237743 0.012933 -0.000208182 0.0237775 0.01291 -0.000220395 0.0237756 0.012898 -0.000224842 0.0237728 0.0130122 -0.000114398 0.023897 0.0130919 -0.000119712 0.0239586 0.013006 -0.000119712 0.0239073 0.012993 -0.00012546 0.0239292 0.0130654 -0.000124423 0.0240029 0.0129796 -0.000124423 0.0239515 0.012973 -0.000121364 0.0239625 0.0131095 -0.000116788 0.0239663 0.013127 -0.000108458 0.0239687 0.0131416 -9.59913e-05 0.0239654 0.0131512 -8.12857e-05 0.0239568 0.0131682 -5.78666e-05 0.0239998 0.0131516 -8.33365e-05 0.0240146 0.0131408 -5.52869e-05 0.0240567 0.0131116 -8.02184e-05 0.0240634 0.0131263 -0.00010493 0.0240204 0.0130766 -9.68797e-05 0.0240587 0.013096 -0.000119356 0.0240163 0.026859 0.000951028 0.00111373 0.0269772 0.000666406 0.000916116 0.0268579 0.000960043 0.00110432 0.0269733 0.000681497 0.000880342 0.0269553 0.000691582 0.000847224 0.0268385 0.000988174 0.00106544 0.026851 0.000975961 0.00108479 0.0268303 0.00099262 0.00105624 0.0270304 0.000315337 0.000827021 0.0270284 0.000318289 0.000788167 0.0270116 0.000320263 0.000752989 0.0270107 -4.87322e-05 0.000860016 0.027008 -5.83677e-05 0.000822305 0.0269908 -6.48069e-05 0.000787891 0.0173325 0.00823699 0.0170351 0.0173348 0.00811633 0.0170313 0.0172853 0.00810616 0.0170426 0.0172827 0.00824449 0.0170471 0.0173595 0.0083457 0.01699 0.0173376 0.00835895 0.0169955 0.0173136 0.00836912 0.0169954 0.0154949 0.00419819 0.019576 0.0154933 0.00420796 0.0195675 0.0154088 0.00426672 0.0197087 0.0153771 0.00419142 0.0198673 0.0154525 0.00421286 0.0197411 0.0154258 0.00423443 0.0197226 0.0155243 0.00416289 0.019621 0.015345 0.00421148 0.0198577 0.0155159 0.00416771 0.0196122 0.0155026 0.00418094 0.019594 0.0153201 0.0042415 0.0198571 0.0129786 -0.000108598 0.0238154 0.0129901 -9.84295e-05 0.0238365 0.0129717 -0.000123622 0.0238599 0.0129979 -9.47284e-05 0.0238464 0.0128847 -0.000173103 0.0238372 0.0129122 -0.000135228 0.0239067 0.0129443 -0.000136543 0.0238846 0.0129224 -0.000166822 0.0238291 0.0129534 -0.000148823 0.0238137 0.0129731 -0.000121849 0.0237936 0.0129728 -0.000129355 0.0237829 0.0154376 0.00527037 0.0201329 0.0154546 0.00529379 0.0201758 0.00679134 0.0102453 0.034676 0.00676208 0.0102203 0.0346827 0.00672712 0.0102037 0.0346779 0.0193762 0.0130851 0.0135229 0.0193844 0.0130807 0.0135321 0.0193969 0.0130685 0.0135515 0.0194038 0.0130525 0.013571 0.0194049 0.0130435 0.0135804 0.0193094 0.0130732 0.0136346 0.0193458 0.0130594 0.0136369 0.0193772 0.0130386 0.0136266 0.0157934 0.00389644 0.0191481 0.0157683 0.00393091 0.0191187 0.0160668 0.00380022 0.0186196 0.0163726 0.00381384 0.0181081 0.0166677 0.00397098 0.0176146 0.0169346 0.00426233 0.0171682 0.0171574 0.00467065 0.0167955 0.0173231 0.00517176 0.0165184 0.0174218 0.005736 0.0163534 0.0174476 0.00632997 0.0163102 0.017399 0.0069185 0.0163914 0.017279 0.00746677 0.0165922 0.0170945 0.0079423 0.0169007 0.0160963 0.00376379 0.0186415 0.0164067 0.00377762 0.0181223 0.0167062 0.00393711 0.0176214 0.0169771 0.00423281 0.0171684 0.0172033 0.00464723 0.0167901 0.0173714 0.00515583 0.0165089 0.0174716 0.0057285 0.0163414 0.0174978 0.00633134 0.0162976 0.0174485 0.00692867 0.01638 0.0173266 0.00748512 0.0165839 0.0171394 0.00796776 0.016897 0.0152843 0.00525693 0.0200224 0.0152765 0.00525323 0.0200126 0.015265 0.00524306 0.0199915 0.0152595 0.00522981 0.0199696 0.0152592 0.0052223 0.0199589 0.0155193 0.00538934 0.0200676 0.0157161 0.00526222 0.0197074 0.0157384 0.00527431 0.0197011 0.0156773 0.0053785 0.0198033 0.0154955 0.00535593 0.020036 0.0156793 0.00524955 0.0197059 0.0156917 0.00525293 0.0197079 0.0156371 0.00534622 0.0197993 0.0155669 0.00538306 0.0199167 0.0155989 0.00541964 0.0199344 0.00665747 0.0103454 0.0347977 0.00671725 0.0115828 0.0347949 0.00663793 0.011254 0.034937 0.00660785 0.0112631 0.0349537 0.00658678 0.0108867 0.0349862 0.00661885 0.0108899 0.0349683 0.00667362 0.010537 0.0348758 0.00664145 0.0105215 0.0348905 0.00666774 0.0116095 0.0348028 0.00657319 0.0112697 0.0349588 0.00667904 0.0116052 0.0348034 0.00655033 0.0108843 0.0349912 0.0065681 0.0106923 0.0349573 0.00660434 0.0105106 0.0348918 0.0193982 0.0130507 0.0135917 0.0192953 0.013108 0.0135837 0.0192892 0.0131026 0.0135939 0.0193238 0.0130959 0.0136105 0.0193217 0.0131127 0.0135394 0.0193084 0.0131137 0.0135618 0.0193416 0.0131061 0.0135809 0.0193283 0.0131096 0.0135285 0.01936 0.0131023 0.0135501 0.0193845 0.0130816 0.0135723 0.0193704 0.0130845 0.0135958 0.0193568 0.0130767 0.0136185 0.0193905 0.0130522 0.0136044 0.0193832 0.013048 0.0136167 0.0171314 0.00838626 0.0169104 0.0171005 0.00809873 0.0169621 0.0170976 0.00824999 0.016967 0.0170478 0.00825749 0.0169789 0.017051 0.00808856 0.0169735 0.0171073 0.00839643 0.0169103 0.0170855 0.00840968 0.0169158 0.0153295 0.00533147 0.019924 0.0153058 0.00529806 0.0198924 0.0154623 0.0052159 0.0196306 0.0154186 0.00529031 0.0197036 0.0153627 0.0053197 0.0197972 0.0155089 0.00523728 0.0196239 0.0154589 0.00532259 0.0197075 0.0153947 0.00535628 0.0198149 0.0163536 0.00454686 0.0185781 0.0167389 0.00469336 0.0179338 0.0170517 0.00515538 0.0174106 0.0172281 0.00583856 0.0171155 0.0172322 0.00660336 0.0171086 0.0167899 0.00771932 0.0179538 0.0170879 0.00725983 0.0174555 0.0167875 0.00772993 0.0179465 0.0170823 0.00728007 0.0174226 0.0170631 0.00729359 0.0173914 0.0167641 0.00776302 0.0179143 0.0167784 0.00774865 0.0179308 0.0172516 0.00659169 0.0171817 0.0172492 0.00659869 0.0171434 0.0167553 0.00776825 0.0179062 0.0172476 0.00585134 0.0171884 0.0172452 0.00584368 0.0171502 0.0170768 0.00519001 0.0174741 0.0170709 0.00516925 0.0174416 0.0167622 0.00471315 0.017958 0.016774 0.00474276 0.0179805 0.0163818 0.00456852 0.018594 0.016401 0.00460094 0.0186042 0.0159746 0.0047458 0.0192119 0.0160077 0.00476491 0.0192198 0.0160342 0.00479352 0.0192178 0.0119707 0.0238792 0.0260087 0.0119531 0.0238912 0.0260149 0.0119325 0.0239016 0.0260172 0.0119212 0.023906 0.0260165 0.0192095 0.013108 0.0135323 0.0192359 0.0131127 0.0134881 0.0191519 0.013083 0.013554 0.0191155 0.0130968 0.0135517 0.0190841 0.0131176 0.0135619 0.0156653 0.00491287 0.0193624 0.0158593 0.00467789 0.0190379 0.0160778 0.0045482 0.0186725 0.016306 0.00453253 0.0182908 0.0165287 0.00463196 0.0179184 0.0167307 0.00483977 0.0175806 0.0168983 0.00514194 0.0173001 0.0170204 0.00551808 0.0170959 0.0170887 0.00594281 0.0169818 0.0170985 0.00638747 0.0169653 0.0170493 0.00682206 0.0170478 0.0169442 0.00721725 0.0172235 0.0167904 0.00754638 0.0174806 0.0165984 0.00778724 0.0178018 0.015622 0.00488456 0.0193635 0.0158201 0.00464456 0.0190321 0.0160433 0.00451209 0.0186589 0.0162764 0.0044961 0.018269 0.0165038 0.00459765 0.0178887 0.0167101 0.0048099 0.0175437 0.0168814 0.00511852 0.0172572 0.0170061 0.0055027 0.0170486 0.0170758 0.0059365 0.016932 0.0170858 0.00639066 0.0169153 0.0170355 0.00683453 0.0169994 0.0169282 0.00723817 0.0171789 0.0167712 0.00757433 0.0174415 0.016575 0.00782033 0.0177696 0.0167072 0.00785092 0.0180096 0.0166758 0.00797873 0.018062 0.0166766 0.00812036 0.0180607 0.0167093 0.00824687 0.0180061 0.0167239 0.00782809 0.018053 0.0166889 0.00797084 0.0181115 0.0166898 0.008129 0.01811 0.0167263 0.00827029 0.018049 0.0124443 0.0242184 0.0250908 0.0123058 0.0242009 0.0254572 0.0121257 0.0240989 0.025759 0.0124935 0.0241591 0.0251423 0.0126599 0.0239929 0.0248499 0.0124813 0.0241905 0.0251235 0.0126532 0.0240085 0.0248308 0.0126405 0.0240211 0.024811 0.0121035 0.0241264 0.0257624 0.0122887 0.0242327 0.02545 0.0120748 0.024147 0.0257576 0.0122631 0.0242557 0.0254368 0.0122488 0.0242627 0.0254289 0.0124582 0.0242124 0.0251014 0.0126171 0.0240301 0.0247883 0.0191688 0.0131135 0.0135158 0.0191821 0.01312 0.0134662 0.0191276 0.0131408 0.0134626 0.0190805 0.0131719 0.0134781 0.019048 0.0132086 0.0135101 0.0190606 0.0131964 0.0135294 0.0191275 0.0131292 0.0135131 0.0190919 0.0131527 0.0135248 0.0190674 0.0131805 0.0135489 0.0165312 0.00820631 0.0178428 0.0165051 0.00810539 0.0178864 0.0165045 0.00799241 0.0178875 0.0165295 0.00789045 0.0178457 0.0165482 0.00822973 0.0178858 0.0165183 0.00811403 0.0179358 0.0165176 0.00798452 0.0179369 0.0165462 0.00786763 0.017889 0.0189879 0.0135948 0.0141723 0.0189957 0.0135985 0.0141821 0.0190072 0.0136087 0.0142033 0.0190127 0.0136219 0.0142251 0.019013 0.0136295 0.0142358 0.0190105 0.0136833 0.01424 0.0190094 0.0136924 0.0142306 0.0190025 0.0137083 0.0142111 0.01899 0.0137205 0.0141917 0.0189818 0.0137249 0.0141825 0.0188319 0.0135554 0.0139541 0.0188239 0.0135803 0.0139252 0.0188032 0.013597 0.0138966 0.0188424 0.0135851 0.0140717 0.0188346 0.0135814 0.0140618 0.0188231 0.0135712 0.0140407 0.0188176 0.013558 0.0140189 0.0188173 0.0135505 0.0140082 0.0190164 0.0136672 0.0142302 0.018996 0.0136859 0.0141588 0.0189668 0.0136885 0.0141331 0.0189692 0.013637 0.014129 0.0189982 0.0136382 0.0141551 0.0190151 0.0136419 0.0141901 0.0190134 0.0136784 0.0141929 0.0190173 0.0136474 0.0142286 0.0188227 0.0135817 0.0139855 0.01883 0.0136926 0.0140464 0.0187894 0.0136366 0.0139438 0.0187988 0.0136701 0.0139964 0.0188129 0.013612 0.0139629 0.0188204 0.0136388 0.0140049 0.0188289 0.0136041 0.0140205 0.0188453 0.0136567 0.0140449 0.0188497 0.013619 0.0140538 0.0188782 0.0137005 0.0140863 0.018881 0.0136885 0.0140818 0.0188839 0.013663 0.0140768 0.0188834 0.013637 0.0140777 0.0188818 0.0136242 0.0140803 0.0256522 0.00161713 -0.000558407 0.0256144 0.00175635 -0.000422977 0.0256371 0.00173562 -0.000398945 0.0255271 0.000365243 -0.000614837 0.0255193 0.000362219 -0.000623748 0.0256256 0.000701189 -0.000774049 0.0255459 0.000383651 -0.000577849 0.025649 0.000710711 -0.000708215 0.0256432 0.000704181 -0.000742898 0.025699 0.00107801 -0.000758257 0.0257036 0.00107218 -0.000722018 0.0257024 0.00142104 -0.000603136 0.0256463 0.00170796 -0.000373025 0.0256966 0.00143923 -0.000636809 0.0256814 0.00108417 -0.000790235 0.0256867 0.00127438 -0.000744977 0.0256768 0.00145412 -0.000666608 0.0253868 3.67669e-05 -0.000380129 0.0253982 4.4428e-05 -0.000362628 0.0254056 5.51754e-05 -0.000343141 0.0254077 7.15239e-05 -0.000318978 0.0242848 0.00559508 0.00416494 0.0242986 0.00558027 0.00418141 0.0243064 0.00556235 0.00419872 0.025321 -0.00029484 -0.000107978 0.0253272 -0.000290179 -0.000104603 0.0253153 -0.000191634 -0.000214793 0.0253559 -6.97056e-05 -0.000291299 0.0253749 -3.83536e-05 -0.000254363 0.0253723 -4.88812e-05 -0.000262585 0.0253661 -7.8989e-05 -0.000233997 0.0253512 -0.000154763 -0.00019224 0.025341 -0.000176255 -0.000195947 0.0253491 -0.000166073 -0.000185576 0.0253278 -0.000286314 -0.000107352 0.0253743 -4.09948e-05 -0.000253082 0.0253685 -5.64417e-05 -0.000272286 0.0253295 -0.000184921 -0.000205845 0.025314 -0.000298846 -0.000111323 0.0243005 0.00557423 0.00421182 0.0242814 0.00560194 0.0041725 0.0254339 0.000716552 -9.28011e-05 0.0254334 0.000327569 -0.000227899 0.0254288 0.000333246 -0.000264131 0.0254281 0.00073475 -0.000126493 0.0253638 0.00105751 0.000143904 0.0253731 0.00102985 0.000169824 0.0253712 -7.63329e-05 -0.000214205 0.0253888 -7.31608e-05 -0.000183143 0.0254323 0.000867611 5.24033e-05 0.0254537 0.000701761 -6.2969e-05 0.02546 0.000517275 -0.000146799 0.0254511 0.000321521 -0.000195928 0.0253958 0.00100912 0.000193856 0.0197784 0.0126289 0.0113144 0.0197975 0.0126012 0.0113538 0.024066 0.00482868 0.00474431 0.0240433 0.00484941 0.00472028 0.0240341 0.00487706 0.00469436 0.0197755 0.012633 0.0113183 0.0197925 0.0126082 0.0113605 0.0197867 0.0126227 0.0113395 0.024047 0.00485516 0.00475943 0.024055 0.00485085 0.00476877 0.0240346 0.00486713 0.00473983 0.0240278 0.00488286 0.00472011 0.0240268 0.00489181 0.00471063 0.00884601 0.0260804 0.0235819 0.00885987 0.0260776 0.0235971 0.00887847 0.026064 0.0236286 0.008885 0.026041 0.0236595 0.019544 0.0118822 0.0119014 0.0195248 0.0119099 0.0118621 0.00862655 0.0262647 0.0238503 0.00845239 0.0262501 0.0241991 0.00824859 0.0261455 0.0244834 0.00808333 0.0259244 0.0247256 0.00867564 0.026212 0.0239108 0.00866284 0.0262418 0.0238887 0.00806316 0.0259355 0.0247289 0.00822265 0.026172 0.0244825 0.00843278 0.0262806 0.0241879 0.00819155 0.0261897 0.0244723 0.00840584 0.0263007 0.02417 0.00804061 0.0259442 0.0247276 0.00802851 0.0259474 0.024725 0.00863999 0.0262606 0.0238628 0.0195352 0.0118942 0.011913 0.0195182 0.011919 0.0118709 0.00211834 0.0121139 0.0346095 0.00213043 0.0121106 0.0346121 0.00217315 0.0120909 0.0346101 0.00932547 0.024495 0.0234647 0.00930421 0.0245011 0.0234391 0.00928722 0.0245258 0.023397 0.00929283 0.0245116 0.0234175 0.0196091 -0.0134713 0.00926075 0.0197573 -0.0131398 0.00903496 0.019617 -0.0134683 0.00926967 0.0196288 -0.0134602 0.00928807 0.0197686 -0.0131322 0.00905242 0.0196357 -0.0134499 0.00930666 0.0197779 -0.013115 0.00908209 0.0197761 -0.0131214 0.00907195 0.0191486 -0.0137886 0.0102171 0.0192962 -0.0138292 0.00985543 0.0193599 -0.013776 0.00988746 0.0195045 -0.0136712 0.00956812 0.0192258 -0.0137383 0.0102287 0.0191108 -0.013576 0.0105462 0.0191999 -0.0137671 0.0102286 0.0190899 -0.0135897 0.0105516 0.0190652 -0.0135996 0.0105527 0.0194907 -0.0136964 0.00954676 0.0193403 -0.0138053 0.00987633 0.0194673 -0.0137133 0.00952555 0.0193118 -0.0138245 0.00986248 0.0191661 -0.0137849 0.0102221 0.0190322 -0.0136046 0.0105472 0.00203287 0.0117745 0.0347725 0.00219882 0.0110521 0.034743 0.00210392 0.0117631 0.0347601 0.00206986 0.0117706 0.0347728 0.00235867 0.0107653 0.0345745 0.0020736 0.0113962 0.0348234 0.00210845 0.0114012 0.0348091 0.0020359 0.011391 0.0348235 0.00216576 0.0110346 0.0347548 0.00212901 0.0110208 0.0347522 0.0022048 0.0108579 0.0346742 0.00233084 0.0107384 0.0345792 0.00229801 0.0107188 0.0345716 0.00907942 0.0246986 0.023738 0.00906713 0.0247036 0.023726 0.00880766 0.0247604 0.0240459 0.00854838 0.0246763 0.024354 0.0087851 0.0247809 0.0240306 0.00876907 0.0248094 0.0240209 0.00852744 0.0247006 0.0243543 0.00835681 0.0244349 0.0246255 0.00903577 0.0247514 0.0236804 0.00904675 0.0247227 0.0237014 0.009056 0.0247117 0.0237136 0.00857395 0.0246582 0.0243606 0.00840217 0.0244125 0.0246212 0.00882011 0.024754 0.0240547 0.00839216 0.0244161 0.0246203 0.0198188 -0.0130299 0.00896917 0.0198026 -0.0130547 0.00906141 0.0198011 -0.01307 0.00903615 0.0198313 -0.0130139 0.00901708 0.0198289 -0.0130227 0.00899248 0.0198325 -0.0130121 0.00901523 0.0199749 -0.0128179 0.00884684 0.0199712 -0.0128168 0.00883935 0.0199726 -0.0128211 0.00884914 0.0198953 -0.0129226 0.00891171 0.0198871 -0.0129236 0.00889633 0.0199665 -0.0128153 0.0088321 0.0199003 -0.0129198 0.00892738 0.019894 -0.0129283 0.00893484 0.0198522 -0.012985 0.0089878 0.019876 -0.0129227 0.00888196 0.0177724 -0.00973137 0.0151266 0.0177267 -0.00975491 0.015133 0.0132723 -0.00268341 0.0222782 0.0177753 -0.00971041 0.0151363 0.0177665 -0.00971949 0.0151397 0.0132635 -0.00269249 0.0222816 0.0177462 -0.0097356 0.0151427 0.0132432 -0.0027086 0.0222847 0.0177233 -0.00974805 0.0151406 0.0132203 -0.00272105 0.0222825 0.0177115 -0.00975263 0.0151376 0.0132085 -0.00272563 0.0222795 0.0132584 -0.00268553 0.0222884 0.0132391 -0.00270291 0.0222902 0.0132174 -0.00271703 0.0222864 0.00310331 0.0121385 0.0334117 0.0031199 0.0121283 0.0334075 0.00313867 0.0121196 0.0334065 0.00314868 0.012116 0.0334074 0.0196824 -0.0131168 0.00934639 0.0198854 -0.0129546 0.00902107 0.019702 -0.0130876 0.00935765 0.019862 -0.0129714 0.00899973 0.019746 -0.0130636 0.00937866 0.0197304 -0.0130684 0.00937159 0.0195289 -0.0130731 0.00973967 0.0195548 -0.0130443 0.00973976 0.019606 -0.0130226 0.00975139 0.0195008 -0.0128341 0.0100909 0.0195885 -0.0130264 0.00974627 0.0194679 -0.0128391 0.0100855 0.0194431 -0.0128489 0.0100866 0.0194222 -0.0128626 0.0100919 0.0030455 0.0112193 0.0336232 0.00304247 0.0112324 0.0336252 0.00303954 0.0112456 0.033627 0.00304099 0.011239 0.0336261 0.00305011 0.0113574 0.0336221 0.00303385 0.0117689 0.0335769 0.00301964 0.0113522 0.0336365 0.00305184 0.011193 0.033619 0.00306565 0.0111409 0.033609 0.003166 0.0109581 0.0335367 0.0032005 0.010972 0.0335377 0.00313062 0.011162 0.0335937 0.00339755 0.010653 0.0333427 0.00329069 0.0108002 0.0334528 0.0030837 0.0113627 0.033619 0.00306546 0.0117648 0.0335734 0.00313534 0.0109407 0.0335486 0.0033442 0.0106154 0.0333364 0.00325612 0.0107827 0.0334486 0.00336316 0.0106325 0.0333346 0.00338523 0.010647 0.0333384 0.00304173 0.0112357 0.0336256 0.0181509 -0.00901654 0.0146372 0.0181382 -0.00901952 0.014636 0.0181139 -0.00902913 0.014637 0.0180925 -0.00904305 0.0146424 0.0180834 -0.00905135 0.0146467 0.0136162 -0.00195988 0.0218123 0.0135752 -0.00199138 0.0218103 0.0181399 -0.00899437 0.0146616 0.018128 -0.00899895 0.0146587 0.0181051 -0.00901141 0.0146565 0.0180848 -0.00902751 0.0146595 0.018076 -0.00903659 0.0146629 0.013625 -0.00197195 0.0218006 0.0135818 -0.00200051 0.0218015 0.000101574 -0.00710766 -0.0171568 -0.00192761 -0.00450678 -0.0147196 6.82979e-05 -0.00712674 -0.0171639 -0.00194953 -0.00452054 -0.014723 4.01682e-05 -0.00715329 -0.0171588 -0.00196915 -0.00453764 -0.014721 0.000105467 -0.00723485 -0.0171642 -0.00245561 -0.0132294 -0.012881 9.70162e-05 -0.00723241 -0.0171659 -0.00246406 -0.0132269 -0.0128826 6.88772e-05 -0.00722083 -0.0171665 -0.0024922 -0.0132154 -0.0128832 5.36649e-05 -0.00721201 -0.0171633 -0.00250741 -0.0132065 -0.01288 3.74059e-05 -0.00719986 -0.017156 -0.00252367 -0.0131944 -0.0128727 -0.00197591 -0.00446367 -0.0146881 -0.00210772 -0.00442202 -0.0147087 -0.00204094 -0.00443307 -0.0146842 -0.00207191 -0.00452793 -0.0146778 -0.00205482 -0.00448192 -0.0146942 -0.0021053 -0.00447357 -0.0147127 -0.00210477 -0.00444748 -0.0147136 -0.00200566 -0.00450505 -0.0146972 -0.00202856 -0.00454833 -0.0146804 -0.004538 -0.010638 -0.0103311 -0.00252017 -0.0132442 -0.012772 -0.00455704 -0.0106237 -0.0103621 -0.00253921 -0.01323 -0.012803 -0.00456387 -0.0106004 -0.0103926 -0.00254604 -0.0132066 -0.0128335 -0.00463299 -0.0105225 -0.0103945 -0.00458964 -0.0105429 -0.0103971 -0.00237744 -0.00441007 -0.0148637 -0.00237176 -0.00444748 -0.0148732 -0.00237386 -0.00448629 -0.0148697 -0.00469308 -0.0105396 -0.0103848 -0.00464517 -0.0105476 -0.0103672 -0.00471228 -0.0105507 -0.0103527 -0.00465472 -0.0105602 -0.0103316 -0.00473219 -0.0105466 -0.0103193 -0.00466019 -0.0105585 -0.010293 -0.00459852 -0.0105695 -0.01037 -0.00459867 -0.0105866 -0.010335 -0.00459008 -0.0105915 -0.0102972 -0.00241927 -0.00451569 -0.0148683 -0.00241196 -0.00450444 -0.0148749 -0.00243734 -0.00439003 -0.014861 -0.00242537 -0.00438558 -0.0148581 -0.00241009 -0.00441547 -0.014878 -0.00248078 -0.00441816 -0.0148597 -0.00246034 -0.00440224 -0.0148629 -0.00244239 -0.00443086 -0.0148824 -0.00248959 -0.00442717 -0.0148562 -0.00248707 -0.00448107 -0.0148604 -0.00246942 -0.0044539 -0.0148762 -0.00247747 -0.00448857 -0.0148652 -0.00244216 -0.00448103 -0.0148828 -0.00245567 -0.00450183 -0.0148707 -0.00243162 -0.00451199 -0.0148706 -0.00242147 -0.0044634 -0.0148875 -0.00239675 -0.00445162 -0.0148842 -0.00240077 -0.0044949 -0.0148775 -0.00238739 -0.00448852 -0.0148756 -0.00499918 -0.0105466 -0.010479 -0.00497927 -0.0105507 -0.0105123 -0.00496007 -0.0105396 -0.0105444 -0.00498035 -0.0105102 -0.0105851 -0.0049927 -0.0105065 -0.0105873 -0.00501674 -0.0104964 -0.0105874 -0.00503855 -0.0104831 -0.0105819 -0.00504814 -0.0104756 -0.0105771 -0.00295006 -0.00355827 -0.0140035 -0.00299349 -0.0035864 -0.0140022 -0.00291807 -0.00350568 -0.0139596 0.000346117 -0.00351764 -0.012014 -0.00292102 -0.00348022 -0.0139546 0.00034044 -0.00348022 -0.0120045 -0.00292049 -0.00345414 -0.0139555 0.000342543 -0.00344142 -0.012008 -0.00498223 -0.0105249 -0.0105719 -0.00497481 -0.0105357 -0.010557 -0.00505269 -0.0105111 -0.0105454 -0.00507469 -0.0104895 -0.0105215 -0.00505529 -0.0105177 -0.0104826 -0.00503477 -0.0105371 -0.0105095 -0.00500651 -0.0105434 -0.0105356 -0.00502022 -0.0105235 -0.0105631 -0.00299145 -0.00346958 -0.013983 -0.00311083 -0.00356571 -0.0139523 -0.00309848 -0.00356941 -0.0139501 -0.00297172 -0.00351736 -0.0139803 -0.00302097 -0.00354926 -0.0139788 -0.0030566 -0.00351178 -0.013981 -0.00304303 -0.00360034 -0.0139603 -0.00305263 -0.00359283 -0.0139555 -0.00307444 -0.00357958 -0.01395 -0.00556801 -0.00968591 -0.00962508 -0.0055874 -0.00965778 -0.00966397 -0.00560411 -0.00959487 -0.00967697 -0.0056137 -0.00958736 -0.0096722 -0.00563551 -0.00957411 -0.00966669 -0.00565956 -0.00956394 -0.00966684 -0.00567191 -0.00956024 -0.00966904 -0.00554709 -0.00967757 -0.00956265 -0.00555361 -0.00967451 -0.00955173 -0.00559729 -0.00966283 -0.00958917 -0.00563784 -0.00966377 -0.00955701 -0.00566693 -0.00962158 -0.00961534 -0.00561928 -0.00963093 -0.00963327 -0.005567 -0.00967347 -0.00952934 -0.00558007 -0.00967922 -0.00950749 -0.0055862 -0.00968453 -0.00949723 -0.00228563 -0.00967757 -0.00761255 -0.00229215 -0.00967451 -0.00760163 -0.00230554 -0.00967347 -0.00757924 -0.00231861 -0.00967922 -0.00755739 -0.00232474 -0.00968453 -0.00754713 -0.00609825 0.000365662 -0.019496 -0.00605765 0.000354458 -0.019495 -0.00617038 0.000200212 -0.019381 -0.00613547 0.000174699 -0.0193684 -0.00624547 3.02458e-05 -0.0192712 -0.00621578 -5.52818e-06 -0.0192451 -0.00631933 -0.00014402 -0.0191657 -0.00634967 -0.000314141 -0.0190321 -0.00639527 -0.000313384 -0.0190584 -0.00659443 -0.000792328 -0.0186718 -0.00652797 -0.000630967 -0.0187988 -0.00649849 -0.000613563 -0.0188141 -0.00645988 -0.000472996 -0.0189306 -0.0064772 -0.000617403 -0.0188079 -0.00662342 -0.000973899 -0.0185457 -0.00664259 -0.000966582 -0.0185506 -0.00666283 -0.000955798 -0.0185518 -0.0066249 -0.000746174 -0.018682 -0.00657049 -0.000677405 -0.0187541 -0.00662664 -0.000811646 -0.0186442 -0.00670401 -0.000921322 -0.0185332 -0.00671399 -0.000914741 -0.0185224 -0.00669502 -0.000875251 -0.0185557 -0.00671669 -0.000792032 -0.0185947 -0.00667463 -0.00073299 -0.0186737 -0.00667271 -0.000747286 -0.0186589 -0.00658569 -0.000630172 -0.0187932 -0.0066755 -0.000791767 -0.0186187 -0.00667294 -0.000767305 -0.0186401 -0.00660831 -0.000700299 -0.0187239 -0.00659506 -0.00066141 -0.0187616 -0.0067551 -0.000848409 -0.0185116 -0.00674581 -0.000856241 -0.0185116 -0.00673213 -0.000871451 -0.0185133 -0.00671747 -0.000902649 -0.0185187 -0.0066623 -0.0008424 -0.0186018 -0.0066804 -0.00081964 -0.0185961 -0.00672409 -0.000884102 -0.0185155 -0.00669562 -0.000928974 -0.0185398 -0.00651934 -0.000558246 -0.018861 -0.00658041 -0.000607922 -0.0188176 -0.00679328 -0.000828946 -0.0185188 -0.00673095 -0.000779884 -0.0186051 -0.00668372 -0.000719363 -0.018691 -0.00669725 -0.000717496 -0.0186967 -0.0065954 -0.00058561 -0.0188547 -0.00643979 -0.000313135 -0.0190846 -0.00625971 0.000323132 -0.0193933 -0.00623297 0.000431894 -0.0194204 -0.00621034 0.000426678 -0.0194227 -0.00625243 0.000435451 -0.0194227 -0.00623405 0.000343714 -0.0193994 -0.00623861 0.000326969 -0.0193942 -0.00628415 0.000215875 -0.0193592 -0.00626046 0.00024247 -0.0193658 -0.00628362 0.000142893 -0.0193268 -0.00634142 8.86448e-06 -0.0192795 -0.00629778 0.000217499 -0.0193648 -0.00625791 0.000436308 -0.019424 -0.00630335 4.5661e-05 -0.0192826 -0.00630502 3.66626e-05 -0.0192782 -0.00684136 0.00264159 -0.0184273 -0.00689338 0.00268336 -0.0183335 -0.00688024 0.00269501 -0.0183211 -0.00692312 0.00273395 -0.0182306 -0.00674218 0.00254374 -0.0186092 -0.00685469 0.00263939 -0.0184334 -0.0069505 0.00271599 -0.0182379 -0.00656358 0.00232603 -0.0188776 -0.00683345 0.00265316 -0.0184081 -0.00678297 0.00260854 -0.0184909 -0.00672905 0.00256131 -0.018569 -0.00651908 0.00232633 -0.0188513 -0.00683083 0.00275071 -0.01832 -0.00688431 0.00280809 -0.0182354 -0.0068589 0.00283813 -0.018251 -0.00681732 0.00269945 -0.018366 -0.00679311 0.00264359 -0.0184389 -0.00683471 0.00268183 -0.0183696 -0.00672517 0.00262069 -0.0184954 -0.00666395 0.00252488 -0.0186191 -0.0067482 0.00260383 -0.0185054 -0.00659732 0.00245741 -0.0187007 -0.00667885 0.00258592 -0.0185464 -0.0067591 0.00271867 -0.0183964 -0.00678522 0.00267203 -0.0184138 -0.00679277 0.00273038 -0.0183664 -0.00684153 0.0028544 -0.0182529 -0.00686612 0.00277279 -0.0182695 -0.00684668 0.00272575 -0.018318 -0.00687276 0.00271813 -0.018299 -0.00689091 0.0027997 -0.0182276 -0.00689117 0.00278839 -0.0182291 -0.00689808 0.00276694 -0.0182286 -0.00690698 0.00275208 -0.0182287 -0.00680543 0.00287437 -0.0182444 -0.00671475 0.00272579 -0.0183996 -0.0066271 0.00257872 -0.0185572 -0.00647355 0.00232724 -0.0188249 -0.00624974 0.00189236 -0.0192483 -0.00633952 0.00203545 -0.0191139 -0.00633347 0.0020637 -0.0190901 -0.0064285 0.00218353 -0.0189831 -0.00631309 0.00206932 -0.0190823 -0.00612238 0.00176925 -0.0193837 -0.00614241 0.00176361 -0.0193871 -0.00616338 0.00175426 -0.0193871 -0.00622871 0.00173593 -0.0193359 -0.00626199 0.00177334 -0.0192956 -0.00629825 0.00187854 -0.0192294 -0.00631858 0.00182471 -0.0192502 -0.00625682 0.00167548 -0.0193285 -0.00630599 0.00176342 -0.0192816 -0.00626876 0.00167242 -0.019325 -0.00633352 0.00183503 -0.0192433 -0.00634012 0.00185286 -0.0192332 -0.00637673 0.00199056 -0.0191446 -0.00639826 0.00202468 -0.0191222 -0.00632662 0.00197274 -0.0191627 -0.00625127 0.00185053 -0.0192727 -0.00624246 0.0017935 -0.0193049 -0.00622716 0.00168604 -0.019346 -0.00624558 0.00167892 -0.0193334 -0.00628155 0.00179276 -0.0192769 -0.00630082 0.00181029 -0.0192616 -0.00632752 0.00192163 -0.0191948 -0.00635394 0.00195957 -0.0191665 -0.0063637 0.00203414 -0.0191117 -0.00639665 0.00208966 -0.0190671 -0.00620321 0.00171714 -0.0193707 -0.00619603 0.00172717 -0.0193754 -0.00831356 -1.71902e-05 -0.0159455 -0.00832553 -2.16363e-05 -0.0159484 -0.00847758 0.000398016 -0.0156941 -0.00827013 1.09395e-05 -0.0159468 -0.00829057 -4.97684e-06 -0.0159436 -0.00843929 0.000405509 -0.0156949 -0.00826131 1.99565e-05 -0.0159503 -0.00840507 0.000416722 -0.0157099 -0.00842775 0.00090039 -0.0156719 -0.00832329 0.00134136 -0.0158467 -0.00846276 0.0009059 -0.0156556 -0.00835469 0.00136212 -0.0158364 -0.00850157 0.000909582 -0.0156539 -0.00839108 0.00137599 -0.0158387 -0.0077381 0.00291396 -0.0169379 -0.007698 0.00289918 -0.0169347 -0.00766393 0.00287608 -0.0169466 -0.00754035 -0.00130237 -0.0172687 -0.00752477 -0.00129682 -0.0172647 -0.00750178 -0.00128461 -0.0172628 -0.00748134 -0.00126869 -0.0172661 -0.00747009 -0.00125686 -0.0172708 -0.00756844 0.00320373 -0.0171063 -0.00755784 0.00390548 -0.017117 -0.00753989 0.0036597 -0.0171541 -0.00758005 0.00395338 -0.0170898 -0.00758704 0.00396739 -0.0170818 -0.00757816 0.00365624 -0.0171351 -0.00764877 0.00407677 -0.0170183 -0.00762095 0.00365403 -0.0171339 -0.00768953 0.00406675 -0.0170192 -0.00774269 0.00421322 -0.0169293 -0.00765835 0.00409207 -0.017009 -0.00764792 0.00322341 -0.0170888 -0.00760575 0.00321573 -0.017089 -0.00735629 -0.00198879 -0.0175765 -0.00742398 -0.00258187 -0.0174623 -0.00738534 -0.0024189 -0.0175279 -0.00735187 -0.00244249 -0.0175216 -0.00734439 -0.00242634 -0.0175278 -0.007293 -0.0023019 -0.0175736 -0.00731349 -0.0019868 -0.0175777 -0.0072874 -0.00228624 -0.0175792 -0.0072752 -0.00198368 -0.0175967 -0.00726994 -0.00223283 -0.0175985 -0.00732053 -0.00237199 -0.0175482 -0.0073457 -0.00154536 -0.0174788 -0.0073816 -0.00156333 -0.0174638 -0.00742287 -0.00157483 -0.0174652 -0.00754912 0.00391797 -0.017123 -0.00757817 0.00397808 -0.0170848 -0.00756793 0.00398854 -0.017086 -0.00751953 0.00402071 -0.0170721 -0.00772902 0.0042226 -0.0169186 -0.00761442 0.00412452 -0.0169875 -0.0076441 0.00410491 -0.0170051 -0.00765136 0.00409866 -0.0170075 -0.0075172 0.00387135 -0.0171679 -0.00750163 0.00388705 -0.0171738 -0.00755658 0.00399838 -0.0170854 -0.00748551 0.0038991 -0.0171759 -0.00762916 0.00411597 -0.0169979 -0.00773582 0.00421822 -0.0169243 -0.00754446 0.00400722 -0.0170828 -0.00744694 0.00391685 -0.0171701 -0.00740943 -0.00259149 -0.0174531 -0.00715885 -0.00222545 -0.0176519 -0.00722077 -0.00234956 -0.0175718 -0.00730496 -0.00247365 -0.0175051 -0.00733646 -0.00245439 -0.0175197 -0.00730182 -0.00238726 -0.0175502 -0.00724691 -0.00233695 -0.0175805 -0.00727204 -0.00232027 -0.0175809 -0.00721879 -0.00227338 -0.0176166 -0.00724811 -0.00225398 -0.0176122 -0.00741665 -0.00258693 -0.0174581 -0.00732051 -0.002465 -0.0175141 -0.00719895 -0.00221066 -0.0176552 -0.00723302 -0.00218756 -0.0176432 -0.00609324 0.000377394 -0.0195044 -0.00611505 0.000390645 -0.0194989 -0.00600928 0.000837131 -0.0196758 -0.00603225 0.00132685 -0.0196374 -0.00595936 0.000830913 -0.019688 -0.0060692 0.000367226 -0.0195043 -0.00615736 0.00174449 -0.0193972 -0.0061778 0.00172857 -0.019394 -0.00598321 0.0013395 -0.0196481 -0.00613437 0.0017567 -0.0193953 -0.00716936 0.00279002 -0.0178188 -0.00702505 -0.000967758 -0.0181305 -0.00747532 -0.000911146 -0.0173774 -0.0078632 -0.000461995 -0.0167287 -0.00810398 0.000281584 -0.016326 -0.00814505 0.00115716 -0.0162573 -0.00797743 0.00197347 -0.0165377 -0.00763775 0.00255219 -0.0171058 -0.00720021 0.00276692 -0.0178375 -0.00714972 0.00282612 -0.0178066 -0.00696905 -0.0010261 -0.0181088 -0.00743349 -0.000967705 -0.017332 -0.00783358 -0.000504417 -0.0166629 -0.00808194 0.000262566 -0.0162475 -0.0081243 0.0011657 -0.0161767 -0.00795141 0.0020077 -0.0164658 -0.00760104 0.00260464 -0.0170518 -0.00699204 -0.000990527 -0.0181153 -0.00744784 -0.000933222 -0.017353 -0.00784049 -0.000478553 -0.0166963 -0.00808423 0.000274161 -0.0162887 -0.0081258 0.00116049 -0.0162192 -0.00795612 0.00198683 -0.016503 -0.00761227 0.00257266 -0.017078 -0.00611854 0.000376241 -0.0194892 -0.00613609 0.000390202 -0.0194784 -0.00629688 0.00166309 -0.0193242 -0.00632734 0.00176508 -0.0192802 -0.00636141 0.00186299 -0.01923 -0.00630986 0.00165987 -0.0193266 -0.00637487 0.00186099 -0.0192359 -0.0064371 0.00204883 -0.0191194 -0.00616489 0.000368081 -0.0194425 -0.00619475 0.000320401 -0.0194081 -0.00616856 0.000420574 -0.0194446 -0.00620765 0.000355462 -0.0194095 -0.00618315 0.000423204 -0.0194339 -0.00620824 0.000263045 -0.019385 -0.00617285 0.000305712 -0.0194211 -0.00622022 0.000204185 -0.0193596 -0.00617597 0.000244511 -0.0193985 -0.00623895 9.98789e-05 -0.0193091 -0.00626785 0.000108695 -0.01931 -0.00625046 0.000190927 -0.0193469 -0.00623015 0.000273693 -0.0193801 -0.00629721 -3.68281e-05 -0.0192332 -0.00614728 0.00106245 -0.0194831 -0.00618556 0.00105916 -0.0194641 -0.00622836 0.00105706 -0.0194629 -0.012711 -0.0135713 -0.00843648 -0.0126864 -0.0135913 -0.00840871 -0.0127984 -0.0134356 -0.00829595 -0.0127802 -0.0134427 -0.00825537 -0.0128926 -0.0133028 -0.00815424 -0.0128776 -0.0132956 -0.00810358 -0.0129899 -0.0131743 -0.0080094 -0.0130408 -0.0130441 -0.00784159 -0.0130855 -0.0130432 -0.00786922 -0.0133077 -0.0126093 -0.00744408 -0.0132319 -0.0127524 -0.00758674 -0.013208 -0.0127806 -0.00759272 -0.0131588 -0.0129004 -0.00772705 -0.0131916 -0.0127862 -0.00757841 -0.0133667 -0.0124862 -0.0072678 -0.0133793 -0.0124805 -0.00728381 -0.0133892 -0.0124712 -0.0073023 -0.013311 -0.0126024 -0.00749979 -0.0132674 -0.0126922 -0.00755385 -0.0133293 -0.0125691 -0.00743443 -0.0133936 -0.012434 -0.00734512 -0.0133929 -0.0124197 -0.00735234 -0.0133732 -0.012458 -0.00738663 -0.0133637 -0.0124803 -0.00747787 -0.0133372 -0.0125698 -0.00753084 -0.0133366 -0.012558 -0.00751382 -0.0132715 -0.0127179 -0.00761136 -0.0133438 -0.0125221 -0.00746627 -0.0133388 -0.0125418 -0.00749179 -0.0132937 -0.0126469 -0.0075429 -0.0132806 -0.012686 -0.00758036 -0.0133843 -0.0123893 -0.00742453 -0.0133815 -0.0123941 -0.00741372 -0.01338 -0.0124025 -0.00739507 -0.0133876 -0.0124147 -0.00736327 -0.0133526 -0.0125144 -0.00741257 -0.0133517 -0.0125001 -0.00743856 -0.0133815 -0.0124086 -0.00738126 -0.0133943 -0.0124441 -0.00733661 -0.0132156 -0.0128102 -0.00766174 -0.013267 -0.0127416 -0.00763457 -0.0134056 -0.0123759 -0.00745995 -0.0133726 -0.012482 -0.00749733 -0.0133445 -0.0125799 -0.00755108 -0.0133561 -0.0125779 -0.00756016 -0.0132829 -0.0127657 -0.0076701 -0.0131298 -0.0130429 -0.00789597 -0.0128646 -0.0133585 -0.00835377 -0.0128439 -0.0133701 -0.0083559 -0.0128874 -0.013331 -0.00828236 -0.0128065 -0.0134003 -0.00844403 -0.012743 -0.0134373 -0.00853275 -0.01273 -0.0134509 -0.0085189 -0.0127565 -0.0134292 -0.00854496 -0.0127798 -0.0134187 -0.00845201 -0.0127894 -0.0134119 -0.00843829 -0.0128364 -0.0133763 -0.00836789 -0.0129779 -0.0132606 -0.00818032 -0.0128762 -0.0133563 -0.00836264 -0.0127606 -0.0134276 -0.00854846 -0.0129323 -0.0132829 -0.00819595 -0.0129362 -0.0132782 -0.0081878 -0.0116197 -0.0122727 -0.0104357 -0.0115953 -0.0121655 -0.0104698 -0.0115742 -0.0121616 -0.0104707 -0.0115459 -0.0120619 -0.0104992 -0.011677 -0.0124797 -0.0103559 -0.0116334 -0.0122711 -0.0104413 -0.0115785 -0.0120541 -0.0104977 -0.0117754 -0.0128017 -0.0101611 -0.0115995 -0.0122603 -0.0104371 -0.0116217 -0.0123573 -0.0103984 -0.0116406 -0.0124519 -0.0103546 -0.0117308 -0.012802 -0.0101348 -0.0115087 -0.012186 -0.0104965 -0.0114814 -0.012086 -0.010547 -0.0114541 -0.0121124 -0.0105657 -0.0115453 -0.0122324 -0.0104586 -0.0115883 -0.0123074 -0.0104192 -0.0115687 -0.0122265 -0.0104521 -0.0115749 -0.0123908 -0.0103845 -0.0116334 -0.0125284 -0.0103079 -0.0116049 -0.0123875 -0.0103828 -0.0116549 -0.0126326 -0.0102422 -0.0115811 -0.0124583 -0.0103477 -0.011506 -0.0122884 -0.0104575 -0.0115568 -0.0122899 -0.0104336 -0.0115115 -0.0122454 -0.0104745 -0.0114338 -0.0121229 -0.0105725 -0.0115011 -0.0121246 -0.0105177 -0.0115323 -0.0121761 -0.0104815 -0.0115471 -0.0121465 -0.0104814 -0.0114871 -0.0120758 -0.0105406 -0.0114938 -0.012077 -0.0105314 -0.0115096 -0.012073 -0.0105159 -0.0115239 -0.0120685 -0.0105071 -0.0113932 -0.0121341 -0.0105715 -0.0114711 -0.0123139 -0.0104449 -0.0115514 -0.0124941 -0.0103216 -0.0116852 -0.0128027 -0.0101086 -0.01193 -0.0132809 -0.00974829 -0.0118635 -0.0131196 -0.00987526 -0.0118341 -0.0131022 -0.00989056 -0.0117955 -0.0129616 -0.0100071 -0.0118128 -0.013106 -0.00988438 -0.011959 -0.0134625 -0.00962218 -0.0119782 -0.0134552 -0.00962707 -0.0119984 -0.0134444 -0.00962828 -0.0120334 -0.0133669 -0.00962783 -0.0120209 -0.0133152 -0.00966398 -0.0119645 -0.0132398 -0.00975281 -0.0120163 -0.0132473 -0.00972105 -0.0120819 -0.0133462 -0.00958639 -0.0120523 -0.0132806 -0.00967116 -0.0120907 -0.013337 -0.0095881 -0.0120189 -0.0132337 -0.00973467 -0.0120102 -0.0132216 -0.00975021 -0.0119275 -0.0131268 -0.00986121 -0.011916 -0.0130965 -0.00989407 -0.0119077 -0.013168 -0.0098286 -0.0119634 -0.0133011 -0.0097195 -0.0120003 -0.0133333 -0.00967515 -0.0120623 -0.0133764 -0.009587 -0.012074 -0.0133562 -0.0095857 -0.0120172 -0.0132892 -0.00968436 -0.0120156 -0.0132662 -0.00970386 -0.0119487 -0.0131952 -0.0097936 -0.0119362 -0.0131572 -0.00983033 -0.011881 -0.0131052 -0.00988419 -0.0118572 -0.0130501 -0.00993462 -0.0120396 -0.0134099 -0.00960965 -0.0120312 -0.0134176 -0.00961633 -0.0129297 -0.00941054 -0.00815393 -0.0127235 -0.00912692 -0.00849873 -0.0124722 -0.00908216 -0.00891904 -0.0122431 -0.00928826 -0.00930225 -0.0129755 -0.00938712 -0.00814857 -0.0127614 -0.00909257 -0.00850665 -0.0125004 -0.00904609 -0.00894316 -0.0122625 -0.00926013 -0.00934113 -0.0114845 -0.0105342 -0.0106722 -0.0114737 -0.0105398 -0.0106604 -0.0114611 -0.010552 -0.010641 -0.0114531 -0.0105797 -0.0106093 -0.0114543 -0.0105679 -0.0106215 -0.0136483 -0.0109196 -0.00705343 -0.0136322 -0.0109242 -0.00705029 -0.0136082 -0.0109343 -0.00705015 -0.0135864 -0.0109476 -0.00705566 -0.0135741 -0.0109574 -0.0070621 -0.0112861 -0.010765 -0.0108887 -0.0109218 -0.0107804 -0.011491 -0.0110536 -0.0108219 -0.0112776 -0.0109016 -0.0107457 -0.0115347 -0.0108173 -0.0105244 -0.0117871 -0.0108525 -0.0106361 -0.0116669 -0.0108962 -0.0106326 -0.0116562 -0.0108574 -0.010649 -0.011652 -0.0108589 -0.010653 -0.0116474 -0.0108159 -0.010519 -0.0117925 -0.0111072 -0.0107629 -0.0113033 -0.0113268 -0.0107092 -0.0109361 -0.0112997 -0.010731 -0.0109109 -0.010896 -0.0107352 -0.0115477 -0.0110751 -0.010786 -0.0112866 -0.0140005 -0.0112782 -0.00646429 -0.014194 -0.0112432 -0.00607163 -0.0142059 -0.0112333 -0.00605847 -0.0142213 -0.0112216 -0.00609514 -0.0143045 -0.0111455 -0.005955 -0.0143091 -0.0111411 -0.00595038 -0.0141133 -0.0113082 -0.00616692 -0.0139685 -0.0113012 -0.00644748 -0.0141036 -0.0113159 -0.00617937 -0.0139471 -0.0113372 -0.00643829 -0.0140719 -0.0113414 -0.00622259 -0.0141584 -0.0112723 -0.0061122 -0.0137222 -0.0111998 -0.00681449 -0.0137512 -0.0111685 -0.00681093 -0.0137881 -0.0111485 -0.00681958 -0.0109116 -0.01079 -0.0114994 -0.0108853 -0.0107423 -0.0115538 -0.0108729 -0.0107486 -0.0115585 -0.0108147 -0.0107616 -0.0115612 -0.0107977 -0.0105222 -0.0117863 -0.010794 -0.0106402 -0.0116698 -0.0108337 -0.0106401 -0.0116707 -0.0108433 -0.0106384 -0.0116691 -0.0109318 -0.010845 -0.0114572 -0.0109149 -0.010858 -0.0114654 -0.0108593 -0.0107539 -0.0115618 -0.0108977 -0.0108681 -0.0114691 -0.0108138 -0.0106415 -0.0116717 -0.0108075 -0.0105237 -0.011787 -0.0108446 -0.0107579 -0.0115634 -0.0108576 -0.0108829 -0.0114659 -0.0140097 -0.0114442 -0.00619406 -0.0140838 -0.0113438 -0.00609373 -0.0141801 -0.0112433 -0.00600672 -0.0141998 -0.0112396 -0.00604097 -0.0141533 -0.0112836 -0.00609136 -0.0141004 -0.0113377 -0.00611834 -0.0141105 -0.0113252 -0.00614384 -0.014063 -0.0113832 -0.00617002 -0.0140727 -0.0113644 -0.00619843 -0.0142998 -0.0111456 -0.00594633 -0.0142946 -0.011145 -0.0059379 -0.0141911 -0.011243 -0.00602337 -0.0140331 -0.0114265 -0.00622528 -0.0140411 -0.0113987 -0.00625696 -0.0123121 -0.0138233 -0.00904047 -0.0121171 -0.013709 -0.00936651 -0.011967 -0.01347 -0.00961754 -0.0120034 -0.0134561 -0.0096199 -0.0121502 -0.0136899 -0.00937434 -0.0120348 -0.0134354 -0.00960962 -0.0121767 -0.0136613 -0.00937228 -0.0127129 -0.0135561 -0.00847549 -0.0125524 -0.0137282 -0.00874406 -0.012705 -0.0135811 -0.00844655 -0.0125389 -0.0137591 -0.0087244 -0.0126843 -0.0135977 -0.00841799 -0.0125144 -0.0137797 -0.00870205 -0.012361 -0.0137694 -0.00906402 -0.0123409 -0.0138017 -0.00905543 -0.0115171 -0.0115821 -0.0105473 -0.0134766 -0.0119237 -0.00734062 -0.0134475 -0.0110463 -0.00738921 -0.013217 -0.0102904 -0.0077747 -0.0128354 -0.00982126 -0.0084129 -0.0123861 -0.00974124 -0.00916439 -0.0119672 -0.0100678 -0.00986501 -0.0116702 -0.0107298 -0.0103617 -0.01156 -0.0115824 -0.010546 -0.0114788 -0.0115817 -0.0105664 -0.0134557 -0.0119338 -0.00726016 -0.0134257 -0.0110288 -0.00731028 -0.013188 -0.0102491 -0.00770791 -0.0127944 -0.00976519 -0.00836619 -0.0123309 -0.00968265 -0.00914133 -0.0118988 -0.0100195 -0.00986401 -0.0115924 -0.0107023 -0.0103763 -0.0134573 -0.0119276 -0.00730255 -0.0134279 -0.0110394 -0.00735174 -0.0131945 -0.0102743 -0.00774197 -0.0128082 -0.00979937 -0.00838801 -0.0123534 -0.00971837 -0.00914872 -0.0119293 -0.010049 -0.00985795 -0.0116287 -0.010719 -0.0103608 -0.0127175 -0.013555 -0.0084527 -0.0127185 -0.0135367 -0.00846956 -0.0120328 -0.0132061 -0.00977322 -0.0121158 -0.0133219 -0.00959228 -0.0121281 -0.0133173 -0.00959585 -0.0120665 -0.0132685 -0.00968162 -0.0120193 -0.013208 -0.00976745 -0.011931 -0.0130742 -0.00993118 -0.0128859 -0.0133246 -0.00824164 -0.0127353 -0.0134912 -0.00845382 -0.0127666 -0.0134463 -0.00841698 -0.012712 -0.0134911 -0.00850103 -0.0127587 -0.0134409 -0.00845313 -0.0127167 -0.0134745 -0.00850691 -0.0127958 -0.0134196 -0.00836762 -0.0127637 -0.0134687 -0.00839815 -0.0128236 -0.0133916 -0.00831568 -0.0127875 -0.0134477 -0.00834104 -0.0128687 -0.0133387 -0.00822111 -0.0128471 -0.0133652 -0.00831427 -0.0128043 -0.0134041 -0.00838511 -0.0129484 -0.0132436 -0.00810944 -0.0123839 -0.0135351 -0.00905272 -0.0124054 -0.0134991 -0.00906176 -0.0124375 -0.0134761 -0.00907848 -0.0211384 0.0260477 0.005658 -0.0211023 0.0260677 0.00566654 -0.021056 0.025912 0.00551452 -0.0210117 0.0259191 0.00551131 -0.0209757 0.0257792 0.00536448 -0.020924 0.025772 0.00535374 -0.0208942 0.0256507 0.00521018 -0.0207705 0.0255205 0.00508597 -0.020816 0.0255196 0.00505963 -0.0205466 0.0250857 0.00466265 -0.0206364 0.0252287 0.00479697 -0.0206304 0.025257 0.00482087 -0.0207254 0.0253768 0.00492782 -0.02061 0.0252626 0.00482858 -0.0204193 0.0249625 0.00452725 -0.0204393 0.0249569 0.0045238 -0.0204603 0.0249476 0.00452382 -0.0205973 0.0250787 0.00468616 -0.0206242 0.0251686 0.00475015 -0.0205483 0.0250455 0.00463914 -0.0205001 0.0249104 0.00454018 -0.0205061 0.0248961 0.00454426 -0.020527 0.0249344 0.00457776 -0.0206029 0.0249567 0.00462936 -0.020637 0.0250462 0.00467774 -0.0206217 0.0250344 0.00467022 -0.0206769 0.0251943 0.00477371 -0.0205832 0.0249984 0.00464142 -0.0206034 0.0250182 0.00465788 -0.020627 0.0251232 0.0047218 -0.0206538 0.0251624 0.0047511 -0.0205657 0.0248657 0.00458593 -0.0205548 0.0248705 0.0045833 -0.0205377 0.0248789 0.00457583 -0.020514 0.0248909 0.00455506 -0.0205401 0.0249908 0.0046082 -0.0205626 0.0249765 0.00462129 -0.0205262 0.024885 0.00456792 -0.0204929 0.0249205 0.00453555 -0.0206948 0.0252866 0.0048468 -0.0206952 0.025218 0.0047887 -0.020607 0.0248523 0.00458392 -0.0206242 0.0249584 0.00463075 -0.0206583 0.0250563 0.00468089 -0.0206718 0.0250543 0.00467502 -0.020734 0.0252421 0.00479148 -0.0208605 0.0255193 0.00503332 -0.0211383 0.0258349 0.00548359 -0.0211303 0.0258465 0.0055028 -0.0210861 0.0258074 0.00542972 -0.0211903 0.0258767 0.00557744 -0.0212384 0.0259137 0.00567542 -0.02122 0.0259272 0.00568031 -0.0212555 0.0259056 0.00566931 -0.0211846 0.0258951 0.0056048 -0.0211771 0.0258883 0.00558978 -0.0211373 0.0258527 0.00551512 -0.0210391 0.025737 0.0053017 -0.0211516 0.0258327 0.00547751 -0.0212606 0.025904 0.00566728 -0.0210313 0.0257593 0.00534923 -0.021026 0.0257546 0.00534194 -0.0223831 0.0247491 0.00756553 -0.0224015 0.0246419 0.00760318 -0.0223924 0.024638 0.00762221 -0.0223399 0.0249561 0.00747733 -0.0223945 0.0247475 0.00755617 -0.0222149 0.0252781 0.00729845 -0.0223747 0.0247367 0.007584 -0.0223511 0.0248337 0.00754613 -0.0223216 0.0249283 0.00750878 -0.0221706 0.0252784 0.00732524 -0.0223841 0.0246624 0.00769209 -0.0224157 0.0245624 0.00774005 -0.0224192 0.0245887 0.00777293 -0.0223681 0.0247088 0.00764193 -0.0223537 0.0247838 0.00758545 -0.0223734 0.0247029 0.0076182 -0.0223168 0.0248672 0.00758083 -0.022277 0.0250048 0.00749299 -0.0223295 0.0248639 0.00755358 -0.0222292 0.025109 0.00744293 -0.0222873 0.0249347 0.00755796 -0.0223484 0.0247648 0.00767606 -0.0223514 0.0247663 0.00761992 -0.022366 0.0247218 0.00767919 -0.0224156 0.0245993 0.00779403 -0.0223992 0.0246009 0.00770879 -0.022382 0.0246525 0.00766422 -0.022389 0.0246229 0.00765119 -0.0223955 0.0246105 0.00782932 -0.0223208 0.0247903 0.00770085 -0.0222502 0.0249705 0.00757174 -0.022126 0.0252791 0.00735301 -0.0220043 0.0255786 0.0071187 -0.0220048 0.025596 0.0070855 -0.0220887 0.025438 0.00720786 -0.0219244 0.0257573 0.00696686 -0.0218339 0.0259356 0.00687475 -0.021851 0.0259208 0.0068498 -0.0219888 0.0255824 0.00713453 -0.0218672 0.0258433 0.00681878 -0.0218932 0.0257916 0.00684685 -0.0219447 0.0257162 0.0069386 -0.0219412 0.0257237 0.00687796 -0.0218536 0.0258226 0.00675646 -0.0219143 0.025757 0.00682265 -0.0218593 0.0258134 0.0067495 -0.0219545 0.0257101 0.00688206 -0.021964 0.025698 0.00689712 -0.0220227 0.0256032 0.0070225 -0.0220462 0.0255729 0.0070482 -0.0219846 0.0256444 0.00702453 -0.0219148 0.0257775 0.00692384 -0.0218932 0.0258097 0.0068703 -0.0218449 0.0258528 0.00677399 -0.0218493 0.0258326 0.00676307 -0.0219093 0.0257656 0.00685982 -0.0219258 0.0257426 0.0068704 -0.0219732 0.0256715 0.00697179 -0.0219996 0.0256336 0.00700019 -0.0220209 0.0255816 0.00707433 -0.0220541 0.0255265 0.00711919 -0.0218541 0.0258863 0.00680471 -0.021856 0.025894 0.00681526 -0.0209985 0.0218737 0.00530983 -0.02101 0.0218635 0.00528872 -0.0212241 0.021569 0.0056468 -0.020993 0.0218869 0.00533165 -0.0211992 0.0216033 0.00567644 -0.0214505 0.0215586 0.00609675 -0.0216796 0.0217647 0.00647996 -0.0214851 0.0215225 0.0060833 -0.0217231 0.0217365 0.00648127 -0.0225274 0.0230106 0.00779656 -0.0225119 0.0230162 0.0078005 -0.0224889 0.0230284 0.0078024 -0.0224572 0.0230561 0.00779444 -0.0224684 0.0230443 0.00779919 -0.0203637 0.023396 0.00417778 -0.0203418 0.0234107 0.00421155 -0.0203362 0.0234338 0.00424722 -0.0226253 0.0232422 0.00807565 -0.0229823 0.0232568 0.00867981 -0.0228593 0.0232978 0.008467 -0.0230113 0.023222 0.0087183 -0.0231938 0.0230008 0.00891194 -0.0231046 0.0231125 0.00882412 -0.023119 0.0231053 0.00878598 -0.0230945 0.0231245 0.00881358 -0.0231979 0.0229954 0.0089158 -0.0230202 0.0232116 0.00872933 -0.0228774 0.0232619 0.00845217 -0.0229072 0.0232389 0.00843175 -0.0226862 0.0231863 0.00806215 -0.0226513 0.0232081 0.00807409 -0.0200114 0.0237546 0.00358864 -0.0197047 0.0236175 0.00307364 -0.0197907 0.023698 0.00321949 -0.0197567 0.0237189 0.00323116 -0.0197511 0.0237097 0.00321566 -0.0197066 0.0236218 0.00307988 -0.0198029 0.0237846 0.00334854 -0.0199815 0.0237776 0.00360888 -0.0198092 0.0237923 0.00336297 -0.0199632 0.0238136 0.00362341 -0.0198323 0.0238178 0.00341143 -0.019776 0.0237487 0.00328295 -0.0201882 0.0236762 0.00399961 -0.0201988 0.0236449 0.00397233 -0.0202239 0.0236249 0.00394393 -0.022985 0.0232664 0.00869279 -0.0230204 0.0232187 0.00874165 -0.0230188 0.023225 0.0087548 -0.0229935 0.023238 0.00880738 -0.0231838 0.0229986 0.00892884 -0.0230794 0.0231166 0.00887699 -0.023099 0.0231165 0.00884245 -0.0231022 0.0231148 0.00883326 -0.0229573 0.0233214 0.008655 -0.0229565 0.0233344 0.00867377 -0.0230152 0.0232303 0.00876841 -0.0229517 0.0233445 0.00869067 -0.0230904 0.0231179 0.00886042 -0.0231891 0.0230001 0.00892058 -0.0230096 0.0232343 0.00878202 -0.0229299 0.0233593 0.00872444 -0.0197777 0.0239206 0.00345264 -0.0197244 0.0238202 0.00333992 -0.0196933 0.0237196 0.00321391 -0.0197328 0.023716 0.00321273 -0.0197552 0.02376 0.00327757 -0.0197539 0.0238141 0.00333695 -0.0197812 0.0238016 0.00334009 -0.0197817 0.0238596 0.00339439 -0.0198114 0.0238407 0.00339928 -0.0196968 0.023622 0.00307986 -0.0196869 0.0236214 0.00308046 -0.0197132 0.0237194 0.00321212 -0.0198163 0.0239029 0.0034468 -0.019848 0.0238751 0.00345477 -0.0211445 0.0260575 0.00566807 -0.0211649 0.0260415 0.00567129 -0.021394 0.0262476 0.0060545 -0.0216453 0.0262029 0.00647481 -0.0213594 0.0262837 0.00606795 -0.0211215 0.0260697 0.00566997 -0.021846 0.0259325 0.00684142 -0.0218515 0.0259193 0.0068196 -0.0216204 0.0262372 0.00650445 -0.0218345 0.0259427 0.00686253 -0.020443 0.0242279 0.00442577 -0.0204961 0.0234376 0.00451453 -0.0205755 0.0234572 0.0045321 -0.0205241 0.0242234 0.00444606 -0.0204813 0.0242251 0.0044448 -0.0205334 0.0234495 0.00453191 -0.0211558 0.0260314 0.00565994 -0.0211711 0.0260131 0.00566705 -0.021995 0.0256825 0.00688808 -0.0218749 0.0257983 0.00672931 -0.0218839 0.0257937 0.0067202 -0.0219303 0.0257449 0.00681504 -0.0219835 0.0256844 0.00689727 -0.022086 0.0255506 0.00705256 -0.0210496 0.025801 0.00541174 -0.0211652 0.0259676 0.00564481 -0.0211476 0.0259227 0.0055998 -0.0211958 0.0259675 0.00568771 -0.0211757 0.0259173 0.00562384 -0.0212032 0.0259508 0.00568635 -0.0211179 0.025896 0.00555072 -0.0211296 0.0259451 0.00559343 -0.0210853 0.025868 0.00550162 -0.0210905 0.0259241 0.00554548 -0.0210234 0.0258151 0.00541714 -0.0210952 0.0258416 0.00548027 -0.0211373 0.0258805 0.00555151 -0.0209627 0.02572 0.00529415 -0.0215265 0.0260115 0.00623784 -0.0215446 0.0259755 0.00622316 -0.0215745 0.0259525 0.00620283 -0.0271034 0.00979304 0.0154669 -0.0270863 0.00978139 0.0154726 -0.0271615 0.0098348 0.0155571 -0.0272748 0.00993265 0.0157306 -0.0271731 0.009837 0.0155483 -0.0274266 0.0101504 0.0160149 -0.0271408 0.00982324 0.015555 -0.0271899 0.00986785 0.0156387 -0.0272331 0.00991509 0.0157231 -0.0273824 0.0101501 0.0160417 -0.0270619 0.00972568 0.0155156 -0.0270128 0.00966831 0.0154285 -0.0270144 0.00963826 0.0154582 -0.0270961 0.00977694 0.0155493 -0.0271488 0.00983281 0.0156051 -0.0271074 0.00979456 0.0155357 -0.0271665 0.00985571 0.0156917 -0.0272465 0.00995151 0.0158042 -0.0271862 0.00987257 0.0156762 -0.0272868 0.010019 0.0159015 -0.0271895 0.00989047 0.0157567 -0.0270953 0.00975772 0.015615 -0.027123 0.00980437 0.0156002 -0.0270848 0.00974601 0.0155711 -0.0270079 0.009622 0.0154744 -0.0270342 0.0097036 0.0154606 -0.0270677 0.00975065 0.0155007 -0.0270633 0.00975826 0.0154687 -0.0269833 0.00960202 0.0155022 -0.0270771 0.00975061 0.0156556 -0.0271745 0.00989767 0.0158073 -0.0273377 0.0101492 0.0160693 -0.0275049 0.0104127 0.0163182 -0.0275288 0.0104409 0.0163242 -0.0274557 0.0102929 0.0161839 -0.0276046 0.010584 0.0164668 -0.0276701 0.0107095 0.0166354 -0.0276861 0.0107221 0.0166086 -0.0274885 0.0104071 0.0163325 -0.0276719 0.0107405 0.0165268 -0.0276521 0.0107031 0.0164784 -0.027611 0.0105979 0.0164152 -0.0276389 0.0106517 0.0164071 -0.0276787 0.0108009 0.0164986 -0.0276606 0.010713 0.0164331 -0.0276812 0.010804 0.0164864 -0.0276399 0.0106414 0.0163907 -0.0276341 0.0106235 0.0163801 -0.0275735 0.0104858 0.0163059 -0.0275639 0.0104517 0.0162764 -0.0275656 0.0105036 0.0163586 -0.0276269 0.0106259 0.0164771 -0.0276511 0.0106829 0.0165001 -0.02768 0.0107904 0.016533 -0.0276777 0.0107975 0.0165108 -0.0276449 0.0106836 0.0164524 -0.0276406 0.0106661 0.0164282 -0.0275944 0.0105548 0.016373 -0.0275819 0.0105168 0.0163363 -0.0275382 0.0104423 0.0163018 -0.0275146 0.0103867 0.0162517 -0.0276905 0.0107593 0.0165658 -0.0276912 0.0107492 0.0165743 -0.0277512 0.0121107 0.0167175 -0.0277311 0.0121219 0.0167528 -0.027684 0.0122762 0.0165996 -0.0276564 0.0123017 0.0166244 -0.0276229 0.0124462 0.0164815 -0.0275858 0.0124819 0.0164953 -0.0275648 0.0126204 0.0163664 -0.0274615 0.0127905 0.0162765 -0.0275062 0.0127898 0.0162488 -0.02726 0.0132687 0.0158904 -0.0273404 0.0131074 0.016009 -0.0273399 0.01309 0.0160422 -0.0274243 0.0129494 0.0161314 -0.0273244 0.0130938 0.0160581 -0.0271626 0.0134503 0.0158051 -0.027176 0.013443 0.0157906 -0.0271866 0.0134322 0.0157733 -0.0272833 0.0132226 0.0158683 -0.0273212 0.0131538 0.0159504 -0.0272509 0.013288 0.0158489 -0.0271897 0.0133977 0.0157282 -0.027185 0.0133911 0.0157144 -0.0272053 0.0133516 0.0157468 -0.0272499 0.0132684 0.0157462 -0.0272996 0.0132094 0.0158206 -0.0272857 0.0132237 0.0158153 -0.0273627 0.0131066 0.0159555 -0.0272515 0.0132682 0.0157938 -0.0272692 0.0132437 0.0158062 -0.0273124 0.0131767 0.0159028 -0.0273393 0.0131378 0.0159323 -0.0271949 0.0133248 0.015673 -0.0271905 0.0133326 0.0156812 -0.0271855 0.0133478 0.015694 -0.0271833 0.0133778 0.0157093 -0.0272304 0.0133188 0.0157975 -0.0272339 0.013296 0.0157788 -0.0271837 0.0133605 0.0157022 -0.0271916 0.0134054 0.0157388 -0.0273911 0.0130346 0.0160461 -0.0273817 0.0130843 0.0159717 -0.0272193 0.0133053 0.0156428 -0.0272659 0.0132563 0.0157386 -0.0273191 0.0131958 0.0158208 -0.0273306 0.0131939 0.0158116 -0.0274215 0.013062 0.0159761 -0.0275504 0.0127895 0.016222 -0.0277187 0.0122605 0.016489 -0.0277103 0.0122481 0.0165075 -0.0276899 0.0123335 0.0164742 -0.0277371 0.0121533 0.0165267 -0.0277484 0.0120445 0.0165631 -0.0277397 0.0120497 0.0165841 -0.0277595 0.0120409 0.016547 -0.0277303 0.0121327 0.0165522 -0.027728 0.0121494 0.0165457 -0.0277132 0.0122339 0.016513 -0.0276755 0.0124675 0.0164008 -0.02773 0.0122589 0.0164797 -0.0277633 0.0120401 0.0165428 -0.0276602 0.0124307 0.0164359 -0.0276571 0.0124397 0.0164323 -0.0256594 0.0124814 0.013105 -0.025672 0.0124936 0.0130857 -0.0255208 0.0120764 0.0128329 -0.0256526 0.0124655 0.0131245 -0.025507 0.0120637 0.0128811 -0.0254841 0.011574 0.0128427 -0.0255898 0.0111275 0.0130196 -0.025497 0.0115678 0.012793 -0.0256068 0.0111041 0.0129767 -0.0264716 0.0137788 0.014393 -0.0264482 0.013761 0.0144242 -0.0264402 0.0137333 0.0144559 -0.0262739 0.00956243 0.0140623 -0.0262635 0.00956705 0.014075 -0.026252 0.00957722 0.0140961 -0.0262464 0.00960032 0.0141317 -0.0262465 0.00959047 0.0141179 -0.0266557 0.0144652 0.0147009 -0.0265862 0.0150646 0.0145826 -0.0266266 0.0148953 0.0146523 -0.0266073 0.0149015 0.014689 -0.0266052 0.0149189 0.0146787 -0.0265871 0.0150583 0.0145872 -0.0266232 0.0147783 0.0147552 -0.0266365 0.0144632 0.0147391 -0.0266255 0.0147626 0.0147628 -0.0266351 0.0144601 0.0147819 -0.0266342 0.0147092 0.0147873 -0.0266138 0.0148484 0.014719 -0.0265646 0.0140218 0.014664 -0.0265684 0.0140397 0.0146252 -0.0265891 0.0140512 0.0145895 -0.0263419 0.00927266 0.0142914 -0.0263463 0.00857092 0.0143058 -0.0263704 0.0088167 0.0143392 -0.0263328 0.00852301 0.0142734 -0.0262684 0.00826318 0.0140542 -0.0262987 0.00838432 0.0141662 -0.0263224 0.00840965 0.0141435 -0.0263021 0.00839853 0.0141781 -0.026267 0.00825776 0.0140487 -0.0263291 0.00850901 0.0142635 -0.0263718 0.00882015 0.0142965 -0.026391 0.00882237 0.0142582 -0.0263641 0.00925299 0.0142131 -0.0263443 0.00926067 0.0142504 -0.0266286 0.0147018 0.0149104 -0.0265874 0.014826 0.014818 -0.0265685 0.01495 0.0147123 -0.0265962 0.0149308 0.0146914 -0.0266067 0.0148637 0.0147364 -0.0266074 0.0148133 0.0147991 -0.0266197 0.0147967 0.0147772 -0.0266259 0.0147498 0.0148409 -0.0266359 0.0147304 0.014813 -0.02658 0.0150633 0.0145916 -0.0265721 0.0150679 0.0145956 -0.0265838 0.0149414 0.0147028 -0.0266505 0.0146871 0.0148767 -0.0266561 0.014664 0.014841 -0.0278527 0.0113876 0.0169505 -0.027794 0.0110077 0.0168524 -0.027762 0.0120782 0.0166934 -0.0278503 0.0117653 0.0168411 -0.0277562 0.012099 0.0167259 -0.0278476 0.0117753 0.0168787 -0.0277369 0.0121129 0.0167569 -0.0278303 0.0117819 0.0169131 -0.027816 0.0110334 0.0167837 -0.0277 0.0107568 0.0165898 -0.0278121 0.011018 0.0168193 -0.0276921 0.0107319 0.0166187 -0.0276714 0.0107152 0.0166472 -0.0278715 0.0113925 0.0168765 -0.0278694 0.0113896 0.0169153 -0.0263474 0.00855843 0.0143163 -0.0263275 0.00849831 0.0142727 -0.0263238 0.00848785 0.0142823 -0.0262887 0.00845569 0.0143183 -0.0262525 0.00825379 0.0140611 -0.026259 0.00835187 0.0141947 -0.0262886 0.00837148 0.0141769 -0.0262941 0.00837773 0.0141716 -0.0263719 0.00860504 0.0143657 -0.0263698 0.00858935 0.0143823 -0.0263179 0.00847802 0.014292 -0.0263639 0.0085773 0.0143974 -0.0262751 0.00836042 0.0141866 -0.0262608 0.00825817 0.0140578 -0.0263098 0.00846918 0.0143014 -0.0263405 0.00855954 0.0144286 -0.0277548 0.0121002 0.0166964 -0.0277536 0.0120862 0.0166759 -0.0269234 0.0135082 0.015264 -0.0265035 0.0134594 0.0145618 -0.0261314 0.0130772 0.0139395 -0.0258735 0.0124296 0.0135081 -0.0257759 0.0116324 0.0133448 -0.0258558 0.0108277 0.0134785 -0.0265625 0.0134024 0.0145451 -0.0269696 0.0134497 0.0152259 -0.0258571 0.0116311 0.0133652 -0.0259518 0.012404 0.0135236 -0.0262018 0.0130318 0.0139417 -0.0259346 0.010851 0.0134948 -0.0269404 0.0134725 0.0152474 -0.0265284 0.0134246 0.0145583 -0.0261632 0.0130495 0.0139475 -0.0259101 0.012414 0.0135242 -0.0258142 0.0116316 0.0133639 -0.0258927 0.0108419 0.0134951 -0.0276676 0.0123677 0.0164801 -0.0277356 0.0121083 0.0166335 -0.0277194 0.012156 0.0165909 -0.0277392 0.0120558 0.0166313 -0.0277268 0.0121209 0.0165802 -0.0277367 0.0120532 0.0166134 -0.0277055 0.0122133 0.0165681 -0.0277205 0.0121707 0.0166164 -0.0276887 0.0122722 0.0165455 -0.027702 0.0122319 0.0166029 -0.0276531 0.0123765 0.0165051 -0.0276919 0.0122855 0.0165129 -0.0277115 0.0122027 0.0165465 -0.0276138 0.0125132 0.0164179 -0.027653 0.0106154 0.0163508 -0.0276939 0.0108133 0.0164613 -0.0277021 0.0108165 0.016451 -0.0276695 0.0107113 0.0164136 -0.0276414 0.0106134 0.0163598 -0.0275798 0.0104276 0.0162408 -0.0277836 0.0114193 0.0165873 -0.0277631 0.0114139 0.0166683 -0.0277644 0.0114172 0.0166255 -0.0274385 0.00899311 0.013605 -0.0274978 0.00918616 0.0135231 -0.0275022 0.00917782 0.0135072 -0.0270129 0.00843329 0.0137255 -0.0274545 0.00954991 0.0133388 -0.0275077 0.00937109 0.0134262 -0.0274876 0.00938687 0.0134563 -0.0274457 0.00955399 0.0133498 -0.0274797 0.00920241 0.0135505 -0.0274236 0.0090085 0.0136289 -0.0273228 0.00881332 0.0136891 -0.0273408 0.00878549 0.0136331 -0.02734 0.00878951 0.0136454 -0.0273378 0.00879442 0.0136575 -0.0270084 0.00843869 0.0137374 -0.0273342 0.00880012 0.013669 -0.027469 0.00950614 0.0132689 -0.0275013 0.00916272 0.0134749 -0.027513 0.00935182 0.0133921 -0.0274718 0.00951805 0.0132839 -0.0275123 0.00936161 0.0134091 -0.0274715 0.00952649 0.0132959 -0.027466 0.00953974 0.0133177 -0.0275033 0.00916989 0.0134909 -0.0270039 0.00844571 0.0137483 -0.0267901 0.0110907 0.0122504 -0.0267978 0.011087 0.0122405 -0.0268093 0.0110768 0.0122194 -0.0268148 0.0110635 0.0121976 -0.0268152 0.011056 0.0121869 -0.026697 0.011555 0.0119892 -0.0266948 0.0115605 0.0120278 -0.0268853 0.0125513 0.0123042 -0.0267226 0.0121023 0.0120321 -0.0268773 0.0125264 0.0123331 -0.0267196 0.0120911 0.0120694 -0.0268566 0.0125097 0.0123617 -0.0267022 0.0120836 0.0121035 -0.0266779 0.0115642 0.0120628 -0.0276741 0.013831 0.0136234 -0.0276661 0.013806 0.0136524 -0.0276454 0.0137894 0.0136809 -0.0278214 0.0147206 0.0139753 -0.027711 0.015187 0.0137905 -0.0277187 0.0151833 0.0137807 -0.0278383 0.0147169 0.0139403 -0.0277974 0.014209 0.0139352 -0.0278149 0.0142165 0.0139011 -0.0278178 0.0142277 0.0138638 -0.0278405 0.0147114 0.0139018 -0.0277303 0.0151731 0.0137596 -0.0277357 0.0151599 0.0137378 -0.0277361 0.0151524 0.0137271 -0.0244523 0.0228452 0.00824638 -0.0244353 0.0228686 0.00828931 -0.0243044 0.0230783 0.00799905 -0.0242817 0.0231107 0.00803244 -0.0240923 0.0232198 0.0077156 -0.0238958 0.0231794 0.00738703 -0.0237223 0.0229956 0.00709675 -0.024122 0.0231834 0.00769396 -0.0239328 0.0231445 0.00737758 -0.0237657 0.0229674 0.00709807 -0.0229769 0.0216878 0.00577885 -0.0229335 0.0217159 0.00577753 -0.022218 0.021823 0.00450966 -0.0224459 0.0215095 0.00489075 -0.022421 0.0215438 0.00492039 -0.022201 0.0218464 0.00455259 -0.0222125 0.0218362 0.00453148 -0.0227236 0.02146 0.0053553 -0.022689 0.0214961 0.00536875 -0.0215617 0.0233525 0.00340067 -0.0215559 0.0233733 0.0034332 -0.0215366 0.0233871 0.00346414 -0.0214156 0.0235828 0.00315639 -0.0214047 0.0236115 0.00318047 -0.0213821 0.0236307 0.00320577 -0.0209939 0.0236998 0.00255658 -0.0211915 0.0237405 0.00288707 -0.0212183 0.0237189 0.00286873 -0.0210251 0.0236791 0.00254545 -0.0208193 0.0235149 0.00226459 -0.0208313 0.0235104 0.00226175 -0.0208543 0.0234982 0.00225985 -0.0208747 0.0234823 0.00226306 -0.0212354 0.0236866 0.00285507 -0.0210486 0.0236481 0.0025426 -0.0208835 0.0234733 0.00226654 -0.0089874 0.00432041 -0.0175238 -0.00899937 0.00431596 -0.0175266 -0.00902237 0.00430375 -0.0175285 -0.00904281 0.00428783 -0.0175253 -0.00905162 0.00427882 -0.0175218 -0.00881137 0.00338919 -0.0178182 -0.00883536 0.00390076 -0.017778 -0.00887365 0.00389326 -0.0177772 -0.00892185 0.00292279 -0.0176334 -0.00893421 0.00292649 -0.0176356 -0.00885018 0.00339287 -0.0178165 -0.00890787 0.00388205 -0.0177622 -0.00888519 0.00339838 -0.0178002 -0.00895825 0.00293666 -0.0176357 -0.00898006 0.00294991 -0.0176302 -0.00898965 0.00295741 -0.0176255 -0.00964633 0.00142035 -0.0165272 -0.00963674 0.00141285 -0.016532 -0.00961494 0.0013996 -0.0165375 -0.00959089 0.00138943 -0.0165373 -0.00957854 0.00138573 -0.0165351 -0.00976454 0.000921358 -0.0163295 -0.00972953 0.000915848 -0.0163458 -0.0095762 -7.49285e-05 -0.0166445 -0.00973887 0.000374047 -0.0163724 -0.00954694 -4.99951e-05 -0.0166512 -0.00970464 0.00038526 -0.0163874 -0.00951198 -3.33356e-05 -0.0166464 -0.00966636 0.000392754 -0.0163882 -0.00969072 0.000912167 -0.0163475 -0.00878741 -0.00135456 -0.0179637 -0.00875815 -0.00132963 -0.0179704 -0.00872319 -0.00131297 -0.0179656 -0.00856274 -0.00237039 -0.018234 -0.00859821 -0.001614 -0.0181747 -0.0086359 -0.00162409 -0.0181748 -0.00866925 -0.00163918 -0.0181613 -0.00854187 -0.00198532 -0.0182689 -0.00858079 -0.0019873 -0.018267 -0.00861598 -0.00199025 -0.0182504 -0.0086012 -0.00236396 -0.0182329 -0.00863571 -0.00235432 -0.0182174 -0.00865764 -0.00271059 -0.0180753 -0.00869403 -0.00269672 -0.0180776 -0.00872543 -0.00267596 -0.0180673 -0.0119993 -0.0103688 -0.0125807 -0.0119775 -0.010382 -0.0125862 -0.0119534 -0.0103922 -0.0125861 -0.0121675 -0.0106867 -0.012228 -0.0122054 -0.0106524 -0.0122359 -0.0124285 -0.0107332 -0.0117915 -0.0124567 -0.0106971 -0.0118156 -0.0126665 -0.0105192 -0.0113935 -0.0126859 -0.010491 -0.0114324 -0.0134747 -0.00921141 -0.0101132 -0.0134553 -0.00923954 -0.0100743 -0.0142335 -0.00934656 -0.008844 -0.0140057 -0.00903308 -0.00922509 -0.0139678 -0.00906743 -0.00921716 -0.0141877 -0.00936997 -0.00884936 -0.0142117 -0.00935981 -0.00884951 -0.0137279 -0.00898362 -0.00968964 -0.0136997 -0.00901969 -0.00966552 -0.0148998 -0.0108761 -0.00774095 -0.0148684 -0.0108969 -0.00775123 -0.014832 -0.0109107 -0.00774888 -0.0148125 -0.0109145 -0.00774249 -0.0149258 -0.01104 -0.00761645 -0.0149073 -0.0110477 -0.00761721 -0.0149618 -0.0111504 -0.00744262 -0.0149447 -0.0111574 -0.00744377 -0.0149758 -0.0112245 -0.00723819 -0.0148699 -0.0110542 -0.00761133 -0.0149095 -0.0111625 -0.00744166 -0.014927 -0.0111614 -0.00744341 -0.0148883 -0.0110525 -0.0076154 -0.0149569 -0.0110174 -0.00760738 -0.0149907 -0.0111289 -0.00743597 -0.0150015 -0.0112058 -0.0072338 -0.0149898 -0.0112459 -0.00700988 -0.0149025 -0.011213 -0.00652859 -0.0148905 -0.0112197 -0.00652927 -0.0148782 -0.0112254 -0.00653143 -0.0149303 -0.0112715 -0.00701648 -0.0149431 -0.0112697 -0.00701533 -0.0149558 -0.0112662 -0.00701407 -0.014968 -0.0112609 -0.00701271 -0.000825636 -0.0132294 -0.0119064 0.00173544 -0.00723485 -0.0161896 -0.000820189 -0.0132269 -0.0118997 0.00174089 -0.00723241 -0.016183 -0.000806339 -0.0132154 -0.0118752 0.00175474 -0.00722083 -0.0161585 -0.00080199 -0.0132065 -0.0118603 0.00175909 -0.00721201 -0.0161435 -0.00080071 -0.0131944 -0.0118425 0.00176037 -0.00719986 -0.0161258 -0.000890799 -0.0132441 -0.0117979 -0.0020738 -0.0106344 -0.00886327 -0.000878581 -0.0132406 -0.011796 -0.000833677 -0.0132152 -0.0118003 -0.0020289 -0.010609 -0.00886754 -0.000824477 -0.0132065 -0.0118043 0.00173089 -0.00710774 -0.0161825 0.00173937 -0.00711298 -0.0161744 0.000544146 -0.00450678 -0.0132417 0.000565015 -0.00453764 -0.0132057 0.00176024 -0.00714385 -0.0161385 0.00176159 -0.00715346 -0.0161294 -0.00200368 -0.0105429 -0.00885091 0.000557404 -0.00454833 -0.0131342 -0.00198548 -0.0105225 -0.00881147 0.000575602 -0.00452793 -0.0130948 -0.00200472 -0.0105466 -0.00868852 -0.00207865 -0.0105913 -0.00880584 -0.0019848 -0.0105507 -0.00872183 -0.00199819 -0.0105497 -0.00869944 -0.00205135 -0.0105607 -0.00874669 -0.00203256 -0.0105764 -0.00882412 -0.0019656 -0.0105396 -0.00875394 -0.00197174 -0.0105449 -0.00874368 -0.00201192 -0.0105533 -0.0087794 0.000566598 -0.00443307 -0.0131251 0.000539299 -0.00446367 -0.0131842 0.000561351 -0.00450505 -0.0131623 0.000581987 -0.00448192 -0.0131176 0.000619758 -0.00442202 -0.0130778 0.000622709 -0.00444748 -0.0130828 0.000622176 -0.00447357 -0.0130819 -0.00173773 -0.0105466 -0.00852888 -0.0017312 -0.0105497 -0.0085398 -0.00171781 -0.0105507 -0.00856219 -0.00170475 -0.0105449 -0.00858404 -0.00169861 -0.0105396 -0.0085943 0.000884021 -0.00441007 -0.0129136 0.000889698 -0.00444748 -0.0129231 0.000887595 -0.00448629 -0.0129196 -0.00162844 -0.0104831 -0.00854291 0.000932981 -0.00448107 -0.0128155 -0.00163391 -0.0104964 -0.00856473 0.000927169 -0.00450183 -0.012848 -0.00164542 -0.0105065 -0.00858584 0.000907876 -0.00451569 -0.012879 -0.0024469 -0.0132567 -0.0128492 -0.00245487 -0.0132503 -0.0128602 -0.00243522 -0.013259 -0.0128401 -0.00252926 -0.0132216 -0.0128496 -0.00252189 -0.0132447 -0.0128228 -0.00250269 -0.0132602 -0.0127963 -0.00247457 -0.0132656 -0.0127743 -0.00245793 -0.0132407 -0.0128714 -0.00249648 -0.0132362 -0.0128655 -0.00249084 -0.013254 -0.0128449 -0.00247611 -0.0132658 -0.0128247 -0.00244124 -0.0132642 -0.01283 -0.00245455 -0.0132699 -0.0128077 -0.0024677 -0.0132689 -0.0127858 -0.000910658 -0.0132656 -0.0118392 -0.000903785 -0.0132689 -0.0118507 -0.00089064 -0.0132699 -0.0118726 -0.000877332 -0.0132642 -0.0118949 -0.000871304 -0.013259 -0.011905 -0.000844245 -0.0132503 -0.0118972 -0.000857701 -0.0132567 -0.011899 -0.000832986 -0.0132407 -0.0118998 -0.000877909 -0.0132602 -0.0118248 -0.000845514 -0.0132447 -0.0118204 -0.000818405 -0.0132216 -0.0118266 -0.00086553 -0.0132658 -0.0118617 -0.000840692 -0.013254 -0.0118583 -0.000819906 -0.0132362 -0.011863 0.000929339 -0.00441816 -0.0128207 0.000937524 -0.00444557 -0.0128472 0.000930649 -0.00447465 -0.0128723 0.000909757 -0.00450099 -0.0128921 0.000902335 -0.00449022 -0.012907 0.000916932 -0.00445476 -0.0128998 0.000919603 -0.00441958 -0.0128831 0.000909942 -0.00439003 -0.0128596 0.000397226 -0.00355827 -0.0120021 0.000416622 -0.0035864 -0.0119632 0.000428248 -0.00356571 -0.0118362 0.000436204 -0.00350356 -0.0118918 0.000404833 -0.00345807 -0.0119546 0.000390236 -0.00349353 -0.0119618 0.000387563 -0.00352872 -0.0119785 0.000415312 -0.0035299 -0.0119116 0.000408437 -0.00355899 -0.0119366 0.000408953 -0.00357958 -0.0118672 0.000403144 -0.00360034 -0.0118997 -0.00215759 -0.00958736 -0.00760571 -0.00215212 -0.00957411 -0.00758389 -0.00214062 -0.00956394 -0.00756278 -0.00218249 -0.00962158 -0.00753191 -0.00224764 -0.00966377 -0.00752993 -0.0022385 -0.00966283 -0.00758088 -0.00217729 -0.00965778 -0.00762498 -0.00218925 -0.00963093 -0.00758237 -0.00222072 -0.00968591 -0.00762367 -0.00170801 -0.0105177 -0.00848116 -0.00166457 -0.0104895 -0.00848248 -0.00168109 -0.0105398 -0.00857489 -0.00169023 -0.0105407 -0.00852395 -0.00165261 -0.0105164 -0.00852509 -0.00165937 -0.0105257 -0.00857555 0.000124077 -0.00721394 -0.0171734 0.000137532 -0.00720753 -0.0171716 0.000112817 -0.00722353 -0.0171708 0.000114605 -0.00713408 -0.0171736 8.22119e-05 -0.00714951 -0.017178 5.51029e-05 -0.00717261 -0.0171718 0.000150252 -0.00714123 -0.0171642 0.000153179 -0.00716623 -0.017169 0.00012807 -0.00717038 -0.01718 0.00015267 -0.00719278 -0.0171682 0.000103232 -0.00718222 -0.0171834 8.24465e-05 -0.00719993 -0.0171786 0.000151135 -0.00720527 -0.0171656 0.000147354 -0.00712866 -0.0171593 0.00171127 -0.00712866 -0.0162242 0.00171416 -0.00714123 -0.0162291 0.00171709 -0.00716623 -0.0162339 0.00171658 -0.00719278 -0.0162331 0.00171505 -0.00720527 -0.0162305 0.00172672 -0.00720753 -0.0162214 0.0017347 -0.00721394 -0.0162104 0.00176596 -0.00717261 -0.0161489 0.00175859 -0.00714951 -0.0161757 0.00173938 -0.00713408 -0.0162021 0.00173776 -0.00722353 -0.0161992 0.00175902 -0.00719993 -0.0161762 0.00175338 -0.00718222 -0.0161967 0.00173865 -0.00717038 -0.016217 -0.00884451 0.00221335 -0.0177525 -0.0087416 0.00236286 -0.017568 -0.00852719 0.00258241 -0.0179266 -0.00829092 0.00268635 -0.0183217 -0.00804889 0.00266759 -0.0187265 -0.00781761 0.00252741 -0.0191133 -0.00761282 0.00227536 -0.0194558 -0.00744849 0.00192861 -0.0197306 -0.00733582 0.0015108 -0.0199191 -0.00728248 0.0010504 -0.0200083 -0.0072921 0.000578787 -0.0199922 -0.00736405 0.0001281 -0.0198719 -0.0086518 0.00241068 -0.0180748 -0.00843945 0.0025041 -0.0184299 -0.00822192 0.00248724 -0.0187938 -0.00801405 0.00236125 -0.0191414 -0.00782999 0.00213471 -0.0194492 -0.00768229 0.00182306 -0.0196963 -0.00758102 0.00144754 -0.0198656 -0.00753308 0.00103374 -0.0199458 -0.00754174 0.000609869 -0.0199313 -0.00760639 0.000204802 -0.0198232 -0.0140574 -0.0101775 -0.00909056 -0.0139989 -0.0100299 -0.00897718 -0.0138827 -0.00993131 -0.00885535 -0.0134719 -0.00976622 -0.00954255 -0.0130649 -0.00996487 -0.0102232 -0.0127425 -0.0104879 -0.0107624 -0.0125684 -0.0112318 -0.0110535 -0.0125773 -0.0120491 -0.0110387 -0.0136122 -0.00987458 -0.00962383 -0.0132293 -0.0100615 -0.0102643 -0.0129259 -0.0105537 -0.0107717 -0.0127621 -0.0112537 -0.0110456 -0.0127704 -0.0120228 -0.0110317 -0.013707 -0.0100368 -0.00967652 -0.01336 -0.0102061 -0.0102569 -0.0130851 -0.0106522 -0.0107167 -0.0129367 -0.0112864 -0.0109649 -0.0129442 -0.0119834 -0.0109523 -0.0230385 0.0255562 0.00634293 -0.0228241 0.0257757 0.00598434 -0.0225878 0.0258797 0.00558919 -0.0223458 0.0258609 0.00518441 -0.0221145 0.0257207 0.0047976 -0.0219097 0.0254687 0.0044551 -0.0217454 0.0251219 0.00418027 -0.0216327 0.0247041 0.00399183 -0.0215794 0.0242437 0.00390262 -0.021589 0.0237721 0.00391872 -0.0216609 0.0233214 0.00403903 -0.0231414 0.0254066 0.00615842 -0.0229487 0.025604 0.00583612 -0.0227363 0.0256974 0.00548097 -0.0225188 0.0256805 0.00511717 -0.0223109 0.0255545 0.00476951 -0.0221269 0.025328 0.00446168 -0.0219792 0.0250164 0.00421467 -0.0218779 0.0246408 0.0040453 -0.02183 0.024227 0.00396512 -0.0218386 0.0238032 0.00397959 -0.0219033 0.0233981 0.00408773 -0.0283741 0.0130676 0.0152664 -0.0281597 0.0132871 0.0149079 -0.0279234 0.0133911 0.0145127 -0.0276814 0.0133723 0.0141079 -0.0274501 0.0132321 0.0137211 -0.0272453 0.0129801 0.0133786 -0.027081 0.0126333 0.0131038 -0.0269683 0.0122155 0.0129153 -0.026915 0.0117551 0.0128261 -0.0269246 0.0112835 0.0128422 -0.0269965 0.0108328 0.0129625 -0.028477 0.0129181 0.0150819 -0.0282843 0.0131154 0.0147596 -0.0280719 0.0132088 0.0144045 -0.0278544 0.0131919 0.0140407 -0.0276465 0.0130659 0.013693 -0.0274625 0.0128394 0.0133852 -0.0273148 0.0125278 0.0131382 -0.0272135 0.0121522 0.0129688 -0.0271656 0.0117384 0.0128886 -0.0271742 0.0113146 0.0129031 -0.0272389 0.0109095 0.0130112 -0.0539501 0.0493087 0.0400165 -0.0538602 0.048619 0.0398662 -0.0561416 0.0477426 0.0436817 -0.0534073 0.0475211 0.0391087 -0.0552075 0.0446096 0.0421194 -0.0536743 0.0480066 0.0395552 -0.0556113 0.0455422 0.0427947 -0.0559259 0.0465972 0.0433209 -0.0562521 0.0489437 0.0438664 -0.0562538 0.0501639 0.0438693 -0.0539366 0.0500198 0.0399939 -0.0561467 0.0513661 0.0436903 -0.0538209 0.0506947 0.0398003 -0.053081 0.0472018 0.0385629 -0.0541836 0.0432206 0.0404069 -0.0547267 0.0438278 0.0413153 -0.0513985 0.0498371 0.0357491 -0.0490948 0.0489819 0.0318963 -0.051412 0.049126 0.0357717 -0.0492019 0.0477797 0.0320753 -0.0515278 0.0484511 0.0359652 -0.0523586 0.0471498 0.0373547 -0.0523514 0.0426012 0.0373428 -0.0527217 0.0470746 0.037962 -0.0529776 0.0425979 0.03839 -0.0535946 0.0428065 0.0394219 -0.0514884 0.0505267 0.0358994 -0.049207 0.0514031 0.0320838 -0.0490966 0.0502021 0.0318992 -0.0519413 0.0516247 0.0366569 -0.0501411 0.0545362 0.0336462 -0.0516744 0.0511392 0.0362104 -0.0497373 0.0536036 0.0329708 -0.0494228 0.0525486 0.0324447 -0.0529901 0.051996 0.0384109 -0.0529972 0.0565445 0.0384228 -0.0526269 0.0520712 0.0378036 -0.052371 0.0565479 0.0373756 -0.0522677 0.051944 0.0372027 -0.052021 0.0474213 0.0367902 -0.0511472 0.0432368 0.0353288 -0.0517351 0.0428164 0.0363119 -0.0494144 0.0466319 0.0324308 -0.049726 0.0455736 0.0329519 -0.0517364 0.0478671 0.0363142 -0.0501272 0.0446367 0.0336229 -0.0506058 0.0438498 0.0344233 -0.0533276 0.0517245 0.0389754 -0.0542014 0.0559089 0.0404368 -0.0536136 0.0563294 0.0394536 -0.0559342 0.0525138 0.0433348 -0.0556226 0.0535722 0.0428136 -0.0536122 0.0512787 0.0394514 -0.0552214 0.054509 0.0421427 -0.0547428 0.0552959 0.0413423 -0.0517541 0.0563393 0.0363437 -0.0511651 0.0559251 0.0353586 -0.0506219 0.0553179 0.0344503 -0.0471071 0.0498371 0.038315 -0.0449156 0.0514031 0.0346498 -0.047197 0.0505267 0.0384653 -0.0451314 0.0525486 0.0350106 -0.047383 0.0511392 0.0387763 -0.0491159 0.0475211 0.0416746 -0.0498922 0.0432206 0.0429729 -0.0487896 0.0472018 0.0411288 -0.0493032 0.0428065 0.0419878 -0.0484303 0.0470746 0.0405279 -0.0486987 0.051996 0.0409768 -0.04991 0.0559089 0.0430027 -0.0490362 0.0517245 0.0415413 -0.0504514 0.0552959 0.0439082 -0.0493208 0.0512787 0.0420173 -0.0471206 0.049126 0.0383376 -0.0448034 0.0489819 0.0344622 -0.0448052 0.0502021 0.0344651 -0.0486862 0.0425979 0.0409559 -0.04806 0.0426012 0.0399087 -0.0480672 0.0471498 0.0399206 -0.0493829 0.0480066 0.0421211 -0.0509161 0.0446096 0.0446853 -0.0504353 0.0438278 0.0438812 -0.0483356 0.0520712 0.0403695 -0.0487058 0.0565445 0.0409887 -0.0493222 0.0563294 0.0420196 -0.047445 0.0478671 0.0388801 -0.0454347 0.0455736 0.0355179 -0.0472364 0.0484511 0.0385312 -0.045123 0.0466319 0.0349967 -0.0449105 0.0477797 0.0346412 -0.0474437 0.0428164 0.0388779 -0.0468558 0.0432368 0.0378947 -0.0477296 0.0474213 0.0393561 -0.0463144 0.0438498 0.0369892 -0.0458358 0.0446367 0.0361888 -0.0496587 0.0493087 0.0425824 -0.0518502 0.0477426 0.0462477 -0.0495688 0.048619 0.0424321 -0.0516345 0.0465972 0.0458868 -0.0513199 0.0455422 0.0453607 -0.0476499 0.0516247 0.0392228 -0.0468737 0.0559251 0.0379246 -0.0479763 0.051944 0.0397686 -0.0474627 0.0563393 0.0389096 -0.0480796 0.0565479 0.0399415 -0.0454459 0.0536036 0.0355367 -0.0458497 0.0545362 0.0362121 -0.0463305 0.0553179 0.0370162 -0.0496452 0.0500198 0.0425598 -0.0519624 0.0501639 0.0464352 -0.0519607 0.0489437 0.0464323 -0.05093 0.054509 0.0447086 -0.0513312 0.0535722 0.0453795 -0.0495295 0.0506947 0.0423663 -0.0516428 0.0525138 0.0459007 -0.0518553 0.0513661 0.0462562 -0.0208404 0.000260521 -0.0153579 -0.0185374 -0.000601273 -0.0192097 -0.0208545 -0.000450529 -0.0153345 -0.0186453 -0.00180318 -0.0190291 -0.0209707 -0.00112508 -0.0151401 -0.0233924 -0.000260521 -0.0110899 -0.0256954 0.000601271 -0.00723818 -0.0233784 0.000450529 -0.0111134 -0.0255875 0.00180318 -0.00741873 -0.0232621 0.00112508 -0.0113078 -0.0218025 -0.00242401 -0.0137489 -0.0217988 -0.00697259 -0.0137551 -0.0221657 -0.00249816 -0.0131415 -0.022425 -0.00697413 -0.0127079 -0.0225249 -0.00236992 -0.0125408 -0.0209298 0.000950463 -0.0152085 -0.0186477 0.00182028 -0.0190252 -0.0185382 0.000618907 -0.0192083 -0.0214647 -0.00215347 -0.0143138 -0.0205941 -0.00634041 -0.0157699 -0.0211823 -0.00675919 -0.0147862 -0.0188588 -0.0029503 -0.0186722 -0.0191712 -0.00400778 -0.0181497 -0.0211798 -0.00170848 -0.0147904 -0.0195731 -0.00494348 -0.0174775 -0.0200522 -0.00572898 -0.0166762 -0.023303 -0.000950463 -0.0112393 -0.0255851 -0.00182028 -0.00742266 -0.0256946 -0.000618907 -0.0072395 -0.022851 -0.00204969 -0.0119954 -0.0246533 -0.004956 -0.00898103 -0.0231175 -0.00156341 -0.0115496 -0.0250564 -0.00402228 -0.00830686 -0.0253702 -0.00296635 -0.00778209 -0.0230418 -0.00676377 -0.0116763 -0.0236305 -0.00634789 -0.0106917 -0.0241731 -0.00573914 -0.00978413 -0.0213819 0.00204969 -0.0144524 -0.0195795 0.004956 -0.0174668 -0.0211153 0.00156341 -0.0148983 -0.0191764 0.00402228 -0.018141 -0.0188626 0.00296635 -0.0186658 -0.0253741 0.0029503 -0.00777566 -0.0250616 0.00400778 -0.00829814 -0.023053 0.00170848 -0.0116575 -0.0246598 0.00494348 -0.00897029 -0.0227681 0.00215348 -0.012134 -0.021708 0.00236992 -0.013907 -0.0206024 0.00634789 -0.0157561 -0.0200597 0.00573914 -0.0166637 -0.0224303 0.00242401 -0.0126989 -0.022434 0.00697258 -0.0126927 -0.0220672 0.00249816 -0.0133063 -0.0218078 0.00697413 -0.01374 -0.021191 0.00676377 -0.0147716 -0.0241806 0.00572898 -0.00977168 -0.0236387 0.00634041 -0.010678 -0.0230506 0.00675919 -0.0116616 -0.016549 0.000260521 -0.012792 -0.0143563 0.00182028 -0.0164593 -0.0166384 0.000950463 -0.0126426 -0.0145712 0.00296635 -0.0160998 -0.0168239 0.00156341 -0.0123324 -0.0165631 -0.000450529 -0.0127686 -0.014246 -0.000601273 -0.0166437 -0.0142468 0.000618907 -0.0166424 -0.019101 -0.000260521 -0.00852398 -0.0212937 -0.00182028 -0.00485674 -0.0190116 -0.000950463 -0.00867342 -0.0210788 -0.00296635 -0.00521616 -0.0188262 -0.00156341 -0.00898364 -0.019087 0.000450529 -0.00854743 -0.021404 0.000601271 -0.00467226 -0.0214032 -0.000618907 -0.00467358 -0.0175111 -0.00242401 -0.011183 -0.0163027 -0.00634041 -0.0132039 -0.0171733 -0.00215347 -0.0117479 -0.0157608 -0.00572898 -0.0141102 -0.0168884 -0.00170848 -0.0122245 -0.0187616 0.00170848 -0.00909153 -0.0207703 0.00400778 -0.00573222 -0.0189707 0.00112508 -0.00874186 -0.0210827 0.0029503 -0.00520974 -0.0212961 0.00180318 -0.00485281 -0.0170905 0.00204969 -0.0118865 -0.016311 0.00634789 -0.0131902 -0.0174166 0.00236992 -0.0113411 -0.0168997 0.00676377 -0.0122056 -0.0177758 0.00249816 -0.0107404 -0.0152817 -0.00494348 -0.0149116 -0.0148798 -0.00400778 -0.0155838 -0.0166793 -0.00112508 -0.0125741 -0.0145674 -0.0029503 -0.0161063 -0.014354 -0.00180318 -0.0164632 -0.0178743 -0.00249816 -0.0105756 -0.0175074 -0.00697259 -0.0111892 -0.0168909 -0.00675919 -0.0122203 -0.0185596 -0.00204969 -0.0094295 -0.0193391 -0.00634789 -0.00812582 -0.0182335 -0.00236992 -0.00997489 -0.0187504 -0.00676377 -0.00911037 -0.0181336 -0.00697413 -0.0101419 -0.0181389 0.00242401 -0.010133 -0.0193473 0.00634041 -0.00811205 -0.0184767 0.00215348 -0.0095681 -0.0198892 0.00572898 -0.00720576 -0.0203684 0.00494348 -0.00640437 -0.020765 -0.00402228 -0.00574094 -0.0203619 -0.004956 -0.00641511 -0.0198818 -0.00573914 -0.0072182 -0.0175165 0.00697413 -0.0111741 -0.0181426 0.00697258 -0.0101268 -0.0187592 0.00675919 -0.00909569 -0.014885 0.00402228 -0.0155751 -0.0152881 0.004956 -0.0149009 -0.0157683 0.00573914 -0.0140978</float_array>
                    <technique_common>
                        <accessor count="12870" source="#shape0-lib-positions-array" stride="3">
                            <param name="X" type="float"/>
                            <param name="Y" type="float"/>
                            <param name="Z" type="float"/>
                        </accessor>
                    </technique_common>
                </source>
                <vertices id="shape0-lib-vertices">
                    <input semantic="POSITION" source="#shape0-lib-positions"/>
                </vertices>
                <triangles count="25788">
                    <input offset="0" semantic="VERTEX" source="#shape0-lib-vertices"/>
                    <p>0 1 2 2 1 3 4 5 6 7 8 9 4 6 10 9 11 7 7 11 12 7 12 13 13 12 14 13 14 15 15 14 16 15 16 17 17 16 18 17 18 19 19 18 20 19 20 21 21 20 22 21 22 6 6 22 23 6 23 10 24 25 26 27 28 29 24 26 30 29 31 27 27 31 32 27 32 26 26 32 33 26 33 30 34 35 36 36 35 37 38 39 40 40 39 41 42 43 44 44 43 45 46 47 48 48 47 49 50 51 52 52 51 53 54 55 56 42 57 58 59 60 61 61 60 62 63 64 65 65 66 63 63 66 67 63 67 68 21 6 69 69 6 70 13 71 7 7 71 72 7 72 73 73 72 74 73 74 75 64 63 76 76 63 77 76 77 46 58 57 78 78 57 79 78 79 80 80 79 81 80 81 47 42 19 43 43 19 21 43 21 82 82 21 69 82 69 83 83 69 84 83 84 85 62 86 61 61 86 87 61 87 88 88 87 89 88 89 72 72 89 90 72 90 74 91 92 93 94 95 96 96 95 93 96 93 97 97 93 92 98 88 99 99 88 95 99 95 100 100 95 94 101 59 93 93 59 61 93 61 91 91 61 102 98 103 88 88 103 104 88 104 61 61 104 105 61 105 102 106 71 107 107 71 95 107 95 108 109 72 110 110 72 71 110 71 111 111 71 106 88 112 113 88 113 95 95 113 114 95 114 108 109 115 72 72 115 116 72 116 88 88 116 117 88 117 112 118 119 120 120 119 121 120 121 122 122 121 123 123 121 124 124 121 125 124 125 126 118 127 119 119 127 128 119 128 129 129 128 130 130 131 129 129 131 132 129 132 125 125 132 133 125 133 126 134 129 135 135 129 136 135 136 137 138 139 140 140 139 119 140 119 141 134 142 129 129 142 143 129 143 119 119 143 144 119 144 141 138 145 139 139 145 146 139 146 136 136 146 147 136 147 137 46 77 47 47 77 148 47 148 80 80 148 149 80 149 121 121 149 150 121 150 125 151 152 119 78 153 154 153 78 155 155 78 80 155 80 156 152 157 119 119 157 158 119 158 121 121 158 159 159 160 121 121 160 161 121 161 80 80 161 162 80 162 156 163 164 78 164 165 78 78 165 166 78 166 58 58 166 167 154 151 78 78 151 119 78 119 163 163 119 168 169 139 170 170 139 58 170 58 171 171 58 167 169 172 139 139 172 173 139 173 119 119 173 174 119 174 168 42 58 19 19 58 139 19 139 17 17 139 136 17 136 15 15 136 39 15 39 13 13 39 38 13 38 71 71 38 175 71 175 95 95 175 176 95 176 93 93 176 177 93 177 101 101 177 51 101 51 150 150 51 50 150 50 125 125 50 178 125 178 129 129 178 179 129 179 136 136 179 180 136 180 39 181 56 182 182 56 64 182 64 183 184 185 76 181 186 56 56 186 187 56 187 84 84 187 188 84 188 189 46 85 76 76 85 84 76 84 184 184 84 189 185 190 76 76 190 191 76 191 64 64 191 192 64 192 183 193 194 69 195 196 197 56 55 195 195 55 198 195 198 196 197 193 195 195 193 69 195 69 199 199 69 70 199 70 200 54 56 201 201 56 84 201 84 202 194 203 69 69 203 204 69 204 84 84 204 205 84 205 202 86 206 87 87 206 207 87 207 89 89 207 208 89 208 90 90 208 209 90 209 74 74 209 210 211 212 213 211 213 214 215 216 217 217 218 215 215 218 219 215 219 213 213 219 220 213 220 214 221 65 222 222 65 64 222 64 223 223 64 56 223 56 224 224 56 195 224 195 225 225 195 199 63 226 227 228 59 229 229 59 230 227 231 63 63 231 232 63 232 77 77 232 233 77 233 148 148 233 234 148 234 149 149 234 235 149 235 150 150 235 236 150 236 101 101 236 237 101 237 59 59 237 238 59 238 230 239 240 2 241 215 213 241 242 215 215 242 243 215 243 244 244 243 245 244 245 246 247 248 249 250 251 252 253 27 254 254 27 26 254 26 255 255 26 256 257 258 213 213 258 259 213 259 241 257 260 258 258 260 261 258 261 262 248 263 249 249 263 27 249 27 264 264 27 253 263 265 27 27 265 266 27 266 267 26 250 256 256 250 252 256 252 268 268 252 36 268 36 245 245 36 37 245 37 246 269 270 213 213 270 271 213 271 257 247 249 262 262 249 272 262 272 258 213 239 269 269 239 2 269 2 273 273 2 3 273 3 267 267 3 274 267 274 27 27 274 275 42 44 57 57 44 276 57 276 79 79 276 277 79 277 81 81 277 278 81 278 47 47 278 49 46 48 85 85 48 279 85 279 83 83 279 280 83 280 82 82 280 281 82 281 43 43 281 45 53 51 282 282 51 177 282 177 283 283 177 176 283 176 284 284 176 175 284 175 40 40 175 38 285 225 286 286 225 287 288 289 290 290 289 291 290 291 210 210 291 292 210 292 0 0 292 293 0 293 294 294 295 0 0 295 296 0 296 35 35 296 297 35 297 298 298 299 35 35 299 300 35 300 225 225 300 301 225 301 287 50 52 178 178 52 302 178 302 179 179 302 303 179 303 180 180 303 304 180 304 39 39 304 41 305 306 307 221 308 309 309 310 221 221 310 311 221 311 34 34 311 312 34 312 313 313 314 34 34 314 315 34 315 1 1 315 316 1 316 317 317 318 1 1 318 319 1 319 206 206 319 320 206 320 307 307 320 321 307 321 305 34 322 323 324 0 35 325 326 327 34 323 35 324 328 0 0 328 329 0 329 1 1 329 330 1 330 331 323 332 35 35 332 333 35 333 326 327 334 325 325 334 335 325 335 336 336 335 337 336 337 338 338 337 1 338 1 339 339 1 331 337 340 1 1 340 341 1 341 34 34 341 342 34 342 322 325 343 326 326 343 344 326 344 35 35 344 345 35 345 324 346 347 348 49 278 349 49 234 48 48 234 233 48 233 279 279 233 350 279 350 280 280 350 351 280 351 281 349 278 352 352 278 277 352 277 353 353 277 276 353 276 44 221 222 308 308 222 350 308 350 232 232 350 233 238 237 306 306 237 354 306 354 307 288 290 355 355 290 210 355 210 209 356 14 12 23 22 285 285 22 348 285 348 225 225 348 224 207 357 208 208 357 358 208 358 209 355 359 360 209 358 355 355 358 361 355 361 359 362 363 356 364 365 358 358 365 366 358 366 361 12 288 356 356 288 355 356 355 362 362 355 360 363 367 356 356 367 368 356 368 369 369 368 370 369 370 371 372 373 369 374 375 357 376 374 354 354 374 357 354 357 307 307 357 207 307 207 206 375 377 357 357 377 378 357 378 358 358 378 379 358 379 380 371 364 369 369 364 358 369 358 372 372 358 380 373 381 369 369 381 382 369 382 354 354 382 383 354 383 376 384 385 16 16 385 18 386 385 387 387 385 384 387 384 388 388 384 389 390 391 392 392 391 385 392 385 393 393 385 386 389 384 394 394 384 395 394 395 396 390 397 391 391 397 398 391 398 395 395 398 399 395 399 396 400 395 401 401 395 402 401 402 403 404 391 405 405 391 395 405 395 406 406 395 400 404 407 391 391 407 408 391 408 409 409 408 410 410 411 409 409 411 412 409 412 402 402 412 413 402 413 403 18 353 20 20 353 44 20 44 22 22 44 45 22 45 348 414 415 391 385 416 417 18 385 353 353 385 417 353 417 418 418 419 353 353 419 420 353 420 352 352 420 421 352 421 422 415 423 391 391 423 424 391 424 385 385 424 425 385 425 416 426 427 409 428 429 352 409 427 391 391 427 430 391 430 431 422 414 352 352 414 391 352 391 428 428 391 431 429 432 352 352 432 433 352 433 349 349 433 434 434 435 349 349 435 436 349 436 409 409 436 437 409 437 426 49 349 234 234 349 409 234 409 235 235 409 402 235 402 236 236 402 52 236 52 237 237 52 53 237 53 354 354 53 282 354 282 369 369 282 283 369 283 356 356 283 284 356 284 14 14 284 40 14 40 16 16 40 41 16 41 384 384 41 304 384 304 395 395 304 303 395 303 402 402 303 302 402 302 52 438 439 351 351 439 440 441 442 224 224 442 223 223 442 443 223 443 444 45 281 348 348 281 351 348 351 346 346 351 440 347 445 348 348 445 446 348 446 224 224 446 447 224 447 441 351 448 449 448 351 450 450 351 350 450 350 451 449 452 351 351 452 223 351 223 438 438 223 444 452 453 223 223 453 454 223 454 222 222 454 455 222 455 456 456 457 222 222 457 458 222 458 350 350 458 459 350 459 451 362 110 363 363 110 111 363 111 367 367 111 106 367 106 368 368 106 107 368 107 370 370 107 108 370 108 371 371 108 114 371 114 364 364 114 113 364 113 365 365 113 112 365 112 366 366 112 117 366 117 361 361 117 116 361 116 359 359 116 115 359 115 360 360 115 109 360 109 362 362 109 110 372 99 373 373 99 100 373 100 381 381 100 94 381 94 382 382 94 96 382 96 383 383 96 97 383 97 376 376 97 92 376 92 374 374 92 91 374 91 375 375 91 102 375 102 377 377 102 105 377 105 378 378 105 104 378 104 379 379 104 103 379 103 380 380 103 98 380 98 372 372 98 99 405 128 404 404 128 127 404 127 407 407 127 118 407 118 408 408 118 120 408 120 410 410 120 122 410 122 411 411 122 123 411 123 412 412 123 124 412 124 413 413 124 126 413 126 403 403 126 133 403 133 401 401 133 132 401 132 400 400 132 131 400 131 406 406 131 130 406 130 405 405 130 128 387 146 386 386 146 145 386 145 393 393 145 138 393 138 392 392 138 140 392 140 390 390 140 141 390 141 397 397 141 144 397 144 398 398 144 143 398 143 399 399 143 142 399 142 396 396 142 134 396 134 394 394 134 135 394 135 389 389 135 137 389 137 388 388 137 147 388 147 387 387 147 146 316 315 32 32 315 33 226 25 311 311 25 312 320 319 228 228 319 28 297 296 219 219 296 220 8 212 292 292 212 293 301 300 5 5 300 216 460 265 461 461 265 263 461 263 462 462 263 248 462 248 463 463 248 247 463 247 464 464 247 262 464 262 465 465 262 261 465 261 466 466 261 260 466 260 467 467 260 257 467 257 468 468 257 271 468 271 469 469 271 270 469 270 470 470 270 269 470 269 471 471 269 273 471 273 472 472 273 267 472 267 473 473 267 266 473 266 460 460 266 265 474 471 475 475 471 472 475 472 476 476 472 473 476 473 477 477 473 460 477 460 478 478 460 461 478 461 479 479 461 462 479 462 480 462 463 480 480 463 464 480 464 481 481 464 465 481 465 482 482 465 466 482 466 483 483 466 467 483 467 484 484 467 468 484 468 485 485 468 469 485 469 474 474 469 470 474 470 471 338 477 336 336 477 478 336 478 325 325 478 479 325 479 343 343 479 480 343 480 344 344 480 481 344 481 345 345 481 482 345 482 324 324 482 483 324 483 328 328 483 484 328 484 329 329 484 485 329 485 330 330 485 474 330 474 331 331 474 475 331 475 339 339 475 476 339 476 338 338 476 477 225 199 200 216 215 244 6 5 70 70 5 216 246 37 35 216 244 70 70 244 246 70 246 200 200 246 35 200 35 225 226 63 68 34 36 252 65 221 66 66 221 34 250 26 25 34 252 66 66 252 251 66 251 67 67 251 250 67 250 68 68 250 25 68 25 226 206 86 62 28 27 275 59 228 60 60 228 28 274 3 1 28 275 60 60 275 274 60 274 62 62 274 1 62 1 206 8 7 73 0 2 240 74 210 75 75 210 0 239 213 212 0 240 75 75 240 239 75 239 73 73 239 212 73 212 8 220 296 214 214 296 295 214 295 211 211 295 294 211 294 212 212 294 293 216 300 217 217 300 299 217 299 218 218 299 298 218 298 219 219 298 297 312 25 313 313 25 24 313 24 314 314 24 30 314 30 315 315 30 33 316 32 317 317 32 31 317 31 318 318 31 29 318 29 319 319 29 28 320 228 321 321 228 229 321 229 305 305 229 230 305 230 306 306 230 238 8 292 9 9 292 291 9 291 11 11 291 289 11 289 12 12 289 288 308 232 309 309 232 231 309 231 310 310 231 227 310 227 311 311 227 226 23 285 10 10 285 286 10 286 4 4 286 287 4 287 5 5 287 301 486 254 487 487 254 255 487 255 488 488 255 256 488 256 489 489 256 268 489 268 490 490 268 245 490 245 491 491 245 243 491 243 492 492 243 242 492 242 493 493 242 241 493 241 494 494 241 259 494 259 495 495 259 258 495 258 496 496 258 272 496 272 497 497 272 249 497 249 498 498 249 264 498 264 499 499 264 253 499 253 486 486 253 254 500 490 501 501 490 491 501 491 502 502 491 492 502 492 503 503 492 493 503 493 504 504 493 494 504 494 505 505 494 495 505 495 506 495 496 506 506 496 497 506 497 507 507 497 498 507 498 508 508 498 499 508 499 509 509 499 486 509 486 510 510 486 487 510 487 511 511 487 488 511 488 500 500 488 489 500 489 490 341 509 342 342 509 510 342 510 322 322 510 511 322 511 323 323 511 500 323 500 332 332 500 501 332 501 333 333 501 502 333 502 326 326 502 503 326 503 327 327 503 504 327 504 334 334 504 505 334 505 335 335 505 506 335 506 337 337 506 507 337 507 340 340 507 508 340 508 341 341 508 509 446 193 447 447 193 197 447 197 441 441 197 196 441 196 442 442 196 198 442 198 443 443 198 55 443 55 444 444 55 54 444 54 438 438 54 201 438 201 439 439 201 202 439 202 440 440 202 205 440 205 346 346 205 204 346 204 347 347 204 203 347 203 445 445 203 194 445 194 446 446 194 193 452 187 453 453 187 186 453 186 454 454 186 181 454 181 455 455 181 182 455 182 456 456 182 183 456 183 457 457 183 192 457 192 458 458 192 191 458 191 459 459 191 190 459 190 451 451 190 185 451 185 450 450 185 184 450 184 448 448 184 189 448 189 449 449 189 188 449 188 452 452 188 187 428 151 429 429 151 154 429 154 432 432 154 153 432 153 433 433 153 155 433 155 434 434 155 156 434 156 435 435 156 162 435 162 436 436 162 161 436 161 437 437 161 160 437 160 426 426 160 159 426 159 427 427 159 158 427 158 430 430 158 157 430 157 431 431 157 152 431 152 428 428 152 151 417 170 418 418 170 171 418 171 419 419 171 167 419 167 420 420 167 166 420 166 421 421 166 165 421 165 422 422 165 164 422 164 414 414 164 163 414 163 415 415 163 168 415 168 423 423 168 174 423 174 424 424 174 173 424 173 425 425 173 172 425 172 416 416 172 169 416 169 417 417 169 170 512 513 514 515 516 517 518 519 520 521 522 523 524 525 526 527 524 528 528 524 526 528 526 529 530 531 532 532 531 518 532 518 533 520 534 518 518 534 535 518 535 533 536 537 538 539 515 540 540 515 517 540 517 541 542 543 544 524 545 546 547 524 548 548 524 546 548 546 549 550 525 551 551 525 524 551 524 552 552 524 547 552 547 553 554 555 530 556 557 558 559 545 560 560 545 524 560 524 561 561 524 562 561 562 563 564 539 565 565 539 540 565 540 514 514 540 566 514 566 512 512 566 567 568 569 570 571 572 558 520 536 534 534 536 538 534 538 566 566 538 524 566 524 567 567 524 527 567 527 573 517 521 541 541 521 523 541 523 574 574 523 575 574 575 576 576 575 577 578 579 580 581 582 583 584 585 530 586 587 588 558 542 524 524 542 544 524 544 562 589 590 530 530 590 591 586 588 592 593 594 581 595 596 554 597 531 598 598 531 530 598 530 599 599 530 591 556 558 600 600 558 572 600 572 601 602 603 580 576 578 574 574 578 580 574 580 604 604 580 603 605 606 568 607 584 608 608 584 530 608 530 609 609 530 555 609 555 610 611 589 612 612 589 530 612 530 613 613 530 585 613 585 614 615 571 616 616 571 558 616 558 588 588 558 524 588 524 592 592 524 617 618 619 620 621 622 623 554 530 595 595 530 583 595 583 624 624 583 582 624 582 625 626 627 621 628 629 570 630 631 629 629 631 632 633 634 580 580 634 635 580 635 602 633 580 636 636 580 618 636 618 637 637 618 620 637 620 638 628 570 639 639 570 569 639 569 640 641 630 642 642 630 629 642 629 643 643 629 628 643 628 644 581 583 593 593 583 632 593 632 645 645 632 631 645 631 646 568 570 605 605 570 623 605 623 647 647 623 622 647 622 648 621 623 626 626 623 637 626 637 649 649 637 638 649 638 650 651 634 652 652 634 633 652 633 653 653 633 636 653 636 654 654 636 637 654 637 655 655 637 623 655 623 656 656 623 570 656 570 657 657 570 629 657 629 658 658 629 632 658 632 659 659 632 583 659 583 660 660 583 530 660 530 661 661 530 532 661 532 662 662 532 533 586 592 663 663 592 664 524 538 665 665 538 666 536 520 667 667 520 668 518 531 669 669 531 670 598 599 671 671 599 672 590 589 673 673 589 674 612 613 675 675 613 676 585 584 677 677 584 678 608 609 679 679 609 680 555 554 681 681 554 682 595 624 683 683 624 684 582 581 685 685 581 686 593 645 687 687 645 688 631 630 689 689 630 690 642 643 691 691 643 692 628 639 693 693 639 694 569 568 695 695 568 696 605 647 697 697 647 698 622 621 699 699 621 700 626 649 701 701 649 702 638 620 703 703 620 704 618 580 705 705 580 706 578 576 707 707 576 708 575 523 709 709 523 710 521 517 711 711 517 712 515 539 713 713 539 714 565 514 715 715 514 716 512 567 717 717 567 718 527 528 719 719 528 720 526 525 721 721 525 722 551 552 723 723 552 724 547 548 725 725 548 726 546 545 727 727 545 728 560 561 729 729 561 730 562 544 731 731 544 732 542 558 733 733 558 734 556 600 735 735 600 736 616 588 737 737 588 738 734 739 735 719 720 735 672 740 673 715 716 735 722 735 721 721 735 720 721 720 741 725 726 735 729 730 735 742 743 737 696 744 697 745 746 747 664 748 665 674 749 675 705 706 750 711 712 735 751 719 718 718 719 735 718 735 717 717 735 716 717 716 752 753 725 724 724 725 735 724 735 723 723 735 722 723 722 754 755 729 728 728 729 735 728 735 727 727 735 726 727 726 756 734 735 733 746 757 710 708 758 750 750 758 709 750 709 759 759 709 710 759 710 760 760 710 757 690 761 691 668 762 669 700 763 701 706 764 750 750 764 707 750 707 708 765 711 710 710 711 735 710 735 746 746 735 736 746 736 747 747 736 766 767 715 714 714 715 735 714 735 713 713 735 712 713 712 768 769 733 732 732 733 735 732 735 731 731 735 730 731 730 770 671 672 771 771 672 673 771 673 662 653 654 703 747 742 745 745 742 737 745 737 772 772 737 738 772 738 663 663 738 773 678 774 679 686 775 687 695 696 656 656 696 697 656 697 655 655 697 698 655 698 699 699 698 776 667 668 777 777 668 669 777 669 771 771 669 670 771 670 671 671 670 778 673 674 662 662 674 675 662 675 661 661 675 676 661 676 677 677 676 779 682 780 683 704 781 705 663 664 772 772 664 665 772 665 777 777 665 666 777 666 667 667 666 782 657 693 656 656 693 694 656 694 695 695 694 783 653 703 652 677 678 661 661 678 679 661 679 660 660 679 680 660 680 681 681 680 784 785 693 692 692 693 657 692 657 691 691 657 658 691 658 690 690 658 689 699 700 655 655 700 701 655 701 654 654 701 702 654 702 703 703 702 786 685 686 659 659 686 687 659 687 658 658 687 688 658 688 689 689 688 787 681 682 660 660 682 683 660 683 659 659 683 684 659 684 685 685 684 788 705 750 704 704 750 789 704 789 703 703 789 651 703 651 652 572 571 747 747 571 742 662 533 771 771 533 535 771 535 777 777 535 534 777 534 772 772 534 566 772 566 745 745 566 540 745 540 746 746 540 541 746 541 757 757 541 574 757 574 760 760 574 604 760 604 759 759 604 603 759 603 750 750 603 602 750 602 789 789 602 635 789 635 651 651 635 634 743 742 615 615 742 571 737 743 616 616 743 615 773 738 587 587 738 588 663 773 586 586 773 587 766 736 601 601 736 600 747 766 572 572 766 601 739 734 557 557 734 558 735 739 556 556 739 557 769 732 543 543 732 544 733 769 542 542 769 543 770 730 563 563 730 561 731 770 562 562 770 563 755 728 559 559 728 545 729 755 560 560 755 559 756 726 549 549 726 548 727 756 546 546 756 549 753 724 553 553 724 552 725 753 547 547 753 553 754 722 550 550 722 525 723 754 551 551 754 550 741 720 529 529 720 528 721 741 526 526 741 529 751 718 573 573 718 567 719 751 527 527 751 573 752 716 513 513 716 514 717 752 512 512 752 513 767 714 564 564 714 539 715 767 565 565 767 564 768 712 516 516 712 517 713 768 515 515 768 516 765 710 522 522 710 523 711 765 521 521 765 522 758 708 577 577 708 576 709 758 575 575 758 577 764 706 579 579 706 580 707 764 578 578 764 579 781 704 619 619 704 620 705 781 618 618 781 619 786 702 650 650 702 649 703 786 638 638 786 650 763 700 627 627 700 621 701 763 626 626 763 627 776 698 648 648 698 647 699 776 622 622 776 648 744 696 606 606 696 568 697 744 605 605 744 606 783 694 640 640 694 639 695 783 569 569 783 640 785 692 644 644 692 643 693 785 628 628 785 644 761 690 641 641 690 630 691 761 642 642 761 641 787 688 646 646 688 645 689 787 631 631 787 646 775 686 594 594 686 581 687 775 593 593 775 594 788 684 625 625 684 624 685 788 582 582 788 625 780 682 596 596 682 554 683 780 595 595 780 596 784 680 610 610 680 609 681 784 555 555 784 610 774 678 607 607 678 584 679 774 608 608 774 607 779 676 614 614 676 613 677 779 585 585 779 614 749 674 611 611 674 589 675 749 612 612 749 611 740 672 591 591 672 599 673 740 590 590 740 591 778 670 597 597 670 531 671 778 598 598 778 597 762 668 519 519 668 520 669 762 518 518 762 519 782 666 537 537 666 538 667 782 536 536 782 537 748 664 617 617 664 592 665 748 524 524 748 617 790 791 792 793 794 795 795 794 790 790 792 795 795 792 796 795 796 797 797 796 798 797 798 799 799 798 800 799 800 801 801 800 802 801 802 803 803 802 804 803 804 805 805 804 806 805 806 807 807 806 808 807 808 809 809 808 810 809 810 811 811 810 812 811 812 813 813 812 814 813 814 815 814 816 817 818 819 820 820 819 793 814 817 815 815 817 821 815 821 822 793 795 820 820 795 797 820 797 823 823 797 799 823 799 824 824 799 801 824 801 825 825 801 803 825 803 826 826 803 805 826 805 827 827 805 807 827 807 828 828 807 809 828 809 829 829 809 811 829 811 830 830 811 813 830 813 831 831 813 815 831 815 832 832 815 822 832 822 833 834 835 818 818 820 834 834 820 823 834 823 836 836 823 824 836 824 837 837 824 825 837 825 838 838 825 826 838 826 839 839 826 827 839 827 840 840 827 828 840 828 841 841 828 829 841 829 842 842 829 830 842 830 843 843 830 831 843 831 844 844 831 832 844 832 845 845 832 833 845 833 846 847 848 849 850 851 852 852 851 847 847 849 852 852 849 853 852 853 854 854 853 855 854 855 856 856 855 857 856 857 858 858 857 859 858 859 860 860 859 861 860 861 862 862 861 863 862 863 864 864 863 865 864 865 866 866 865 867 866 867 868 868 867 869 868 869 870 870 869 871 870 871 872 871 873 874 875 876 877 877 876 850 871 874 872 872 874 878 872 878 879 850 852 877 877 852 854 877 854 880 880 854 856 880 856 881 881 856 858 881 858 882 882 858 860 882 860 883 883 860 862 883 862 884 884 862 864 884 864 885 885 864 866 885 866 886 886 866 868 886 868 887 887 868 870 887 870 888 888 870 872 888 872 889 889 872 879 889 879 890 891 892 875 875 877 891 891 877 880 891 880 893 893 880 881 893 881 894 894 881 882 894 882 895 895 882 883 895 883 896 896 883 884 896 884 897 897 884 885 897 885 898 898 885 886 898 886 899 899 886 887 899 887 900 900 887 888 900 888 901 901 888 889 901 889 902 902 889 890 902 890 903 904 905 906 905 907 908 907 909 910 907 910 908 908 910 911 908 911 912 912 911 913 912 913 914 914 913 915 914 915 916 916 915 917 916 917 918 918 917 919 918 919 920 920 919 921 920 921 922 905 908 906 906 908 912 906 912 923 923 912 914 923 914 924 924 914 916 924 916 925 925 916 918 925 918 926 926 918 920 926 920 927 927 920 922 927 922 928 904 906 929 929 906 923 929 923 930 930 923 924 930 924 931 931 924 925 931 925 932 932 925 926 932 926 933 933 926 927 933 927 934 934 927 928 934 928 935 936 937 938 937 939 940 939 941 942 941 943 944 941 944 942 942 944 945 942 945 946 946 945 947 946 947 948 948 947 949 948 949 950 950 949 951 950 951 952 952 951 953 952 953 954 954 953 955 954 955 956 939 942 940 940 942 946 940 946 957 957 946 948 957 948 958 958 948 950 958 950 959 959 950 952 959 952 960 960 952 954 960 954 961 961 954 956 961 956 962 937 940 938 938 940 957 938 957 963 963 957 958 963 958 964 964 958 959 964 959 965 965 959 960 965 960 966 966 960 961 966 961 967 967 961 962 967 962 968 936 938 969 969 938 963 969 963 970 970 963 964 970 964 971 971 964 965 971 965 972 972 965 966 972 966 973 973 966 967 973 967 974 974 967 968 974 968 975 976 977 978 976 979 980 980 979 981 982 983 984 984 983 985 984 985 981 981 985 986 981 986 980 987 982 988 988 982 984 988 984 989 990 989 991 990 991 992 992 991 993 992 993 994 994 993 995 994 995 996 996 995 997 996 997 998 976 978 979 979 978 999 979 999 1000 989 984 991 991 984 981 991 981 993 993 981 979 993 979 995 995 979 1000 995 1000 997 1001 1002 1003 1004 1005 1006 1007 1008 1009 1007 1009 1010 1011 1012 1013 1013 1012 1014 1013 1014 1015 1015 1014 1016 1015 1016 1017 1017 1016 1018 1017 1018 1019 1019 1018 1020 1019 1020 1021 1021 1020 1022 1021 1022 1003 1003 1022 1023 1003 1023 1001 1001 1023 1024 1025 1026 1027 1027 1026 1028 1027 1028 1029 1029 1028 1030 1031 1032 1030 1030 1032 1033 1030 1033 1029 1009 1034 1010 1010 1034 1035 1010 1035 1036 1036 1035 1037 1036 1037 1038 1038 1037 1039 1038 1039 1031 1031 1039 1040 1031 1040 1032 1026 1041 1028 1028 1041 1042 1028 1042 1030 1030 1042 1043 1030 1043 1031 1031 1043 1044 1031 1044 1038 1038 1044 1045 1038 1045 1036 1036 1045 1046 1036 1046 1010 1010 1046 1006 1010 1006 1007 1007 1006 1005 1041 1011 1042 1042 1011 1013 1042 1013 1043 1043 1013 1015 1043 1015 1044 1044 1015 1017 1044 1017 1045 1045 1017 1019 1045 1019 1046 1046 1019 1021 1046 1021 1006 1006 1021 1003 1006 1003 1004 1004 1003 1002 1047 1048 1049 1050 1051 1052 1053 1054 1055 1055 1054 1056 1056 1057 1055 1055 1057 1058 1055 1058 1059 1058 1060 1059 1059 1060 1061 1059 1061 1062 1062 1061 1063 1062 1063 1064 1063 1065 1064 1064 1065 1066 1064 1066 1067 1066 1068 1067 1067 1068 1069 1067 1069 1070 1069 1071 1070 1070 1071 1072 1070 1072 1073 1073 1072 1074 1073 1074 1075 1076 1077 1078 1074 1079 1075 1075 1079 1080 1075 1080 1078 1078 1080 1081 1078 1081 1076 1077 1082 1078 1078 1082 1083 1078 1083 1075 1075 1083 1084 1075 1084 1073 1073 1084 1085 1073 1085 1070 1070 1085 1086 1070 1086 1067 1067 1086 1087 1067 1087 1064 1064 1087 1088 1064 1088 1062 1062 1088 1089 1062 1089 1059 1059 1089 1090 1059 1090 1055 1055 1090 1049 1055 1049 1053 1053 1049 1048 1076 1050 1077 1077 1050 1052 1077 1052 1082 1082 1052 1091 1082 1091 1092 1092 1093 1082 1082 1093 1094 1082 1094 1083 1083 1094 1095 1083 1095 1084 1084 1095 1096 1084 1096 1085 1085 1096 1097 1085 1097 1086 1086 1097 1098 1086 1098 1087 1087 1098 1099 1087 1099 1088 1088 1099 1100 1088 1100 1089 1089 1100 1101 1089 1101 1090 1090 1101 1102 1090 1102 1049 1049 1102 1103 1049 1103 1047 1047 1103 1104 1093 1105 1094 1094 1105 1106 1094 1106 1095 1095 1106 1107 1095 1107 1096 1096 1107 1108 1096 1108 1097 1097 1108 1109 1097 1109 1098 1098 1109 1110 1098 1110 1099 1099 1110 1111 1099 1111 1100 1100 1111 1112 1100 1112 1101 1101 1112 1113 1101 1113 1102 1102 1113 1114 1102 1114 1103 1103 1114 1115 1103 1115 1104 1104 1115 1116 1117 1118 1119 1120 1121 1122 1123 1124 1125 1126 1127 1128 1129 1130 1131 1132 1133 1134 1135 1136 1137 1138 1139 1140 1141 1142 1143 1143 1142 1144 1143 1144 1145 1140 1146 1138 1138 1146 1147 1138 1147 1148 1137 1149 1141 1141 1149 1150 1141 1150 1142 1136 1151 1137 1137 1151 1152 1137 1152 1149 1145 1153 1143 1143 1153 1154 1143 1154 1141 1141 1154 1155 1141 1155 1137 1137 1155 1134 1137 1134 1135 1135 1134 1133 1156 1132 1157 1157 1132 1134 1157 1134 1158 1158 1134 1155 1158 1155 1159 1159 1155 1154 1159 1154 1160 1160 1154 1153 1160 1161 1159 1159 1161 1162 1159 1162 1158 1158 1162 1163 1158 1163 1157 1157 1163 1131 1157 1131 1156 1156 1131 1130 1161 1164 1162 1162 1164 1165 1162 1165 1163 1163 1165 1166 1163 1166 1131 1131 1166 1128 1131 1128 1129 1129 1128 1127 1124 1126 1125 1125 1126 1128 1125 1128 1167 1167 1128 1166 1167 1166 1168 1168 1166 1165 1168 1165 1169 1169 1165 1164 1170 1123 1171 1171 1123 1125 1171 1125 1172 1172 1125 1167 1172 1167 1173 1173 1167 1168 1173 1168 1174 1174 1168 1169 1174 1175 1173 1173 1175 1176 1173 1176 1172 1172 1176 1177 1172 1177 1171 1171 1177 1122 1171 1122 1170 1170 1122 1121 1175 1178 1176 1176 1178 1179 1176 1179 1177 1177 1179 1180 1177 1180 1122 1122 1180 1119 1122 1119 1120 1120 1119 1118 1181 1117 1182 1182 1117 1119 1182 1119 1148 1148 1119 1180 1148 1180 1138 1138 1180 1179 1138 1179 1139 1139 1179 1178 1147 1183 1148 1148 1183 1184 1148 1184 1182 1182 1184 1185 1182 1185 1181 1181 1185 1186 1187 1188 1189 1190 1191 1192 1192 1191 1193 1194 1192 1195 1195 1192 1193 1195 1193 1196 1196 1193 1189 1196 1189 1188 1191 1197 1193 1193 1197 1198 1193 1198 1189 1189 1198 1199 1189 1199 1187 1200 1201 1202 1201 1203 1204 1203 1205 1206 1205 1207 1208 1209 1210 1211 1205 1208 1206 1206 1208 1212 1206 1212 1211 1211 1212 1213 1211 1213 1209 1214 1215 1216 1209 1217 1210 1210 1217 1218 1210 1218 1219 1219 1218 1220 1219 1220 1216 1216 1220 1221 1216 1221 1214 1214 1222 1215 1215 1222 1223 1215 1223 1224 1203 1206 1204 1204 1206 1211 1204 1211 1225 1225 1211 1210 1225 1210 1226 1226 1210 1219 1226 1219 1227 1227 1219 1216 1227 1216 1228 1228 1216 1215 1228 1215 1229 1229 1215 1224 1229 1224 1230 1201 1204 1202 1202 1204 1225 1202 1225 1231 1231 1225 1226 1231 1226 1232 1232 1226 1227 1232 1227 1233 1233 1227 1228 1233 1228 1234 1234 1228 1229 1234 1229 1235 1235 1229 1230 1235 1230 1236 1200 1202 1237 1237 1202 1231 1237 1231 1238 1238 1231 1232 1238 1232 1239 1239 1232 1233 1239 1233 1240 1240 1233 1234 1240 1234 1241 1241 1234 1235 1241 1235 1242 1242 1235 1236 1242 1236 1243 1244 1245 1246 1247 1248 1249 1250 1251 1252 1253 1254 1255 1256 1257 1258 1259 1260 1261 1259 1261 1262 1262 1261 1263 1262 1263 1264 1258 1265 1256 1256 1265 1266 1256 1266 1267 1254 1268 1255 1255 1268 1269 1255 1269 1263 1263 1269 1270 1263 1270 1264 1260 1271 1261 1261 1271 1272 1261 1272 1263 1263 1272 1273 1263 1273 1255 1255 1273 1252 1255 1252 1253 1253 1252 1251 1274 1250 1275 1275 1250 1252 1275 1252 1276 1276 1252 1273 1276 1273 1277 1277 1273 1272 1277 1272 1278 1278 1272 1271 1278 1279 1277 1277 1279 1280 1277 1280 1276 1276 1280 1281 1276 1281 1275 1275 1281 1249 1275 1249 1274 1274 1249 1248 1279 1282 1280 1280 1282 1283 1280 1283 1281 1281 1283 1284 1281 1284 1249 1249 1284 1246 1249 1246 1247 1247 1246 1245 1285 1244 1286 1286 1244 1246 1286 1246 1267 1267 1246 1284 1267 1284 1256 1256 1284 1283 1256 1283 1257 1257 1283 1282 1266 1287 1267 1267 1287 1288 1267 1288 1286 1286 1288 1289 1286 1289 1285 1285 1289 1290 1223 1291 1224 1224 1291 1292 1224 1292 1230 1230 1292 1293 1230 1293 1236 1236 1293 1294 1236 1294 1243 1291 1295 1292 1292 1295 1296 1292 1296 1293 1293 1296 1297 1293 1297 1294 1294 1297 1298 1294 1298 1243 1299 1300 1301 1301 1300 1302 1301 1302 1303 1303 1302 1304 1303 1304 1305 1305 1304 1306 1305 1306 1307 1307 1306 1308 1307 1309 1305 1305 1309 1310 1305 1310 1303 1303 1310 1311 1303 1311 1301 1301 1311 1312 1301 1312 1299 1313 1314 1315 1314 1316 1317 1316 1318 1319 1318 1320 1321 1322 1323 1324 1318 1321 1319 1319 1321 1325 1319 1325 1324 1324 1325 1326 1324 1326 1322 1327 1328 1329 1322 1330 1323 1323 1330 1331 1323 1331 1332 1332 1331 1333 1332 1333 1329 1329 1333 1334 1329 1334 1327 1327 1335 1328 1328 1335 1336 1328 1336 1337 1316 1319 1317 1317 1319 1324 1317 1324 1338 1338 1324 1323 1338 1323 1339 1339 1323 1332 1339 1332 1340 1340 1332 1329 1340 1329 1341 1341 1329 1328 1341 1328 1342 1342 1328 1337 1342 1337 1343 1314 1317 1315 1315 1317 1338 1315 1338 1344 1344 1338 1339 1344 1339 1345 1345 1339 1340 1345 1340 1346 1346 1340 1341 1346 1341 1347 1347 1341 1342 1347 1342 1348 1348 1342 1343 1348 1343 1349 1313 1315 1350 1350 1315 1344 1350 1344 1351 1351 1344 1345 1351 1345 1352 1352 1345 1346 1352 1346 1353 1353 1346 1347 1353 1347 1354 1354 1347 1348 1354 1348 1355 1355 1348 1349 1355 1349 1356 1357 1358 1359 1360 1361 1362 1363 1364 1365 1366 1367 1368 1369 1370 1371 1369 1371 1372 1372 1371 1373 1372 1373 1374 1367 1375 1368 1368 1375 1376 1368 1376 1373 1373 1376 1377 1373 1377 1374 1370 1378 1371 1371 1378 1379 1371 1379 1373 1373 1379 1380 1373 1380 1368 1368 1380 1365 1368 1365 1366 1366 1365 1364 1381 1363 1382 1382 1363 1365 1382 1365 1383 1383 1365 1380 1383 1380 1384 1384 1380 1379 1384 1379 1385 1385 1379 1378 1385 1386 1384 1384 1386 1387 1384 1387 1383 1383 1387 1388 1383 1388 1382 1382 1388 1362 1382 1362 1381 1381 1362 1361 1386 1389 1387 1387 1389 1390 1387 1390 1388 1388 1390 1391 1388 1391 1362 1362 1391 1359 1362 1359 1360 1360 1359 1358 1392 1357 1393 1393 1357 1359 1393 1359 1394 1394 1359 1391 1394 1391 1395 1395 1391 1390 1395 1390 1396 1396 1390 1389 1396 1397 1395 1395 1397 1398 1395 1398 1394 1394 1398 1399 1394 1399 1393 1393 1399 1400 1393 1400 1392 1392 1400 1401 1402 1403 1404 1404 1405 1402 1402 1405 1406 1402 1406 1407 1336 1403 1337 1337 1403 1402 1337 1402 1343 1343 1402 1407 1343 1407 1349 1349 1407 1408 1349 1408 1356 1406 1409 1407 1407 1409 1410 1407 1410 1408 1408 1410 1356 1411 1412 1413 1414 1415 1416 1417 1418 1419 1418 1420 1421 1422 1423 1424 1418 1421 1419 1419 1421 1425 1419 1425 1424 1424 1425 1426 1424 1426 1422 1427 1428 1429 1422 1430 1423 1423 1430 1431 1423 1431 1432 1432 1431 1433 1432 1433 1429 1429 1433 1434 1429 1434 1427 1427 1435 1428 1428 1435 1436 1428 1436 1437 1438 1439 1417 1417 1419 1438 1438 1419 1424 1438 1424 1440 1440 1424 1423 1440 1423 1441 1441 1423 1432 1441 1432 1442 1442 1432 1429 1442 1429 1443 1443 1429 1428 1443 1428 1416 1416 1428 1437 1416 1437 1414 1444 1445 1439 1439 1438 1444 1444 1438 1440 1444 1440 1446 1446 1440 1441 1446 1441 1447 1447 1441 1442 1447 1442 1448 1448 1442 1443 1448 1443 1449 1449 1443 1416 1449 1416 1413 1413 1416 1415 1413 1415 1411 1450 1451 1445 1445 1444 1450 1450 1444 1446 1450 1446 1452 1452 1446 1447 1452 1447 1453 1453 1447 1448 1453 1448 1454 1454 1448 1449 1454 1449 1455 1455 1449 1413 1455 1413 1456 1456 1413 1412 1456 1412 1457 1458 1459 1460 1461 1462 1463 1464 1461 1465 1465 1461 1463 1465 1463 1466 1466 1463 1467 1466 1467 1468 1468 1467 1469 1468 1469 1470 1462 1458 1463 1463 1458 1460 1463 1460 1467 1467 1460 1471 1467 1471 1469 1469 1471 1472 1469 1472 1470 1473 1464 1474 1474 1464 1465 1474 1465 1475 1475 1465 1466 1475 1466 1476 1476 1466 1468 1476 1468 1470 1477 1478 1479 1480 1481 1482 1483 1484 1485 1486 1487 1488 1488 1487 1483 1483 1485 1488 1488 1485 1489 1488 1489 1490 1490 1489 1491 1490 1491 1492 1492 1491 1493 1492 1493 1494 1494 1493 1495 1494 1495 1496 1496 1495 1497 1496 1497 1498 1498 1497 1499 1498 1499 1500 1500 1499 1501 1500 1501 1502 1502 1501 1503 1502 1503 1482 1482 1503 1504 1482 1504 1480 1505 1506 1507 1507 1506 1486 1486 1488 1507 1507 1488 1490 1507 1490 1508 1508 1490 1492 1508 1492 1509 1509 1492 1494 1509 1494 1510 1510 1494 1496 1510 1496 1511 1511 1496 1498 1511 1498 1512 1512 1498 1500 1512 1500 1513 1513 1500 1502 1513 1502 1514 1514 1502 1482 1514 1482 1479 1479 1482 1481 1479 1481 1477 1515 1516 1505 1505 1507 1515 1515 1507 1508 1515 1508 1517 1517 1508 1509 1517 1509 1518 1518 1509 1510 1518 1510 1519 1519 1510 1511 1519 1511 1520 1520 1511 1512 1520 1512 1521 1521 1512 1513 1521 1513 1522 1522 1513 1514 1522 1514 1523 1523 1514 1479 1523 1479 1524 1524 1479 1478 1524 1478 1525 1526 1527 1528 1527 1529 1530 1470 1531 1532 1532 1531 1533 1532 1533 1534 1534 1533 1535 1534 1535 1536 1536 1535 1537 1536 1537 1538 1538 1537 1539 1538 1539 1540 1540 1539 1541 1540 1541 1542 1542 1541 1543 1542 1543 1544 1544 1543 1545 1544 1545 1546 1546 1545 1530 1546 1530 1547 1547 1530 1529 1547 1529 1548 1527 1530 1528 1528 1530 1545 1528 1545 1549 1549 1545 1543 1549 1543 1550 1550 1543 1541 1550 1541 1551 1551 1541 1539 1551 1539 1552 1552 1539 1537 1552 1537 1553 1553 1537 1535 1553 1535 1554 1554 1535 1533 1554 1533 1555 1555 1533 1531 1555 1531 1556 1470 1557 1531 1531 1557 1558 1531 1558 1556 1556 1558 1559 1556 1559 1560 1526 1528 1561 1561 1528 1549 1561 1549 1562 1562 1549 1550 1562 1550 1563 1563 1550 1551 1563 1551 1564 1564 1551 1552 1564 1552 1565 1565 1552 1553 1565 1553 1566 1566 1553 1554 1566 1554 1567 1567 1554 1555 1567 1555 1568 1568 1555 1556 1568 1556 1569 1569 1556 1560 1569 1560 1570 1571 1572 1573 1574 1575 1576 1577 1578 1579 1580 1581 1582 1583 1584 1585 1583 1585 1586 1586 1585 1587 1586 1587 1588 1581 1589 1582 1582 1589 1590 1582 1590 1587 1587 1590 1591 1587 1591 1588 1584 1592 1585 1585 1592 1593 1585 1593 1587 1587 1593 1594 1587 1594 1582 1582 1594 1579 1582 1579 1580 1580 1579 1578 1595 1577 1596 1596 1577 1579 1596 1579 1597 1597 1579 1594 1597 1594 1598 1598 1594 1593 1598 1593 1599 1599 1593 1592 1599 1600 1598 1598 1600 1601 1598 1601 1597 1597 1601 1602 1597 1602 1596 1596 1602 1576 1596 1576 1595 1595 1576 1575 1600 1603 1601 1601 1603 1604 1601 1604 1602 1602 1604 1605 1602 1605 1576 1576 1605 1573 1576 1573 1574 1574 1573 1572 1606 1571 1607 1607 1571 1573 1607 1573 1608 1608 1573 1605 1608 1605 1609 1609 1605 1604 1609 1604 1610 1610 1604 1603 1610 1611 1609 1609 1611 1612 1609 1612 1608 1608 1612 1613 1608 1613 1607 1607 1613 1614 1607 1614 1606 1606 1614 1615 1616 1611 1617 1618 1619 1620 1621 1622 1623 1623 1622 1624 1623 1624 1625 1626 1627 1628 1628 1627 1629 1628 1629 1630 1630 1629 1631 1619 1631 1620 1620 1631 1629 1620 1629 1632 1632 1629 1617 1632 1617 1611 1611 1633 1634 1634 1633 1635 1634 1635 1624 1624 1635 1636 1624 1636 1625 1627 1637 1629 1629 1637 1638 1629 1638 1617 1617 1638 1639 1617 1639 1616 1622 1618 1624 1624 1618 1620 1624 1620 1634 1634 1620 1632 1634 1632 1611 1640 1170 1641 1641 1170 1121 1641 1121 1642 1642 1121 1120 1642 1120 1643 1643 1120 1118 1643 1118 1644 1644 1118 1117 1644 1117 1645 1645 1117 1181 1645 1181 1056 1056 1181 1186 1646 1130 1647 1647 1130 1129 1647 1129 1648 1648 1129 1127 1648 1127 1649 1649 1127 1126 1649 1126 1650 1650 1126 1124 1650 1124 1640 1640 1124 1123 1640 1123 1170 1051 1151 1651 1651 1151 1136 1651 1136 1652 1652 1136 1135 1652 1135 1653 1653 1135 1133 1653 1133 1654 1654 1133 1132 1654 1132 1646 1646 1132 1156 1646 1156 1130 1589 1484 1655 1655 1484 1656 1655 1656 1657 1657 1656 1658 1657 1658 1659 1659 1658 1660 1659 1660 1661 1662 1663 1664 1664 1663 1665 1664 1665 1666 1666 1665 1667 1666 1667 1668 1668 1667 1669 1668 1669 1670 1670 1669 1671 1670 1671 1672 1672 1671 1673 1672 1673 1674 1674 1673 1661 1674 1661 1675 1675 1661 1660 1676 1677 1678 1678 1677 1679 1678 1679 1680 1680 1679 1681 1680 1681 1682 1682 1681 1683 1682 1683 1684 1684 1683 1685 1684 1685 1686 1686 1685 1687 1686 1687 1688 1688 1687 1689 1688 1689 1690 1690 1689 1691 1690 1691 1692 1692 1691 1693 1692 1693 1694 1694 1693 1695 1694 1695 1420 1420 1695 1526 1696 1697 1698 1696 1698 1699 1699 1698 1700 1699 1700 1701 1701 1700 1702 1701 1702 1703 1703 1702 1704 1703 1704 1705 1705 1704 1706 1705 1706 1707 1707 1706 1708 1707 1708 1709 1709 1708 1710 1709 1710 1711 1712 1713 1714 1712 1714 1715 1715 1714 1716 1715 1716 1717 1717 1716 1718 1717 1718 1719 1719 1718 1720 1719 1720 1721 1721 1720 1722 1721 1722 1723 1723 1722 1724 1723 1724 1725 1726 1727 1728 1726 1728 1729 1729 1728 1730 1729 1730 1731 1731 1730 1732 1731 1732 1733 1733 1732 1734 1733 1734 1735 1735 1734 1736 1735 1736 1737 1737 1736 1738 1737 1738 1739 1740 944 1741 1741 944 943 1741 943 1742 1740 1743 944 944 1743 1744 944 1744 945 1744 1745 945 945 1745 1746 945 1746 947 1746 1747 947 947 1747 1748 947 1748 949 1748 1749 949 949 1749 1750 949 1750 951 1751 955 1752 1752 955 953 1752 953 1753 1753 953 951 1753 951 1754 1754 951 1750 1755 910 1756 1756 910 909 1756 909 1757 1755 1758 910 910 1758 1759 910 1759 911 1759 1760 911 911 1760 1761 911 1761 913 1761 1762 913 913 1762 1763 913 1763 915 1763 1764 915 915 1764 1765 915 1765 917 1765 1766 917 917 1766 1767 917 1767 919 919 1767 1768 919 1768 921 848 1025 849 849 1025 1027 849 1027 853 853 1027 1029 853 1029 855 855 1029 1033 855 1033 857 1033 1032 857 857 1032 1040 857 1040 859 859 1040 1039 859 1039 861 861 1039 863 863 1039 1037 863 1037 865 865 1037 1035 865 1035 867 867 1035 1034 867 1034 869 1034 1009 869 869 1009 1008 869 1008 871 871 1008 1769 871 1769 873 873 1769 1770 791 998 792 792 998 997 792 997 796 796 997 1000 796 1000 798 798 1000 999 798 999 800 999 978 800 800 978 977 800 977 802 802 977 1771 802 1771 804 804 1771 1772 804 1772 806 1772 1773 806 806 1773 1774 806 1774 808 808 1774 1775 808 1775 810 810 1775 1776 810 1776 812 1777 816 1778 1778 816 814 1778 814 1779 1779 814 812 1779 812 1780 1780 812 1776 1781 1782 1783 1784 1785 1786 1787 1788 1789 1790 1791 1792 1786 1785 1793 1793 1785 1794 1793 1794 1795 1789 1788 1796 1797 1798 1799 1799 1798 1791 1800 1801 1802 1792 1803 1790 1790 1803 1804 1790 1804 1783 1783 1804 1805 1797 1806 1798 1798 1806 1807 1798 1807 1808 1808 1807 1784 1808 1784 1809 1809 1784 1786 1788 1810 1796 1796 1810 1811 1796 1811 1812 1812 1811 1813 1812 1813 1800 1800 1813 1814 1800 1814 1801 1802 1815 1800 1800 1815 1816 1800 1816 1817 1817 1816 1799 1817 1799 1818 1818 1799 1791 1818 1791 1819 1819 1791 1790 1820 1821 1822 1794 1823 1795 1795 1823 1824 1795 1824 1825 1825 1824 1787 1825 1787 1826 1826 1787 1789 1805 1827 1783 1783 1827 1820 1783 1820 1781 1781 1820 1822 1781 1822 1828 1829 1830 1831 1832 1833 1834 1829 1831 1835 1836 1837 1838 1839 1840 1841 1841 1840 1842 1841 1842 1843 1844 1845 1831 1831 1845 1846 1831 1846 1835 1838 1847 1836 1836 1847 1848 1836 1848 1833 1833 1848 1849 1833 1849 1834 1842 1850 1843 1843 1850 1851 1843 1851 1834 1834 1851 1852 1834 1852 1832 1853 1854 1844 1844 1854 1855 1844 1855 1845 1856 1857 1858 1858 1857 1840 1858 1840 1859 1859 1840 1839 1859 1839 1860 1860 1839 1861 1860 1861 1862 1862 1861 1854 1862 1854 1863 1863 1854 1853 1864 1865 1866 1867 1868 1869 1869 1868 1866 1869 1866 1870 1870 1866 1865 1870 1865 1871 1865 1872 1873 1866 1874 1864 1864 1874 1875 1864 1875 1876 1876 1877 1864 1864 1877 1878 1864 1878 1879 1873 1880 1865 1865 1880 1881 1865 1881 1871 1882 1883 1884 1884 1883 1885 1886 1887 1888 1888 1887 1889 1889 1887 1890 1889 1890 1891 1891 1890 1892 1891 1892 1893 1893 1892 1894 1893 1894 1895 1895 1894 1896 1895 1896 1836 1883 1882 1897 1883 1897 1898 1898 1897 1899 1898 1899 1900 1900 1899 1901 1900 1901 1902 1902 1901 1831 1902 1831 1903 1884 1885 1904 1884 1904 1905 1905 1904 1906 1905 1906 1907 1907 1906 1908 1907 1908 1909 1909 1908 1910 1909 1910 1864 1886 1888 1911 1911 1888 1912 1911 1912 1913 1913 1912 1914 1914 1912 1915 1914 1915 1916 1916 1915 1917 1917 1915 1865 1917 1865 1918 1882 1884 1919 1920 1921 1922 1922 1921 1919 1922 1919 1923 1923 1919 1884 1919 1924 1882 1882 1924 1925 1882 1925 1926 1926 1927 1882 1882 1927 1928 1882 1928 1929 1930 1884 1931 1931 1884 1932 1930 1933 1884 1884 1933 1934 1884 1934 1923 1935 1936 1888 1889 1937 1888 1888 1937 1938 1888 1938 1939 1940 1941 1942 1942 1941 1937 1942 1937 1943 1943 1937 1889 1944 1889 1945 1945 1889 1946 1944 1947 1889 1889 1947 1948 1889 1948 1943 1939 1949 1888 1888 1949 1950 1888 1950 1935 816 1777 1951 816 1951 1952 1952 1951 1953 1952 1953 1954 1953 1955 1954 1954 1955 1956 1954 1956 1957 1957 1956 1958 1957 1958 1959 1959 1958 1960 1959 1960 1961 1961 1960 1962 998 791 1963 1963 791 1964 1963 1964 1965 1965 1964 1966 1965 1966 1967 1967 1966 1968 1967 1968 1969 1969 1968 1970 1969 1970 1971 1971 1970 1972 1971 1972 1962 1962 1972 1973 1962 1973 1961 873 1770 1974 873 1974 1975 1975 1974 1976 1975 1976 1977 1977 1976 1978 1977 1978 1979 1979 1978 1980 1979 1980 1981 1980 1982 1981 1981 1982 1983 1981 1983 1984 1984 1983 1985 1984 1985 1986 1986 1985 1987 1986 1987 1988 1025 848 1989 1989 848 1990 1989 1990 1991 1991 1990 1992 1991 1992 1993 1993 1992 1994 1993 1994 1995 1995 1994 1996 1995 1996 1997 1997 1996 1988 1997 1988 1998 1998 1988 1987 921 1768 1999 921 1999 2000 2000 1999 2001 2000 2001 2002 2002 2001 2003 2003 2001 2004 2003 2004 2005 2005 2004 2006 2006 2004 2007 2006 2007 2008 2008 2007 2009 2008 2009 2010 2010 2009 2011 2010 2011 2012 2012 2011 2013 2012 2013 2014 2014 2013 2015 2014 2015 2016 1757 909 2017 2017 909 2018 2017 2018 2019 2019 2018 2016 2019 2016 2020 2020 2016 2015 955 1751 2021 2021 1751 2022 2021 2022 2023 2023 2022 2024 2023 2024 2025 2025 2024 2026 2025 2026 2027 2026 2028 2027 2027 2028 2029 2027 2029 2030 2030 2029 2031 2030 2031 2032 2032 2031 2033 2032 2033 2034 1742 943 2035 2035 943 2036 2033 2037 2034 2034 2037 2038 2034 2038 2039 2039 2038 2040 2039 2040 2041 2041 2040 2042 2041 2042 2043 2043 2042 2044 2043 2044 2036 2036 2044 2045 2036 2045 2035 2046 2047 2048 2048 2047 2049 2048 2049 2050 2050 2049 2051 2052 2053 2054 2055 2056 2057 2057 2056 2058 2059 2052 2060 2060 2052 2054 2060 2054 2061 2061 2054 2062 2061 2062 2063 2060 2064 2059 2059 2064 2065 2059 2065 2066 2066 2065 2067 2066 2067 2055 2055 2067 2068 2055 2068 2056 2063 2062 2069 2069 2062 2070 2069 2070 2071 2071 2070 2072 2071 2072 2073 2074 2075 2076 2076 2075 2077 2076 2077 2078 2078 2077 2079 2080 2081 2082 2082 2081 2083 2082 2083 2084 2084 2083 2085 2086 2087 2088 2089 1887 2086 2086 1887 1886 2086 1886 2087 2087 1886 2090 2088 2091 2086 2086 2091 2092 2086 2092 2093 2094 2095 2096 2096 2095 2097 2096 2097 2089 2089 2097 2098 2089 2098 1887 2099 2100 2101 2101 2100 2102 2101 2102 2090 2090 2102 2103 2090 2103 2087 2104 1885 2105 2105 1885 1883 2105 1883 2106 2106 1883 2107 2108 2105 2109 2109 2105 2106 2109 2106 2110 2110 2106 2111 2112 2113 2114 2114 2113 2115 2114 2115 2104 2104 2115 2116 2104 2116 1885 2117 2118 2119 2119 2118 2120 2119 2120 2107 2107 2120 2121 2107 2121 2106 1837 1836 1896 1837 1896 1830 1830 1896 1903 1830 1903 1831 2122 2123 2124 2125 2126 2123 2123 2126 2127 2123 2127 2128 2129 2130 2124 2124 2130 2131 2124 2131 2122 2122 2131 2132 2122 2132 2133 2123 2122 2125 2125 2122 2134 2125 2134 2135 2135 2134 2136 2135 2136 2137 2129 2138 2130 2130 2138 2139 2130 2139 2140 2140 2139 2141 2140 2141 2142 2143 2144 2145 2145 2144 2146 2145 2146 2147 2147 2146 2148 2149 2150 2151 2151 2150 2152 2151 2152 2153 2154 2155 2156 2156 2155 2137 2156 2137 2150 2150 2137 2136 2150 2136 2152 2157 2158 2159 2159 2158 2142 2159 2142 2160 2160 2142 2141 2160 2141 2161 2161 2141 2162 2163 2164 2165 2165 2164 2148 2165 2148 2132 2132 2148 2146 2132 2146 2133 1910 1918 1864 1864 1918 1865 2166 2167 2168 2169 2170 2171 2172 2173 2174 2174 2173 2175 2174 2175 2176 2169 2171 2177 2178 2179 2177 2177 2179 2180 2177 2180 2181 2181 2180 2173 2181 2173 2182 2182 2173 2172 2168 2167 2183 2183 2167 2184 2183 2184 2185 2178 2177 2186 2186 2177 2171 2186 2171 2168 2168 2171 2187 2168 2187 2166 1456 1457 2188 2189 2188 2190 2190 2188 2191 2192 2193 2194 2194 2193 2195 2189 1454 2188 2188 1454 1455 2188 1455 1456 2196 2197 2193 2193 2197 2198 2193 2198 2195 2199 2200 2201 2202 1452 2189 2189 1452 1453 2189 1453 1454 2198 2203 2195 2195 2203 2204 2195 2204 2205 2205 2204 2206 1523 1524 2207 2207 1524 1525 2207 1525 2201 2201 1525 2208 2201 2208 2199 1515 2209 1516 1516 2209 2205 1516 2205 2210 2210 2205 2206 1515 1517 2209 2209 1517 1518 2209 1518 1519 2200 2211 2201 2201 2211 2212 2201 2212 2213 2213 2212 2214 2214 2215 2213 2213 2215 2216 2213 2216 2217 2217 2218 2213 2213 2218 1451 2213 1451 2202 2202 1451 1450 2202 1450 1452 1519 1520 2209 2209 1520 1521 2209 1521 2207 2207 1521 1522 2207 1522 1523 1113 1112 2219 2219 1112 1111 2219 1111 2220 2220 1111 1110 2221 2222 2223 2224 2225 2226 2225 2227 2226 2226 2227 2228 2226 2228 2229 2229 2228 2230 2231 1115 2219 2219 1115 1114 2219 1114 1113 1107 2232 2233 2234 2235 2236 1110 1109 2220 2220 1109 1108 2220 1108 2237 2237 1108 1107 2237 1107 2238 2238 1107 2233 2239 2240 2241 1107 1106 2232 2232 1106 1105 2232 1105 2236 2236 1105 2242 2236 2242 2234 2222 2243 2223 2223 2243 2244 2223 2244 2228 2228 2244 2245 2228 2245 2230 2231 2246 2247 2248 2249 1115 1115 2249 2250 1115 2250 1116 1116 2250 2251 1116 2251 2252 2252 2251 2253 2252 2253 2254 2254 2253 2224 2254 2224 2255 2255 2224 2226 2227 2256 2228 2228 2256 2239 2228 2239 2257 2257 2239 2241 2247 2258 2231 2231 2258 2259 2231 2259 1115 1115 2259 2260 1115 2260 2248 2261 2236 2262 2262 2236 2235 2262 2235 2223 2223 2235 2263 2223 2263 2221 1794 1785 1823 1823 1785 1784 1806 1797 1807 1807 1797 1799 1807 1799 1784 1784 1799 1824 1784 1824 1823 1810 1788 1811 1811 1788 1787 1811 1787 1813 1813 1787 1824 1813 1824 1814 1814 1824 1799 1814 1799 1816 1816 1815 1814 1814 1815 1802 1814 1802 1801 2264 2265 2266 2266 2265 2267 2266 2267 2268 2268 2267 2269 2270 2271 2272 2270 2272 2273 2273 2272 2274 2273 2274 2275 2275 2276 2273 2273 2276 2277 2273 2277 2267 2267 2277 2278 2267 2278 2269 2279 1621 2280 2280 1621 2281 2282 1473 2283 2283 1473 2284 2285 2286 2287 2287 2286 2288 2289 2290 2291 2291 2290 2292 2293 2294 2295 2296 2297 2298 2298 2297 2299 2300 2301 2297 2302 2303 1610 1610 2303 1611 1599 1592 2304 2304 1592 1584 2304 1584 2305 2306 2307 1603 1603 2307 2308 1603 2308 2309 1546 1547 2304 2305 1584 2296 2296 1584 1583 2296 1583 2310 2300 2297 2311 2309 2312 1603 1603 2312 2313 1603 2313 1610 1610 2313 2314 1610 2314 2302 2310 2315 2296 2296 2315 2316 2296 2316 2317 2317 2318 2296 2296 2318 2319 2296 2319 2297 2297 2319 2320 2297 2320 2311 1470 1532 2295 2295 1532 1534 2295 1534 1536 1536 1538 2295 2295 1538 2321 2295 2321 2293 1547 1548 2304 2304 1548 2322 2304 2322 1599 1599 2322 2306 1599 2306 1600 1600 2306 1603 1538 1540 2321 2321 1540 1542 2321 1542 2304 2304 1542 1544 2304 1544 1546 2323 2324 2325 2325 2324 2326 2327 1188 2328 2329 2330 2331 2331 2330 2332 2333 2328 2334 2334 2328 2335 1397 1396 2330 2330 1396 1389 2330 1389 2332 1389 1386 2332 2332 1386 1385 2332 1385 2336 2336 1385 1378 1257 1282 2337 2337 1282 1279 2337 1279 2338 2338 1279 1278 2338 1278 1271 2339 2340 2341 2341 2340 1299 2341 1299 2337 2337 1299 1258 2337 1258 1257 2342 2343 1259 1259 2343 2338 1259 2338 1260 1260 2338 1271 2344 2333 2345 2345 2333 2343 2345 2343 2346 2346 2343 2342 2327 2328 2347 2348 2349 2350 2350 2349 2351 1378 1370 2336 2336 1370 1369 2336 1369 2349 2349 1369 2352 2349 2352 2351 2348 2353 2349 2349 2353 2354 2349 2354 2341 2341 2354 2355 2341 2355 2339 2344 2356 2333 2333 2356 2357 2333 2357 2328 2328 2357 2358 2328 2358 2347 2359 2360 2361 2361 2360 2362 2363 2364 2365 2365 2364 2366 1355 1356 2364 2367 2368 2369 2369 2368 2370 1238 1239 2371 1238 2371 1237 2372 2373 2368 2368 2373 2374 2368 2374 2370 1243 2375 1242 1242 2375 2376 1242 2376 1241 1241 2376 2377 1241 2377 1240 1240 2377 2378 1240 2378 1239 1239 2378 2379 1313 2371 2380 2380 2371 1239 2380 1239 2381 2381 1239 2379 1237 2371 1200 1200 2371 2382 1200 2382 2383 1313 1350 2371 2371 1350 1351 2371 1351 2363 2374 2384 2370 2370 2384 2385 2370 2385 2382 2382 2385 2386 2382 2386 2383 1351 1352 2363 2363 1352 1353 2363 1353 2364 2364 1353 1354 2364 1354 1355 2387 2388 2389 2389 2388 2390 2391 2392 2393 2393 2392 2394 2395 2396 2397 2397 2396 2398 2399 2400 2401 2401 2400 2402 2403 2404 2405 2405 2404 2406 1716 1714 1704 1704 1714 1706 2407 1710 1713 1704 1702 2408 1713 1710 1714 1714 1710 1708 1714 1708 1706 2409 2410 2411 1716 1704 1718 1718 1704 2408 1718 2408 2412 2413 2414 1727 1727 2414 1724 1727 1724 1728 1724 1722 1728 1728 1722 1720 1728 1720 1730 1730 1720 1718 1730 1718 1732 1732 1718 2412 1732 2412 1734 1734 2412 1736 1702 1700 2408 2408 1700 1698 2408 1698 2411 2411 1698 1697 2411 1697 2409 1713 2415 2407 2407 2415 2416 2407 2416 2417 2417 2416 2418 2417 2418 2419 2413 2420 2414 2414 2420 2421 2414 2421 2422 2422 2421 2418 2423 2424 2425 2425 2424 2426 2425 2426 2412 2412 2426 1738 2412 1738 1736 2410 2419 2411 2411 2419 2418 2411 2418 2425 2425 2418 2421 2425 2421 2423 2427 2428 2429 2429 2428 2430 2431 2432 2433 2433 2432 2434 2435 2436 2437 2431 2438 2432 2432 2438 2439 2432 2439 2440 2440 2439 2441 2440 2441 2442 2431 2443 2438 2438 2443 2435 2438 2435 2444 2444 2435 2437 2445 2446 2447 2448 2449 2450 2450 2449 2451 2450 2451 2452 2445 2447 2450 2450 2447 2453 2450 2453 2448 2454 2455 2456 2453 2457 2448 2448 2457 2454 2448 2454 2458 2458 2454 2456 1739 1738 2426 1739 2426 2459 2459 2426 2424 2459 2424 2460 2460 2424 2423 2460 2423 2461 2461 2423 2421 2461 2421 2462 2462 2421 2420 2462 2420 2463 2463 2420 2413 2463 2413 2464 2464 2413 1727 2464 1727 1726 1739 2459 1731 1731 2459 2460 1731 2460 2461 1726 1729 2464 2464 1729 1731 2464 1731 2463 2463 1731 2461 2463 2461 2462 1733 1735 1731 1731 1735 1737 1731 1737 1739 1725 1724 2414 1725 2414 2465 2465 2414 2422 2465 2422 2466 2466 2422 2418 2466 2418 2467 2467 2418 2416 2467 2416 2468 2468 2416 2415 2468 2415 2469 2469 2415 1713 2469 1713 1712 1721 1723 2467 1721 2467 1719 1719 2467 2468 1719 2468 2469 1723 1725 2467 2467 1725 2465 2467 2465 2466 2469 1712 1719 1719 1712 1715 1719 1715 1717 1711 1710 2407 1711 2407 2470 2470 2407 2417 2470 2417 2471 2471 2417 2419 2471 2419 2472 2472 2419 2410 2472 2410 2473 2473 2410 2409 2473 2409 2474 2474 2409 1697 2474 1697 1696 1696 1699 2471 2471 1699 1701 2471 1701 1703 1711 2470 1709 1709 2470 2471 1709 2471 1707 1707 2471 1703 1707 1703 1705 2472 2473 2471 2471 2473 2474 2471 2474 1696 2475 1194 2476 2476 1194 2477 2476 2477 2478 2478 2477 2479 2478 2479 2480 2480 2479 2481 2480 2481 2482 2482 2481 2483 2482 2483 2484 2484 2483 2485 2484 2485 2486 2486 2485 2487 1290 1223 1285 1285 1223 1222 1285 1222 1244 1244 1222 1214 1244 1214 1245 1245 1214 1221 1245 1221 1247 1247 1221 1220 1247 1220 1248 1248 1220 1218 1248 1218 1274 1274 1218 1217 1274 1217 1250 1250 1217 1209 1250 1209 1251 1251 1209 1213 1251 1213 1253 1253 1213 1212 1253 1212 1254 1254 1212 1208 1254 1208 1268 1268 1208 1207 1268 1207 2488 2488 1207 2489 2488 2489 2490 2490 2489 2491 2490 2491 2492 2492 2491 2493 2492 2493 2487 2487 2493 2494 2487 2494 2486 2495 1308 2496 2496 1308 2497 2496 2497 2498 2498 2497 2499 2498 2499 2500 2500 2499 2501 2500 2501 2502 2502 2501 2503 2502 2503 2504 2504 2503 2505 2504 2505 2506 2506 2505 2507 1401 1336 1392 1392 1336 1335 1392 1335 1357 1357 1335 1327 1357 1327 1358 1358 1327 1334 1358 1334 1360 1360 1334 1333 1360 1333 1361 1361 1333 1331 1361 1331 1381 1381 1331 1330 1381 1330 1363 1363 1330 1322 1363 1322 1364 1364 1322 1326 1364 1326 1366 1366 1326 1325 1366 1325 1367 1367 1325 1321 1367 1321 1375 1375 1321 1320 1375 1320 2508 2508 1320 2509 2508 2509 2510 2510 2509 2511 2510 2511 2512 2512 2511 2513 2512 2513 2507 2507 2513 2514 2507 2514 2506 1570 1436 1569 1569 1436 1435 1569 1435 1568 1568 1435 1427 1568 1427 1567 1567 1427 1434 1567 1434 1566 1420 1526 1421 1421 1526 1561 1421 1561 1425 1425 1561 1562 1425 1562 1426 1426 1562 1563 1426 1563 1422 1422 1563 1564 1422 1564 1430 1430 1564 1565 1430 1565 1431 1431 1565 1566 1431 1566 1433 1433 1566 1434 1493 1595 1495 1495 1595 1575 1495 1575 1497 1497 1575 1574 1497 1574 1499 1499 1574 1572 1499 1572 1501 1501 1572 1571 1501 1571 1503 1503 1571 1606 1503 1606 1504 1504 1606 1615 1484 1589 1485 1485 1589 1581 1485 1581 1489 1489 1581 1580 1489 1580 1491 1491 1580 1578 1491 1578 1493 1493 1578 1577 1493 1577 1595 1151 1051 2515 2515 1051 1050 2515 1050 2516 2516 1050 1076 2516 1076 2517 2517 1076 1081 2517 1081 2518 2518 1081 1080 2518 1080 2519 1080 1079 2519 2519 1079 1074 2519 1074 2520 2520 1074 1072 2520 1072 2521 2521 1072 1071 2521 1071 2522 2522 1071 1069 2522 1069 2523 2523 1069 1068 2523 1068 2524 1068 1066 2524 2524 1066 1065 2524 1065 2525 2525 1065 1063 2525 1063 2526 2526 1063 1061 2526 1061 2527 2527 1061 1060 2527 1060 2528 2528 1060 1058 2528 1058 2529 2529 1058 1057 2529 1057 1186 1186 1057 1056 1145 1144 1178 1178 1144 2530 1178 2530 2531 2531 2532 1178 1178 2532 2533 1178 2533 2534 2535 2536 1140 1178 1175 1174 2536 2535 2537 2537 2535 2538 2537 2538 2539 2539 2540 2537 2537 2540 2541 2537 2541 2542 2542 2541 2543 2534 2544 1178 1178 2544 2535 1178 2535 1139 1139 2535 1140 1174 1169 1178 1178 1169 1164 1178 1164 1161 1161 1160 1178 1178 1160 1153 1178 1153 1145 2545 2546 2547 2545 2547 2548 2549 2550 2551 2551 2550 2552 2551 2552 2553 2553 2552 2554 2553 2554 2547 2547 2554 2555 2547 2555 2548 2556 2557 2558 2558 2557 2559 2560 2561 2562 2562 2563 2560 2560 2563 2564 2560 2564 2565 2565 2564 2566 2565 2566 2567 2568 2569 2566 2566 2569 2570 2566 2570 2567 2571 2572 2573 2573 2572 2574 2573 2574 2575 2575 2574 2576 2574 2577 2576 2576 2577 2578 2576 2578 2579 2579 2578 2580 2579 2580 2581 2581 2580 2582 2581 2582 2583 2583 2582 2569 2583 2569 2584 2584 2569 2568 2585 2586 2587 2588 2589 2590 2590 2589 2587 2590 2587 2591 2591 2587 2586 2592 2593 2594 2585 2587 2595 2595 2587 2596 2595 2596 2597 2594 2598 2596 2596 2598 2599 2596 2599 2597 2596 2600 2594 2594 2600 2601 2594 2601 2592 2592 2601 2602 2592 2602 2603 2604 2605 2606 2606 2605 2607 2608 2609 2610 2611 2612 2613 2613 2612 2614 2608 2610 2615 2610 2616 2615 2615 2616 2617 2615 2617 2614 2614 2617 2618 2614 2618 2613 2619 2620 2621 2621 2622 2619 2619 2622 2623 2619 2623 2624 2624 2625 2619 2619 2625 2626 2619 2626 2627 2627 2626 2628 2629 2630 2631 2631 2630 2627 2631 2627 2632 2632 2627 2628 2633 2634 2635 2635 2634 2629 2635 2629 2636 2636 2629 2631 2637 2638 2639 2639 2638 2640 2641 2642 2643 2643 2642 2644 2645 2646 2647 2647 2646 2648 2649 2650 2651 2651 2650 2652 2653 2654 2655 2655 2654 2656 2657 2658 2659 2660 2661 2662 2659 2663 2657 2657 2663 2664 2657 2664 2665 2665 2664 2660 2665 2660 2666 2666 2660 2662 2667 2668 2669 2670 2671 2672 2673 2669 2674 2674 2669 2668 2674 2668 2675 2675 2668 2676 2675 2676 2677 2677 2676 2678 2672 2679 2670 2670 2679 2680 2670 2680 2681 2681 2680 2682 2681 2682 2683 2669 2684 2667 2667 2684 2685 2667 2685 2686 2686 2685 2687 2686 2687 2688 2688 2687 2689 2688 2689 2671 2671 2689 2690 2671 2690 2672 2682 2691 2683 2683 2691 2692 2683 2692 2693 2693 2692 2694 2693 2694 2695 2695 2694 2696 2695 2696 2660 2660 2696 2697 2660 2697 2661 2698 2699 2700 2700 2699 2701 2700 2701 2702 2703 2704 2705 2705 2704 2706 2705 2706 2707 2707 2706 2708 2707 2708 2709 2709 2708 2710 2709 2710 2711 2711 2710 2712 2711 2712 2713 2713 2712 2714 2713 2714 2715 2715 2714 2716 2715 2716 2717 2717 2716 2718 2717 2718 2719 2719 2718 2720 2719 2720 2721 2721 2720 2722 2721 2722 2698 2698 2722 2723 2698 2723 2699 2724 2725 2726 2726 2725 2727 2726 2727 2728 2728 2727 2729 2728 2729 2730 2730 2729 2731 2730 2731 2732 2732 2731 2733 2732 2733 2734 2734 2733 2735 2734 2735 2736 2736 2735 2737 2736 2737 2738 2738 2737 2739 2738 2739 2740 2740 2739 2741 2740 2741 2742 2742 2741 2743 2742 2743 2744 2743 2745 2744 2744 2745 2746 2744 2746 2747 2747 2746 2748 2746 2749 2748 2748 2749 2750 2748 2750 2751 2751 2750 2752 2751 2752 2753 2754 2755 2756 2756 2755 2757 2758 2759 2760 2760 2759 2761 2762 2763 2764 2764 2763 2765 2766 2767 2768 2768 2767 2769 2768 2769 2770 2771 2772 2773 2773 2772 2774 2773 2774 2775 2776 2777 2778 2778 2777 2779 2780 2781 2782 2782 2781 2783 2784 2785 2786 2786 2785 2787 2788 2789 2790 2790 2789 2791 2790 2791 2792 2793 2794 2795 2795 2794 2796 2795 2796 2797 2798 2799 2800 2800 2799 2801 2802 2803 2804 2804 2803 2805 2806 2807 1024 2806 1024 2808 2808 1024 1023 2808 1023 2809 2810 2811 2812 2812 2811 2813 1023 1022 2809 2809 1022 1020 2809 1020 2814 2814 1020 1018 2814 1018 2815 2815 1018 1016 2815 1016 2816 2816 1016 2817 1016 1014 2817 2817 1014 1012 2817 1012 2818 2818 1012 2819 2818 2819 2810 2810 2819 2820 2810 2820 2811 2821 2822 2823 2823 2822 2824 2825 2826 2827 2827 2826 2828 2829 2830 987 2831 2832 2833 2833 2832 2834 2835 2836 2837 2837 2836 2838 2837 2838 2839 2839 2838 2840 2839 2840 2831 2831 2840 2841 2831 2841 2832 2829 987 2842 2842 987 988 2842 988 2843 2837 2844 2835 2835 2844 2845 2835 2845 2846 2846 2845 2847 2846 2847 990 990 2847 2843 990 2843 989 989 2843 988 2848 2849 2850 2850 2849 2851 2852 2853 2854 2854 2853 2855 2856 2857 2858 2858 2857 2859 2858 2859 2860 2860 2859 2861 2862 2863 2864 2864 2863 2865 2866 2867 2868 2868 2867 2869 2870 2871 2872 2870 2872 2873 2873 2872 2874 2873 2874 2875 2874 2876 2875 2875 2876 2877 2875 2877 2878 2878 2877 2879 2878 2879 2880 2880 2879 2881 2880 2881 2882 2883 2884 2885 2885 2884 2886 2882 2881 2887 2887 2881 2888 2887 2888 2889 2889 2888 2890 2889 2890 2883 2883 2890 2891 2883 2891 2884 2892 2893 2894 895 896 2894 2894 896 897 2894 897 898 891 893 2894 2894 893 894 2894 894 895 898 899 2894 2894 899 900 2894 900 901 2895 2896 2894 2894 2896 892 2894 892 891 2897 2892 903 903 2892 2894 903 2894 902 902 2894 901 836 837 2898 836 2898 834 837 838 2898 2898 838 839 2898 839 840 845 2898 844 844 2898 843 840 841 2898 2898 841 842 2898 842 843 2899 2900 2901 2901 2900 2898 2901 2898 846 846 2898 845 2902 2903 2898 2898 2903 835 2898 835 834 2904 2905 932 2906 2907 932 932 2907 2908 2905 2909 932 932 2909 2910 932 2910 2911 2908 2912 932 932 2912 2913 932 2913 2904 904 929 930 933 934 932 932 934 935 932 935 2906 2911 2914 932 932 2914 904 932 904 931 931 904 930 2915 936 969 2916 2917 2918 2916 969 2919 2919 969 974 2919 974 975 2916 2918 969 969 2918 2920 969 2920 2915 972 973 971 971 973 974 971 974 970 970 974 969 2854 2855 2921 2921 2855 2922 2921 2922 2923 2923 2922 2924 2923 2924 2848 2848 2924 2849 1920 1922 2925 2925 1922 2926 2925 2926 2927 2927 2926 2928 2928 2926 2929 2928 2929 2930 2931 2932 2933 2933 2932 2934 2933 2934 2929 2929 2934 2935 2929 2935 2930 2931 2933 2936 2936 2933 2823 2936 2823 2824 2937 2938 2939 2939 2938 2940 2939 2940 2941 2941 2940 2942 2941 2942 2943 2943 2942 2123 2943 2123 2128 2937 2944 2938 2938 2944 2945 2938 2945 2946 2946 2945 2947 1921 1920 2948 2948 1920 2947 2948 2947 2949 2949 2947 2945 2853 2852 2950 2950 2852 2951 2952 2953 2951 2951 2953 2954 2951 2954 2950 2955 2956 2952 2952 2956 2957 2952 2957 2953 2952 2958 2955 2955 2958 1919 2955 1919 1921 1856 1858 2959 1856 2959 2960 2960 2959 2961 2960 2961 2962 2962 2961 2963 2962 2963 2964 2964 2963 2850 2964 2850 2851 2827 2828 2965 2965 2828 2966 2965 2966 2967 2967 2966 2968 2967 2968 2821 2821 2968 2822 2825 2969 2826 2826 2969 2970 2969 2971 2970 2970 2971 2972 2970 2972 2973 1866 1868 2974 2974 1868 2973 2974 2973 2975 2975 2973 2972 2800 2801 2976 2976 2801 2977 2976 2977 2978 2978 2977 2979 2979 2977 2980 2979 2980 2981 2981 2980 2982 2982 2980 1867 2982 1867 1869 2804 2805 2983 2983 2805 2984 2983 2984 2985 2985 2984 2986 2985 2986 2798 2798 2986 2799 1937 1941 2987 1937 2987 2988 2988 2987 2989 2988 2989 2990 2990 2989 2991 2990 2991 2992 2992 2991 2803 2992 2803 2802 1940 1942 2993 1940 2993 2994 2994 2993 2995 2994 2995 2996 2996 2995 2997 2996 2997 2998 2998 2997 2864 2998 2864 2865 1840 1857 2999 2999 1857 3000 2999 3000 3001 3001 3000 3002 3001 3002 3003 3003 3002 3004 3003 3004 3005 3005 3004 3006 3005 3006 3007 3007 3006 3008 3007 3008 2866 2866 3008 2867 2868 2869 3009 3009 2869 3010 3009 3010 3011 3011 3010 3012 3011 3012 2862 2862 3012 2863 1946 1889 1891 1946 1891 3013 3013 1891 1893 3013 1893 3014 3014 1893 1895 3014 1895 3015 3015 1895 1836 3015 1836 1833 2172 2174 3016 3016 2174 3017 3016 3017 3018 3018 3017 3019 3019 3017 3020 3019 3020 3021 3021 3020 3022 3022 3020 3023 3022 3023 3024 3024 3023 3025 3025 3023 2086 3025 2086 2093 2633 2635 3026 3026 2635 3027 3026 3027 3028 3029 3030 3031 3031 3030 3032 3031 3032 3027 3027 3032 3033 3027 3033 3028 3029 3031 3034 3034 3031 3035 3034 3035 3036 3036 3035 3037 3037 3035 2169 3037 2169 2177 2171 2170 3038 3038 2170 3039 3038 3039 3040 3040 3039 3041 3041 3039 3042 3042 3039 3043 3042 3043 3044 3044 3043 3045 3044 3045 3046 3046 3045 2592 3046 2592 2603 3047 3048 2106 2106 3048 3049 2106 3049 2111 3050 3051 3052 3052 3051 3053 3052 3053 3047 3047 3053 3054 3047 3054 3048 3052 3055 3050 3050 3055 2184 3050 2184 2167 1882 1929 3056 1882 3056 1897 1897 3056 3057 1897 3057 1899 1899 3057 3058 1899 3058 1901 1901 3058 1844 1901 1844 1831 3059 3060 3061 3061 3062 3059 3059 3062 3063 3059 3063 2087 2087 3063 3064 2087 3064 2088 3065 3066 3060 3060 3066 3067 3060 3067 3061 3060 3068 3065 3065 3068 2270 3065 2270 2273 1932 1884 3069 3069 1884 1905 3069 1905 3070 3070 1905 3071 3071 1905 1907 3071 1907 3072 3072 1907 1909 3072 1909 3073 3073 1909 1864 3073 1864 1879 2267 2265 3074 3074 2265 3075 3074 3075 3076 3076 3075 3077 3077 3075 3078 3077 3078 3079 3079 3078 3080 3080 3078 3081 3080 3081 3082 3082 3081 3083 3083 3081 2105 3083 2105 2108 1936 3084 1888 1888 3084 1912 3084 3085 1912 1912 3085 3086 1912 3086 1915 1872 1865 3087 3087 1865 1915 3087 1915 3088 3088 1915 3086 3089 3090 3091 3091 3090 3092 3091 3092 2619 2619 3092 3093 2619 3093 2620 3094 3095 3096 3096 3095 3089 3096 3089 3097 3097 3089 3091 2639 2640 3098 3098 2640 3095 3098 3095 3099 3099 3095 3094 2638 2637 3100 3100 2637 3101 3102 3103 3104 3104 3103 3105 3104 3105 3101 3101 3105 3106 3101 3106 3100 3107 3108 3109 3109 3108 3103 3109 3103 3110 3110 3103 3102 3107 3111 3108 3108 3111 3112 3108 3112 3113 3113 3112 2587 3113 2587 2589 1616 3114 1611 1626 3115 1627 1627 3115 3116 1627 3116 1637 1637 3116 3117 1637 3117 1638 3114 1616 3117 3117 1616 1639 3117 1639 1638 3115 1615 3116 3116 1615 1614 3116 1614 3117 3117 1614 1613 3117 1613 3114 3114 1613 1612 3114 1612 1611 1621 1623 2281 2281 1623 3118 3118 1623 3119 3119 1623 1625 3119 1625 3120 3120 1625 1636 3120 1636 3121 3121 1636 1635 3121 1635 3122 1635 1633 3122 3122 1633 1611 3122 1611 2303 1622 1621 2279 1622 2279 1618 1618 2279 3123 1618 3123 1619 1619 3123 3124 1619 3124 1631 1631 3124 1630 1630 3124 3125 1630 3125 1628 1628 3125 1626 1626 3125 3126 1626 3126 3115 3115 3126 1504 3115 1504 1615 3127 3128 3129 1583 3130 2310 2310 3130 3131 2310 3131 2315 2315 3131 3132 2315 3132 2316 2316 3132 3133 2316 3133 2317 2317 3133 3134 2317 3134 2318 2318 3134 3135 2318 3135 2319 2319 3135 3136 2319 3136 2320 2320 3136 3129 2320 3129 2311 2311 3129 3128 2311 3128 2300 2300 3128 3137 2300 3137 2301 3127 3129 3138 3138 3129 3136 3138 3136 3139 3139 3136 3135 3139 3135 3140 3140 3135 3134 3140 3134 3141 3141 3134 3133 3141 3133 3142 3142 3133 3132 3142 3132 3143 3143 3132 3131 3143 3131 3144 3144 3131 3130 3144 3130 3145 1663 3146 3127 3127 3146 3147 3127 3147 3128 3128 3147 3148 3128 3148 3137 1583 1586 3130 3130 1586 1588 3130 1588 3145 3145 1588 1591 3145 1591 1590 1663 3127 1665 1665 3127 3138 1665 3138 1667 1667 3138 3139 1667 3139 1669 1669 3139 3140 1669 3140 1671 1671 3140 3141 1671 3141 1673 1673 3141 3142 1673 3142 1661 1661 3142 3143 1661 3143 1659 1659 3143 3144 1659 3144 1657 1657 3144 3145 1657 3145 1655 1655 3145 1590 1655 1590 1589 3149 2298 2299 2296 3150 2305 2305 3150 3151 3152 3153 3150 3150 3153 3154 3150 3154 3151 1902 1903 3155 1900 1902 3156 3156 1902 3155 3156 3155 3152 3152 3155 3157 3152 3157 3153 1898 1900 3158 3159 3160 3161 3159 3161 3162 2299 3163 3149 3149 3163 3164 3149 3164 3165 3165 3164 3166 3166 3167 3165 3165 3167 3160 3165 3160 3158 3158 3160 3159 3158 3159 1898 1898 3159 3162 1898 3162 1883 1900 3156 3158 3158 3156 3152 3158 3152 3165 3165 3152 3150 3165 3150 3149 3149 3150 2296 3149 2296 2298 1903 1896 3155 3155 1896 3168 3155 3168 3157 3157 3168 3169 3157 3169 3153 3153 3169 3170 3153 3170 3154 3154 3170 3171 3154 3171 3151 3151 3171 3172 3151 3172 2305 2305 3172 2304 3122 2303 3173 2281 3118 3174 3174 3118 3175 1677 3176 3177 3177 3176 3178 3177 3178 3179 3179 3178 3180 3179 3180 2303 3176 3181 3178 3178 3181 3182 3178 3182 3180 3180 3182 3183 3180 3183 2303 3184 3174 3185 3185 3174 3175 3185 3175 3186 3186 3175 3173 3186 3173 2303 3118 3119 3175 3175 3119 3120 3175 3120 3173 3173 3120 3121 3173 3121 3122 3181 3184 3182 3182 3184 3185 3182 3185 3183 3183 3185 3186 3183 3186 2303 3187 3188 1525 3187 1525 3189 3190 3189 1525 1481 1480 3191 1480 1504 3126 1480 3126 3191 3191 3126 3125 3191 3125 3192 3192 3125 3124 3192 3124 3193 3193 3124 3123 3193 3123 3194 3194 3123 2279 3194 2279 3195 3196 1477 1481 1481 3191 3196 3196 3191 3192 3196 3192 3197 3197 3192 3193 3197 3193 3198 3198 3193 3194 3198 3194 3199 3199 3194 3195 3199 3195 3200 1525 1478 3201 3201 1478 1477 3190 1525 3201 1477 3196 3201 3201 3196 3197 3201 3197 3190 3190 3197 3198 3190 3198 3189 3189 3198 3199 3189 3199 3187 3187 3199 3200 3187 3200 3188 3202 3203 2301 3202 2301 3204 3205 3204 2301 3147 3146 3206 3146 1663 3207 3146 3207 3206 3206 3207 3208 3206 3208 3209 3209 3208 3210 3209 3210 3211 3211 3210 3212 3211 3212 3213 3213 3212 2323 3213 2323 3214 3215 3148 3147 3147 3206 3215 3215 3206 3209 3215 3209 3216 3216 3209 3211 3216 3211 3217 3217 3211 3213 3217 3213 3218 3218 3213 3214 3218 3214 3219 2301 3137 3220 3220 3137 3148 3205 2301 3220 3148 3215 3220 3220 3215 3216 3220 3216 3205 3205 3216 3217 3205 3217 3204 3204 3217 3218 3204 3218 3202 3202 3218 3219 3202 3219 3203 3160 3167 3221 3222 3223 1883 3224 3225 3226 3164 3163 3227 3221 3228 3229 3225 3224 3230 3230 3224 3227 3230 3227 3163 3230 3163 2299 3221 3167 3228 3228 3167 3166 3228 3166 3164 3222 3231 3223 3223 3231 3232 3223 3232 3233 3164 3227 3228 3228 3227 3224 3228 3224 3229 3229 3224 3226 3229 3226 3234 3234 3226 2119 3234 2119 2107 1883 3162 3222 3222 3162 3161 3222 3161 3231 3231 3161 3160 3160 3221 3231 3231 3221 3229 3231 3229 3232 3232 3229 3234 3232 3234 3233 3233 3234 2107 3233 2107 3223 3223 2107 1883 3171 3170 3235 3169 3168 3236 3237 3238 3239 3240 2294 2293 3238 3240 3239 3239 3240 2293 3239 2293 3241 3241 2293 2321 3241 2321 3172 3172 2321 2304 3242 3243 3244 3168 1896 3236 3236 1896 1894 3236 1894 3245 3245 1894 1892 3245 1892 3242 3242 1892 1890 3242 1890 3243 3243 1890 1887 3172 3171 3241 3241 3171 3235 3241 3235 3239 3239 3235 3246 3239 3246 3237 3237 3246 3247 3170 3169 3235 3235 3169 3236 3235 3236 3246 3246 3236 3245 3246 3245 3247 3247 3245 3242 3247 3242 3244 1677 3177 3248 3177 3179 3249 3179 2303 2302 3179 2302 3249 3249 2302 2314 3249 2314 3250 3250 2314 2313 3250 2313 3251 3251 2313 2312 3251 2312 3252 3252 2312 2309 3252 2309 3253 3253 2309 2308 3253 2308 3254 3254 2308 2307 3254 2307 3255 3255 2307 2306 3255 2306 3256 3256 2306 2322 3256 2322 3257 3257 2322 1548 3257 1548 1529 3177 3249 3248 3248 3249 3250 3248 3250 3258 3258 3250 3251 3258 3251 3259 3259 3251 3252 3259 3252 3260 3260 3252 3253 3260 3253 3261 3261 3253 3254 3261 3254 3262 3262 3254 3255 3262 3255 3263 3263 3255 3256 3263 3256 3264 3264 3256 3257 3264 3257 3265 3265 3257 1529 3265 1529 1527 1677 3248 1679 1679 3248 3258 1679 3258 1681 1681 3258 3259 1681 3259 1683 1683 3259 3260 1683 3260 1685 1685 3260 3261 1685 3261 1687 1687 3261 3262 1687 3262 1689 1689 3262 3263 1689 3263 1691 1691 3263 3264 1691 3264 1693 1693 3264 3265 1693 3265 1695 1695 3265 1527 1695 1527 1526 1677 1676 3266 1677 3266 3176 3176 3266 3267 3176 3267 3181 3181 3267 3268 3181 3268 3184 3184 3268 3269 3184 3269 3174 3174 3269 2280 3174 2280 2281 2279 2280 3270 2279 3270 3195 3195 3270 3271 3195 3271 3200 3200 3271 3272 3200 3272 3188 3188 3272 2208 3188 2208 1525 2196 3273 3274 1506 1505 3275 3273 3276 3277 1487 1486 3278 3276 3279 3280 3279 1662 1664 1670 3281 3282 3279 1664 3280 3280 1664 1666 3280 1666 3282 3282 1666 1668 3282 1668 1670 1658 3283 3284 1670 1672 3281 3281 1672 1674 3281 1674 3285 3285 1674 1675 3285 1675 3284 3284 1675 1660 3284 1660 1658 1658 1656 3283 3283 1656 1484 3283 1484 1483 3276 3280 3277 3277 3280 3282 3277 3282 3286 3286 3282 3281 3286 3281 3287 3287 3281 3285 3287 3285 3288 3288 3285 3284 3288 3284 3289 3289 3284 3283 3289 3283 3278 3278 3283 1483 3278 1483 1487 3273 3277 3274 3274 3277 3286 3274 3286 3290 3290 3286 3287 3290 3287 3291 3291 3287 3288 3291 3288 3292 3292 3288 3289 3292 3289 3293 3293 3289 3278 3293 3278 3275 3275 3278 1486 3275 1486 1506 2196 3274 2197 2197 3274 3290 2197 3290 2198 2198 3290 3291 2198 3291 2203 2203 3291 3292 2203 3292 2204 2204 3292 3293 2204 3293 2206 2206 3293 3275 2206 3275 2210 2210 3275 1505 2210 1505 1516 1663 1662 3294 1663 3294 3207 3207 3294 3295 3207 3295 3208 3208 3295 3296 3208 3296 3210 3210 3296 3297 3210 3297 3212 3212 3297 2324 3212 2324 2323 2323 2325 3298 2323 3298 3214 3214 3298 3299 3214 3299 3219 3219 3299 3300 3219 3300 3203 3203 3300 2297 3203 2297 2301 2299 2297 3230 3230 2297 3301 3230 3301 3302 3230 3302 3225 3225 3302 3303 3225 3303 3226 3226 3303 2117 3226 2117 2119 3304 3305 3306 2098 2097 3307 1887 2098 3308 3308 2098 3309 3310 3311 3243 3312 2294 3304 3304 2294 3240 3304 3240 3305 3305 3240 3238 3237 3247 3311 3311 3247 3244 3311 3244 3243 3312 3304 3313 3313 3304 3306 3313 3306 3314 3314 3306 3315 3314 3315 3316 3309 3317 3308 3308 3317 3318 3308 3318 1887 2098 3307 3309 3309 3307 3319 3309 3319 3317 3317 3319 3310 3317 3310 3318 3318 3310 3243 3318 3243 1887 3238 3237 3305 3305 3237 3311 3305 3311 3306 3306 3311 3310 3306 3310 3315 3315 3310 3319 3315 3319 3316 3316 3319 3307 3316 3307 3320 3320 3307 2097 3321 3322 1570 1570 1560 3321 3321 1560 1559 3321 1559 3323 1459 3322 1460 1460 3322 3321 1460 3321 1471 1471 3321 3323 1471 3323 1472 1472 3323 3324 1472 3324 1470 1559 1558 3323 3323 1558 1557 3323 1557 3324 3324 1557 1470 3325 3326 2208 3327 3266 1676 3267 3266 3328 3328 3266 3327 3328 3327 3329 3329 3327 3330 3329 3330 3331 3332 3330 3333 3333 3330 3327 3333 3327 3334 3334 3327 1676 3269 3268 3335 3335 3268 3336 3335 3336 3337 3337 3336 3338 3337 3338 3339 3339 3338 3340 3339 3340 2208 3268 3267 3336 3336 3267 3328 3336 3328 3338 3338 3328 3329 3338 3329 3340 3340 3329 3331 3340 3331 2208 2280 3269 3270 3270 3269 3335 3270 3335 3271 3271 3335 3337 3271 3337 3272 3272 3337 3339 3272 3339 2208 3332 3326 3330 3330 3326 3325 3330 3325 3331 3331 3325 2208 3341 3273 2196 3341 2196 3342 3343 3342 2196 3344 3343 2196 3345 3344 2196 3345 3346 3347 3346 3348 3349 3348 2324 3297 3348 3297 3349 3349 3297 3296 3349 3296 3350 3350 3296 3295 3350 3295 3351 3351 3295 3294 3351 3294 3352 3352 3294 1662 3352 1662 3279 3346 3349 3347 3347 3349 3350 3347 3350 3353 3353 3350 3351 3353 3351 3354 3354 3351 3352 3354 3352 3355 3355 3352 3279 3355 3279 3276 3345 3347 3344 3344 3347 3353 3344 3353 3343 3343 3353 3354 3343 3354 3342 3342 3354 3355 3342 3355 3341 3341 3355 3276 3341 3276 3273 3356 3301 2297 3357 3358 3359 3360 3361 3362 3362 3361 3363 2325 3357 3298 3298 3357 3359 3298 3359 3299 3299 3359 3364 3299 3364 3300 3300 3364 2297 3358 3360 3359 3359 3360 3362 3359 3362 3364 3364 3362 3356 3364 3356 2297 3301 3356 3302 3302 3356 3362 3302 3362 3303 3303 3362 3363 3303 3363 2117 2097 2095 3365 2097 3365 3320 3320 3365 3366 3320 3366 3316 3367 2295 2294 2294 3312 3367 3367 3312 3313 3367 3313 3366 3366 3313 3314 3366 3314 3316 2284 1473 1474 2284 1474 3368 3368 1474 1475 3368 1475 3369 3369 1475 1476 3369 1476 3370 3370 1476 1470 3370 1470 2295 1473 2282 3371 1473 3371 1464 1464 3371 3372 1464 3372 1461 1461 3372 1462 1462 3372 3373 1462 3373 1458 1458 3373 1459 1459 3373 3374 1459 3374 3322 3322 3374 1436 3322 1436 1570 1439 1445 3375 1418 1417 3376 3334 1676 1678 3332 3333 3377 3377 3333 3334 3334 1678 3377 3377 1678 1680 3377 1680 3378 3378 1680 1682 3378 1682 3379 3379 1682 1684 3379 1684 3380 3380 1684 1686 3380 1686 3381 3381 1686 1688 3381 1688 3382 3382 1688 1690 3382 1690 3383 3383 1690 1692 3383 1692 3384 3384 1692 1694 3384 1694 3376 3376 1694 1420 3376 1420 1418 2208 3326 3385 3385 3326 3332 3332 3377 3385 3385 3377 3378 3385 3378 3386 3386 3378 3379 3386 3379 3387 3387 3379 3380 3387 3380 3388 3388 3380 3381 3388 3381 3389 3389 3381 3382 3389 3382 3390 3390 3382 3383 3390 3383 3391 3391 3383 3384 3391 3384 3392 3392 3384 3376 3392 3376 3375 3375 3376 1417 3375 1417 1439 2208 3385 2199 2199 3385 3386 2199 3386 2200 2200 3386 3387 2200 3387 2211 2211 3387 3388 2211 3388 2212 2212 3388 3389 2212 3389 2214 2214 3389 3390 2214 3390 2215 2215 3390 3391 2215 3391 2216 2216 3391 3392 2216 3392 2217 2217 3392 3375 2217 3375 2218 2218 3375 1445 2218 1445 1451 2326 2324 3348 2326 3348 3393 3393 3348 3346 3393 3346 3394 3394 3346 3345 3394 3345 3395 3395 3345 2196 3395 2196 2193 2117 3363 2118 2118 3363 3396 3396 3363 3397 3397 3363 3361 3397 3361 3398 3398 3361 3360 3398 3360 3399 3399 3360 3358 3399 3358 3400 3358 3357 3400 3400 3357 2325 3400 2325 2326 3401 3402 3403 3404 3401 3405 3405 3401 3403 3405 3403 3406 3406 3403 3407 3406 3407 3408 3408 3407 3409 3408 3409 2295 3402 2284 3403 3403 2284 3368 3403 3368 3407 3407 3368 3369 3407 3369 3409 3409 3369 3370 3409 3370 2295 2095 3404 3365 3365 3404 3405 3365 3405 3366 3366 3405 3406 3366 3406 3367 3367 3406 3408 3367 3408 2295 3410 3411 1457 3412 3371 2282 3413 3372 3371 3414 3373 3372 3415 3374 3373 1436 3374 1437 1437 3374 3415 1437 3415 1414 1414 3415 1415 3373 3414 3415 3415 3414 3416 3415 3416 1415 3411 3410 3412 2282 3417 3412 3412 3417 3418 3412 3418 3411 3411 3418 3419 3411 3419 1457 1457 1412 3416 3416 1412 1411 3416 1411 1415 3372 3413 3414 3414 3413 3420 3414 3420 3416 3416 3420 1457 3371 3412 3413 3413 3412 3410 3413 3410 3420 3420 3410 1457 3394 3395 3421 3395 2193 3422 3395 3422 3421 3421 3422 3423 3421 3423 3424 3423 2118 3396 2326 3393 3425 3425 3393 3394 3426 2326 3425 3423 3396 3424 3424 3396 3397 3424 3397 3398 3394 3421 3425 3425 3421 3424 3425 3424 3426 3426 3424 3398 3426 3398 3399 3399 3400 3426 3426 3400 2326 2095 2094 3427 2095 3427 3404 3404 3427 3428 3404 3428 3401 3401 3428 3429 3401 3429 3402 3402 3429 2283 3402 2283 2284 2282 2283 3430 2282 3430 3417 3417 3430 3431 3417 3431 3418 3418 3431 3432 3418 3432 3419 3419 3432 2188 3419 2188 1457 2120 2118 3423 3433 3434 3422 3422 3434 3435 3422 3435 3423 3423 3435 3436 3423 3436 2120 2193 2192 3422 3422 2192 3437 3422 3437 3433 2094 3438 3427 3427 3438 3439 3427 3439 3428 3428 3439 3440 3428 3440 3429 3429 3440 3441 3429 3441 2283 3442 3443 3444 3444 3443 3445 3444 3445 3446 3446 3445 3447 3446 3447 3448 3448 3447 3449 3448 3449 2283 3443 2188 3445 3445 2188 3432 3445 3432 3447 3447 3432 3431 3447 3431 3449 3449 3431 3430 3449 3430 2283 3438 3442 3439 3439 3442 3444 3439 3444 3440 3440 3444 3446 3440 3446 3441 3441 3446 3448 3441 3448 2283 3450 3451 3452 3453 3454 3455 3456 3451 3457 3457 3451 3450 3457 3450 3458 2121 2120 3459 2106 2121 3460 3460 2121 3461 3462 2106 3460 3454 3463 3455 3455 3463 3464 3455 3464 3465 2192 3458 3437 3437 3458 3450 3437 3450 3433 3433 3450 3452 3433 3452 3434 3434 3452 3466 3434 3466 3435 3467 3462 3468 3468 3462 3460 3468 3460 3469 3469 3460 3461 2121 3459 3461 3461 3459 3470 3461 3470 3469 3469 3470 3465 3469 3465 3468 3468 3465 3464 3468 3464 3467 3456 3453 3451 3451 3453 3455 3451 3455 3452 3452 3455 3465 3452 3465 3466 3466 3465 3470 3466 3470 3435 3435 3470 3459 3435 3459 3436 3436 3459 2120 2094 2096 3471 2094 3471 3438 3438 3471 3472 3438 3472 3442 3442 3472 3473 3442 3473 3443 3443 3473 2188 2188 3473 2191 3463 3454 3474 3047 2106 3462 3055 3475 2184 2184 3475 3476 3476 3475 3477 3477 3475 3478 3477 3478 3479 3479 3478 3480 3480 3478 3481 3480 3481 3482 2205 3482 2195 2195 3482 3481 2195 3481 2194 2192 2194 3458 3458 2194 3483 3458 3483 3457 3457 3483 3456 3463 3474 3464 3047 3462 3474 3474 3462 3467 3474 3467 3464 3456 3483 3453 3453 3483 3484 3453 3484 3454 3454 3484 3485 3454 3485 3474 3474 3485 3052 3474 3052 3047 2194 3481 3483 3483 3481 3478 3483 3478 3484 3484 3478 3475 3484 3475 3485 3485 3475 3055 3485 3055 3052 3486 3487 3488 3489 3490 3491 3491 3490 2191 3492 3493 3486 3486 3493 3494 3486 3494 3487 3487 3494 3489 3495 3496 3497 3497 3496 3498 3497 3498 3492 2086 3499 3500 3500 3499 3501 3500 3501 3502 2191 3473 3491 3491 3473 3503 3503 3473 3472 3503 3472 3471 3501 3495 3502 3502 3495 3497 3502 3497 3500 3500 3497 3504 3500 3504 3505 3489 3491 3487 3487 3491 3503 3487 3503 3488 3488 3503 3471 3488 3471 3506 3506 3471 2096 3506 2096 2089 3492 3486 3497 3497 3486 3488 3497 3488 3504 3504 3488 3506 3504 3506 3505 3505 3506 2089 3505 2089 3500 3500 2089 2086 2205 2209 3482 3482 2209 3507 3482 3507 3480 3480 3507 3508 3480 3508 3479 3479 3508 3509 3479 3509 3477 3477 3509 3510 3477 3510 3476 3476 3510 3511 3476 3511 2184 2184 3511 2185 3512 2190 2191 2190 3512 2189 2202 2189 3513 2202 3513 3514 3514 3513 3515 3514 3515 3516 3516 3515 3517 3516 3517 3518 3518 3517 3017 3518 3017 2174 3492 3498 3519 3519 3498 3496 3496 3495 3519 3519 3495 3501 3519 3501 3023 3023 3501 3499 3023 3499 2086 2191 3490 3512 3512 3490 3489 3512 3489 3520 3520 3489 3494 3520 3494 3493 3493 3492 3520 3520 3492 3519 3520 3519 3521 3521 3519 3023 3521 3023 3020 2189 3512 3513 3513 3512 3520 3513 3520 3515 3515 3520 3521 3515 3521 3517 3517 3521 3020 3517 3020 3017 3522 3523 3524 3523 3522 2789 2789 3522 3525 2789 3525 2791 3526 3527 3524 3524 3527 3528 3524 3528 3522 3524 3529 3526 3526 3529 2209 3526 2209 2207 2213 2202 3514 2213 3514 3530 3530 3514 3516 3530 3516 3531 3531 3516 3518 3531 3518 3532 3532 3518 2174 3532 2174 2176 3533 3534 3535 2201 3536 2207 2207 3536 3537 3537 3536 3533 3533 3536 3538 3533 3538 3534 2778 2779 3539 3539 2779 3540 3539 3540 3535 3535 3540 3541 3535 3541 3533 2201 2213 3542 2201 3542 3543 3543 3542 3544 3543 3544 3545 3545 3544 3546 3545 3546 3547 2796 2794 3546 3546 2794 3548 3546 3548 3547 2102 2100 3549 2102 3549 3550 3550 3549 3551 3550 3551 3552 3553 2330 2329 2329 3554 3553 3553 3554 3555 3553 3555 3551 3551 3555 3556 3551 3556 3552 3557 3558 3559 3560 3561 3562 3563 3558 3564 3564 3558 3557 3564 3557 3565 2103 2102 3566 2087 2103 3567 3567 2103 3568 3569 2087 3567 3561 3570 3562 3562 3570 3571 3562 3571 3572 2329 3565 3554 3554 3565 3557 3554 3557 3555 3555 3557 3559 3555 3559 3556 3556 3559 3573 3556 3573 3552 3574 3569 3575 3575 3569 3567 3575 3567 3576 3576 3567 3568 2103 3566 3568 3568 3566 3577 3568 3577 3576 3576 3577 3572 3576 3572 3575 3575 3572 3571 3575 3571 3574 3563 3560 3558 3558 3560 3562 3558 3562 3559 3559 3562 3572 3559 3572 3573 3573 3572 3577 3573 3577 3552 3552 3577 3566 3552 3566 3550 3550 3566 2102 3578 3579 2330 3578 2330 3580 3581 3580 2330 3553 3581 2330 3582 3583 3584 3582 3584 3585 3584 3586 3585 3585 3586 3587 3585 3587 3588 3587 3589 3588 3588 3589 2288 3588 2288 3590 2100 3583 3549 3549 3583 3582 3549 3582 3551 3551 3582 3553 3553 3582 3581 3581 3582 3585 3581 3585 3580 3580 3585 3588 3580 3588 3578 3578 3588 3590 3578 3590 3579 1397 2330 3591 3591 2330 3579 3591 3579 3592 3592 3579 3593 3593 3579 3590 3593 3590 3594 3594 3590 3595 3595 3590 2288 3595 2288 2286 3565 2329 2331 3596 3597 3598 3599 3600 3601 3059 2087 3569 3600 2270 3601 3601 2270 3068 3601 3068 3602 3602 3068 3060 3602 3060 3603 3603 3060 3059 3560 3563 3604 3604 3563 3564 3564 3565 3604 3604 3565 2331 3604 2331 3605 3605 2331 2332 3605 2332 3606 3606 2332 2336 3059 3569 3603 3603 3569 3574 3603 3574 3571 3606 3596 3605 3605 3596 3598 3605 3598 3604 3604 3598 3607 3604 3607 3560 3560 3607 3561 3597 3599 3598 3598 3599 3601 3598 3601 3607 3607 3601 3602 3607 3602 3561 3561 3602 3603 3561 3603 3570 3570 3603 3571 2287 2288 3608 3608 2288 3589 3608 3589 3609 3609 3589 3587 3609 3587 3610 3610 3587 3586 3610 3586 3611 3611 3586 3584 3611 3584 3612 3612 3584 3583 3612 3583 2099 2099 3583 2100 2364 1356 3613 2364 3613 3614 3614 3613 3615 3614 3615 3616 3616 3615 3617 3616 3617 3618 3618 3617 2285 3618 2285 2287 1403 1336 3619 3619 1336 1401 1403 3619 1404 1404 3619 3620 1404 3620 3621 3621 3620 3622 3622 3620 3623 3622 3623 3624 3624 3623 3625 3625 3623 3626 3625 3626 3627 3627 3626 3628 3628 3626 2286 3628 2286 2285 3629 1398 1397 3629 1397 3630 3631 3630 1397 3594 3595 3632 3595 2286 3626 3595 3626 3632 3632 3626 3623 3632 3623 3633 3633 3623 3620 3633 3620 3634 3634 3620 3619 3634 3619 3635 3635 3619 1401 3635 1401 1400 3592 3593 3636 3636 3593 3594 3594 3632 3636 3636 3632 3633 3636 3633 3637 3637 3633 3634 3637 3634 3638 3638 3634 3635 3638 3635 3639 3639 3635 1400 3639 1400 1399 1397 3591 3640 3640 3591 3592 3631 1397 3640 3592 3636 3640 3640 3636 3637 3640 3637 3631 3631 3637 3638 3631 3638 3630 3630 3638 3639 3630 3639 3629 3629 3639 1399 3629 1399 1398 2271 2270 3600 2271 3600 3641 3641 3600 3599 3641 3599 3642 3599 3597 3642 3642 3597 3596 3642 3596 2349 2349 3596 3606 2349 3606 2336 3608 3643 2287 3644 3645 3646 3647 3648 3649 2099 3650 3612 3612 3650 3651 3612 3651 3611 3611 3651 3652 3611 3652 3610 3643 3608 3652 3652 3608 3609 3652 3609 3610 3648 3644 3649 3649 3644 3646 3649 3646 3653 3653 3646 3654 3653 3654 3655 3655 3654 3656 3655 3656 2287 3645 2364 3646 3646 2364 3614 3646 3614 3654 3654 3614 3616 3654 3616 3656 3656 3616 3618 3656 3618 2287 3650 3647 3651 3651 3647 3649 3651 3649 3652 3652 3649 3653 3652 3653 3643 3643 3653 3655 3643 3655 2287 3657 3613 1356 1410 3658 1356 3613 3657 3615 3658 3659 3660 1404 3621 1405 1405 3621 3659 1405 3659 1406 3621 3622 3659 3659 3622 3624 3659 3624 3660 3660 3624 3625 3660 3625 3627 3628 2285 3661 3661 2285 3617 3658 1410 3659 3659 1410 1409 3659 1409 1406 1356 3658 3662 3662 3658 3660 3662 3660 3661 3661 3660 3627 3661 3627 3628 3617 3615 3661 3661 3615 3657 3661 3657 3662 3662 3657 1356 3663 3664 3665 1369 3666 2352 2352 3666 3667 2352 3667 2351 2351 3667 3668 2351 3668 2350 2350 3668 3669 2350 3669 2348 2348 3669 3670 2348 3670 2353 2353 3670 3671 2353 3671 2354 2354 3671 3672 2354 3672 2355 2355 3672 3665 2355 3665 2339 2339 3665 3664 2339 3664 2340 2340 3664 1300 2340 1300 1299 3663 3665 3673 3673 3665 3672 3673 3672 3674 3674 3672 3671 3674 3671 3675 3675 3671 3670 3675 3670 3676 3676 3670 3669 3676 3669 3677 3677 3669 3668 3677 3668 3678 3678 3668 3667 3678 3667 3679 3679 3667 3666 3679 3666 3680 1308 1306 3663 3663 1306 1304 3663 1304 3664 3664 1304 1302 3664 1302 1300 1369 1372 3666 3666 1372 1374 3666 1374 3680 3680 1374 1377 3680 1377 1376 1308 3663 2497 2497 3663 3673 2497 3673 2499 2499 3673 3674 2499 3674 2501 2501 3674 3675 2501 3675 2503 2503 3675 3676 2503 3676 2505 2505 3676 3677 2505 3677 2507 2507 3677 3678 2507 3678 2512 2512 3678 3679 2512 3679 2510 2510 3679 3680 2510 3680 2508 2508 3680 1376 2508 1376 1375 3681 3682 3683 3682 3681 2772 2772 3681 3684 2772 3684 2774 3685 3686 3683 3683 3686 3687 3683 3687 3681 3683 3688 3685 3685 3688 2349 3685 2349 2341 2366 2364 3689 3689 2364 3645 3689 3645 3690 3690 3645 3644 3690 3644 3691 3691 3644 3648 3691 3648 3692 3692 3648 3647 3692 3647 2101 2101 3647 3650 2101 3650 2099 3693 3694 3695 3694 2495 2496 2502 3696 3697 3694 2496 3695 3695 2496 2498 3695 2498 3697 3697 2498 2500 3697 2500 2502 2511 3698 3699 2502 2504 3696 3696 2504 2506 3696 2506 3700 3700 2506 2514 3700 2514 3699 3699 2514 2513 3699 2513 2511 2511 2509 3698 3698 2509 1320 3698 1320 1318 3701 3702 3703 3703 3702 3693 3693 3695 3703 3703 3695 3697 3703 3697 3704 3704 3697 3696 3704 3696 3705 3705 3696 3700 3705 3700 3706 3706 3700 3699 3706 3699 3707 3707 3699 3698 3707 3698 3708 3708 3698 1318 3708 1318 1316 2375 3709 3710 3710 3709 3701 3701 3703 3710 3710 3703 3704 3710 3704 3711 3711 3704 3705 3711 3705 3712 3712 3705 3706 3712 3706 3713 3713 3706 3707 3713 3707 3714 3714 3707 3708 3714 3708 3715 3715 3708 1316 3715 1316 1314 2375 3710 2376 2376 3710 3711 2376 3711 2377 2377 3711 3712 2377 3712 2378 2378 3712 3713 2378 3713 2379 2379 3713 3714 2379 3714 2381 2381 3714 3715 2381 3715 2380 2380 3715 1314 2380 1314 1313 1308 2495 3716 2292 3717 2291 2291 3717 3718 3717 3719 3718 3718 3719 3720 3718 3720 3721 3720 3722 3721 3721 3722 3723 3721 3723 3724 3723 3725 3724 3724 3725 1309 3724 1309 3716 3716 1309 1307 3716 1307 1308 3726 3727 1299 3727 3726 3728 3729 3717 2292 3717 3729 3719 3722 3720 3730 3725 3723 3731 3720 3719 3730 3730 3719 3729 3730 3729 3732 3732 3729 3733 3732 3733 3734 3735 3733 3736 3736 3733 3729 3736 3729 3737 3737 3729 2292 1309 3725 1310 1310 3725 3731 1310 3731 1311 1311 3731 3738 1311 3738 1312 1312 3738 3739 1312 3739 1299 3723 3722 3731 3731 3722 3730 3731 3730 3738 3738 3730 3732 3738 3732 3739 3739 3732 3734 3739 3734 1299 3735 3728 3733 3733 3728 3726 3733 3726 3734 3734 3726 1299 3740 3741 3742 2337 3743 2341 2341 3743 3744 3744 3743 3740 3740 3743 3745 3740 3745 3741 2764 2765 3746 3746 2765 3747 3746 3747 3742 3742 3747 3748 3742 3748 3740 3749 3750 2366 3751 3752 3753 3754 3755 3752 3755 3754 3756 3756 3754 3757 3756 3757 3758 3759 3760 3757 3757 3760 3761 3757 3761 3758 1886 3762 3763 3763 3762 3764 2090 1886 3763 2090 3765 3766 2366 3689 3749 3749 3689 3690 3749 3690 3767 3752 3751 3754 3754 3751 3768 3754 3768 3757 3768 3769 3757 3757 3769 3763 3757 3763 3759 3759 3763 3764 3759 3764 3760 3690 3691 3767 3767 3691 3692 3767 3692 3766 3766 3692 2101 3766 2101 2090 2090 3763 3765 3765 3763 3769 3765 3769 3766 3766 3769 3768 3766 3768 3767 3767 3768 3751 3767 3751 3749 3749 3751 3753 3749 3753 3750 3709 2375 3770 2495 3694 3716 3716 3694 3771 2291 3718 3772 3772 3718 3773 3772 3773 3774 3774 3773 3775 3774 3775 2375 3718 3721 3773 3773 3721 3776 3773 3776 3775 3775 3776 3777 3775 3777 2375 3724 3716 3778 3778 3716 3771 3778 3771 3779 3779 3771 3770 3779 3770 2375 3694 3693 3771 3771 3693 3702 3771 3702 3770 3770 3702 3701 3770 3701 3709 3721 3724 3776 3776 3724 3778 3776 3778 3777 3777 3778 3779 3777 3779 2375 1299 3727 1258 1258 3727 3780 3727 3728 3780 3780 3728 3735 3780 3735 3781 3781 3735 3736 3781 3736 2290 2290 3736 3737 2290 3737 2292 3782 3783 3784 3784 3783 2337 3784 2337 2338 3785 2769 2767 2767 3786 3785 3785 3786 3787 3785 3787 3782 3782 3787 3788 3782 3788 3783 1917 1918 3789 3790 3791 3792 3793 2365 2366 2365 3793 2363 3794 2371 3795 3795 2371 2363 3792 3791 3795 3795 3791 3796 3795 3796 3794 3790 3792 3789 3789 3792 3797 3789 3797 1917 3798 1914 1916 3799 1911 1913 3756 3758 3799 3799 3758 3761 3761 3760 3799 3799 3760 3764 3799 3764 1911 1911 3764 3762 1911 3762 1886 2366 3750 3793 3793 3750 3753 3793 3753 3800 3800 3753 3752 3800 3752 3755 3755 3756 3800 3800 3756 3799 3800 3799 3798 3798 3799 1913 3798 1913 1914 2363 3793 3795 3795 3793 3800 3795 3800 3792 3792 3800 3798 3792 3798 3797 3797 3798 1916 3797 1916 1917 1243 3801 2375 2375 3801 3774 3801 3802 3774 3774 3802 3803 3774 3803 3772 3772 3803 3804 3772 3804 2291 2291 3804 3805 2291 3805 2289 1291 1223 3806 3806 1223 1290 1291 3806 1295 1295 3806 3807 1295 3807 3808 3808 3807 3809 3809 3807 3810 3809 3810 3811 3811 3810 3812 3812 3810 3813 3812 3813 3814 3814 3813 3815 3815 3813 2290 3815 2290 2289 1265 1258 3816 1290 1289 3806 3806 1289 3817 2290 3813 3781 3781 3813 3818 3781 3818 3780 3780 3818 3819 3780 3819 1258 3813 3810 3818 3818 3810 3820 3818 3820 3819 3819 3820 3821 3819 3821 1258 3807 3806 3822 3822 3806 3817 3822 3817 3823 3823 3817 3816 3823 3816 1258 1289 1288 3817 3817 1288 1287 3817 1287 3816 3816 1287 1266 3816 1266 1265 3810 3807 3820 3820 3807 3822 3820 3822 3821 3821 3822 3823 3821 3823 1258 3824 2265 2264 3824 2264 3825 3825 2264 3826 3825 3826 3827 3827 3826 3828 3827 3828 3829 3829 3828 3830 3830 3828 2338 3830 2338 2343 1918 1910 3789 3789 1910 3831 3789 3831 3790 3790 3831 3832 3790 3832 3791 3791 3832 3833 3791 3833 3796 3796 3833 3834 3796 3834 3794 3794 3834 3835 3794 3835 2371 2371 3835 2382 3836 3801 1243 3801 3836 3802 3837 3815 2289 3815 3837 3814 3811 3812 3838 3808 3809 3839 3812 3814 3838 3838 3814 3837 3838 3837 3840 3840 3837 3841 3840 3841 3842 3803 3841 3804 3804 3841 3837 3804 3837 3805 3805 3837 2289 1295 3808 1296 1296 3808 3839 1296 3839 1297 1297 3839 3843 1297 3843 1298 1298 3843 3844 1298 3844 1243 3809 3811 3839 3839 3811 3838 3839 3838 3843 3843 3838 3840 3843 3840 3844 3844 3840 3842 3844 3842 1243 3803 3802 3841 3841 3802 3836 3841 3836 3842 3842 3836 1243 1194 1195 3845 1195 1196 3846 1259 3847 2342 2342 3847 3848 2342 3848 2346 2346 3848 3849 2346 3849 2345 2345 3849 3850 2345 3850 2344 2344 3850 3851 2344 3851 2356 2356 3851 3852 2356 3852 2357 2357 3852 3853 2357 3853 2358 2358 3853 3854 2358 3854 2347 2347 3854 3846 2347 3846 2327 2327 3846 1196 2327 1196 1188 1195 3846 3845 3845 3846 3854 3845 3854 3855 3855 3854 3853 3855 3853 3856 3856 3853 3852 3856 3852 3857 3857 3852 3851 3857 3851 3858 3858 3851 3850 3858 3850 3859 3859 3850 3849 3859 3849 3860 3860 3849 3848 3860 3848 3861 3861 3848 3847 3861 3847 3862 1259 1262 3847 3847 1262 1264 3847 1264 3862 3862 1264 1270 3862 1270 1269 1194 3845 2477 2477 3845 3855 2477 3855 2479 2479 3855 3856 2479 3856 2481 2481 3856 3857 2481 3857 2483 2483 3857 3858 2483 3858 2485 2485 3858 3859 2485 3859 2487 2487 3859 3860 2487 3860 2492 2492 3860 3861 2492 3861 2490 2490 3861 3862 2490 3862 2488 2488 3862 1269 2488 1269 1268 3863 3864 3865 3075 2265 3824 3081 3078 3866 3864 3867 3868 3868 3867 3869 3868 3869 3870 3865 3864 3866 3866 3864 3868 3866 3868 3081 3081 3868 3870 3081 3870 2105 3871 2334 2335 2335 3872 3871 3871 3872 3873 3871 3873 3865 3865 3873 3874 3865 3874 3863 2333 3875 2343 2343 3875 3830 3876 3827 3875 3875 3827 3829 3875 3829 3830 3078 3075 3877 3877 3075 3824 3877 3824 3876 3876 3824 3825 3876 3825 3827 3078 3877 3866 3866 3877 3876 3866 3876 3865 3865 3876 3875 3865 3875 3871 3871 3875 2333 3871 2333 2334 2369 2370 3878 2367 2369 3879 3879 2369 3880 3879 3880 3881 3882 3883 3884 3884 3883 3885 3882 3884 3886 3886 3884 1904 3886 1904 1885 3881 3880 3887 3887 3880 3888 3887 3888 3885 3885 3888 3889 3885 3889 3884 3884 3889 1906 3884 1906 1904 1908 3890 1910 1910 3890 3831 3831 3890 3832 3832 3890 3891 3832 3891 3833 3833 3891 3834 3834 3891 3878 3834 3878 3835 3835 3878 2370 3835 2370 2382 2369 3878 3880 3880 3878 3891 3880 3891 3888 3888 3891 3890 3888 3890 3889 3889 3890 1908 3889 1908 1906 3892 3893 3894 3893 2475 2476 2482 3895 3896 3893 2476 3894 3894 2476 2478 3894 2478 3896 3896 2478 2480 3896 2480 2482 2491 3897 3898 2482 2484 3895 3895 2484 2486 3895 2486 3899 3899 2486 2494 3899 2494 3898 3898 2494 2493 3898 2493 2491 2491 2489 3897 3897 2489 1207 3897 1207 1205 3900 3901 3902 3902 3901 3892 3892 3894 3902 3902 3894 3896 3902 3896 3903 3903 3896 3895 3903 3895 3904 3904 3895 3899 3904 3899 3905 3905 3899 3898 3905 3898 3906 3906 3898 3897 3906 3897 3907 3907 3897 1205 3907 1205 1203 2372 3908 3909 3909 3908 3900 3900 3902 3909 3909 3902 3903 3909 3903 3910 3910 3903 3904 3910 3904 3911 3911 3904 3905 3911 3905 3912 3912 3905 3906 3912 3906 3913 3913 3906 3907 3913 3907 3914 3914 3907 1203 3914 1203 1201 2372 3909 2373 2373 3909 3910 2373 3910 2374 2374 3910 3911 2374 3911 2384 2384 3911 3912 2384 3912 2385 2385 3912 3913 2385 3913 2386 2386 3913 3914 2386 3914 2383 2383 3914 1201 2383 1201 1200 1194 2475 3915 3916 3917 3918 3918 3917 2361 3918 2361 2362 3919 3920 3916 3916 3920 3921 3916 3921 3917 3919 3922 3920 3920 3922 1190 3920 1190 3915 3915 1190 1192 3915 1192 1194 3923 3924 1188 3925 3918 2362 3918 3925 3916 3922 3919 3926 1190 3922 1191 1191 3922 3926 1191 3926 1197 1197 3926 3927 1197 3927 1198 1198 3927 1199 3919 3916 3926 3926 3916 3925 3926 3925 3927 3927 3925 3928 1188 1187 3929 3929 1187 1199 3923 1188 3929 2362 3930 3925 3925 3930 3931 3925 3931 3928 3928 3931 3932 3928 3932 3933 1199 3927 3929 3929 3927 3928 3929 3928 3923 3923 3928 3933 3923 3933 3924 3934 3935 3936 2104 3937 3938 3939 3940 3941 3941 3940 3942 3942 3940 3872 3942 3872 2335 3934 3936 3943 3869 3867 3944 3944 3867 3943 3941 3945 3939 3939 3945 3946 3939 3946 3938 3938 3946 2114 3938 2114 2104 3947 2105 3870 3936 3948 3943 3943 3948 3947 3943 3947 3944 3944 3947 3870 3944 3870 3869 2104 2105 3947 3867 3864 3943 3943 3864 3934 3934 3864 3863 3934 3863 3935 3935 3863 3874 3935 3874 3873 2104 3947 3937 3937 3947 3948 3937 3948 3938 3938 3948 3936 3938 3936 3939 3939 3936 3935 3939 3935 3940 3940 3935 3873 3940 3873 3872 3949 3950 3951 2116 2115 3952 1885 2116 3953 3953 2116 3954 3886 1885 3953 3955 3956 3882 3957 2367 3949 3949 2367 3879 3949 3879 3950 3950 3879 3881 3887 3885 3956 3956 3885 3883 3956 3883 3882 3957 3949 3958 3958 3949 3951 3958 3951 3959 3959 3951 3960 3959 3960 3961 3954 3962 3953 3953 3962 3963 3953 3963 3886 2116 3952 3954 3954 3952 3964 3954 3964 3962 3962 3964 3955 3962 3955 3963 3963 3955 3882 3963 3882 3886 3881 3887 3950 3950 3887 3956 3950 3956 3951 3951 3956 3955 3951 3955 3960 3960 3955 3964 3960 3964 3961 3961 3964 3952 3961 3952 3965 3965 3952 2115 3908 2372 3966 2475 3893 3915 3915 3893 3967 2361 3917 3968 3968 3917 3969 3968 3969 3970 3970 3969 3971 3970 3971 2372 3917 3921 3969 3969 3921 3972 3969 3972 3971 3971 3972 3973 3971 3973 2372 3920 3915 3974 3974 3915 3967 3974 3967 3975 3975 3967 3966 3975 3966 2372 3893 3892 3967 3967 3892 3901 3967 3901 3966 3966 3901 3900 3966 3900 3908 3921 3920 3972 3972 3920 3974 3972 3974 3973 3973 3974 3975 3973 3975 2372 1188 3924 2328 2328 3924 3976 3924 3933 3976 3976 3933 3932 3976 3932 3977 2362 2360 3930 3930 2360 3977 3930 3977 3931 3931 3977 3932 3978 3979 3946 3946 3979 2112 3946 2112 2114 3946 3945 3978 3978 3945 3941 3978 3941 2328 2328 3941 3942 2328 3942 2335 3980 2368 2367 2367 3957 3980 3980 3957 3958 3980 3958 3981 3981 3958 3959 3981 3959 3982 3982 3959 3961 3982 3961 3983 3983 3961 3965 3983 3965 3984 3984 3965 2115 3984 2115 2113 2368 3985 2372 2372 3985 3970 3985 3986 3970 3970 3986 3987 3970 3987 3968 2359 2361 3988 3988 2361 3968 3988 3968 3989 3989 3968 3987 3990 3991 3992 3993 3990 3994 3994 3990 3992 3994 3992 3995 3995 3992 3996 3995 3996 2328 3991 2112 3992 3992 2112 3979 3992 3979 3996 3996 3979 3978 3996 3978 2328 2360 3993 3977 3977 3993 3994 3977 3994 3976 3976 3994 3995 3976 3995 2328 3997 3985 2368 3980 3998 2368 3985 3997 3986 3999 4000 2359 2113 4001 3984 3984 4001 4002 3984 4002 3983 3983 4002 4003 3983 4003 3982 4004 4000 4005 4005 4000 3999 4005 3999 4006 4006 3999 4007 4006 4007 4008 3987 4007 3989 3989 4007 3999 3989 3999 3988 3988 3999 2359 3998 3980 4003 4003 3980 3981 4003 3981 3982 4001 4004 4002 4002 4004 4005 4002 4005 4003 4003 4005 4006 4003 4006 3998 3998 4006 4008 3998 4008 2368 3987 3986 4007 4007 3986 3997 4007 3997 4008 4008 3997 2368 2113 2112 3991 2113 3991 4001 4001 3991 3990 4001 3990 4004 4004 3990 3993 4004 3993 4000 4000 3993 2360 4000 2360 2359 2201 4009 4010 3538 3536 4010 4010 3536 2201 4011 4009 2201 4012 4013 4014 4014 4013 4015 4014 4015 4016 4017 4014 4018 4018 4014 4016 4018 4016 4019 4020 4021 4022 4022 4021 4023 4024 4017 4025 4025 4017 4018 4025 4018 4026 4026 4018 4019 4026 4019 4027 4027 4019 4028 4029 3545 4030 4030 3545 3547 2794 4031 3548 3548 4031 4032 3548 4032 3547 3547 4032 4033 3547 4033 4030 3543 4011 2201 4010 4020 3538 3538 4020 4022 3538 4022 3534 3534 4022 4023 3534 4023 3535 3535 4023 3539 4031 4028 4032 4032 4028 4019 4032 4019 4033 4033 4019 4016 4033 4016 4030 4030 4016 4015 4030 4015 4029 4029 4015 4013 2778 3539 4024 4024 3539 4023 4024 4023 4017 4017 4023 4021 4017 4021 4014 4014 4021 4020 4014 4020 4012 4012 4020 4010 4012 4010 4013 4013 4010 4009 4013 4009 4029 4029 4009 4011 4029 4011 3545 3545 4011 3543 4025 4034 4024 4024 4034 2776 4024 2776 2778 4025 4026 4034 4034 4026 4027 4034 4027 4035 2794 2793 4031 4031 2793 4035 4031 4035 4028 4028 4035 4027 4036 4037 4038 4038 4037 4039 4038 4039 4040 4040 4039 4041 4040 4041 2793 4037 2776 4039 4039 2776 4034 4039 4034 4041 4041 4034 4035 4041 4035 2793 2780 4036 4042 4042 4036 4038 4042 4038 4043 4043 4038 4040 4043 4040 2793 4044 4045 4046 2207 4047 4048 4049 4047 2207 4050 4051 4052 4044 4046 4050 4053 4045 4054 4054 4045 4044 4054 4044 4055 4055 4044 4050 4055 4050 4056 4056 4050 4052 3527 4057 3528 3528 4057 4058 3528 4058 3522 3522 4058 3525 4059 3533 4060 4060 3533 3541 2779 4061 3540 3540 4061 4062 3540 4062 3541 3541 4062 4063 3541 4063 4060 3537 4049 2207 2791 3525 4064 4064 3525 4058 4064 4058 4065 4065 4058 4057 4065 4057 4066 4066 4057 3527 4066 3527 4048 4061 4053 4062 4062 4053 4054 4062 4054 4063 4063 4054 4055 4063 4055 4060 4060 4055 4056 4060 4056 4059 4059 4056 4052 4045 4064 4046 4046 4064 4065 4046 4065 4050 4050 4065 4066 4050 4066 4051 4051 4066 4048 4051 4048 4052 4052 4048 4047 4052 4047 4059 4059 4047 4049 4059 4049 3533 3533 4049 3537 3527 3526 4048 4048 3526 2207 4067 2781 2780 4067 2780 4068 4068 2780 4042 4068 4042 4069 4069 4042 4043 4069 4043 4070 4070 4043 4071 4071 4043 2793 4071 2793 2795 2777 2776 4037 2777 4037 4072 4072 4037 4036 4072 4036 4073 4073 4036 2780 4073 2780 2782 2779 2777 4074 2779 4074 4061 4061 4074 4075 4061 4075 4053 4053 4075 4076 4053 4076 4045 4045 4076 4064 4064 4076 2792 4064 2792 2791 4077 4078 4079 2176 4080 4081 2176 4082 3532 3531 3532 4083 4083 3532 4082 4083 4082 4084 4081 4085 4086 4086 4085 4084 4081 4080 4085 4085 4080 4087 4085 4087 4088 4086 2176 4081 4084 4082 4086 4086 4082 2176 4088 4077 4085 4085 4077 4079 4085 4079 4084 4084 4079 4089 4084 4089 4083 4083 4089 4090 4083 4090 3531 3531 4090 3530 4078 2796 4079 4079 2796 3546 4079 3546 4089 4089 3546 3544 4089 3544 4090 4090 3544 3542 4090 3542 3530 3530 3542 2213 4091 2784 2781 2781 4067 4091 4091 4067 4068 4091 4068 4092 4068 4069 4092 4092 4069 4070 4092 4070 4093 4093 4070 4071 4093 4071 2795 4075 4074 4094 4074 2777 4072 4074 4072 4094 4094 4072 4073 4094 4073 4095 4073 2782 4096 2792 4076 4097 4097 4076 4075 4098 2792 4097 4073 4096 4095 4095 4096 4099 4095 4099 4100 4075 4094 4097 4097 4094 4095 4097 4095 4098 4098 4095 4100 4098 4100 4101 4101 4102 4098 4098 4102 2792 2176 2175 4080 4080 2175 4103 4080 4103 4087 4087 4103 4104 4087 4104 4088 4088 4104 4105 4088 4105 4077 4077 4105 4106 4077 4106 4078 4078 4106 4107 4078 4107 2796 2796 4107 2797 2785 2784 4091 2785 4091 4108 4108 4091 4092 4108 4092 4109 4109 4092 4093 4109 4093 4110 4110 4093 2795 4110 2795 2797 2781 2784 2783 2783 2784 2786 2783 4111 2782 2782 4111 4096 4096 4111 4099 4099 4111 4112 4099 4112 4100 4100 4112 4113 4100 4113 4101 4101 4113 4114 4101 4114 4102 4114 4115 4102 4102 4115 2790 4102 2790 2792 2180 2179 4116 2173 2180 4117 2173 4118 2175 2175 4118 4103 4107 4106 4119 4119 4106 4105 4119 4105 4118 4118 4105 4104 4118 4104 4103 4119 4120 4107 4107 4120 4110 4107 4110 2797 4121 4108 4109 2173 4117 4118 4118 4117 4122 4118 4122 4119 4119 4122 4121 4119 4121 4120 4120 4121 4109 4120 4109 4110 2180 4116 4117 4117 4116 4123 4117 4123 4122 4122 4123 4124 4122 4124 4121 4121 4124 2785 4121 2785 4108 2783 2786 4111 4111 2786 4125 4111 4125 4112 2790 4115 4126 4126 4115 4114 4126 4114 4125 4125 4114 4113 4125 4113 4112 2179 2178 4127 2179 4127 4116 4116 4127 4128 4116 4128 4123 4123 4128 4129 4123 4129 4124 4124 4129 2787 4124 2787 2785 2786 2787 4130 2786 4130 4125 4125 4130 4131 4125 4131 4126 4126 4131 2788 4126 2788 2790 2186 2168 4132 2186 4133 2178 2178 4133 4127 4134 4129 4133 4133 4129 4128 4133 4128 4127 2186 4132 4133 4133 4132 4135 4133 4135 4134 4136 4135 4137 4137 4135 4132 4137 4132 4138 4138 4132 2168 4138 2168 2183 4136 2788 4135 4135 2788 4131 4135 4131 4134 4134 4131 4130 4134 4130 4129 4129 4130 2787 2789 2788 4136 2789 4136 4139 4139 4136 4137 4139 4137 4140 4140 4137 4138 4140 4138 4141 4141 4138 2183 4141 2183 2185 3508 3507 4142 2185 3511 4143 2185 4144 4141 4140 4141 4145 4145 4141 4144 4145 4144 4146 4143 4147 4148 4148 4147 4146 4143 3511 4147 4147 3511 3510 4147 3510 3509 4148 2185 4143 4146 4144 4148 4148 4144 2185 3509 3508 4147 4147 3508 4142 4147 4142 4146 4146 4142 4149 4146 4149 4145 4145 4149 4150 4145 4150 4140 4140 4150 4139 3507 2209 4142 4142 2209 3529 4142 3529 4149 4149 3529 3524 4149 3524 4150 4150 3524 3523 4150 3523 4139 4139 3523 2789 2341 4151 4152 3686 3685 4152 4152 3685 2341 4153 4151 2341 4154 4155 4156 4156 4155 4157 4156 4157 4158 4159 4156 4160 4160 4156 4158 4160 4158 4161 4162 4163 4164 4164 4163 4165 4166 4159 4167 4167 4159 4160 4167 4160 4168 4168 4160 4161 4168 4161 4169 4169 4161 4170 4171 3740 4172 4172 3740 3748 2765 4173 3747 3747 4173 4174 3747 4174 3748 3748 4174 4175 3748 4175 4172 3744 4153 2341 4152 4162 3686 3686 4162 4164 3686 4164 3687 3687 4164 4165 3687 4165 3681 3681 4165 3684 4173 4170 4174 4174 4170 4161 4174 4161 4175 4175 4161 4158 4175 4158 4172 4172 4158 4157 4172 4157 4171 4171 4157 4155 2774 3684 4166 4166 3684 4165 4166 4165 4159 4159 4165 4163 4159 4163 4156 4156 4163 4162 4156 4162 4154 4154 4162 4152 4154 4152 4155 4155 4152 4151 4155 4151 4171 4171 4151 4153 4171 4153 3740 3740 4153 3744 2765 2763 4173 4173 2763 4176 4173 4176 4170 4170 4176 4177 4170 4177 4169 4169 4177 4178 4169 4178 4168 4168 4178 4179 4168 4179 4167 4167 4179 4180 4167 4180 4166 4166 4180 2775 4166 2775 2774 2337 4181 4182 3745 3743 4182 4182 3743 2337 4183 4181 2337 4184 4185 4186 4186 4185 4187 4186 4187 4188 4189 4186 4190 4190 4186 4188 4190 4188 4191 4192 4193 4194 4194 4193 4195 4196 4189 4197 4197 4189 4190 4197 4190 4198 4198 4190 4191 4198 4191 4199 4199 4191 4200 4201 3788 4202 4202 3788 3787 2767 4203 3786 3786 4203 4204 3786 4204 3787 3787 4204 4205 3787 4205 4202 3783 4183 2337 4182 4192 3745 3745 4192 4194 3745 4194 3741 3741 4194 4195 3741 4195 3742 3742 4195 3746 4203 4200 4204 4204 4200 4191 4204 4191 4205 4205 4191 4188 4205 4188 4202 4202 4188 4187 4202 4187 4201 4201 4187 4185 2764 3746 4196 4196 3746 4195 4196 4195 4189 4189 4195 4193 4189 4193 4186 4186 4193 4192 4186 4192 4184 4184 4192 4182 4184 4182 4185 4185 4182 4181 4185 4181 4201 4201 4181 4183 4201 4183 3788 3788 4183 3783 4206 4207 2775 4206 2775 4208 4180 4208 2775 4209 4210 2759 2763 4211 4176 4176 4211 4212 4176 4212 4177 4177 4212 4213 4211 4210 4212 4212 4210 4209 4212 4209 4213 4213 4209 4214 4180 4179 4213 4213 4179 4178 4213 4178 4177 2759 4215 4209 4209 4215 4216 4209 4216 4214 4214 4216 4217 4214 4217 4218 4180 4213 4208 4208 4213 4214 4208 4214 4206 4206 4214 4218 4206 4218 4207 2767 2766 4203 4203 2766 4219 4220 4199 4219 4219 4199 4200 4219 4200 4203 2764 4196 2762 2762 4196 4197 2762 4197 4220 4220 4197 4198 4220 4198 4199 2761 2759 4210 2761 4210 4221 4221 4210 4211 4221 4211 4222 4222 4211 2763 4222 2763 2762 2759 2758 4215 4215 2758 4223 4215 4223 4216 4216 4223 4224 4216 4224 4217 4217 4224 4225 4217 4225 4218 4218 4225 4226 4218 4226 4207 4207 4226 4227 4207 4227 2775 2775 4227 2773 4228 4222 2762 4229 4221 4222 2761 4221 4230 4230 4221 4229 4230 4229 4231 4231 4229 4232 4222 4228 4229 4229 4228 4233 4229 4233 4232 2766 4234 4233 4233 4234 4235 4233 4235 4232 2762 4220 4228 4228 4220 4236 4228 4236 4233 4233 4236 2766 4220 4219 4236 4236 4219 2766 4227 4237 2773 2758 2755 4223 4223 2755 4238 4223 4238 4224 4224 4238 4239 4224 4239 4225 4237 4227 4239 4239 4227 4226 4239 4226 4225 4240 4241 2271 4240 2271 3641 4242 4243 4241 4244 4245 4246 4247 3642 2349 2772 4244 3682 3682 4244 4246 3682 4246 3683 3683 4246 4247 3683 4247 3688 3688 4247 2349 4245 4242 4246 4246 4242 4241 4246 4241 4247 4247 4241 4240 4247 4240 3642 3642 4240 3641 4243 4248 4241 4241 4248 2271 2768 4249 2766 2766 4249 4234 4234 4249 4235 4235 4249 4250 4235 4250 4232 4232 4250 4251 4232 4251 4231 4231 4251 4252 4231 4252 4230 4252 4253 4230 4230 4253 2760 4230 2760 2761 2755 2758 2757 2757 2758 2760 2771 2773 4237 2771 4237 4254 4254 4237 4239 4254 4239 4255 4255 4239 4238 4255 4238 4256 4256 4238 2755 4256 2755 2754 2772 2771 4244 4244 2771 4257 4244 4257 4245 4245 4257 4258 4245 4258 4242 4242 4258 4259 4242 4259 4243 4243 4259 4260 4243 4260 4248 4248 4260 4261 4248 4261 2271 2271 4261 2272 4249 2768 4262 2760 4253 2757 2757 4253 4263 4253 4252 4263 4263 4252 4251 4263 4251 4262 4262 4251 4250 4262 4250 4249 4261 4260 4264 4259 4258 4265 4257 2771 4254 2754 4266 4256 4256 4266 4267 4256 4267 4255 4255 4267 4268 4255 4268 4254 4254 4268 4265 4254 4265 4257 4257 4265 4258 4266 4269 4267 4267 4269 4270 4267 4270 4268 4268 4270 4271 4268 4271 4265 4265 4271 4264 4265 4264 4259 4259 4264 4260 4269 2277 4270 4270 2277 2276 4270 2276 4271 4271 2276 2275 4271 2275 4264 4264 2275 2274 4264 2274 4261 4261 2274 2272 2768 2770 4272 2768 4272 4262 4262 4272 4273 4262 4273 4263 4263 4273 2756 4263 2756 2757 2278 2277 4274 4274 2277 4269 4274 4269 4275 4275 4269 4266 4275 4266 2756 2756 4266 2754 2770 4276 4272 4272 4276 4277 4272 4277 4273 4273 4277 4278 4273 4278 2756 2756 4278 4275 4276 4279 4277 4277 4279 4280 4277 4280 4278 4278 4280 4281 4278 4281 4275 4275 4281 4274 4279 2266 4280 4280 2266 2268 4280 2268 4281 4281 2268 2269 4281 2269 4274 4274 2269 2278 2770 2769 4276 4276 2769 4282 4276 4282 4279 4279 4282 4283 4279 4283 2266 2266 4283 2264 4284 3826 2264 4284 2264 4285 4286 4282 2769 2338 3828 3784 3784 3828 4287 3784 4287 3782 3782 4287 4286 3782 4286 3785 3785 4286 2769 3828 3826 4287 4287 3826 4284 4287 4284 4286 4286 4284 4285 4286 4285 4282 4282 4285 4283 4283 4285 2264 1183 1147 4288 4288 1147 1146 1144 4289 2530 2530 4289 4290 2530 4290 2531 2531 4290 4291 2531 4291 2532 2532 4291 4292 2532 4292 2533 2533 4292 4293 2533 4293 2534 2534 4293 4294 2534 4294 2544 2544 4294 4295 2544 4295 2535 2535 4295 4296 2535 4296 2538 2538 4296 4297 2538 4297 2539 2539 4297 4298 2539 4298 2540 2540 4298 4299 2540 4299 2541 2541 4299 4300 2541 4300 2543 2543 4300 4301 2543 4301 2542 2542 4301 4302 2542 4302 2537 2537 4302 4288 2537 4288 2536 2536 4288 1146 2536 1146 1140 1185 1184 4303 4303 1184 1183 1183 4288 4303 4303 4288 4302 4303 4302 4304 4304 4302 4301 4304 4301 4305 4305 4301 4300 4305 4300 4306 4306 4300 4299 4306 4299 4307 4307 4299 4298 4307 4298 4308 4308 4298 4297 4308 4297 4309 4309 4297 4296 4309 4296 4310 4310 4296 4295 4310 4295 4311 4311 4295 4294 4311 4294 4312 4312 4294 4293 4312 4293 4313 4313 4293 4292 4313 4292 4314 4314 4292 4291 4314 4291 4315 4315 4291 4290 4315 4290 4316 4316 4290 4289 4316 4289 4317 2529 1186 1185 1144 1142 4289 4289 1142 1150 4289 1150 4317 4317 1150 1149 4317 1149 1152 1185 4303 2529 2529 4303 4304 2529 4304 2528 2528 4304 4305 2528 4305 2527 2527 4305 4306 2527 4306 2526 2526 4306 4307 2526 4307 2525 2525 4307 4308 2525 4308 2524 2524 4308 4309 2524 4309 2523 2523 4309 4310 2523 4310 2522 2522 4310 4311 2522 4311 2521 2521 4311 4312 2521 4312 2520 2520 4312 4313 2520 4313 2519 2519 4313 4314 2519 4314 2518 2518 4314 4315 2518 4315 2517 2517 4315 4316 2517 4316 2516 2516 4316 4317 2516 4317 2515 2515 4317 1152 2515 1152 1151 1104 1116 2252 4318 4319 4320 1092 1091 4321 1643 1644 4318 1052 1051 1651 1091 1052 4321 4321 1052 1651 4321 1651 4322 4322 1651 1652 4322 1652 4323 4323 1652 1653 4323 1653 4324 4324 1653 1654 4324 1654 4325 4325 1654 1646 4325 1646 4326 4326 1646 1647 4326 1647 4327 4327 1647 1648 4327 1648 4328 4328 1648 1649 4328 1649 4329 4329 1649 1650 4329 1650 4330 4330 1650 1640 4330 1640 4331 4331 1640 1641 4331 1641 4332 4332 1641 1642 4332 1642 4333 4318 1644 4319 4319 1644 1645 4319 1645 1056 1093 1092 4334 4334 1092 4321 4334 4321 4335 4335 4321 4322 4335 4322 4336 4336 4322 4323 4336 4323 4337 4337 4323 4324 4337 4324 4338 4338 4324 4325 4338 4325 4339 4339 4325 4326 4339 4326 4340 4340 4326 4327 4340 4327 4341 4341 4327 4328 4341 4328 4342 4342 4328 4329 4342 4329 4343 4343 4329 4330 4343 4330 4344 4344 4330 4331 4344 4331 4345 4345 4331 4332 4345 4332 4346 4346 4332 4333 4346 4333 4347 1056 1054 4319 4319 1054 1053 4319 1053 4320 4320 1053 1048 4320 1048 1047 1105 1093 2242 2242 1093 4334 2242 4334 2234 2234 4334 4335 2234 4335 2235 2235 4335 4336 2235 4336 2263 2263 4336 4337 2263 4337 2221 2221 4337 4338 2221 4338 2222 2222 4338 4339 2222 4339 2243 2243 4339 4340 2243 4340 2244 2244 4340 4341 2244 4341 2245 2245 4341 4342 2245 4342 2230 2230 4342 4343 2230 4343 2229 2229 4343 4344 2229 4344 2226 2226 4344 4345 2226 4345 2255 2255 4345 4346 2255 4346 2254 2254 4346 4347 2254 4347 2252 1642 1643 4333 4333 1643 4318 4333 4318 4347 4347 4318 4320 4347 4320 2252 2252 4320 1047 2252 1047 1104 2704 2703 4348 2704 4348 4349 4349 4348 4350 4349 4350 4351 4351 4350 2654 4351 2654 2653 2643 2644 4352 2643 4352 4353 4353 4352 4354 4353 4354 4355 4355 4354 2702 4355 2702 2701 2753 2752 4356 4356 2752 4357 4356 4357 4358 4358 4357 4359 4358 4359 4360 4360 4359 4361 4360 4361 2645 2645 4361 2646 2651 2652 4362 4362 2652 4363 4362 4363 4364 4364 4363 4365 4364 4365 4366 4366 4365 4367 4366 4367 2724 2724 4367 2725 4368 4369 2228 4370 4371 2228 4369 4368 4372 4373 4374 2593 4374 4373 4375 4376 4377 4378 2642 4379 4380 4380 4379 4381 4380 4381 4382 4382 4381 4383 4382 4383 4384 4377 4375 4378 4378 4375 4373 4378 4373 4385 4385 4373 4386 4385 4386 4387 4388 4386 4389 4389 4386 4373 4389 4373 4390 4390 4373 2593 4371 4370 4383 4383 4370 4391 4383 4391 4384 4379 4376 4381 4381 4376 4378 4381 4378 4383 4383 4378 4385 4383 4385 4371 4371 4385 4387 4371 4387 2228 4388 4372 4386 4386 4372 4368 4386 4368 4387 4387 4368 2228 2223 2228 4392 4392 2228 4369 4392 4369 4393 4393 4369 4372 4393 4372 4394 4394 4372 4388 4394 4388 4395 4395 4388 4389 4395 4389 4396 4396 4389 4390 4396 4390 2592 2592 4390 2593 2228 2257 4370 4370 2257 4397 4370 4397 4391 4391 4397 4398 4391 4398 4384 4384 4398 4399 4384 4399 4382 4382 4399 4400 4382 4400 4380 4380 4400 4401 4380 4401 2642 2642 4401 2644 2642 2641 4379 4379 2641 4402 4379 4402 4376 4376 4402 4377 4377 4402 4403 4377 4403 4375 4375 4403 4374 4374 4403 2594 4374 2594 2593 3043 3039 4404 4405 2262 2223 2236 2261 4406 4406 2261 4407 4406 4407 4408 4408 4407 4409 2223 4392 4405 4405 4392 4393 4405 4393 4410 4404 4411 4409 4409 4411 4412 4409 4412 4408 3039 2170 4404 4404 2170 4413 4404 4413 4411 2261 2262 4407 4407 2262 4405 4407 4405 4409 4409 4405 4410 4409 4410 4404 4404 4410 4414 4404 4414 3043 3043 4414 3045 4393 4394 4410 4410 4394 4395 4410 4395 4414 4414 4395 4396 4414 4396 3045 3045 4396 2592 4415 2240 2239 2257 2241 4397 4397 2241 4416 4397 4416 4398 4398 4416 4417 2239 4418 4415 4415 4418 4419 4415 4419 4420 4421 4400 4417 4417 4400 4399 4417 4399 4398 4352 2644 4421 4421 2644 4401 4421 4401 4400 2241 2240 4416 4416 2240 4415 4416 4415 4417 4417 4415 4420 4417 4420 4421 4421 4420 4422 4421 4422 4352 4352 4422 4354 4419 4423 4420 4420 4423 4424 4420 4424 4422 4422 4424 4425 4422 4425 4354 4354 4425 2702 2659 4426 4427 4426 4428 4429 4428 2595 2597 4428 2597 4429 4429 2597 2599 4429 2599 4430 4430 2599 2598 4430 2598 4431 4431 2598 2594 4431 2594 4403 4426 4429 4427 4427 4429 4430 4427 4430 4432 4432 4430 4431 4432 4431 4433 4433 4431 4403 4433 4403 4402 2659 4427 4434 4434 4427 4432 4434 4432 4435 4435 4432 4433 4435 4433 4436 4436 4433 4402 4436 4402 2641 2232 2236 4437 4437 2236 4406 4437 4406 4438 4438 4406 4408 4438 4408 4439 4439 4408 4412 4439 4412 4440 4440 4412 4411 4440 4411 4441 4441 4411 4413 4441 4413 2169 2169 4413 2170 4418 2239 2256 2258 4442 4443 4423 4419 4444 4442 4445 4446 4425 4424 4447 4445 2703 2705 4445 2705 4446 4446 2705 2707 4446 2707 4448 4448 2707 2709 4448 2709 4449 4449 2709 2711 4449 2711 4450 4450 2711 2713 4450 2713 4451 4451 2713 2715 4451 2715 4452 4452 2715 2717 4452 2717 4453 4453 2717 2719 4453 2719 4454 4454 2719 2721 4454 2721 4455 4455 2721 2698 4455 2698 4456 4456 2698 2700 4456 2700 4447 4447 2700 2702 4447 2702 4425 4442 4446 4443 4443 4446 4448 4443 4448 4457 4457 4448 4449 4457 4449 4458 4458 4449 4450 4458 4450 4459 4459 4450 4451 4459 4451 4460 4460 4451 4452 4460 4452 4461 4461 4452 4453 4461 4453 4462 4462 4453 4454 4462 4454 4463 4463 4454 4455 4463 4455 4464 4464 4455 4456 4464 4456 4465 4465 4456 4447 4465 4447 4444 4444 4447 4424 4444 4424 4423 2258 4443 2259 2259 4443 4457 2259 4457 2260 2260 4457 4458 2260 4458 2248 2248 4458 4459 2248 4459 2249 2249 4459 4460 2249 4460 2250 2250 4460 4461 2250 4461 2251 2251 4461 4462 2251 4462 2253 2253 4462 4463 2253 4463 2224 2224 4463 4464 2224 4464 2225 2225 4464 4465 2225 4465 2227 2227 4465 4444 2227 4444 2256 2256 4444 4419 2256 4419 4418 2641 2643 4436 4436 2643 4466 4436 4466 4435 4435 4466 4467 4435 4467 4434 4434 4467 4468 4434 4468 2659 2659 4468 2663 2658 4469 2659 2659 4469 4426 4469 4470 4426 4426 4470 4471 4426 4471 4428 2585 2595 4472 4472 2595 4428 4472 4428 4473 4473 4428 4471 2647 2648 4474 2647 4474 4475 4475 4474 4476 4475 4476 4477 4477 4476 4478 4477 4478 4479 4479 4478 2588 4479 2588 2590 1798 4480 4481 4481 4480 4482 4481 4482 4483 4483 4482 4484 2648 4485 4486 4486 4485 4487 4486 4487 4484 4484 4487 4488 4484 4488 4483 4480 4489 4482 4482 4489 4490 4482 4490 4484 4484 4490 4491 4484 4491 4486 4486 4491 4492 4486 4492 2648 4489 2588 4490 4490 2588 4478 4490 4478 4491 4491 4478 4476 4491 4476 4492 4492 4476 4474 4492 4474 2648 2635 4493 4494 4493 4495 4496 4495 4497 4498 2232 4499 2233 2233 4499 4500 2233 4500 2238 2238 4500 4498 2238 4498 2237 2237 4498 4497 2237 4497 2220 4495 4498 4496 4496 4498 4500 4496 4500 4501 4501 4500 4499 4501 4499 4502 2232 4437 4499 4499 4437 4438 4499 4438 4502 4502 4438 4439 4502 4439 4440 4493 4496 4494 4494 4496 4501 4494 4501 4503 4503 4501 4502 4503 4502 4504 4504 4502 4440 4504 4440 4441 2635 4494 3027 3027 4494 4503 3027 4503 3031 3031 4503 4504 3031 4504 3035 3035 4504 4441 3035 4441 2169 2258 2247 4442 4442 2247 4505 4442 4505 4445 4445 4505 4506 4445 4506 2703 2703 4506 4348 2247 2246 4505 4505 2246 4507 4505 4507 4506 4506 4507 4508 4506 4508 4348 4348 4508 4350 2246 2231 4507 4507 2231 4509 4507 4509 4508 4508 4509 4510 4508 4510 4350 4350 4510 2654 4355 2701 4511 4353 4355 4512 2643 4353 4513 2643 4513 4466 4466 4513 4514 4466 4514 4467 4467 4514 4515 4467 4515 4468 4468 4515 2664 4468 2664 2663 4353 4512 4513 4513 4512 4516 4513 4516 4514 4514 4516 4517 4514 4517 4515 4515 4517 2660 4515 2660 2664 4355 4511 4512 4512 4511 4518 4512 4518 4516 4516 4518 4519 4516 4519 4517 4517 4519 2695 4517 2695 2660 4520 4521 4522 4523 2647 4475 4524 2586 2585 2585 4472 4524 4524 4472 4473 4524 4473 4525 4469 4526 4470 4470 4526 4525 4470 4525 4471 4471 4525 4473 4521 4523 4522 4522 4523 4475 4522 4475 4527 4527 4475 4477 4527 4477 4528 4528 4477 4479 4528 4479 2591 2591 4479 2590 4529 4520 4526 4526 4520 4522 4526 4522 4525 4525 4522 4527 4525 4527 4524 4524 4527 4528 4524 4528 2586 2586 4528 2591 4469 2658 4526 4526 2658 4530 4526 4530 4529 4485 2648 2646 4485 2646 4487 4487 2646 4531 4487 4531 4488 4488 4531 4532 4488 4532 4483 4483 4532 4481 4481 4532 1791 4481 1791 1798 4489 4480 4533 4533 4480 1798 4533 1798 1808 4533 4534 4489 4489 4534 4535 4489 4535 2588 2588 4535 4536 2588 4536 2589 2219 2220 4497 2219 4497 4537 4537 4497 4495 4537 4495 4538 4538 4495 4493 4538 4493 4539 4539 4493 2635 4539 2635 2636 2656 2654 4510 2656 4510 4540 4540 4510 4509 4540 4509 4541 4541 4509 2231 4541 2231 2219 2716 2714 4542 4543 4544 4545 2693 2695 4519 2683 2693 4546 2681 2683 4547 2670 4544 2671 2671 4544 4543 2671 4543 2688 4548 4549 4550 4551 4545 4552 4552 4545 4544 4552 4544 4553 4553 4544 2670 4553 2670 2681 4554 4549 4555 4555 4549 4548 4555 4548 4556 2712 2710 4556 4556 2710 2708 4556 2708 4555 4555 2708 2706 4555 2706 4554 4554 2706 2704 2714 2712 4542 4542 2712 4556 4542 4556 4557 4557 4556 4548 4557 4548 4558 4558 4548 4550 4558 4550 2686 2686 2688 4558 4558 2688 4543 4558 4543 4557 4557 4543 4545 4557 4545 4542 4542 4545 4551 4542 4551 2716 2716 4551 2718 4559 2722 2720 2681 4547 4553 4553 4547 4560 4553 4560 4552 4552 4560 4559 4552 4559 4551 4551 4559 2720 4551 2720 2718 4561 2699 2723 2683 4546 4547 4547 4546 4562 4547 4562 4560 4560 4562 4561 4560 4561 4559 4559 4561 2723 4559 2723 2722 2693 4519 4546 4546 4519 4518 4546 4518 4562 4562 4518 4511 4562 4511 4561 4561 4511 2701 4561 2701 2699 2645 2647 4563 4563 2647 4523 4563 4523 4564 4564 4523 4521 4564 4521 4565 4565 4521 4520 4565 4520 4566 4566 4520 4529 4566 4529 4567 4567 4529 4530 4567 4530 2657 2657 4530 2658 1791 4532 4568 4569 4570 4571 4532 4531 4572 4573 4574 4575 4531 2646 4361 4531 4361 4572 4572 4361 4359 4572 4359 4576 4576 4359 4357 4576 4357 4575 4575 4357 2752 4575 2752 4573 4532 4572 4568 4568 4572 4576 4568 4576 4577 4577 4576 4575 4577 4575 4571 4571 4575 4574 4571 4574 4569 1791 4568 1792 1792 4568 4577 1792 4577 1803 1803 4577 4571 1803 4571 1804 1804 4571 4570 1804 4570 1805 1795 4578 4579 4579 4578 4580 4579 4580 4581 4582 1786 4583 4583 1786 1793 4533 1808 1809 4584 4582 4581 4581 4582 4583 4581 4583 4579 4579 4583 1793 4579 1793 1795 2638 3100 4585 4585 3100 4586 4585 4586 4587 3100 3106 4586 4586 3106 3105 4586 3105 4588 4588 3105 3103 4588 3103 4589 4589 3103 3108 4584 4590 4591 4536 4535 4591 4591 4535 4534 4591 4534 4584 4584 4534 4533 4584 4533 4582 4582 4533 1809 4582 1809 1786 2589 4536 3113 3113 4536 4591 3113 4591 3108 3108 4591 4590 3108 4590 4589 4589 4590 4584 4589 4584 4588 4588 4584 4581 4588 4581 4586 4586 4581 4580 4586 4580 4587 4587 4580 4578 4592 4541 2219 4592 2219 4593 4594 4593 2219 4537 4594 2219 4595 4596 4597 4595 4597 4598 4598 4597 4599 4598 4599 4600 4600 4599 2656 4600 2656 4540 2636 4596 4539 4539 4596 4595 4539 4595 4538 4538 4595 4537 4537 4595 4594 4594 4595 4598 4594 4598 4593 4593 4598 4600 4593 4600 4592 4592 4600 4540 4592 4540 4541 4351 2653 4601 4349 4351 4602 2704 4349 4603 2704 4603 4554 4554 4603 4604 4554 4604 4549 4549 4604 4605 4549 4605 4550 4550 4605 2667 4550 2667 2686 4349 4602 4603 4603 4602 4606 4603 4606 4604 4604 4606 4607 4604 4607 4605 4605 4607 2668 4605 2668 2667 4351 4601 4602 4602 4601 4608 4602 4608 4606 4606 4608 4609 4606 4609 4607 4607 4609 2676 4607 2676 2668 4563 4564 4610 4565 4566 4611 4567 2657 2665 2661 4612 2662 2662 4612 4613 2662 4613 2666 2666 4613 4614 2666 4614 2665 2665 4614 4611 2665 4611 4567 4567 4611 4566 4612 4615 4613 4613 4615 4616 4613 4616 4614 4614 4616 4617 4614 4617 4611 4611 4617 4610 4611 4610 4565 4565 4610 4564 4615 2753 4616 4616 2753 4356 4616 4356 4617 4617 4356 4358 4617 4358 4610 4610 4358 4360 4610 4360 4563 4563 4360 2645 2749 2746 4618 2745 2743 4619 2741 2739 4620 2737 2735 4621 2733 2731 4622 1782 1781 4623 4623 1781 4624 4623 4624 4625 4625 4624 4626 4625 4626 4627 4627 4626 4622 1783 1782 4628 4628 1782 4623 4628 4623 4629 4629 4623 4625 4629 4625 4630 4630 4625 4627 4630 4627 2725 2725 4627 2727 4622 2731 4627 4627 2731 2729 4627 2729 2727 1781 1828 4624 4624 1828 4631 4624 4631 4626 4626 4631 4632 4626 4632 4622 4622 4632 4621 4622 4621 2733 2733 4621 2735 1828 1822 4631 4631 1822 4633 4631 4633 4632 4632 4633 4634 4632 4634 4621 4621 4634 4620 4621 4620 2737 2737 4620 2739 2743 2741 4619 4619 2741 4620 4619 4620 4635 4635 4620 4634 4635 4634 4636 4636 4634 4633 4636 4633 1821 1821 4633 1822 2746 2745 4618 4618 2745 4619 4618 4619 4637 4637 4619 4635 4637 4635 4638 4638 4635 4636 4638 4636 1820 1820 4636 1821 2750 2749 4639 4639 2749 4618 4639 4618 4640 4640 4618 4637 4640 4637 4641 4641 4637 4638 4641 4638 1827 1827 4638 1820 2752 2750 4573 4573 2750 4639 4573 4639 4574 4574 4639 4640 4574 4640 4569 4569 4640 4641 4569 4641 4570 4570 4641 1827 4570 1827 1805 4587 4578 4642 4642 4578 1795 4642 1795 1825 4642 4643 4587 4587 4643 4644 4587 4644 4585 4585 4644 4645 4585 4645 2638 2638 4645 2640 2655 2656 4599 2655 4599 4646 4646 4599 4597 4646 4597 4647 4647 4597 4596 4647 4596 4648 4648 4596 2636 4648 2636 2631 2653 2655 4649 2653 4649 4601 4601 4649 4650 4601 4650 4608 4608 4650 4651 4608 4651 4609 4609 4651 2678 4609 2678 2676 4652 4653 4654 4655 2724 2726 2753 4615 2751 2751 4615 4656 2751 4656 2748 2748 4656 4657 2748 4657 2747 2747 4657 4658 2747 4658 2744 2744 4658 4659 2744 4659 2742 2742 4659 4660 2742 4660 2740 2740 4660 4661 2740 4661 2738 2738 4661 4662 2738 4662 2736 2736 4662 4663 2736 4663 2734 2734 4663 4664 2734 4664 2732 2732 4664 4665 2732 4665 2730 2730 4665 4666 2730 4666 2728 2728 4666 4667 2728 4667 2726 2726 4667 4654 2726 4654 4655 4655 4654 4653 4615 4612 4656 4656 4612 4668 4656 4668 4657 4657 4668 4669 4657 4669 4658 4658 4669 4670 4658 4670 4659 4659 4670 4671 4659 4671 4660 4660 4671 4672 4660 4672 4661 4661 4672 4673 4661 4673 4662 4662 4673 4674 4662 4674 4663 4663 4674 4675 4663 4675 4664 4664 4675 4676 4664 4676 4665 4665 4676 4677 4665 4677 4666 4666 4677 4678 4666 4678 4667 4667 4678 4679 4667 4679 4654 4654 4679 4680 4654 4680 4652 4652 4680 4681 4612 2661 4668 4668 2661 2697 4668 2697 4669 4669 2697 2696 4669 2696 4670 4670 2696 2694 4670 2694 4671 4671 2694 2692 4671 2692 4672 4672 2692 2691 4672 2691 4673 4673 2691 2682 4673 2682 4674 4674 2682 2680 4674 2680 4675 4675 2680 2679 4675 2679 4676 4676 2679 2672 4676 2672 4677 4677 2672 2690 4677 2690 4678 4678 2690 2689 4678 2689 4679 4679 2689 2687 4679 2687 4680 4680 2687 2685 4680 2685 4681 4681 2685 2684 2725 4367 4630 4630 4367 4682 4630 4682 4629 4629 4682 4683 4629 4683 4628 4628 4683 4684 4628 4684 1783 1783 4684 1790 4367 4365 4682 4682 4365 4685 4682 4685 4683 4683 4685 4686 4683 4686 4684 4684 4686 4687 4684 4687 1790 1790 4687 1819 4365 4363 4685 4685 4363 4688 4685 4688 4686 4686 4688 4689 4686 4689 4687 4687 4689 4690 4687 4690 1819 1819 4690 1818 4363 2652 4688 4688 2652 4691 4688 4691 4689 4689 4691 4692 4689 4692 4690 4690 4692 4693 4690 4693 1818 1818 4693 1817 3093 3092 4694 1789 4695 4696 1789 4696 1826 1826 4696 4642 1826 4642 1825 1796 1812 4697 4697 1812 4698 4697 4698 4699 4699 4698 4700 4699 4700 4701 4643 4642 4702 4702 4642 4696 4702 4696 4703 4703 4696 4695 4704 4705 3095 3095 4705 4706 3095 4706 3089 3089 4706 3090 3095 2640 4704 4704 2640 4645 4704 4645 4644 3092 3090 4694 4694 3090 4706 4694 4706 4707 4707 4706 4705 4707 4705 4703 4703 4705 4704 4703 4704 4702 4702 4704 4644 4702 4644 4643 2620 3093 4708 4708 3093 4694 4708 4694 4701 4701 4694 4707 4701 4707 4699 4699 4707 4703 4699 4703 4697 4697 4703 4695 4697 4695 1796 1796 4695 1789 4709 2628 2626 2626 4710 4709 4709 4710 4711 4709 4711 4712 2631 2632 4648 4648 2632 4713 4648 4713 4647 4647 4713 4714 4647 4714 4646 4646 4714 4715 4646 4715 2655 4716 4717 4718 4718 4717 4712 4718 4712 4719 4719 4712 4711 4651 4650 4715 4715 4650 4649 4715 4649 2655 2632 2628 4713 4713 2628 4709 4713 4709 4714 4714 4709 4712 4714 4712 4715 4715 4712 4717 4715 4717 4651 4651 4717 4716 4651 4716 2678 4720 4721 4722 4653 4652 4723 4724 4725 4726 2675 4727 2674 2674 4727 4728 2674 4728 2673 2673 4728 4729 2673 4729 2669 2669 4729 4730 2669 4730 2684 2684 4730 4681 4727 4724 4728 4728 4724 4726 4728 4726 4729 4729 4726 4731 4729 4731 4730 4730 4731 4723 4730 4723 4681 4681 4723 4652 4725 4720 4726 4726 4720 4722 4726 4722 4731 4731 4722 4732 4731 4732 4723 4723 4732 4733 4723 4733 4653 4653 4733 4655 4721 2651 4722 4722 2651 4362 4722 4362 4732 4732 4362 4364 4732 4364 4733 4733 4364 4366 4733 4366 4655 4655 4366 2724 2652 2650 4734 2652 4734 4691 4691 4734 4735 4691 4735 4692 4692 4735 4736 4692 4736 4693 4693 4736 1800 4693 1800 1817 1812 1800 4737 1812 4737 4698 4698 4737 4738 4698 4738 4700 4700 4738 4739 4700 4739 4701 2621 2620 4739 4739 2620 4708 4739 4708 4701 2678 4716 2677 2677 4716 4740 4716 4718 4740 4740 4718 4719 4740 4719 4741 2626 2625 4710 4710 2625 4741 4710 4741 4711 4711 4741 4719 2651 4721 2649 2649 4721 4742 4721 4720 4742 4742 4720 4725 4742 4725 4743 4743 4725 4724 4743 4724 2677 2677 4724 4727 2677 4727 2675 4744 4737 1800 4745 4746 4747 4748 4749 4750 4750 4749 4751 2650 4745 4734 4734 4745 4747 4734 4747 4735 4735 4747 4752 4735 4752 4736 4736 4752 1800 4746 4748 4747 4747 4748 4750 4747 4750 4752 4752 4750 4744 4752 4744 1800 4737 4744 4738 4738 4744 4750 4738 4750 4739 4739 4750 4751 4739 4751 2621 2623 2622 4753 2623 4753 4754 2625 2624 4741 4741 2624 4755 4741 4755 4740 4740 4755 4756 4740 4756 2677 2624 2623 4755 4755 2623 4754 4755 4754 4756 4756 4754 4757 4753 4758 4754 4754 4758 4759 4754 4759 4757 4757 4759 4760 4757 4760 4761 2677 4756 4743 4743 4756 4757 4743 4757 4742 4742 4757 4761 4742 4761 2649 2649 4761 2650 2650 4761 4745 4745 4761 4746 4746 4761 4760 4746 4760 4748 4748 4760 4759 4748 4759 4749 4749 4759 4758 4749 4758 4751 4758 4753 4751 4751 4753 2622 4751 2622 2621 4762 4763 4764 4765 4766 4767 2610 4768 4769 4769 4768 4770 4769 4770 4771 2616 4772 2617 2617 4772 4773 2617 4773 2618 4774 2613 2618 4775 4773 4771 4771 4773 4772 4771 4772 4769 4769 4772 2616 4769 2616 2610 3018 4767 3016 3016 4767 4766 3016 4766 2172 3018 3019 4767 4767 3019 3021 4767 3021 4776 4776 3021 3022 4776 3022 4777 4777 3022 3024 2618 4773 4774 4774 4773 4775 4774 4775 4764 4764 4775 4778 4764 4778 4762 2093 4763 3025 3025 4763 4762 3025 4762 3024 3024 4762 4778 3024 4778 4777 4777 4778 4775 4777 4775 4776 4776 4775 4771 4776 4771 4767 4767 4771 4770 4767 4770 4765 4765 4770 4768 2182 2172 4766 2182 4766 4779 4779 4766 4765 4779 4765 4780 4780 4765 4768 4780 4768 4781 4781 4768 4782 4782 4768 2610 4782 2610 2609 2093 2092 4783 2093 4783 4763 4763 4783 4784 4763 4784 4764 4764 4784 4785 4764 4785 4774 4774 4785 2611 4774 2611 2613 4786 4787 2177 2181 2182 4788 4788 2182 4779 4788 4779 4789 4789 4779 4780 4789 4780 4781 2609 4790 4791 4792 4793 4794 4794 4793 4795 4794 4795 4786 4786 4795 4796 4786 4796 4787 4790 4797 4791 4791 4797 4792 4791 4792 4798 4798 4792 4794 4798 4794 4799 4799 4794 4786 4799 4786 4800 4800 4786 2177 2177 2181 4800 4800 2181 4788 4800 4788 4799 4799 4788 4789 4799 4789 4798 4798 4789 4781 4798 4781 4791 4791 4781 4782 4791 4782 2609 2605 2611 4801 4801 2611 4785 4801 4785 4802 4802 4785 4784 4802 4784 4803 4803 4784 4783 4803 4783 2092 4804 4805 4806 2615 2614 4807 4807 2614 4808 4807 4808 4809 4790 2609 4806 4806 2609 2608 4790 4806 4797 4797 4806 4805 4797 4805 4792 4792 4805 4810 4792 4810 4793 4811 3036 3037 2177 4787 3037 3037 4787 4796 3037 4796 4811 4811 4796 4795 2633 3026 4812 3028 3033 4813 4813 3033 3032 4813 3032 4814 4814 3032 3030 4814 3030 4815 4815 3030 3029 4815 3029 4811 4811 3029 3034 4811 3034 3036 2608 2615 4806 4806 2615 4807 4806 4807 4804 4804 4807 4809 4804 4809 4812 4812 4809 4816 4812 4816 2633 3026 3028 4812 4812 3028 4813 4812 4813 4804 4804 4813 4814 4804 4814 4805 4805 4814 4815 4805 4815 4810 4810 4815 4811 4810 4811 4793 4793 4811 4795 2092 2091 4817 2092 4817 4803 4803 4817 4818 4803 4818 4802 4802 4818 4819 4802 4819 4801 4801 4819 2607 4801 2607 2605 2611 2605 2612 2612 2605 2604 2634 2633 4816 2634 4816 4820 4820 4816 4809 4820 4809 4821 4821 4809 4808 4821 4808 4822 4822 4808 2614 4822 2614 2612 2572 2607 4823 4823 2607 4819 4823 4819 4824 4824 4819 4818 4824 4818 4825 4825 4818 4817 4825 4817 2091 2629 2634 4820 2629 4820 4826 4826 4820 4821 4826 4821 4827 4821 4822 4827 4827 4822 2612 4827 2612 2604 2091 2088 4825 4825 2088 4828 4828 4829 4825 4825 4829 4830 4825 4830 4824 4824 4830 4831 4824 4831 4823 4823 4831 2574 4823 2574 2572 2607 2572 2606 2606 2572 2571 4832 2630 2629 4832 2629 4833 4833 2629 4826 4833 4826 4834 4834 4826 4835 4835 4826 4827 4835 4827 4836 4836 4827 2604 4836 2604 2606 3064 3063 4837 2578 4838 4839 2578 4839 2580 2580 4839 4840 2580 4840 2582 2577 2574 4841 4841 2574 4831 4841 4831 4842 4842 4831 4830 4842 4830 4829 4843 4840 4844 4844 4840 4839 4844 4839 4845 4845 4839 4838 4846 4847 3061 3061 3067 4846 4846 3067 3066 4846 3066 3065 4848 4846 4849 4849 4846 3065 4849 3065 2273 3063 3062 4837 4837 3062 3061 4837 3061 4850 4850 3061 4847 4850 4847 4845 4845 4847 4846 4845 4846 4844 4844 4846 4848 4844 4848 4843 2088 3064 4828 4828 3064 4837 4828 4837 4829 4829 4837 4850 4829 4850 4842 4842 4850 4845 4842 4845 4841 4841 4845 4838 4841 4838 2577 2577 4838 2578 2630 4832 2627 2627 4832 4851 4851 4832 4852 4852 4832 4833 4852 4833 4853 4853 4833 4834 4853 4834 4854 4854 4834 4835 4854 4835 4855 4835 4836 4855 4855 4836 2606 4855 2606 2571 2273 2267 4849 4849 2267 4856 4849 4856 4848 4848 4856 4857 4848 4857 4843 4843 4857 4840 4857 4858 4840 4840 4858 2569 4840 2569 2582 2619 2627 4859 4859 2627 4851 4859 4851 4860 4860 4851 4852 4860 4852 4861 4861 4852 4853 4861 4853 4862 4862 4853 4854 4862 4854 2573 2573 4854 4855 2573 4855 2571 2167 2166 4863 4863 2166 4864 4863 4864 4865 4865 4864 4866 4866 4864 4867 4866 4867 4868 2546 2545 4869 4869 2545 4868 4869 4868 4870 4870 4868 4867 3049 3048 4871 3054 3053 4872 4872 3053 3051 2555 4873 4874 2555 4874 2548 2548 4874 4868 2548 4868 2545 2554 2552 4875 4875 2552 4876 4875 4876 4877 4877 4876 4878 4877 4878 4879 4866 4868 4880 4880 4868 4874 4880 4874 4881 4881 4874 4873 3050 4882 3051 3051 4882 4883 3051 4883 4872 4865 4882 4863 4863 4882 3050 4863 3050 2167 3048 3054 4871 4871 3054 4872 4871 4872 4884 4884 4872 4883 4884 4883 4881 4881 4883 4882 4881 4882 4880 4880 4882 4865 4880 4865 4866 2111 3049 4885 4885 3049 4871 4885 4871 4879 4879 4871 4884 4879 4884 4877 4877 4884 4881 4877 4881 4875 4875 4881 4873 4875 4873 2554 2554 4873 2555 4857 4856 4886 2565 2567 4887 2570 2569 4888 4888 2569 4858 4888 4858 4889 4890 2560 2565 4889 4891 4888 4888 4891 4892 4888 4892 2570 2570 4892 2567 3076 4886 3074 3074 4886 4856 3074 4856 2267 3076 3077 4886 4886 3077 3079 4886 3079 4893 4893 3079 3080 4893 3080 3082 2567 4892 4887 4887 4892 4891 4887 4891 4894 4894 4891 4895 4894 4895 4896 2565 4887 4890 4890 4887 4894 4890 4894 4897 4897 4894 4896 4897 4896 4898 2108 4898 3083 3083 4898 4896 3083 4896 3082 3082 4896 4895 3082 4895 4893 4893 4895 4891 4893 4891 4886 4886 4891 4889 4886 4889 4857 4857 4889 4858 4899 4900 4901 4902 4903 4904 2579 2581 4905 4905 2581 4906 2575 2576 4907 4907 2576 4904 4907 4904 4908 4908 4904 4903 4908 4903 4909 3099 4910 3098 3098 4910 4911 3098 4911 2639 3096 3097 4912 4912 3097 3091 4860 4900 4859 4859 4900 4899 4859 4899 2619 3099 3094 4910 4910 3094 3096 4910 3096 4901 4901 3096 4912 4901 4912 4899 4899 4912 3091 4899 3091 2619 2576 2579 4904 4904 2579 4905 4904 4905 4902 4902 4905 4906 4902 4906 4913 2573 2575 4862 4862 2575 4907 4862 4907 4861 4861 4907 4908 4861 4908 4860 4860 4908 4909 4860 4909 4900 4900 4909 4903 4900 4903 4901 4901 4903 4902 4901 4902 4910 4910 4902 4913 4910 4913 4911 4914 4867 4864 2546 4869 4915 4915 4869 4916 4915 4916 4917 4917 4916 4918 4917 4918 4919 2171 4920 4921 4921 4920 4922 4921 4922 4923 4918 4924 4923 4923 4924 4925 4923 4925 4921 4921 4925 2171 4922 4926 4923 4923 4926 4927 4923 4927 4918 4918 4927 4928 4918 4928 4919 2166 2187 4864 4864 2187 4929 4864 4929 4914 4869 4870 4916 4916 4870 4867 4916 4867 4918 4918 4867 4914 4918 4914 4924 4924 4914 4929 4924 4929 4925 4925 4929 2187 4925 2187 2171 2552 2550 4930 2552 4930 4876 4876 4930 4931 4876 4931 4878 4878 4931 4932 4878 4932 4879 2110 2111 4932 4932 2111 4885 4932 4885 4879 2559 4933 2558 2558 4933 4934 4934 4933 4935 4935 4933 4936 4935 4936 4937 4937 4936 4938 4937 4938 4939 4939 4938 4940 4939 4940 4941 4940 4942 4941 4941 4942 2109 4941 2109 2110 2561 2560 4890 2561 4890 4943 4943 4890 4897 4943 4897 4944 4944 4897 4898 4944 4898 4945 4945 4898 2108 4945 2108 2109 2581 2583 4906 4906 2583 4946 4906 4946 4913 4946 4947 4913 4913 4947 4948 4913 4948 4911 4911 4948 4949 4911 4949 2639 2639 4949 2637 4950 2547 2546 4920 2171 3038 3038 3040 4951 4920 3038 4922 4922 3038 4951 4922 4951 4926 2546 4915 4950 4950 4915 4917 4950 4917 4952 4952 4917 4919 4952 4919 4953 4953 4919 4928 4953 4928 4927 3042 3044 4954 4954 4955 3042 3042 4955 4951 3042 4951 3041 3041 4951 3040 2553 2547 4956 4956 2547 4950 4956 4950 4957 4957 4950 4952 4957 4952 4955 4955 4952 4953 4955 4953 4951 4951 4953 4927 4951 4927 4926 3046 2603 4958 4958 2603 4959 4958 4959 4960 4960 4959 4961 4960 4961 4962 2551 2553 4963 4963 2553 4956 4963 4956 4962 4962 4956 4957 4962 4957 4960 4960 4957 4955 4960 4955 4958 4958 4955 4954 4958 4954 3046 3046 4954 3044 4941 2110 4932 4930 2550 2558 2558 4934 4930 4930 4934 4935 4930 4935 4931 4931 4935 4937 4931 4937 4932 4932 4937 4939 4932 4939 4941 2559 2561 4933 4933 2561 4943 2109 4942 4945 4945 4942 4940 4945 4940 4944 4944 4940 4938 4944 4938 4943 4943 4938 4936 4943 4936 4933 2564 4964 4965 4966 2566 2564 4966 2564 4967 4968 4969 4970 4970 4969 2568 4968 4971 4972 4968 4972 4973 3111 3107 4974 4974 3107 3109 4974 3109 4975 4976 2587 4977 4977 2587 3112 2583 2584 4946 4946 2584 2568 4946 2568 4947 4947 2568 4969 4947 4969 4948 4948 4969 4949 3109 3110 4975 4975 3110 3102 4975 3102 4978 4978 3102 3104 4978 3104 4979 4979 3104 3101 2564 2563 4980 4980 2563 4981 4980 4981 4982 4982 4981 4983 4982 4983 4984 2568 2566 4970 4970 2566 4966 4970 4966 4968 4968 4966 4967 4968 4967 4985 4985 4967 2564 4985 2564 4965 4985 4965 4968 4968 4965 4964 4968 4964 4971 4971 4964 2564 4971 2564 4972 4972 2564 4980 4972 4980 4973 4973 4980 4982 4973 4982 4977 4977 4982 4984 4977 4984 4976 3112 3111 4977 4977 3111 4974 4977 4974 4973 4973 4974 4975 4973 4975 4968 4968 4975 4978 4968 4978 4969 4969 4978 4979 4969 4979 4949 4949 4979 3101 4949 3101 2637 2603 2602 4959 4959 2602 4986 4959 4986 4961 4961 4986 4987 4961 4987 4962 4962 4987 4988 4962 4988 4963 4963 4988 4989 4963 4989 2551 2551 4989 4990 2551 4990 2549 2558 2550 2556 2556 2550 2549 2561 2559 2562 2562 2559 2557 2587 4976 2596 2596 4976 4991 4976 4984 4991 4991 4984 4983 4991 4983 4992 4992 4983 4981 4992 4981 2562 2562 4981 2563 2601 4993 2602 2602 4993 4986 4986 4993 4987 4987 4993 4994 4987 4994 4988 4988 4994 4995 4988 4995 4989 4989 4995 4996 4989 4996 4990 4996 4997 4990 4990 4997 2556 4990 2556 2549 2600 2596 4991 2600 4991 4998 4998 4991 4992 4998 4992 4999 4999 4992 2562 4999 2562 2557 4993 2601 2600 4993 2600 4994 4994 2600 4998 4994 4998 4995 4995 4998 4996 4996 4998 4999 4996 4999 4997 4997 4999 2557 4997 2557 2556 2456 5000 2458 2458 5000 5001 5000 5002 5001 5001 5002 5003 5001 5003 5004 5004 5003 2403 2403 5003 5005 2403 5005 2404 2411 2425 5006 5006 2425 5007 5006 5007 5008 5008 5007 5009 5008 5009 5010 5010 5009 5011 5010 5011 5012 5012 5011 5013 5012 5013 5014 5014 5013 5015 5014 5015 2404 2404 5015 2406 5016 5017 2449 2449 5017 5018 2449 5018 2451 5019 5020 2395 2395 5021 5019 5019 5021 5022 5019 5022 5016 5016 5022 5023 5016 5023 5017 2449 2448 5016 5016 2448 5024 5016 5024 5019 5019 5024 5025 5019 5025 5020 5020 5025 5026 2448 2458 5024 5024 2458 5001 5024 5001 5025 5025 5001 5004 5025 5004 5026 5026 5004 2403 5027 2436 2435 5027 2435 5028 2435 5029 5028 5028 5029 5030 5028 5030 5031 5031 5030 5032 5032 5030 2405 5032 2405 2406 2396 2395 5033 5033 2395 5020 5033 5020 5034 5034 5020 5026 5034 5026 2405 2405 5026 2403 2451 5018 2452 2452 5018 5035 5035 5018 5036 5036 5018 5017 5036 5017 5037 5037 5017 5023 5037 5023 5038 5038 5023 5022 5038 5022 5039 5022 5021 5039 5039 5021 2395 5039 2395 2397 2396 5033 5040 5040 5033 5041 5040 5041 5042 5042 5041 5043 5042 5043 2433 2433 5043 2431 5033 5034 5041 5041 5034 5044 5041 5044 5043 5043 5044 5045 5043 5045 2431 2431 5045 2443 5034 2405 5044 5044 2405 5030 5044 5030 5045 5045 5030 5029 5045 5029 2443 2443 5029 2435 5037 5038 5046 5035 5036 5047 5048 5049 5050 5050 5049 5051 5051 2392 5052 5051 5052 5050 5050 5052 5053 5050 5053 5054 2452 5035 5055 5055 5035 5047 5055 5047 5056 5056 5047 5054 5054 5047 5050 5050 5047 5057 5050 5057 5048 2397 5058 5057 5057 5058 5059 5057 5059 5048 5036 5037 5047 5047 5037 5046 5047 5046 5057 5057 5046 2397 5038 5039 5046 5046 5039 2397 2433 2434 5060 2433 5060 5042 5042 5060 5061 5042 5061 5040 5040 5061 2398 5040 2398 2396 2392 5051 2394 2394 5051 5062 5062 5051 5063 5063 5051 5049 5063 5049 5064 5064 5049 5048 5064 5048 5065 5065 5048 5059 5065 5059 5066 5059 5058 5066 5066 5058 2397 5066 2397 2398 2452 5055 2450 2450 5055 5067 5067 5055 5068 5068 5055 5056 5068 5056 5069 5069 5056 5054 5069 5054 5070 5070 5054 5053 5070 5053 5071 5053 5052 5071 5071 5052 2392 5071 2392 2391 2445 2450 5072 5072 2450 5073 5072 5073 5074 5074 5073 5075 5074 5075 5076 5076 5075 5077 5076 5077 5078 5078 5077 5079 5078 5079 5080 5080 5079 5081 5080 5081 1848 1848 5081 1849 5066 2398 5082 2394 5062 5083 5083 5062 5084 5083 5084 5085 5086 5085 5087 5087 5085 5084 5087 5084 5088 5088 5084 5082 5088 5082 2398 5062 5063 5084 5084 5063 5064 5084 5064 5082 5082 5064 5065 5082 5065 5066 2434 5086 5060 5060 5086 5087 5060 5087 5061 5061 5087 5088 5061 5088 2398 1834 1849 5081 1843 1834 5089 1841 1843 5090 1834 5081 5089 5089 5081 5079 5089 5079 5091 5073 5092 5075 5075 5092 5091 5075 5091 5077 5077 5091 5079 5093 5070 5071 1841 5090 5094 5094 5090 5095 5094 5095 5096 5096 5095 5093 5096 5093 5097 5097 5093 5071 5097 5071 2391 5092 5068 5069 1843 5089 5090 5090 5089 5091 5090 5091 5095 5095 5091 5092 5095 5092 5093 5093 5092 5069 5093 5069 5070 5073 2450 5092 5092 2450 5067 5092 5067 5068 2434 2432 5098 2434 5098 5086 5086 5098 5099 5086 5099 5085 5085 5099 5100 5085 5100 5083 5083 5100 2393 5083 2393 2394 2391 2393 5097 5097 2393 5101 5097 5101 5096 5096 5101 5102 5096 5102 5094 5094 5102 5103 5094 5103 1841 1841 5103 1839 1839 5103 1861 1861 5103 5104 1861 5104 1854 1854 5104 5105 1854 5105 1855 1855 5105 5106 1855 5106 1845 5107 5108 5106 5106 5108 5109 5106 5109 1845 5103 5102 5104 5104 5102 5110 5104 5110 5105 5105 5110 5111 5105 5111 5106 5106 5111 5112 5106 5112 5107 5107 5112 5113 5102 5101 5110 5110 5101 5114 5110 5114 5111 5111 5114 5115 5111 5115 5112 5112 5115 5116 5112 5116 5113 5113 5116 5117 5101 2393 5114 5114 2393 5100 5114 5100 5115 5115 5100 5099 5115 5099 5116 5116 5099 5098 5116 5098 5117 5117 5098 2432 5117 2432 2440 5117 2440 5113 5113 2440 5118 5113 5118 5107 5107 5118 5119 5107 5119 5108 5108 5119 5109 5109 5119 1846 5109 1846 1845 5120 5121 5122 5122 5121 5123 5122 5123 5124 5124 5123 5125 5124 5125 5126 5126 5125 5127 5126 5127 5128 5121 1833 5123 5123 1833 1832 5123 1832 5125 5125 1832 1852 5125 1852 5127 5129 5130 5131 5132 5128 5127 5130 5132 5131 5131 5132 5127 5131 5127 5133 5133 5127 1852 1852 1851 5133 5133 1851 5134 5133 5134 5131 5131 5134 5135 5131 5135 5129 5129 5135 5136 5137 5138 5139 5140 5141 5142 5143 5144 5145 5145 5144 5146 5147 5148 5149 5149 5148 5150 5151 5143 5152 5152 5143 5145 5152 5145 5153 5141 2884 5142 5142 2884 5154 5139 5155 5137 5137 5155 5142 5137 5142 5156 5156 5142 5154 5146 5150 5145 5145 5150 5148 5145 5148 5153 5153 5148 5147 5153 5147 5157 5140 5142 5158 5158 5142 5155 5158 5155 5136 5136 5155 5139 5136 5139 5129 5129 5139 5138 5129 5138 5130 5130 5138 5159 5130 5159 5132 5132 5159 5160 5132 5160 5128 5154 5157 5156 5156 5157 5147 5156 5147 5137 5137 5147 5149 5137 5149 5138 5138 5149 5150 5138 5150 5159 5159 5150 5146 5159 5146 5160 5160 5146 5144 5143 5151 5161 5143 5162 5144 5144 5162 5163 5144 5163 5160 5161 1743 1740 5161 1740 5164 5164 1740 1741 5164 1741 5165 5165 1741 1742 5165 1742 5166 5143 5161 5162 5162 5161 5164 5162 5164 5163 5163 5164 5165 5163 5165 5160 5160 5165 5166 5160 5166 5128 5167 5168 5169 5168 5167 5170 5169 5171 5167 5167 5171 5172 5167 5172 5173 5173 5172 5174 5173 5174 5175 5175 5176 5173 5173 5176 5177 5173 5177 5167 5167 5177 5178 5167 5178 5170 5166 1742 5176 5176 1742 2035 5176 2035 5177 5177 2035 2045 5177 2045 5178 5175 5179 5176 5176 5179 5180 5176 5180 5166 5166 5180 5128 5181 5182 5183 5183 5182 5184 5185 5186 5181 5181 5186 5182 5182 5186 5187 5182 5187 5184 5188 2033 5185 5185 2033 2031 5185 2031 5186 5186 2031 2029 5186 2029 5187 5183 5189 5181 5181 5189 5190 5181 5190 5185 5185 5190 5191 5185 5191 5188 5188 5191 5192 5193 5194 5195 5195 5194 5196 5195 5196 5197 5197 5196 5198 5197 5198 5199 5199 5198 5200 5201 5202 5203 5203 5202 5191 5203 5191 5190 5192 5191 5204 5204 5191 5202 5204 5202 5205 5205 5202 5201 5205 5201 5206 5207 5200 5208 5208 5200 5198 5208 5198 5209 5209 5198 5196 5209 5196 2872 2872 5196 5194 5210 5193 5211 5211 5193 5195 5211 5195 5212 5212 5195 5197 5212 5197 5213 5213 5197 5199 5207 5206 5200 5200 5206 5201 5200 5201 5199 5199 5201 5203 5199 5203 5213 5213 5203 5190 5213 5190 5212 5212 5190 5189 5212 5189 5211 5211 5189 5183 5211 5183 5210 5210 5183 5184 5207 5214 5206 5206 5214 5215 5206 5215 5205 5205 5215 5216 5205 5216 5204 5204 5216 5217 5204 5217 5192 5214 1947 5215 5215 1947 1944 5215 1944 5216 5216 1944 1945 5216 1945 5217 5218 5219 5220 5221 5192 5217 5219 5221 5220 5220 5221 5217 5220 5217 5222 5222 5217 1945 1945 1946 5222 5222 1946 5223 5222 5223 5220 5220 5223 5224 5220 5224 5218 5218 5224 5225 5226 5227 5228 5229 5230 5231 5231 5230 5232 5231 5233 5229 5229 5233 5234 5229 5234 5235 5235 5234 5236 5237 5238 5228 5228 5238 5239 5228 5239 5226 5240 5241 5242 5242 5241 5243 5242 5243 5244 5244 5243 5245 5244 5245 5246 5246 5245 5247 5236 5247 5235 5235 5247 5245 5235 5245 5229 5229 5245 5243 5229 5243 5230 5230 5243 5241 5248 5226 5249 5249 5226 5239 5249 5239 5225 5225 5239 5238 5225 5238 5218 5218 5238 5237 5218 5237 5219 5248 2046 5226 5226 2046 5240 5226 5240 5227 5227 5240 5242 5227 5242 5228 5228 5242 5244 5228 5244 5237 5237 5244 5246 5237 5246 5219 5219 5246 5247 5219 5247 5221 5221 5247 5236 5221 5236 5192 5250 5251 5252 2887 5253 2882 2882 5253 5254 2882 5254 2880 2880 5254 5255 2880 5255 2878 2878 5255 5256 5253 5250 5254 5254 5250 5252 5254 5252 5255 5255 5252 5257 5255 5257 5256 5256 5257 5258 5251 2868 5252 5252 2868 3009 5252 3009 5257 5257 3009 3011 5257 3011 5258 5258 3011 2862 2864 5259 2862 2862 5259 5258 5259 5260 5258 5258 5260 5261 5258 5261 5256 2875 2878 5262 5262 2878 5256 5262 5256 5263 5263 5256 5261 2866 2868 5251 2866 5251 5264 5264 5251 5250 5264 5250 5265 5265 5250 5253 5265 5253 5266 5266 5253 2887 5266 2887 2889 2870 2873 5267 2871 2870 5268 5268 2870 5269 5268 5269 5270 5271 5272 5273 5271 5273 5274 5274 5273 2993 5274 2993 1942 5270 5269 5275 5275 5269 5276 5275 5276 5272 5272 5276 5277 5272 5277 5273 5273 5277 2995 5273 2995 2993 2997 5278 2864 2864 5278 5259 5259 5278 5260 5260 5278 5279 5260 5279 5261 5261 5279 5263 5263 5279 5267 5263 5267 5262 5262 5267 2873 5262 2873 2875 2870 5267 5269 5269 5267 5279 5269 5279 5276 5276 5279 5278 5276 5278 5277 5277 5278 2997 5277 2997 2995 3001 3003 5280 5280 3003 3005 1840 2999 5281 5281 2999 5282 5281 5282 5283 5283 5282 5284 5285 5286 5287 5287 5286 5288 5287 5288 5289 2999 3001 5282 5282 3001 5280 5282 5280 5284 5284 5280 5286 5284 5286 5290 5290 5286 5285 2883 2885 5288 5288 2885 2886 5288 2886 5289 2889 2883 5291 2889 5291 5266 5266 5291 5292 5266 5292 5265 5265 5292 5293 5265 5293 5264 5264 5293 3007 5264 3007 2866 2883 5288 5291 5291 5288 5286 5291 5286 5292 5292 5286 5280 5292 5280 5293 5293 5280 3005 5293 3005 3007 5294 5295 5296 1943 1948 5297 1942 1943 5298 5298 1943 5299 5300 5301 5274 5270 5295 5268 5268 5295 5294 5268 5294 2871 5275 5272 5301 5301 5272 5271 5301 5271 5274 2871 5294 5302 5302 5294 5296 5302 5296 5303 5303 5296 5304 5303 5304 5305 5299 5306 5298 5298 5306 5307 5298 5307 1942 1943 5297 5299 5299 5297 5308 5299 5308 5306 5306 5308 5300 5306 5300 5307 5307 5300 5274 5307 5274 1942 5270 5275 5295 5295 5275 5301 5295 5301 5296 5296 5301 5300 5296 5300 5304 5304 5300 5308 5304 5308 5305 5305 5308 5297 5305 5297 5309 5309 5297 1948 1842 1840 5310 5311 1850 5312 5312 1850 1842 5312 1842 5313 5314 5315 5316 5316 5315 5317 5316 5317 5318 5318 5317 5319 5319 5317 5287 5319 5287 5289 1840 5281 5320 5320 5281 5283 5320 5283 5314 5316 5321 5314 5314 5321 5310 5314 5310 5320 5320 5310 1840 5283 5284 5314 5314 5284 5315 5315 5284 5290 5315 5290 5317 5317 5290 5285 5317 5285 5287 1842 5310 5313 5313 5310 5321 5313 5321 5312 5312 5321 5316 5312 5316 5311 5311 5316 5318 5311 5318 5322 5322 5318 5319 5322 5319 5323 5323 5319 5289 5323 5289 2886 5324 5325 1946 5325 5324 5326 5326 5324 5327 5326 5327 5328 5327 5329 5328 5328 5329 2047 5328 2047 2046 3015 1833 5330 2051 2049 5331 5331 2049 5332 5331 5332 5333 5333 5332 5334 5333 5334 5335 5335 5334 5336 2049 2047 5332 5332 2047 5329 5332 5329 5334 5334 5329 5327 5334 5327 5336 5336 5327 5324 1946 3013 5324 5324 3013 3014 5324 3014 5336 5336 3014 3015 5336 3015 5335 5335 3015 5330 5335 5330 5333 5333 5330 5337 5333 5337 5331 5331 5337 5338 5331 5338 2051 2051 5338 2050 1946 5325 5223 5223 5325 5224 5224 5325 5326 5224 5326 5225 5225 5326 5328 5225 5328 5249 5249 5328 2046 5249 2046 5248 2872 2871 5209 5209 2871 5302 5209 5302 5208 5208 5302 5303 5208 5303 5207 5303 5305 5207 5207 5305 5309 5207 5309 5214 1948 1947 5309 5309 1947 5214 5194 5193 5339 5210 5184 5340 1743 5161 1744 1744 5161 5341 1744 5341 1745 1745 5341 5342 1745 5342 1746 1746 5342 1747 1747 5342 5343 1747 5343 1748 1748 5343 1749 1749 5343 5344 1749 5344 1750 1750 5344 1754 1754 5344 5345 1754 5345 1753 1753 5345 1752 1752 5345 5346 1752 5346 1751 1751 5346 5347 1751 5347 2022 2022 5347 2024 2024 5347 5348 2024 5348 2026 2026 5348 2028 2028 5348 5187 2028 5187 2029 5152 5153 5349 5349 5153 2891 5349 2891 5350 5350 2891 2890 5350 2890 5351 5351 2890 2888 5351 2888 5352 5352 2888 2881 5352 2881 5353 5353 2881 2879 5353 2879 5354 5354 2879 2877 5354 2877 5355 5355 2877 2876 5355 2876 5339 5339 2876 2874 5339 2874 5194 5194 2874 2872 5154 2884 2891 5154 2891 5157 5157 2891 5153 5161 5151 5341 5341 5151 5356 5341 5356 5342 5342 5356 5357 5342 5357 5343 5343 5357 5358 5343 5358 5344 5344 5358 5359 5344 5359 5345 5345 5359 5360 5345 5360 5346 5346 5360 5361 5346 5361 5347 5347 5361 5362 5347 5362 5348 5348 5362 5340 5348 5340 5187 5187 5340 5184 5151 5152 5356 5356 5152 5349 5356 5349 5357 5357 5349 5350 5357 5350 5358 5358 5350 5351 5358 5351 5359 5359 5351 5352 5359 5352 5360 5360 5352 5353 5360 5353 5361 5361 5353 5354 5361 5354 5362 5362 5354 5355 5362 5355 5340 5340 5355 5339 5340 5339 5210 5210 5339 5193 5140 5158 5323 5323 5158 5136 5323 5136 5322 5322 5136 5135 5322 5135 5311 5311 5135 5134 5311 5134 1850 1850 5134 1851 2886 2884 5323 5323 2884 5141 5323 5141 5140 5363 5364 2050 1833 5121 5330 5330 5121 5120 5330 5120 5337 5337 5120 5363 5337 5363 5338 5338 5363 2050 5232 5365 5231 5231 5365 5366 5231 5366 5233 5233 5366 5367 5233 5367 5234 5234 5367 5236 5368 2038 5369 5369 2038 2037 5369 2037 5370 5370 2037 2033 5370 2033 5188 5365 5368 5366 5366 5368 5369 5366 5369 5367 5367 5369 5370 5367 5370 5236 5236 5370 5188 5236 5188 5192 5371 5372 5373 5374 5171 5375 5375 5171 5169 5372 5371 5376 5376 5371 5377 5376 5377 5378 5378 5377 5379 5378 5379 5380 5380 5379 5122 5380 5122 5124 5179 5175 5381 5381 5175 5382 5382 5175 5383 5383 5175 5174 5383 5174 5374 5374 5174 5172 5374 5172 5171 5126 5128 5180 5179 5381 5180 5180 5381 5384 5180 5384 5126 5373 2050 5371 5371 2050 5364 5371 5364 5377 5377 5364 5363 5377 5363 5379 5379 5363 5120 5379 5120 5122 5375 5373 5374 5374 5373 5372 5374 5372 5383 5383 5372 5376 5383 5376 5382 5382 5376 5378 5382 5378 5381 5381 5378 5380 5381 5380 5384 5384 5380 5124 5384 5124 5126 5241 5240 5385 5386 5387 5368 2044 2042 5387 5387 2042 2040 5387 2040 5368 5368 2040 2038 5373 5375 5385 5385 5375 5169 5385 5169 5386 5386 5169 5168 5386 5168 5387 5387 5168 5170 5387 5170 2044 2044 5170 5178 2044 5178 2045 2048 2050 5373 5373 5385 2048 2048 5385 5240 2048 5240 2046 5368 5365 5386 5386 5365 5232 5386 5232 5385 5385 5232 5230 5385 5230 5241 5388 5389 5390 5390 5389 5391 5390 5391 5392 5392 5391 5393 5392 5393 5394 5394 5393 5395 5394 5395 5396 5389 1929 5391 5391 1929 1928 5391 1928 5393 5393 1928 1927 5393 1927 5395 5397 5398 5399 5400 5396 5395 5398 5400 5399 5399 5400 5395 5399 5395 5401 5401 5395 1927 1927 1926 5401 5401 1926 5402 5401 5402 5399 5399 5402 5403 5399 5403 5397 5397 5403 5404 5405 5406 5407 5408 5409 5410 5411 5412 5413 5413 5412 5414 5415 5416 5417 5417 5416 5418 5419 5411 5420 5420 5411 5413 5420 5413 5421 5409 2056 5410 5410 2056 5422 5407 5423 5405 5405 5423 5410 5405 5410 5424 5424 5410 5422 5414 5418 5413 5413 5418 5416 5413 5416 5421 5421 5416 5415 5421 5415 5425 5408 5410 5426 5426 5410 5423 5426 5423 5404 5404 5423 5407 5404 5407 5397 5397 5407 5406 5397 5406 5398 5398 5406 5427 5398 5427 5400 5400 5427 5428 5400 5428 5396 5422 5425 5424 5424 5425 5415 5424 5415 5405 5405 5415 5417 5405 5417 5406 5406 5417 5418 5406 5418 5427 5427 5418 5414 5427 5414 5428 5428 5414 5412 5411 5419 5429 5411 5430 5412 5412 5430 5431 5412 5431 5428 5429 1765 5432 5432 1765 1764 5432 1764 5433 5433 1764 1763 5433 1763 5434 5411 5429 5430 5430 5429 5432 5430 5432 5431 5431 5432 5433 5431 5433 5428 5428 5433 5434 5428 5434 5396 5435 5436 5437 5438 5439 5440 5439 5438 5441 5440 5442 5438 5438 5442 5443 5438 5443 5435 5435 5443 5444 5435 5444 5436 5437 5445 5435 5435 5445 5446 5435 5446 5438 5438 5446 5447 5438 5447 5441 5434 1763 5445 5445 1763 1762 5445 1762 5446 5446 1762 1761 5446 1761 5447 5437 5448 5445 5445 5448 5449 5445 5449 5434 5434 5449 5396 5450 5451 5452 5452 5451 5453 5454 5455 5450 5450 5455 5451 5451 5455 5456 5451 5456 5453 5457 1757 5454 5454 1757 2017 5454 2017 5455 5455 2017 2019 5455 2019 5456 5452 5458 5450 5450 5458 5459 5450 5459 5454 5454 5459 5460 5454 5460 5457 5457 5460 5461 5462 5463 5464 5464 5463 5465 5464 5465 5466 5466 5465 5467 5466 5467 5468 5468 5467 5469 5470 5471 5472 5472 5471 5460 5472 5460 5459 5461 5460 5473 5473 5460 5471 5473 5471 5474 5474 5471 5470 5474 5470 5475 5476 5469 5477 5477 5469 5467 5477 5467 5478 5478 5467 5465 5478 5465 2071 2071 5465 5463 5479 5462 5480 5480 5462 5464 5480 5464 5481 5481 5464 5466 5481 5466 5482 5482 5466 5468 5476 5475 5469 5469 5475 5470 5469 5470 5468 5468 5470 5472 5468 5472 5482 5482 5472 5459 5482 5459 5481 5481 5459 5458 5481 5458 5480 5480 5458 5452 5480 5452 5479 5479 5452 5453 5476 5483 5475 5475 5483 5484 5475 5484 5474 5474 5484 5485 5474 5485 5473 5473 5485 5486 5473 5486 5461 5483 1862 5484 5484 1862 1863 5484 1863 5485 5485 1863 1853 5485 1853 5486 5487 5488 5489 5490 5461 5486 5488 5490 5489 5489 5490 5486 5489 5486 5491 5491 5486 1853 1853 1844 5491 5491 1844 5492 5491 5492 5489 5489 5492 5493 5489 5493 5487 5487 5493 5494 5495 5496 5497 5498 5499 5500 5500 5499 5501 5500 5502 5498 5498 5502 5503 5498 5503 5504 5504 5503 5505 5506 5507 5497 5497 5507 5508 5497 5508 5495 5509 5510 5511 5511 5510 5512 5511 5512 5513 5513 5512 5514 5513 5514 5515 5515 5514 5516 5505 5516 5504 5504 5516 5514 5504 5514 5498 5498 5514 5512 5498 5512 5499 5499 5512 5510 5517 5495 5518 5518 5495 5508 5518 5508 5494 5494 5508 5507 5494 5507 5487 5487 5507 5506 5487 5506 5488 5517 2856 5495 5495 2856 5509 5495 5509 5496 5496 5509 5511 5496 5511 5497 5497 5511 5513 5497 5513 5506 5506 5513 5515 5506 5515 5488 5488 5515 5516 5488 5516 5490 5490 5516 5505 5490 5505 5461 5519 5520 5521 5522 5523 5524 2059 5525 2052 2052 5525 5526 2052 5526 2053 2053 5526 5524 2053 5524 2054 2054 5524 5523 5525 5519 5526 5526 5519 5521 5526 5521 5524 5524 5521 5527 5524 5527 5522 5522 5527 5528 5520 2854 5521 5521 2854 2921 5521 2921 5527 5527 2921 2923 5527 2923 5528 5528 2923 2848 2848 2850 5529 2848 5529 5528 5528 5529 5530 5528 5530 5522 5522 5530 5531 5522 5531 5523 5523 5531 2062 5523 2062 2054 2852 2854 5520 2852 5520 5532 5532 5520 5519 5532 5519 5533 5533 5519 5525 5533 5525 5534 5534 5525 2059 5534 2059 2066 2070 2062 5531 2072 2070 5535 2073 2072 5536 5536 2072 5537 5536 5537 5538 5539 5540 5541 5541 5540 5542 5541 5542 5543 5539 5541 5544 5544 5541 2959 5544 2959 1858 2070 5531 5535 5535 5531 5530 5535 5530 5545 5545 5530 5529 5545 5529 5546 5546 5529 2850 5546 2850 2963 5538 5537 5547 5547 5537 5548 5547 5548 5543 5543 5548 5549 5543 5549 5541 5541 5549 2961 5541 2961 2959 2072 5535 5537 5537 5535 5545 5537 5545 5548 5548 5545 5546 5548 5546 5549 5549 5546 2963 5549 2963 2961 2958 2952 5550 5551 5552 5553 5553 5552 5554 5553 5554 5555 5556 5557 5558 5558 5557 5559 5558 5559 5560 5556 5561 5557 5557 5561 5551 5557 5551 5550 5550 5551 5553 5550 5553 2958 2958 5553 5555 2958 5555 1919 2055 2057 5559 5559 2057 2058 5559 2058 5560 2066 2055 5562 2066 5562 5534 5534 5562 5563 5534 5563 5533 5533 5563 5564 5533 5564 5532 5532 5564 2951 5532 2951 2852 2055 5559 5562 5562 5559 5557 5562 5557 5563 5563 5557 5550 5563 5550 5564 5564 5550 2952 5564 2952 2951 5565 5566 5567 1859 1860 5568 1858 1859 5569 5569 1859 5570 5544 1858 5569 5571 5572 5539 2073 5536 5565 5565 5536 5566 5566 5536 5538 5566 5538 5547 5543 5542 5572 5572 5542 5540 5572 5540 5539 2073 5565 5573 5573 5565 5567 5573 5567 5574 5574 5567 5575 5574 5575 5576 5570 5577 5569 5569 5577 5578 5569 5578 5544 1859 5568 5570 5570 5568 5579 5570 5579 5577 5577 5579 5571 5577 5571 5578 5578 5571 5539 5578 5539 5544 5547 5543 5566 5566 5543 5572 5566 5572 5567 5567 5572 5571 5567 5571 5575 5575 5571 5579 5575 5579 5576 5576 5579 5568 5576 5568 5580 5580 5568 1860 5581 1925 5582 5582 1925 1924 5582 1924 5583 5584 5585 5586 5586 5585 5587 5586 5587 5588 5588 5587 5589 5589 5587 5558 5589 5558 5560 5554 5552 5590 5590 5552 5584 5591 1919 5555 5586 5592 5584 5584 5592 5591 5584 5591 5590 5590 5591 5555 5590 5555 5554 1924 1919 5591 5552 5551 5584 5584 5551 5585 5585 5551 5561 5585 5561 5587 5587 5561 5556 5587 5556 5558 1924 5591 5583 5583 5591 5592 5583 5592 5582 5582 5592 5586 5582 5586 5581 5581 5586 5588 5581 5588 5593 5593 5588 5589 5593 5589 5594 5594 5589 5560 5594 5560 2058 5595 5596 1844 5596 5595 5597 5597 5595 5598 5597 5598 5599 5598 5600 5599 5599 5600 2857 5599 2857 2856 3056 1929 5601 2861 2859 5602 5602 2859 5603 5602 5603 5604 5604 5603 5605 5604 5605 5606 5606 5605 5607 2859 2857 5603 5603 2857 5600 5603 5600 5605 5605 5600 5598 5605 5598 5607 5607 5598 5595 1844 3058 5595 5595 3058 3057 5595 3057 5607 5607 3057 3056 5607 3056 5606 5606 3056 5601 5606 5601 5604 5604 5601 5608 5604 5608 5602 5602 5608 5609 5602 5609 2861 2861 5609 2860 1844 5596 5492 5492 5596 5493 5493 5596 5597 5493 5597 5494 5494 5597 5599 5494 5599 5518 5518 5599 2856 5518 2856 5517 2071 2073 5478 5478 2073 5573 5478 5573 5477 5477 5573 5574 5477 5574 5476 5574 5576 5476 5476 5576 5580 5476 5580 5483 1860 1862 5580 5580 1862 5483 5463 5462 5610 5479 5453 5611 1765 5429 1766 1766 5429 5612 1766 5612 1767 1767 5612 5613 1767 5613 1768 1768 5613 5614 1768 5614 1999 1999 5614 2001 2001 5614 5615 2001 5615 2004 2004 5615 5616 2004 5616 2007 2007 5616 5617 2007 5617 2009 2009 5617 5618 2009 5618 2011 2011 5618 2013 2013 5618 5619 2013 5619 2015 2015 5619 2020 2020 5619 5456 2020 5456 2019 5420 5421 5620 5620 5421 2068 5620 2068 5621 5621 2068 2067 5621 2067 5622 5622 2067 2065 5622 2065 5623 5623 2065 2064 5623 2064 5624 5624 2064 2060 5624 2060 5625 5625 2060 2061 5625 2061 5626 5626 2061 2063 5626 2063 5610 5610 2063 2069 5610 2069 5463 5463 2069 2071 5422 2056 2068 5422 2068 5425 5425 2068 5421 5429 5419 5612 5612 5419 5627 5612 5627 5613 5613 5627 5628 5613 5628 5614 5614 5628 5629 5614 5629 5615 5615 5629 5630 5615 5630 5616 5616 5630 5631 5616 5631 5617 5617 5631 5632 5617 5632 5618 5618 5632 5633 5618 5633 5619 5619 5633 5611 5619 5611 5456 5456 5611 5453 5419 5420 5627 5627 5420 5620 5627 5620 5628 5628 5620 5621 5628 5621 5629 5629 5621 5622 5629 5622 5630 5630 5622 5623 5630 5623 5631 5631 5623 5624 5631 5624 5632 5632 5624 5625 5632 5625 5633 5633 5625 5626 5633 5626 5611 5611 5626 5610 5611 5610 5479 5479 5610 5462 5408 5426 5594 5594 5426 5404 5594 5404 5593 5593 5404 5403 5593 5403 5581 5581 5403 5402 5581 5402 1925 1925 5402 1926 2058 2056 5594 5594 2056 5409 5594 5409 5408 5634 5635 2860 1929 5389 5601 5601 5389 5388 5601 5388 5608 5608 5388 5634 5608 5634 5609 5609 5634 2860 5636 5637 5638 5638 1758 1755 5500 5501 5637 5500 5639 5502 5502 5639 5640 5502 5640 5503 5503 5640 5505 5638 1755 5636 5636 1755 1756 5636 1756 5641 5641 1756 1757 5641 1757 5457 5500 5637 5639 5639 5637 5636 5639 5636 5640 5640 5636 5641 5640 5641 5505 5505 5641 5457 5505 5457 5461 5642 5448 5437 5643 5644 5645 5646 5442 5647 5647 5442 5440 5644 5643 5648 5648 5643 5649 5648 5649 5650 5650 5649 5651 5650 5651 5652 5652 5651 5390 5652 5390 5392 5642 5437 5653 5653 5437 5436 5653 5436 5654 5654 5436 5444 5654 5444 5646 5646 5444 5443 5646 5443 5442 5394 5396 5449 5448 5642 5449 5449 5642 5655 5449 5655 5394 5645 2860 5643 5643 2860 5635 5643 5635 5649 5649 5635 5634 5649 5634 5651 5651 5634 5388 5651 5388 5390 5647 5645 5646 5646 5645 5644 5646 5644 5654 5654 5644 5648 5654 5648 5653 5653 5648 5650 5653 5650 5642 5642 5650 5652 5642 5652 5655 5655 5652 5392 5655 5392 5394 5510 5509 5656 5657 5658 5638 1758 5638 1759 1759 5638 5658 1759 5658 1760 1760 5658 5447 1760 5447 1761 5645 5647 5656 5656 5647 5440 5656 5440 5657 5657 5440 5439 5657 5439 5658 5658 5439 5441 5658 5441 5447 2858 2860 5645 5645 5656 2858 2858 5656 5509 2858 5509 2856 5638 5637 5657 5657 5637 5501 5657 5501 5656 5656 5501 5499 5656 5499 5510 5659 5660 5661 5661 5660 5662 5661 5662 5663 5663 5662 5664 5663 5664 5665 5665 5664 5666 5665 5666 5667 5660 1936 5662 5662 1936 1935 5662 1935 5664 5664 1935 1950 5664 1950 5666 5668 5669 5670 5671 5667 5666 5669 5671 5670 5670 5671 5666 5670 5666 5672 5672 5666 1950 1950 1949 5672 5672 1949 5673 5672 5673 5670 5670 5673 5674 5670 5674 5668 5668 5674 5675 5676 5677 5678 5679 5680 5681 5682 5683 5684 5684 5683 5685 5686 5687 5688 5688 5687 5689 5690 5682 5691 5691 5682 5684 5691 5684 5692 5680 2811 5681 5681 2811 5693 5678 5694 5676 5676 5694 5681 5676 5681 5695 5695 5681 5693 5685 5689 5684 5684 5689 5687 5684 5687 5692 5692 5687 5686 5692 5686 5696 5679 5681 5697 5697 5681 5694 5697 5694 5675 5675 5694 5678 5675 5678 5668 5668 5678 5677 5668 5677 5669 5669 5677 5698 5669 5698 5671 5671 5698 5699 5671 5699 5667 5693 5696 5695 5695 5696 5686 5695 5686 5676 5676 5686 5688 5676 5688 5677 5677 5688 5689 5677 5689 5698 5698 5689 5685 5698 5685 5699 5699 5685 5683 5682 5690 5700 5682 5701 5683 5683 5701 5702 5683 5702 5699 5700 1997 5703 5703 1997 1998 5703 1998 5704 5704 1998 1987 5704 1987 5705 5682 5700 5701 5701 5700 5703 5701 5703 5702 5702 5703 5704 5702 5704 5699 5699 5704 5705 5699 5705 5667 5706 5707 5708 5709 5710 5711 5710 5709 5712 5711 5713 5709 5709 5713 5714 5709 5714 5706 5706 5714 5715 5706 5715 5707 5708 5716 5706 5706 5716 5717 5706 5717 5709 5709 5717 5718 5709 5718 5712 5705 1987 5716 5716 1987 1985 5716 1985 5717 5717 1985 1983 5717 1983 5718 5708 5719 5716 5716 5719 5720 5716 5720 5705 5705 5720 5667 5721 5722 5723 5723 5722 1005 5724 5725 5721 5721 5725 5722 5722 5725 1007 5722 1007 1005 5726 1770 5724 5724 1770 1769 5724 1769 5725 5725 1769 1008 5725 1008 1007 5723 5727 5721 5721 5727 5728 5721 5728 5724 5724 5728 5729 5724 5729 5726 5726 5729 5730 1002 1001 5731 5731 1001 5732 5731 5732 5733 5733 5732 5734 5733 5734 5735 5735 5734 5736 5737 5738 5739 5739 5738 5729 5739 5729 5728 5730 5729 5740 5740 5729 5738 5740 5738 5741 5741 5738 5737 5741 5737 5742 5743 5736 5744 5744 5736 5734 5744 5734 5745 5745 5734 5732 5745 5732 1024 1024 5732 1001 1004 1002 5746 5746 1002 5731 5746 5731 5747 5747 5731 5733 5747 5733 5748 5748 5733 5735 5743 5742 5736 5736 5742 5737 5736 5737 5735 5735 5737 5739 5735 5739 5748 5748 5739 5728 5748 5728 5747 5747 5728 5727 5747 5727 5746 5746 5727 5723 5746 5723 1004 1004 5723 1005 5743 5749 5742 5742 5749 5750 5742 5750 5741 5741 5750 5751 5741 5751 5740 5740 5751 5752 5740 5752 5730 5749 1881 5750 5750 1881 1880 5750 1880 5751 5751 1880 1873 5751 1873 5752 5753 5754 5755 5754 5753 5756 5756 5753 5757 5756 5757 5758 5752 1873 5759 5759 1873 1872 1872 5757 5759 5759 5757 5753 5759 5753 5752 5752 5753 5755 5752 5755 5730 5760 5761 5762 5763 5764 5765 5765 5764 5766 5765 5767 5763 5763 5767 5768 5763 5768 5769 5769 5768 5770 5771 5772 5762 5762 5772 5773 5762 5773 5760 5774 5775 5776 5776 5775 5777 5776 5777 5778 5778 5777 5779 5778 5779 5780 5780 5779 5781 5770 5781 5769 5769 5781 5779 5769 5779 5763 5763 5779 5777 5763 5777 5764 5764 5777 5775 5782 5760 5783 5783 5760 5773 5783 5773 5758 5758 5773 5772 5758 5772 5756 5756 5772 5771 5756 5771 5754 5782 2080 5760 5760 2080 5774 5760 5774 5761 5761 5774 5776 5761 5776 5762 5762 5776 5778 5762 5778 5771 5771 5778 5780 5771 5780 5754 5754 5780 5781 5754 5781 5755 5755 5781 5770 5755 5770 5730 2816 2817 5784 2815 2816 5785 2815 5786 2814 2814 5786 5787 5787 5786 5788 5788 5786 5789 5788 5789 5790 5790 5789 5791 5791 5789 5792 5791 5792 5793 5793 5792 2985 5793 2985 2798 2815 5785 5786 5786 5785 5794 5786 5794 5789 5789 5794 5795 5789 5795 5792 5792 5795 2983 5792 2983 2985 2816 5784 5785 5785 5784 5796 5785 5796 5794 5794 5796 5797 5794 5797 5795 5795 5797 2804 5795 2804 2983 2809 2814 5798 5798 2814 5787 5798 5787 5799 5799 5787 5788 5799 5788 5800 5800 5788 5790 5800 5790 5801 5801 5790 5791 5801 5791 5802 5802 5791 5793 5802 5793 2800 2800 5793 2798 2802 2804 5797 2802 5797 5803 5803 5797 5796 5803 5796 5804 5804 5796 5784 5804 5784 5805 5805 5784 2817 5805 2817 2818 2806 2808 5806 2807 2806 5807 5807 2806 5808 5807 5808 5809 5809 5808 5810 5810 5808 5811 5810 5811 5812 5812 5811 5813 5812 5813 5814 5814 5815 5816 5816 5817 5814 5814 5817 5812 1869 5815 2982 2982 5815 5814 2982 5814 2981 2981 5814 5813 2981 5813 2979 5802 2800 5818 5818 2800 2976 5818 2976 2978 5802 5818 5801 5801 5818 5819 5801 5819 5800 5800 5819 5799 5799 5819 5806 5799 5806 5798 5798 5806 2808 5798 2808 2809 2806 5806 5808 5808 5806 5819 5808 5819 5811 5811 5819 5818 5811 5818 5813 5813 5818 2978 5813 2978 2979 2988 2990 5820 5821 5822 5823 5823 5822 5824 5823 5824 5825 5826 5827 5828 5828 5827 5829 5828 5829 5830 5826 5831 5827 5827 5831 5821 5827 5821 5820 5820 5821 5823 5820 5823 2988 2988 5823 5825 2988 5825 1937 2810 2812 5829 5829 2812 2813 5829 2813 5830 2818 2810 5832 2818 5832 5805 5805 5832 5833 5805 5833 5804 5804 5833 5834 5804 5834 5803 5803 5834 2992 5803 2992 2802 2810 5829 5832 5832 5829 5827 5832 5827 5833 5833 5827 5820 5833 5820 5834 5834 5820 2990 5834 2990 2992 5835 5836 5837 1870 1871 5838 1869 1870 5839 5839 1870 5840 5815 1869 5839 5841 5842 5816 5809 5836 5807 5807 5836 5835 5807 5835 2807 5810 5812 5842 5842 5812 5817 5842 5817 5816 2807 5835 5843 5843 5835 5837 5843 5837 5844 5844 5837 5845 5844 5845 5846 5840 5847 5839 5839 5847 5848 5839 5848 5815 1870 5838 5840 5840 5838 5849 5840 5849 5847 5847 5849 5841 5847 5841 5848 5848 5841 5816 5848 5816 5815 5809 5810 5836 5836 5810 5842 5836 5842 5837 5837 5842 5841 5837 5841 5845 5845 5841 5849 5845 5849 5846 5846 5849 5838 5846 5838 5850 5850 5838 1871 5851 1939 5852 5852 1939 1938 5852 1938 5853 5854 5855 5856 5856 5855 5857 5856 5857 5858 5858 5857 5859 5859 5857 5828 5859 5828 5830 5824 5822 5860 5860 5822 5854 5861 1937 5825 5856 5862 5854 5854 5862 5861 5854 5861 5860 5860 5861 5825 5860 5825 5824 1938 1937 5861 5822 5821 5854 5854 5821 5855 5855 5821 5831 5855 5831 5857 5857 5831 5826 5857 5826 5828 1938 5861 5853 5853 5861 5862 5853 5862 5852 5852 5862 5856 5852 5856 5851 5851 5856 5858 5851 5858 5863 5863 5858 5859 5863 5859 5864 5864 5859 5830 5864 5830 2813 3088 3086 5865 3087 5866 1872 1872 5866 5867 5867 5866 5868 5868 5866 5869 5868 5869 5870 5869 5871 5870 5870 5871 2081 5870 2081 2080 2084 2085 5872 5872 2085 5873 5872 5873 5874 5874 5873 5875 5874 5875 5876 5875 5877 5876 5876 5877 3084 5876 3084 1936 2085 2083 5873 5873 2083 5878 5873 5878 5875 5875 5878 5879 5875 5879 5877 5877 5879 5865 5865 3086 5877 5877 3086 3085 5877 3085 3084 3087 3088 5866 5866 3088 5865 5866 5865 5869 5869 5865 5879 5869 5879 5871 5871 5879 5878 5871 5878 2081 2081 5878 2083 1872 5867 5757 5757 5867 5868 5757 5868 5758 5758 5868 5870 5758 5870 5783 5783 5870 2080 5783 2080 5782 1024 2807 5745 5745 2807 5843 5745 5843 5744 5744 5843 5844 5744 5844 5743 5844 5846 5743 5743 5846 5850 5743 5850 5749 1871 1881 5850 5850 1881 5749 5880 2820 5881 5881 2820 2819 5881 2819 1011 1011 2819 1012 5690 5691 5880 5693 2811 2820 5693 2820 5696 5696 2820 5880 5696 5880 5692 5692 5880 5691 5882 1991 5883 5883 1991 1993 5883 1993 1995 1026 1025 5882 5882 1025 1989 5882 1989 1991 5883 5884 5882 5882 5884 5885 5882 5885 1026 1026 5885 1041 1011 1041 5881 5881 1041 5885 5881 5885 5880 5880 5885 5884 5880 5884 5690 5690 5884 5883 5690 5883 5700 5700 5883 1995 5700 1995 1997 5679 5697 5864 5864 5697 5675 5864 5675 5863 5863 5675 5674 5863 5674 5851 5851 5674 5673 5851 5673 1939 1939 5673 1949 2813 2811 5864 5864 2811 5680 5864 5680 5679 5886 5887 2084 1936 5660 5876 5876 5660 5659 5876 5659 5874 5874 5659 5886 5874 5886 5872 5872 5886 2084 5888 5889 5890 5765 5766 5889 5765 5891 5767 5767 5891 5892 5767 5892 5768 5768 5892 5770 5890 1976 5888 5888 1976 1974 5888 1974 5893 5893 1974 1770 5893 1770 5726 5765 5889 5891 5891 5889 5888 5891 5888 5892 5892 5888 5893 5892 5893 5770 5770 5893 5726 5770 5726 5730 5894 5719 5708 5895 5896 5897 5898 5713 5899 5899 5713 5711 5896 5895 5900 5900 5895 5901 5900 5901 5902 5902 5901 5903 5902 5903 5904 5904 5903 5661 5904 5661 5663 5894 5708 5905 5905 5708 5707 5905 5707 5906 5906 5707 5715 5906 5715 5898 5898 5715 5714 5898 5714 5713 5665 5667 5720 5719 5894 5720 5720 5894 5907 5720 5907 5665 5897 2084 5895 5895 2084 5887 5895 5887 5901 5901 5887 5886 5901 5886 5903 5903 5886 5659 5903 5659 5661 5899 5897 5898 5898 5897 5896 5898 5896 5906 5906 5896 5900 5906 5900 5905 5905 5900 5902 5905 5902 5894 5894 5902 5904 5894 5904 5907 5907 5904 5663 5907 5663 5665 5775 5774 5908 5909 5910 5890 1982 1980 5910 5910 1980 1978 5910 1978 5890 5890 1978 1976 5897 5899 5908 5908 5899 5711 5908 5711 5909 5909 5711 5710 5909 5710 5910 5910 5710 5712 5910 5712 1982 1982 5712 5718 1982 5718 1983 2082 2084 5897 5897 5908 2082 2082 5908 5774 2082 5774 2080 5890 5889 5909 5909 5889 5766 5909 5766 5908 5908 5766 5764 5908 5764 5775 980 986 5911 5911 986 5912 5911 5912 5913 5914 5915 5913 5913 5915 5911 5911 5915 976 5911 976 980 5916 1772 5914 5914 1772 1771 5914 1771 5915 5915 1771 977 5915 977 976 5912 5917 5913 5913 5917 5918 5913 5918 5914 5914 5918 5919 5914 5919 5916 5916 5919 5920 983 982 5921 5921 982 5922 5921 5922 5923 5923 5922 5924 5923 5924 5925 5925 5924 5926 5927 5928 5929 5929 5928 5919 5929 5919 5918 5920 5919 5930 5930 5919 5928 5930 5928 5931 5931 5928 5927 5931 5927 5932 5933 5926 5934 5934 5926 5924 5934 5924 5935 5935 5924 5922 5935 5922 987 987 5922 982 985 983 5936 5936 983 5921 5936 5921 5937 5937 5921 5923 5937 5923 5938 5938 5923 5925 5933 5932 5926 5926 5932 5927 5926 5927 5925 5925 5927 5929 5925 5929 5938 5938 5929 5918 5938 5918 5937 5937 5918 5917 5937 5917 5936 5936 5917 5912 5936 5912 985 985 5912 986 5933 5939 5932 5932 5939 5940 5932 5940 5931 5931 5940 5941 5931 5941 5930 5930 5941 5942 5930 5942 5920 5939 1933 5940 5940 1933 1930 5940 1930 5941 5941 1930 1931 5941 1931 5942 5943 5944 5945 5944 5943 5946 5946 5943 5947 5946 5947 5948 5942 1931 5949 5949 1931 1932 1932 5947 5949 5949 5947 5943 5949 5943 5942 5942 5943 5945 5942 5945 5920 5950 5951 5952 5953 5954 5955 5955 5954 5956 5955 5957 5953 5953 5957 5958 5953 5958 5959 5959 5958 5960 5961 5962 5952 5952 5962 5963 5952 5963 5950 5964 5965 5966 5966 5965 5967 5966 5967 5968 5968 5967 5969 5968 5969 5970 5970 5969 5971 5960 5971 5959 5959 5971 5969 5959 5969 5953 5953 5969 5967 5953 5967 5954 5954 5967 5965 5972 5950 5973 5973 5950 5963 5973 5963 5948 5948 5963 5962 5948 5962 5946 5946 5962 5961 5946 5961 5944 5972 2074 5950 5950 2074 5964 5950 5964 5951 5951 5964 5966 5951 5966 5952 5952 5966 5968 5952 5968 5961 5961 5968 5970 5961 5970 5944 5944 5970 5971 5944 5971 5945 5945 5971 5960 5945 5960 5920 5974 5975 5976 5976 5975 5977 5976 5977 5978 5978 5977 5979 5978 5979 5980 5980 5979 5981 5980 5981 5982 5975 1879 5977 5977 1879 1878 5977 1878 5979 5979 1878 1877 5979 1877 5981 5983 5984 5985 5986 5982 5981 5984 5986 5985 5985 5986 5981 5985 5981 5987 5987 5981 1877 1877 1876 5987 5987 1876 5988 5987 5988 5985 5985 5988 5989 5985 5989 5983 5983 5989 5990 5991 5992 5993 5994 5995 5996 5997 5998 5999 5999 5998 6000 6001 6002 6003 6003 6002 6004 6005 5997 6006 6006 5997 5999 6006 5999 6007 5995 2832 5996 5996 2832 6008 5993 6009 5991 5991 6009 5996 5991 5996 6010 6010 5996 6008 6000 6004 5999 5999 6004 6002 5999 6002 6007 6007 6002 6001 6007 6001 6011 5994 5996 6012 6012 5996 6009 6012 6009 5990 5990 6009 5993 5990 5993 5983 5983 5993 5992 5983 5992 5984 5984 5992 6013 5984 6013 5986 5986 6013 6014 5986 6014 5982 6008 6011 6010 6010 6011 6001 6010 6001 5991 5991 6001 6003 5991 6003 5992 5992 6003 6004 5992 6004 6013 6013 6004 6000 6013 6000 6014 6014 6000 5998 5997 6005 6015 5997 6016 5998 5998 6016 6017 5998 6017 6014 6015 1953 6018 6018 1953 1951 6018 1951 6019 6019 1951 1777 6019 1777 6020 5997 6015 6016 6016 6015 6018 6016 6018 6017 6017 6018 6019 6017 6019 6014 6014 6019 6020 6014 6020 5982 6021 6022 6023 6024 6025 6026 6025 6024 6027 6026 6028 6024 6024 6028 6029 6024 6029 6021 6021 6029 6030 6021 6030 6022 6023 6031 6021 6021 6031 6032 6021 6032 6024 6024 6032 6033 6024 6033 6027 6020 1777 6031 6031 1777 1778 6031 1778 6032 6032 1778 1779 6032 1779 6033 6023 6034 6031 6031 6034 6035 6031 6035 6020 6020 6035 5982 6036 6037 6038 6039 6040 6041 2837 6042 2844 2844 6042 6043 2844 6043 2845 2845 6043 6041 2845 6041 2847 2847 6041 6040 6042 6036 6043 6043 6036 6038 6043 6038 6041 6041 6038 6044 6041 6044 6039 6039 6044 6045 6037 2827 6038 6038 2827 2965 6038 2965 6044 6044 2965 2967 6044 2967 6045 6045 2967 2821 2825 2827 6037 2825 6037 6046 6046 6037 6036 6046 6036 6047 6047 6036 6042 6047 6042 6048 6048 6042 2837 6048 2837 2839 2821 2823 6049 2821 6049 6045 6045 6049 6050 6045 6050 6039 6039 6050 6051 6039 6051 6040 6040 6051 2843 6040 2843 2847 2975 2972 6052 6052 2972 2971 1866 2974 6053 6053 2974 6054 6055 6056 6054 6054 6056 6057 6054 6057 6053 6058 6059 6060 6060 6059 6061 6060 6061 6062 2974 2975 6054 6054 2975 6052 6054 6052 6055 6055 6052 6059 6055 6059 6063 6063 6059 6058 2831 2833 6061 6061 2833 2834 6061 2834 6062 2839 2831 6064 2839 6064 6048 6048 6064 6065 6048 6065 6047 6047 6065 6066 6047 6066 6046 6046 6066 2969 6046 2969 2825 2831 6061 6064 6064 6061 6059 6064 6059 6065 6065 6059 6052 6065 6052 6066 6066 6052 2971 6066 2971 2969 2842 2843 6051 2829 2842 6067 2830 2829 6068 6068 2829 6069 6068 6069 6070 6071 6072 6073 6073 6072 6074 6071 6073 6075 6075 6073 2926 6075 2926 1922 6070 6069 6076 6076 6069 6077 6076 6077 6074 6074 6077 6078 6074 6078 6073 6073 6078 2929 6073 2929 2926 2842 6051 6067 6067 6051 6050 6067 6050 6079 6079 6050 6049 6079 6049 6080 6080 6049 2823 6080 2823 2933 2829 6067 6069 6069 6067 6079 6069 6079 6077 6077 6079 6080 6077 6080 6078 6078 6080 2933 6078 2933 2929 6081 1875 6082 6082 1875 1874 6082 1874 6083 6084 6085 6086 6086 6085 6087 6086 6087 6088 6088 6087 6089 6089 6087 6060 6089 6060 6062 6057 6056 6090 6090 6056 6084 6091 1866 6053 6086 6092 6084 6084 6092 6091 6084 6091 6090 6090 6091 6053 6090 6053 6057 1874 1866 6091 6056 6055 6084 6084 6055 6085 6085 6055 6063 6085 6063 6087 6087 6063 6058 6087 6058 6060 1874 6091 6083 6083 6091 6092 6083 6092 6082 6082 6092 6086 6082 6086 6081 6081 6086 6088 6081 6088 6093 6093 6088 6089 6093 6089 6094 6094 6089 6062 6094 6062 2834 3070 3071 6095 1932 3069 6096 2078 2079 6097 6097 2079 6098 6097 6098 6099 6099 6098 6100 6099 6100 6101 6100 6102 6101 6101 6102 3073 6101 3073 1879 2075 2074 6103 6103 2074 6104 6103 6104 6105 6105 6104 6106 6105 6106 6096 6096 6106 6107 6096 6107 1932 2079 2077 6098 6098 2077 6108 6098 6108 6100 6100 6108 6109 6100 6109 6102 6102 6109 6095 6095 3071 6102 6102 3071 3072 6102 3072 3073 3069 3070 6096 6096 3070 6095 6096 6095 6105 6105 6095 6109 6105 6109 6103 6103 6109 6108 6103 6108 2075 2075 6108 2077 6110 6111 6112 1923 1934 6113 1922 1923 6114 6114 1923 6115 6075 1922 6114 6116 6117 6071 6070 6111 6068 6068 6111 6110 6068 6110 2830 6076 6074 6117 6117 6074 6072 6117 6072 6071 2830 6110 6118 6118 6110 6112 6118 6112 6119 6119 6112 6120 6119 6120 6121 6115 6122 6114 6114 6122 6123 6114 6123 6075 1923 6113 6115 6115 6113 6124 6115 6124 6122 6122 6124 6116 6122 6116 6123 6123 6116 6071 6123 6071 6075 6070 6076 6111 6111 6076 6117 6111 6117 6112 6112 6117 6116 6112 6116 6120 6120 6116 6124 6120 6124 6121 6121 6124 6113 6121 6113 6125 6125 6113 1934 5994 6012 6094 6094 6012 5990 6094 5990 6093 6093 5990 5989 6093 5989 6081 6081 5989 5988 6081 5988 1875 1875 5988 1876 2834 2832 6094 6094 2832 5995 6094 5995 5994 6126 6127 2078 1879 5975 6101 6101 5975 5974 6101 5974 6099 6099 5974 6126 6099 6126 6097 6097 6126 2078 1932 6107 5947 5947 6107 6106 5947 6106 5948 5948 6106 6104 5948 6104 5973 5973 6104 2074 5973 2074 5972 987 2830 5935 5935 2830 6118 5935 6118 5934 5934 6118 6119 5934 6119 5933 6119 6121 5933 5933 6121 6125 5933 6125 5939 1934 1933 6125 6125 1933 5939 6008 2832 2841 6128 6008 2841 6128 2841 6129 6129 2841 2840 6129 2840 6130 6130 2840 2838 6130 2838 6131 6131 2838 2836 6131 2836 6132 6132 2836 2835 6132 2835 6133 6133 2835 2846 6133 2846 992 992 2846 990 6005 6006 6128 6006 6007 6128 6128 6007 6011 6128 6011 6008 6134 1958 6135 6135 1958 1956 6135 1956 1955 6136 1969 6137 6137 1969 1971 6137 1971 6138 6138 1971 1962 6138 1962 6134 6134 1962 1960 6134 1960 1958 6139 1965 6136 6136 1965 1967 6136 1967 1969 996 998 6139 6139 998 1963 6139 1963 1965 6135 6140 6134 6134 6140 6141 6134 6141 6138 6138 6141 6142 6138 6142 6137 6137 6142 6143 6137 6143 6136 6136 6143 6144 6136 6144 6139 6139 6144 6145 6139 6145 996 996 6145 994 992 994 6133 6133 994 6145 6133 6145 6132 6132 6145 6144 6132 6144 6131 6131 6144 6143 6131 6143 6130 6130 6143 6142 6130 6142 6129 6129 6142 6141 6129 6141 6128 6128 6141 6140 6128 6140 6005 6005 6140 6135 6005 6135 6015 6015 6135 1955 6015 1955 1953 6146 6034 6023 6147 6148 6149 6150 6028 6151 6151 6028 6026 6148 6147 6152 6152 6147 6153 6152 6153 6154 6154 6153 6155 6154 6155 6156 6156 6155 5976 6156 5976 5978 6146 6023 6157 6157 6023 6022 6157 6022 6158 6158 6022 6030 6158 6030 6150 6150 6030 6029 6150 6029 6028 5980 5982 6035 6034 6146 6035 6035 6146 6159 6035 6159 5980 6149 2078 6147 6147 2078 6127 6147 6127 6153 6153 6127 6126 6153 6126 6155 6155 6126 5974 6155 5974 5976 6151 6149 6150 6150 6149 6148 6150 6148 6158 6158 6148 6152 6158 6152 6157 6157 6152 6154 6157 6154 6146 6146 6154 6156 6146 6156 6159 6159 6156 5978 6159 5978 5980 6160 6161 6162 5955 5956 6161 5955 6163 5957 5957 6163 6164 5957 6164 5958 5958 6164 5960 6162 1774 6160 6160 1774 1773 6160 1773 6165 6165 1773 1772 6165 1772 5916 5955 6161 6163 6163 6161 6160 6163 6160 6164 6164 6160 6165 6164 6165 5960 5960 6165 5916 5960 5916 5920 1780 1776 6166 1775 1774 6162 2076 2078 6149 2076 6149 6167 2074 2076 5964 5964 2076 6167 5964 6167 5965 6168 5956 6167 6167 5956 5954 6167 5954 5965 1776 1775 6166 6166 1775 6162 6166 6162 6168 6168 6162 6161 6168 6161 5956 6149 6151 6167 6167 6151 6026 6167 6026 6168 6168 6026 6025 6168 6025 6166 6166 6025 6027 6166 6027 1780 1780 6027 6033 1780 6033 1779 6169 6170 6171 2946 2947 6172 6173 6174 6175 6173 6175 6176 6176 6175 2936 6176 2936 2824 6177 6170 6178 6178 6170 6169 6178 6169 6179 2940 2938 6180 6180 2938 2946 6180 2946 6181 6181 2946 6172 6181 6172 6182 6183 6184 6182 6185 2123 2942 2942 6186 6185 6185 6186 6187 6185 6187 6188 6188 6187 6189 6188 6189 6190 6190 6189 6174 6190 6174 6191 6191 6174 6173 6186 6192 6187 6187 6192 6171 6187 6171 6189 6189 6171 6170 6189 6170 6174 6174 6170 6177 6174 6177 6175 6175 6177 2931 6175 2931 2936 6183 1920 2925 2927 2928 6193 6193 2928 2930 6193 2930 6179 6179 2930 2935 6179 2935 6178 6178 2935 2934 6178 2934 6177 6177 2934 2932 6177 2932 2931 6182 6172 6183 6183 6172 1920 2947 1920 6172 2942 2940 6186 6186 2940 6180 6186 6180 6192 6192 6180 6181 6192 6181 6171 6171 6181 6182 6171 6182 6169 6169 6182 6184 6169 6184 6179 6179 6184 6183 6179 6183 6193 6193 6183 2925 6193 2925 2927 2824 2822 6176 6176 2822 6194 6176 6194 6173 6173 6194 6195 6173 6195 6191 6191 6195 6196 6191 6196 6190 6190 6196 6197 6190 6197 6188 6188 6197 6198 6188 6198 6185 6185 6198 2124 6185 2124 2123 6199 2129 2124 2124 6198 6199 6199 6198 6197 6199 6197 6200 2139 2138 6201 6201 2138 6202 6201 6202 6203 6203 6202 6204 6203 6204 6205 6205 6204 6206 6205 6206 2828 2828 6206 2966 2138 2129 6202 6202 2129 6199 6202 6199 6204 6204 6199 6200 6204 6200 6206 6206 6200 6207 6206 6207 2966 2966 6207 2968 6197 6196 6200 6200 6196 6195 6200 6195 6207 6207 6195 6194 6207 6194 2968 2968 6194 2822 2141 2139 6201 2141 6201 6208 6208 6201 6203 6208 6203 6209 6209 6203 6205 6209 6205 6210 6210 6205 2828 6210 2828 2826 6211 2973 1868 2826 2970 6210 6210 2970 6212 6210 6212 6209 6209 6212 6213 2162 2141 6213 6213 2141 6208 6213 6208 6209 2970 2973 6212 6212 2973 6211 6212 6211 6213 6213 6211 6214 6213 6214 2162 2162 6214 2161 1868 6215 6211 6211 6215 6216 6211 6216 6214 6214 6216 6217 6214 6217 2161 2161 6217 2160 2159 2160 6217 2159 6217 6218 6218 6217 6216 6218 6216 6219 6219 6216 6215 6219 6215 6220 6220 6215 1868 6220 1868 1867 6221 2977 2801 2801 6222 6221 6221 6222 6223 6221 6223 6224 1867 2980 6220 6220 2980 6225 6220 6225 6219 6219 6225 6226 6219 6226 6218 6218 6226 6227 6218 6227 2159 2159 6227 2157 2980 2977 6225 6225 2977 6221 6225 6221 6226 6226 6221 6224 6226 6224 6227 6227 6224 6228 6227 6228 2157 2157 6228 2158 6223 6229 6224 6224 6229 6230 6224 6230 6228 6228 6230 6231 6228 6231 2158 2158 6231 2142 2142 6231 2140 2140 6231 6232 6231 6230 6232 6232 6230 6229 6232 6229 6233 2801 2799 6222 6222 2799 6233 6222 6233 6223 6223 6233 6229 2132 2131 6234 6234 2131 6235 2984 2805 6236 6236 2805 6237 6236 6237 6235 6235 6237 6238 6235 6238 6234 2131 2130 6235 6235 2130 6239 6235 6239 6236 6236 6239 6240 6236 6240 2984 2984 6240 2986 2130 2140 6239 6239 2140 6232 6239 6232 6240 6240 6232 6233 6240 6233 2986 2986 6233 2799 2165 2132 6234 2165 6234 6241 6241 6234 6238 6241 6238 6242 6242 6238 6237 6242 6237 6243 6243 6237 2805 6243 2805 2803 6244 2987 1941 2987 6244 2989 1941 6245 6244 6244 6245 6246 6244 6246 6247 2803 2991 6243 6243 2991 6248 6243 6248 6242 6242 6248 6249 6242 6249 6241 6241 6249 6250 6241 6250 2165 2165 6250 2163 2991 2989 6248 6248 2989 6244 6248 6244 6249 6249 6244 6247 6249 6247 6250 6250 6247 6251 6250 6251 2163 2163 6251 2164 6246 6252 6247 6247 6252 6253 6247 6253 6251 6251 6253 6254 6251 6254 2164 2164 6254 2148 6245 1941 1940 6245 1940 6246 6246 1940 6255 6246 6255 6252 6252 6255 6256 6252 6256 6253 6253 6256 6254 6254 6256 2147 6254 2147 2148 2147 6256 6257 6256 6255 6258 6255 1940 2994 6255 2994 6258 6258 2994 2996 6258 2996 6259 6259 2996 2998 6259 2998 6260 6260 2998 2865 6260 2865 6261 6256 6258 6257 6257 6258 6259 6257 6259 6262 6262 6259 6260 6262 6260 6263 6263 6260 6261 6263 6261 6264 2147 6257 2145 2145 6257 6262 2145 6262 2143 2143 6262 6263 2143 6263 2144 2144 6263 6264 2144 6264 2146 2133 2146 6265 6265 2146 6264 6265 6264 6266 6266 6264 6267 6267 6264 6261 6267 6261 6268 6268 6261 6269 6269 6261 2865 6269 2865 2863 6270 2122 2133 2133 6265 6270 6270 6265 6266 6270 6266 6271 2136 2134 6272 6272 2134 6273 6272 6273 6274 6274 6273 6275 6274 6275 6276 6276 6275 6277 6276 6277 2869 2869 6277 3010 2134 2122 6273 6273 2122 6270 6273 6270 6275 6275 6270 6271 6275 6271 6277 6277 6271 6278 6277 6278 3010 3010 6278 3012 6266 6267 6271 6271 6267 6268 6271 6268 6278 6278 6268 6269 6278 6269 3012 3012 6269 2863 2152 2136 6272 2152 6272 6279 6279 6272 6274 6279 6274 6280 6280 6274 6276 6280 6276 6281 6281 6276 2869 6281 2869 2867 2152 6279 6282 6279 6280 6283 6280 6281 6284 6285 3000 1857 6281 2867 3008 6281 3008 6284 6284 3008 3006 6284 3006 6286 6286 3006 3004 6286 3004 6285 6285 3004 3002 6285 3002 3000 6280 6284 6283 6283 6284 6286 6283 6286 6287 6287 6286 6285 6287 6285 6288 1857 6289 6285 6285 6289 6290 6285 6290 6288 6288 6290 6291 6288 6291 6292 6279 6283 6282 6282 6283 6287 6282 6287 6293 6293 6287 6288 6293 6288 6294 6294 6288 6292 6294 6292 6295 2152 6282 2153 2153 6282 6293 2153 6293 2151 2151 6293 6294 2151 6294 2149 2149 6294 6295 2149 6295 2150 1857 1856 6289 6289 1856 6296 6289 6296 6290 6290 6296 6297 6290 6297 6291 6291 6297 6298 6291 6298 6292 6292 6298 6299 6292 6299 6295 6295 6299 6300 6295 6300 2150 2150 6300 2156 6301 2964 2851 2964 6301 2962 1856 2960 6296 6296 2960 6302 6296 6302 6297 6297 6302 6303 2851 6304 6301 6301 6304 6305 6301 6305 6306 6307 6299 6303 6303 6299 6298 6303 6298 6297 2154 2156 6307 6307 2156 6300 6307 6300 6299 2960 2962 6302 6302 2962 6301 6302 6301 6303 6303 6301 6306 6303 6306 6307 6307 6306 6308 6307 6308 2154 2154 6308 2155 6305 6309 6306 6306 6309 6310 6306 6310 6308 6308 6310 6311 6308 6311 2155 2155 6311 2137 2137 6311 2135 2135 6311 6312 6311 6310 6312 6312 6310 6309 6312 6309 6313 2851 2849 6304 6304 2849 6313 6304 6313 6305 6305 6313 6309 2127 2126 6314 6314 2126 6315 6314 6315 6316 6316 6315 6317 6316 6317 2855 2855 6317 2922 2126 2125 6315 6315 2125 6318 6315 6318 6317 6317 6318 6319 6317 6319 2922 2922 6319 2924 2125 2135 6318 6318 2135 6312 6318 6312 6319 6319 6312 6313 6319 6313 2924 2924 6313 2849 2128 2127 6320 6320 2127 6314 6320 6314 6321 6321 6314 6316 2853 6322 2855 2855 6322 6323 2855 6323 6316 6316 6323 6324 6316 6324 6321 6325 6326 6327 6328 2950 2954 2954 6329 6328 6328 6329 6330 6328 6330 6331 6331 6330 6327 6331 6327 6332 6332 6327 6326 6332 6326 6333 6334 6333 6335 6335 6333 6326 6335 6326 6336 6336 6326 6325 6336 6325 6337 2943 6334 2941 2941 6334 6335 2941 6335 2939 2939 6335 6336 2939 6336 2937 2937 6336 6337 2937 6337 2944 2944 6337 6338 2944 6338 2945 2945 6338 2949 6339 1921 2948 6340 1921 6339 2956 2955 6340 6340 2955 1921 6322 2853 2950 2953 2957 6341 6341 2957 2956 6341 2956 6342 6342 2956 6340 6342 6340 6343 6343 6340 6339 6343 6339 6344 2950 6328 6322 6322 6328 6331 6322 6331 6323 6323 6331 6332 6323 6332 6324 6324 6332 6333 6324 6333 6321 6321 6333 6334 6321 6334 6320 6320 6334 2943 6320 2943 2128 2954 2953 6329 6329 2953 6341 6329 6341 6330 6330 6341 6342 6330 6342 6327 6327 6342 6343 6327 6343 6325 6325 6343 6344 6325 6344 6337 6337 6344 6339 6337 6339 6338 6338 6339 2948 6338 2948 2949 2427 2429 6345 6345 2429 6346 6345 6346 6347 6347 6346 6348 6347 6348 6349 6349 6348 6350 6349 6350 6351 6351 6350 6352 6351 6352 6353 6353 6352 6354 6353 6354 2408 2408 6354 2412 6355 2444 2437 6355 2437 6356 6357 6358 6359 6359 6358 6356 6359 6356 2437 2429 2430 6357 6357 2430 6360 6357 6360 6361 6357 6361 6358 2455 2454 6362 6362 2454 6363 6362 6363 6364 2428 2427 6365 6365 2427 6366 6365 6366 6367 6367 6366 6368 6367 6368 6369 6369 6368 6364 6369 6364 6370 6370 6364 6363 2430 2428 6371 6371 2428 6372 6371 6372 6373 6373 6372 6374 6373 6374 2388 2388 6374 2390 6375 6376 6377 6378 6379 6380 6361 6360 6381 6360 2430 6371 6360 6371 6381 6381 6371 6373 6381 6373 6382 6382 6373 2388 6382 2388 6383 6356 6358 6384 6384 6358 6361 6361 6381 6384 6384 6381 6382 6384 6382 6380 6380 6382 6383 6380 6383 6378 2444 6355 6385 6385 6355 6356 6356 6384 6385 6385 6384 6380 6385 6380 6377 6377 6380 6379 6377 6379 6375 2444 6385 2438 2438 6385 6377 2438 6377 2439 2439 6377 6376 2439 6376 2441 6386 6387 6369 2454 2457 6363 6363 2457 6386 6363 6386 6370 6370 6386 6369 6372 2428 6388 6388 2428 6365 6388 6365 6387 6387 6365 6367 6387 6367 6369 2457 2453 6386 6386 2453 6389 6386 6389 6387 6387 6389 6390 6387 6390 6388 6388 6390 6391 6388 6391 6372 6372 6391 6374 2453 2447 6389 6389 2447 6392 6389 6392 6390 6390 6392 6393 6390 6393 6391 6391 6393 6394 6391 6394 6374 6374 6394 2390 2388 2387 6383 6383 2387 6395 6383 6395 6378 6378 6395 6396 6378 6396 6379 6379 6396 6397 6379 6397 6375 6375 6397 6398 6375 6398 6376 6376 6398 6399 6376 6399 2441 2441 6399 2442 2447 2446 6400 2447 6400 6392 6392 6400 6401 6392 6401 6393 6393 6401 6402 6393 6402 6394 6394 6402 2389 6394 2389 2390 2400 2399 6403 2400 6403 6404 6404 6403 6405 6404 6405 6406 6406 6405 6407 6406 6407 6408 6408 6407 2387 6408 2387 2389 5013 5011 6409 2425 6410 6411 6412 6410 2425 6413 6414 5032 5032 6414 5031 5031 6414 5028 5028 6414 6415 5028 6415 5027 5027 6415 6416 5027 6416 2436 6417 6412 2425 5011 5009 6411 5011 6411 6409 6409 6411 6410 6409 6410 6418 6418 6410 6412 6418 6412 6419 5009 5007 6411 6411 5007 2425 5032 2406 6413 6413 2406 5015 6413 5015 5013 6412 6417 6420 6412 6420 6419 6419 6420 6416 5013 6409 6413 6413 6409 6418 6413 6418 6414 6414 6418 6419 6414 6419 6415 6415 6419 6416 2437 2436 6421 6421 2436 6416 6421 6416 6422 6422 6416 6420 6422 6420 6423 6423 6420 6417 6423 6417 2425 6423 2425 2412 6357 6359 6424 6423 6425 6422 6422 6425 6426 6352 6427 6354 6354 6427 6428 6354 6428 2412 6422 6426 6421 6421 6426 6424 6421 6424 6359 6421 6359 2437 6429 6357 6424 6429 6424 6427 6427 6424 6426 6427 6426 6428 6428 6426 6425 6428 6425 2412 6423 2412 6425 2429 6357 6346 6346 6357 6429 6346 6429 6348 6348 6429 6427 6348 6427 6350 6350 6427 6352 2400 6404 6430 6401 6400 6431 6406 6408 6432 2389 6402 6433 6432 6408 2389 6430 6434 6435 6435 6434 6433 6435 6433 6431 6431 6433 6402 6431 6402 6401 6434 2389 6433 6404 6406 6430 6430 6406 6432 6430 6432 6434 6434 6432 2389 2400 6430 6436 6436 6430 6435 6436 6435 6437 6437 6435 6431 6437 6431 6438 6438 6431 6400 6438 6400 2446 2446 2445 6439 2446 6439 6438 6438 6439 6440 6438 6440 6437 6437 6440 6441 6437 6441 6436 6436 6441 2402 6436 2402 2400 6442 6443 6444 1847 1838 6445 1847 6446 1848 1848 6446 5080 1847 6445 6446 6446 6445 6447 6446 6447 6448 6449 6447 6450 6450 6447 6445 6450 6445 6451 6451 6445 1838 6451 1838 1837 5072 5074 6448 6448 5074 5076 6448 5076 6446 6446 5076 5078 6446 5078 5080 6449 6442 6447 6447 6442 6444 6447 6444 6448 6448 6444 6452 6448 6452 5072 5072 6452 6439 5072 6439 2445 6443 2402 6444 6444 2402 6441 6444 6441 6452 6452 6441 6440 6452 6440 6439 2401 2402 6443 2401 6443 6453 6453 6443 6442 6453 6442 6454 6442 6449 6454 6454 6449 6450 6454 6450 1830 1830 6450 6451 1830 6451 1837 1846 5119 1835 1835 5119 6455 1835 6455 1829 1829 6455 6456 1829 6456 1830 1830 6456 6454 5119 5118 6455 6455 5118 6457 6455 6457 6456 6456 6457 6458 6456 6458 6454 6454 6458 6453 5118 2440 6457 6457 2440 6459 6457 6459 6458 6458 6459 6460 6458 6460 6453 6453 6460 2401 2442 6461 2440 2440 6461 6459 6461 6462 6459 6459 6462 6463 6459 6463 6460 2399 2401 6464 6464 2401 6460 6464 6460 6465 6465 6460 6463 6465 6463 6466 6462 6461 6467 6396 6395 6468 6468 6395 2387 6397 6469 6398 6398 6469 6467 6461 2442 6467 6467 2442 6399 6467 6399 6398 6463 6462 6466 6466 6462 6467 6466 6467 6470 6470 6467 6469 6470 6469 6471 6464 6465 6472 6472 6465 6466 6472 6466 6473 6473 6466 6470 6473 6470 6474 6474 6470 6471 2399 6464 6403 6403 6464 6472 6403 6472 6405 6405 6472 6473 6405 6473 6407 6407 6473 6474 6407 6474 2387 6471 2387 6474 6397 6396 6469 6469 6396 6468 6469 6468 6471 6471 6468 2387 6475 6476 6477 2411 6478 6477 6479 6478 2411 5002 5000 6480 5002 6480 5003 6480 6481 5003 5003 6481 6482 5003 6482 5005 5005 6482 5014 5005 5014 2404 6483 6475 6484 6475 6477 6484 6484 6477 6478 6484 6478 6485 6485 6478 6479 6485 6479 6486 6477 6476 2411 5000 2456 6480 6480 2456 6483 2411 5006 6479 6479 5006 5008 6479 5008 6486 6486 5008 5010 6486 5010 5012 6483 6484 6480 6480 6484 6485 6480 6485 6481 6481 6485 6486 6481 6486 6482 6482 6486 5012 6482 5012 5014 2456 2455 6483 6483 2455 6487 6483 6487 6475 6475 6487 6488 6475 6488 6476 6476 6488 6489 6476 6489 2408 6476 2408 2411 6347 6349 6490 2408 6491 6492 6493 6491 2408 6494 6495 6366 6366 6495 6368 6368 6495 6364 6364 6495 6496 6364 6496 6362 6362 6496 6487 6362 6487 2455 6489 6493 2408 6349 6351 6492 6349 6492 6490 6490 6492 6491 6490 6491 6497 6497 6491 6493 6497 6493 6498 6351 6353 6492 6492 6353 2408 6366 2427 6494 6494 2427 6345 6494 6345 6347 6493 6489 6488 6493 6488 6498 6498 6488 6487 6347 6490 6494 6494 6490 6497 6494 6497 6495 6495 6497 6498 6495 6498 6496 6496 6498 6487 975 968 6499 968 962 6500 962 956 6501 956 955 2021 956 2021 6501 6501 2021 2023 6501 2023 6502 2023 2025 6502 6502 2025 2027 6502 2027 6503 2027 2030 6503 6503 2030 2032 6503 2032 6504 6504 2032 2034 6504 2034 6505 2034 2039 6505 6505 2039 2041 6505 2041 6506 6506 2041 2043 2043 2036 6506 6506 2036 943 6506 943 941 962 6501 6500 6500 6501 6502 6500 6502 6507 6507 6502 6503 6507 6503 6508 6508 6503 6504 6508 6504 6509 6509 6504 6505 6509 6505 6510 6510 6505 6506 6510 6506 6511 6511 6506 941 6511 941 939 968 6500 6499 6499 6500 6507 6499 6507 6512 6512 6507 6508 6512 6508 6513 6513 6508 6509 6513 6509 6514 6514 6509 6510 6514 6510 6515 6515 6510 6511 6515 6511 6516 6516 6511 939 6516 939 937 975 6499 2919 2919 6499 6512 2919 6512 2916 2916 6512 6513 2916 6513 2917 2917 6513 6514 2917 6514 2918 2918 6514 6515 2918 6515 2920 2920 6515 6516 2920 6516 2915 2915 6516 937 2915 937 936 935 928 6517 928 922 6518 922 921 2000 922 2000 6518 6518 2000 2002 6518 2002 6519 6519 2002 2003 6519 2003 6520 6520 2003 2005 6520 2005 6521 6521 2005 2006 6521 2006 6522 6522 2006 2008 6522 2008 6523 6523 2008 2010 6523 2010 6524 6524 2010 2012 6524 2012 6525 6525 2012 2014 6525 2014 6526 6526 2014 2016 6526 2016 6527 6527 2016 2018 6527 2018 6528 6528 2018 909 6528 909 907 928 6518 6517 6517 6518 6519 6517 6519 6529 6529 6519 6520 6529 6520 6530 6530 6520 6521 6530 6521 6531 6531 6521 6522 6531 6522 6532 6532 6522 6523 6532 6523 6533 6533 6523 6524 6533 6524 6534 6534 6524 6525 6534 6525 6535 6535 6525 6526 6535 6526 6536 6536 6526 6527 6536 6527 6537 6537 6527 6528 6537 6528 6538 6538 6528 907 6538 907 905 935 6517 2906 2906 6517 6529 2906 6529 2907 2907 6529 6530 2907 6530 2908 2908 6530 6531 2908 6531 2912 2912 6531 6532 2912 6532 2913 2913 6532 6533 2913 6533 2904 2904 6533 6534 2904 6534 2905 2905 6534 6535 2905 6535 2909 2909 6535 6536 2909 6536 2910 2910 6536 6537 2910 6537 2911 2911 6537 6538 2911 6538 2914 2914 6538 905 2914 905 904 878 874 6539 6540 1990 848 874 873 1975 874 1975 6539 6539 1975 1977 6539 1977 6541 1977 1979 6541 6541 1979 1981 6541 1981 6542 1981 1984 6542 6542 1984 1986 6542 1986 6543 6543 1986 1988 6543 1988 6544 1988 1996 6544 6544 1996 1994 6544 1994 6540 6540 1994 1992 6540 1992 1990 6545 879 878 878 6539 6545 6545 6539 6541 6545 6541 6546 6546 6541 6542 6546 6542 6547 6547 6542 6543 6547 6543 6548 6548 6543 6544 6548 6544 6549 6549 6544 6540 6549 6540 6550 6551 890 879 848 847 6540 6540 847 851 6540 851 6550 6550 851 850 6550 850 876 879 6545 6551 6551 6545 6546 6551 6546 6552 6552 6546 6547 6552 6547 6553 6553 6547 6548 6553 6548 6554 6554 6548 6549 6554 6549 6555 6555 6549 6550 6555 6550 6556 6556 6550 876 6556 876 875 2897 903 890 890 6551 2897 2897 6551 6552 2897 6552 2892 2892 6552 6553 2892 6553 2893 2893 6553 6554 2893 6554 2894 2894 6554 6555 2894 6555 2895 2895 6555 6556 2895 6556 2896 2896 6556 875 2896 875 892 821 817 6557 6558 1964 791 817 816 1952 817 1952 6557 6557 1952 1954 6557 1954 6559 1954 1957 6559 6559 1957 1959 6559 1959 6560 1959 1961 6560 6560 1961 1973 6560 1973 6561 6561 1973 1972 6561 1972 6562 1972 1970 6562 6562 1970 1968 6562 1968 6558 6558 1968 1966 6558 1966 1964 6563 822 821 821 6557 6563 6563 6557 6559 6563 6559 6564 6564 6559 6560 6564 6560 6565 6565 6560 6561 6565 6561 6566 6566 6561 6562 6566 6562 6567 6567 6562 6558 6567 6558 6568 6569 833 822 791 790 6558 6558 790 794 6558 794 6568 6568 794 793 6568 793 819 822 6563 6569 6569 6563 6564 6569 6564 6570 6570 6564 6565 6570 6565 6571 6571 6565 6566 6571 6566 6572 6572 6566 6567 6572 6567 6573 6573 6567 6568 6573 6568 6574 6574 6568 819 6574 819 818 2901 846 833 833 6569 2901 2901 6569 6570 2901 6570 2899 2899 6570 6571 2899 6571 2900 2900 6571 6572 2900 6572 2898 2898 6572 6573 2898 6573 2902 2902 6573 6574 2902 6574 2903 2903 6574 818 2903 818 835 6575 6576 6577 6578 6579 6580 6581 6582 6583 6584 6585 6586 6577 6576 6587 6587 6576 6588 6587 6588 6589 6590 6591 6592 6593 6594 6595 6595 6594 6596 6595 6596 6597 6598 6594 6599 6599 6594 6593 6599 6593 6600 6601 6602 6603 6604 6584 6605 6605 6584 6586 6605 6586 6606 6607 6608 6609 6610 6581 6594 6594 6581 6583 6594 6583 6596 6611 6612 6613 6614 6610 6615 6615 6610 6594 6615 6594 6616 6616 6594 6617 6616 6617 6618 6619 6620 6601 6621 6622 6603 6623 6624 6622 6622 6624 6625 6626 6627 6628 6586 6590 6606 6606 6590 6592 6606 6592 6629 6629 6592 6630 6631 6632 6633 6634 6635 6636 6621 6603 6637 6637 6603 6602 6637 6602 6638 6639 6623 6640 6640 6623 6622 6640 6622 6641 6641 6622 6621 6641 6621 6642 6643 6626 6625 6625 6626 6644 6645 6646 6647 6575 6577 6592 6592 6577 6648 6592 6648 6630 6649 6650 6633 6651 6607 6594 6594 6607 6609 6594 6609 6617 6634 6636 6588 6652 6653 6611 6654 6655 6613 6656 6657 6655 6655 6657 6658 6659 6643 6660 6660 6643 6625 6660 6625 6661 6661 6625 6624 6661 6624 6662 6626 6628 6644 6644 6628 6645 6644 6645 6663 6663 6645 6647 6663 6647 6664 6665 6666 6667 6668 6669 6670 6654 6613 6671 6671 6613 6612 6671 6612 6672 6673 6656 6674 6674 6656 6655 6674 6655 6675 6675 6655 6654 6675 6654 6676 6601 6603 6619 6619 6603 6658 6619 6658 6677 6677 6658 6657 6677 6657 6678 6667 6679 6665 6665 6679 6663 6665 6663 6680 6680 6663 6664 6680 6664 6681 6682 6604 6683 6683 6604 6605 6683 6605 6580 6580 6605 6684 6580 6684 6578 6578 6684 6685 6686 6687 6688 6689 6690 6691 6594 6692 6693 6631 6633 6694 6694 6633 6650 6694 6650 6695 6696 6697 6689 6667 6668 6679 6679 6668 6670 6679 6670 6684 6684 6670 6594 6684 6594 6685 6685 6594 6598 6685 6598 6698 6699 6651 6700 6700 6651 6594 6700 6594 6633 6633 6594 6693 6633 6693 6701 6702 6649 6703 6703 6649 6633 6703 6633 6704 6704 6633 6701 6704 6701 6705 6706 6686 6707 6707 6686 6688 6707 6688 6636 6636 6688 6708 6636 6708 6588 6588 6708 6709 6588 6709 6589 6689 6691 6696 6696 6691 6688 6696 6688 6710 6710 6688 6687 6710 6687 6711 6611 6613 6652 6652 6613 6691 6652 6691 6712 6712 6691 6690 6712 6690 6713 6714 6589 6715 6715 6589 6709 6715 6709 6716 6716 6709 6708 6716 6708 6717 6717 6708 6688 6717 6688 6718 6718 6688 6691 6718 6691 6719 6719 6691 6613 6719 6613 6720 6720 6613 6655 6720 6655 6721 6721 6655 6658 6721 6658 6722 6722 6658 6603 6722 6603 6723 6723 6603 6622 6723 6622 6724 6724 6622 6625 6724 6625 6725 6725 6625 6644 6701 6693 6726 6726 6693 6727 6594 6670 6728 6728 6670 6729 6668 6667 6730 6730 6667 6731 6665 6680 6732 6732 6680 6733 6664 6647 6734 6734 6647 6735 6645 6628 6736 6736 6628 6737 6626 6643 6738 6738 6643 6739 6660 6661 6740 6740 6661 6741 6624 6623 6742 6742 6623 6743 6640 6641 6744 6744 6641 6745 6621 6637 6746 6746 6637 6747 6602 6601 6748 6748 6601 6749 6619 6677 6750 6750 6677 6751 6657 6656 6752 6752 6656 6753 6674 6675 6754 6754 6675 6755 6654 6671 6756 6756 6671 6757 6612 6611 6758 6758 6611 6759 6652 6712 6760 6760 6712 6761 6690 6689 6762 6762 6689 6763 6696 6710 6764 6764 6710 6765 6687 6686 6766 6766 6686 6767 6707 6636 6768 6768 6636 6769 6634 6588 6770 6770 6588 6771 6575 6592 6772 6772 6592 6773 6590 6586 6774 6774 6586 6775 6584 6604 6776 6776 6604 6777 6683 6580 6778 6778 6580 6779 6578 6685 6780 6780 6685 6781 6598 6599 6782 6782 6599 6783 6593 6595 6784 6784 6595 6785 6596 6583 6786 6786 6583 6787 6581 6610 6788 6788 6610 6789 6615 6616 6790 6790 6616 6791 6617 6609 6792 6792 6609 6793 6607 6651 6794 6794 6651 6795 6700 6633 6796 6796 6633 6797 6631 6694 6798 6798 6694 6799 6703 6704 6800 6800 6704 6801 6797 6802 6798 6786 6787 6798 6799 6803 6804 6805 6806 6800 6782 6783 6798 6771 6807 6772 6727 6808 6728 6789 6798 6788 6788 6798 6787 6788 6787 6809 6792 6793 6798 6769 6810 6770 6731 6811 6732 6778 6779 6798 6812 6786 6785 6785 6786 6798 6785 6798 6784 6784 6798 6783 6784 6783 6813 6814 6792 6791 6791 6792 6798 6791 6798 6790 6790 6798 6789 6790 6789 6815 6797 6798 6796 6723 6733 6816 6759 6817 6760 6798 6799 6818 6818 6799 6804 6818 6804 6819 6771 6772 6820 6821 6782 6781 6781 6782 6798 6781 6798 6780 6780 6798 6779 6780 6779 6822 6723 6736 6737 6749 6823 6750 6804 6805 6819 6819 6805 6800 6819 6800 6824 6824 6800 6801 6824 6801 6726 6726 6801 6825 6725 6826 6732 6732 6826 6827 6732 6827 6731 6731 6827 6730 6733 6723 6732 6732 6723 6724 6732 6724 6725 6773 6828 6774 6829 6796 6795 6795 6796 6798 6795 6798 6794 6794 6798 6793 6794 6793 6830 6816 6734 6723 6723 6734 6735 6723 6735 6736 6736 6735 6831 6832 6744 6743 6743 6744 6723 6743 6723 6742 6726 6727 6824 6824 6727 6728 6824 6728 6827 6827 6728 6729 6827 6729 6730 6730 6729 6833 6820 6772 6818 6818 6772 6773 6818 6773 6798 6798 6773 6774 6798 6774 6775 6834 6778 6777 6777 6778 6798 6777 6798 6776 6776 6798 6775 6776 6775 6835 6739 6723 6738 6738 6723 6737 6738 6737 6836 6837 6742 6741 6741 6742 6723 6741 6723 6740 6740 6723 6739 6740 6739 6838 6745 6839 6746 6763 6840 6764 6767 6841 6768 6753 6842 6754 6758 6759 6719 6719 6759 6760 6719 6760 6718 6718 6760 6761 6718 6761 6762 6762 6761 6843 6765 6844 6766 6845 6769 6820 6820 6769 6770 6820 6770 6771 6755 6846 6756 6762 6763 6718 6718 6763 6764 6718 6764 6717 6744 6745 6723 6723 6745 6746 6723 6746 6722 6722 6746 6747 6722 6747 6748 6748 6747 6847 6748 6749 6722 6722 6749 6750 6722 6750 6721 6721 6750 6751 6721 6751 6752 6752 6751 6848 6752 6753 6721 6721 6753 6754 6721 6754 6720 6849 6767 6845 6845 6767 6768 6845 6768 6769 6764 6765 6717 6717 6765 6766 6717 6766 6716 6716 6766 6715 6754 6755 6720 6720 6755 6756 6720 6756 6719 6719 6756 6757 6719 6757 6758 6758 6757 6850 6849 6851 6767 6767 6851 6852 6767 6852 6766 6766 6852 6714 6766 6714 6715 6650 6649 6804 6804 6649 6805 6725 6644 6826 6826 6644 6663 6826 6663 6827 6827 6663 6679 6827 6679 6824 6824 6679 6684 6824 6684 6819 6819 6684 6605 6819 6605 6818 6818 6605 6606 6818 6606 6820 6820 6606 6629 6820 6629 6845 6845 6629 6630 6845 6630 6849 6849 6630 6648 6849 6648 6851 6851 6648 6577 6851 6577 6852 6852 6577 6587 6852 6587 6714 6714 6587 6589 6806 6805 6702 6702 6805 6649 6800 6806 6703 6703 6806 6702 6825 6801 6705 6705 6801 6704 6726 6825 6701 6701 6825 6705 6803 6799 6695 6695 6799 6694 6804 6803 6650 6650 6803 6695 6802 6797 6632 6632 6797 6633 6798 6802 6631 6631 6802 6632 6829 6795 6699 6699 6795 6651 6796 6829 6700 6700 6829 6699 6830 6793 6608 6608 6793 6609 6794 6830 6607 6607 6830 6608 6814 6791 6618 6618 6791 6616 6792 6814 6617 6617 6814 6618 6815 6789 6614 6614 6789 6610 6790 6815 6615 6615 6815 6614 6809 6787 6582 6582 6787 6583 6788 6809 6581 6581 6809 6582 6812 6785 6597 6597 6785 6595 6786 6812 6596 6596 6812 6597 6813 6783 6600 6600 6783 6599 6784 6813 6593 6593 6813 6600 6821 6781 6698 6698 6781 6685 6782 6821 6598 6598 6821 6698 6822 6779 6579 6579 6779 6580 6780 6822 6578 6578 6822 6579 6834 6777 6682 6682 6777 6604 6778 6834 6683 6683 6834 6682 6835 6775 6585 6585 6775 6586 6776 6835 6584 6584 6835 6585 6828 6773 6591 6591 6773 6592 6774 6828 6590 6590 6828 6591 6807 6771 6576 6576 6771 6588 6772 6807 6575 6575 6807 6576 6810 6769 6635 6635 6769 6636 6770 6810 6634 6634 6810 6635 6841 6767 6706 6706 6767 6686 6768 6841 6707 6707 6841 6706 6844 6765 6711 6711 6765 6710 6766 6844 6687 6687 6844 6711 6840 6763 6697 6697 6763 6689 6764 6840 6696 6696 6840 6697 6843 6761 6713 6713 6761 6712 6762 6843 6690 6690 6843 6713 6817 6759 6653 6653 6759 6611 6760 6817 6652 6652 6817 6653 6850 6757 6672 6672 6757 6671 6758 6850 6612 6612 6850 6672 6846 6755 6676 6676 6755 6675 6756 6846 6654 6654 6846 6676 6842 6753 6673 6673 6753 6656 6754 6842 6674 6674 6842 6673 6848 6751 6678 6678 6751 6677 6752 6848 6657 6657 6848 6678 6823 6749 6620 6620 6749 6601 6750 6823 6619 6619 6823 6620 6847 6747 6638 6638 6747 6637 6748 6847 6602 6602 6847 6638 6839 6745 6642 6642 6745 6641 6746 6839 6621 6621 6839 6642 6832 6743 6639 6639 6743 6623 6744 6832 6640 6640 6832 6639 6837 6741 6662 6662 6741 6661 6742 6837 6624 6624 6837 6662 6838 6739 6659 6659 6739 6643 6740 6838 6660 6660 6838 6659 6836 6737 6627 6627 6737 6628 6738 6836 6626 6626 6836 6627 6831 6735 6646 6646 6735 6647 6736 6831 6645 6645 6831 6646 6816 6733 6681 6681 6733 6680 6734 6816 6664 6664 6816 6681 6811 6731 6666 6666 6731 6667 6732 6811 6665 6665 6811 6666 6833 6729 6669 6669 6729 6670 6730 6833 6668 6668 6833 6669 6808 6727 6692 6692 6727 6693 6728 6808 6594 6594 6808 6692 6853 6854 6855 6856 6857 6858 6854 6859 6860 6854 6860 6855 6855 6860 6861 6855 6861 6862 6861 6863 6862 6862 6863 6864 6862 6864 6865 6865 6864 6866 6865 6866 6867 6866 6868 6867 6867 6868 6869 6867 6869 6870 6869 6871 6870 6870 6871 6872 6870 6872 6856 6856 6872 6873 6856 6873 6857 6874 6875 6853 6853 6855 6874 6874 6855 6862 6874 6862 6876 6876 6862 6865 6876 6865 6877 6877 6865 6867 6877 6867 6878 6878 6867 6870 6878 6870 6879 6879 6870 6856 6879 6856 6880 6881 6882 6875 6858 6883 6856 6856 6883 6884 6856 6884 6880 6880 6884 6885 6880 6885 6886 6875 6874 6881 6881 6874 6876 6881 6876 6887 6887 6876 6877 6887 6877 6888 6888 6877 6878 6888 6878 6889 6889 6878 6879 6889 6879 6890 6890 6879 6880 6890 6880 6891 6891 6880 6886 6891 6886 6892 6893 6894 6882 6882 6881 6893 6893 6881 6887 6893 6887 6895 6895 6887 6888 6895 6888 6896 6896 6888 6889 6896 6889 6897 6897 6889 6890 6897 6890 6898 6898 6890 6891 6898 6891 6899 6899 6891 6892 6899 6892 6900 6901 6902 6903 6904 6905 6906 6902 6907 6908 6902 6908 6903 6903 6908 6909 6903 6909 6910 6909 6911 6910 6910 6911 6912 6910 6912 6913 6913 6912 6914 6913 6914 6915 6914 6916 6915 6915 6916 6917 6915 6917 6918 6917 6919 6918 6918 6919 6920 6918 6920 6904 6904 6920 6921 6904 6921 6905 6922 6923 6901 6901 6903 6922 6922 6903 6910 6922 6910 6924 6924 6910 6913 6924 6913 6925 6925 6913 6915 6925 6915 6926 6926 6915 6918 6926 6918 6927 6927 6918 6904 6927 6904 6928 6929 6930 6923 6906 6931 6904 6904 6931 6932 6904 6932 6928 6928 6932 6933 6928 6933 6934 6923 6922 6929 6929 6922 6924 6929 6924 6935 6935 6924 6925 6935 6925 6936 6936 6925 6926 6936 6926 6937 6937 6926 6927 6937 6927 6938 6938 6927 6928 6938 6928 6939 6939 6928 6934 6939 6934 6940 6941 6942 6930 6930 6929 6941 6941 6929 6935 6941 6935 6943 6943 6935 6936 6943 6936 6944 6944 6936 6937 6944 6937 6945 6945 6937 6938 6945 6938 6946 6946 6938 6939 6946 6939 6947 6947 6939 6940 6947 6940 6948 6949 6950 6951 6950 6952 6953 6952 6954 6955 6954 6956 6957 6954 6957 6955 6955 6957 6958 6955 6958 6959 6958 6960 6959 6959 6960 6961 6959 6961 6962 6962 6961 6963 6962 6963 6964 6963 6965 6964 6964 6965 6966 6964 6966 6967 6966 6968 6967 6967 6968 6969 6967 6969 6970 6970 6969 6971 6971 6972 6970 6970 6972 6973 6970 6973 6974 6952 6955 6953 6953 6955 6959 6953 6959 6975 6975 6959 6962 6975 6962 6976 6976 6962 6964 6976 6964 6977 6977 6964 6967 6977 6967 6978 6978 6967 6970 6978 6970 6979 6979 6970 6974 6979 6974 6980 6950 6953 6951 6951 6953 6975 6951 6975 6981 6981 6975 6976 6981 6976 6982 6982 6976 6977 6982 6977 6983 6983 6977 6978 6983 6978 6984 6984 6978 6979 6984 6979 6985 6985 6979 6980 6985 6980 6986 6949 6951 6987 6987 6951 6981 6987 6981 6988 6988 6981 6982 6988 6982 6989 6989 6982 6983 6989 6983 6990 6990 6983 6984 6990 6984 6991 6991 6984 6985 6991 6985 6992 6992 6985 6986 6992 6986 6993 6994 6995 6996 6995 6997 6998 6997 6999 7000 6997 7000 6998 6998 7000 7001 6998 7001 7002 7002 7001 7003 7002 7003 7004 7004 7003 7005 7004 7005 7006 7006 7005 7007 7006 7007 7008 7008 7007 7009 7008 7009 7010 7010 7009 7011 7010 7011 7012 7012 7011 7013 7012 7013 7014 7014 7013 7015 7014 7015 7016 7016 7015 7017 7016 7017 7018 7018 7017 7019 7018 7019 7020 7020 7019 7021 7020 7021 7022 6995 6998 6996 6996 6998 7002 6996 7002 7023 7023 7002 7004 7023 7004 7024 7024 7004 7006 7024 7006 7025 7025 7006 7008 7025 7008 7026 7026 7008 7010 7026 7010 7027 7027 7010 7012 7027 7012 7028 7028 7012 7014 7028 7014 7029 7029 7014 7016 7029 7016 7030 7030 7016 7018 7030 7018 7031 7031 7018 7020 7031 7020 7032 7032 7020 7022 7032 7022 7033 6994 6996 7034 7034 6996 7023 7034 7023 7035 7035 7023 7024 7035 7024 7036 7036 7024 7025 7036 7025 7037 7037 7025 7026 7037 7026 7038 7038 7026 7027 7038 7027 7039 7039 7027 7028 7039 7028 7040 7040 7028 7029 7040 7029 7041 7041 7029 7030 7041 7030 7042 7042 7030 7031 7042 7031 7043 7043 7031 7032 7043 7032 7044 7044 7032 7033 7044 7033 7045 7046 7047 7048 7046 7049 7050 7050 7049 7051 7052 7053 7051 7051 7053 7054 7051 7054 7050 7055 7056 7052 7052 7056 7057 7052 7057 7053 7058 7059 7052 7052 7059 7060 7052 7060 7055 7061 7058 7062 7061 7062 7063 7063 7062 7064 7063 7064 7065 7065 7064 7066 7065 7066 7067 7067 7066 7068 7067 7068 7069 7046 7048 7049 7049 7048 7070 7049 7070 7071 7058 7052 7062 7062 7052 7051 7062 7051 7064 7064 7051 7049 7064 7049 7066 7066 7049 7071 7066 7071 7068 7072 7073 7074 7075 7076 7077 7075 7077 7078 7079 7080 7081 7081 7080 7082 7081 7082 7083 7084 7085 7086 7086 7085 7087 7086 7087 7088 7088 7087 7089 7088 7089 7090 7090 7089 7091 7090 7091 7092 7092 7091 7093 7092 7093 7094 7094 7093 7095 7094 7095 7081 7081 7095 7096 7081 7096 7079 7097 7098 7099 7099 7098 7100 7099 7100 7101 7101 7100 7102 7103 7104 7102 7102 7104 7105 7102 7105 7101 7077 7106 7078 7078 7106 7107 7078 7107 7108 7108 7107 7109 7108 7109 7110 7110 7109 7111 7110 7111 7103 7103 7111 7112 7103 7112 7104 7098 7113 7100 7100 7113 7114 7100 7114 7102 7102 7114 7115 7102 7115 7103 7103 7115 7116 7103 7116 7110 7110 7116 7117 7110 7117 7108 7108 7117 7118 7108 7118 7078 7078 7118 7074 7078 7074 7075 7075 7074 7073 7113 7084 7114 7114 7084 7086 7114 7086 7115 7115 7086 7088 7115 7088 7116 7116 7088 7090 7116 7090 7117 7117 7090 7092 7117 7092 7118 7118 7092 7094 7118 7094 7074 7074 7094 7081 7074 7081 7072 7072 7081 7083 7119 7120 7121 7122 7123 7124 7125 7126 7127 7127 7126 7128 7128 7129 7127 7127 7129 7130 7127 7130 7131 7130 7132 7131 7131 7132 7133 7131 7133 7134 7134 7133 7135 7134 7135 7136 7135 7137 7136 7136 7137 7138 7136 7138 7139 7138 7140 7139 7139 7140 7141 7139 7141 7142 7141 7143 7142 7142 7143 7144 7142 7144 7145 7145 7144 7146 7145 7146 7147 7148 7149 7150 7146 7151 7147 7147 7151 7152 7147 7152 7150 7150 7152 7153 7150 7153 7148 7149 7154 7150 7150 7154 7155 7150 7155 7147 7147 7155 7156 7147 7156 7145 7145 7156 7157 7145 7157 7142 7142 7157 7158 7142 7158 7139 7139 7158 7159 7139 7159 7136 7136 7159 7160 7136 7160 7134 7134 7160 7161 7134 7161 7131 7131 7161 7162 7131 7162 7127 7127 7162 7121 7127 7121 7125 7125 7121 7120 7148 7122 7149 7149 7122 7124 7149 7124 7154 7154 7124 7163 7154 7163 7164 7164 7165 7154 7154 7165 7166 7154 7166 7155 7155 7166 7167 7155 7167 7156 7156 7167 7168 7156 7168 7157 7157 7168 7169 7157 7169 7158 7158 7169 7170 7158 7170 7159 7159 7170 7171 7159 7171 7160 7160 7171 7172 7160 7172 7161 7161 7172 7173 7161 7173 7162 7162 7173 7174 7162 7174 7121 7121 7174 7175 7121 7175 7119 7119 7175 7176 7165 7177 7166 7166 7177 7178 7166 7178 7167 7167 7178 7179 7167 7179 7168 7168 7179 7180 7168 7180 7169 7169 7180 7181 7169 7181 7170 7170 7181 7182 7170 7182 7171 7171 7182 7183 7171 7183 7172 7172 7183 7184 7172 7184 7173 7173 7184 7185 7173 7185 7174 7174 7185 7186 7174 7186 7175 7175 7186 7187 7175 7187 7176 7176 7187 7188 7189 7190 7191 7190 7192 7193 7192 7194 7195 7192 7195 7193 7193 7195 7196 7193 7196 7197 7197 7196 7198 7197 7198 7199 7199 7198 7200 7199 7200 7201 7201 7200 7202 7201 7202 7203 7203 7202 7204 7203 7204 7205 7205 7204 7206 7205 7206 7207 7207 7206 7208 7207 7208 7209 7209 7208 7210 7209 7210 7211 7211 7210 7212 7211 7212 7213 7213 7212 7214 7213 7214 7215 7215 7214 7216 7215 7216 7217 7217 7216 7218 7217 7218 7219 7219 7218 7220 7219 7220 7221 7221 7220 7222 7221 7222 7223 7223 7222 7224 7223 7224 7225 7190 7193 7191 7191 7193 7197 7191 7197 7226 7226 7197 7199 7226 7199 7227 7227 7199 7201 7227 7201 7228 7228 7201 7203 7228 7203 7229 7229 7203 7205 7229 7205 7230 7230 7205 7207 7230 7207 7231 7231 7207 7209 7231 7209 7232 7232 7209 7211 7232 7211 7233 7233 7211 7213 7233 7213 7234 7234 7213 7215 7234 7215 7235 7235 7215 7217 7235 7217 7236 7236 7217 7219 7236 7219 7237 7237 7219 7221 7237 7221 7238 7238 7221 7223 7238 7223 7239 7239 7223 7225 7239 7225 7240 7189 7191 7241 7241 7191 7226 7241 7226 7242 7242 7226 7227 7242 7227 7243 7243 7227 7228 7243 7228 7244 7244 7228 7229 7244 7229 7245 7245 7229 7230 7245 7230 7246 7246 7230 7231 7246 7231 7247 7247 7231 7232 7247 7232 7248 7248 7232 7233 7248 7233 7249 7249 7233 7234 7249 7234 7250 7250 7234 7235 7250 7235 7251 7251 7235 7236 7251 7236 7252 7252 7236 7237 7252 7237 7253 7253 7237 7238 7253 7238 7254 7254 7238 7239 7254 7239 7255 7255 7239 7240 7255 7240 7256 7257 7258 7259 7259 7258 7260 7259 7260 7261 7261 7260 7262 7261 7262 7263 7263 7262 7264 7263 7264 7265 7258 7266 7260 7260 7266 7267 7260 7267 7262 7262 7267 7268 7262 7268 7264 7264 7268 7269 7264 7269 7265 7270 7271 7272 7273 7274 7275 7275 7274 7270 7270 7272 7275 7275 7272 7276 7275 7276 7277 7277 7276 7278 7277 7278 7279 7279 7278 7280 7279 7280 7281 7281 7280 7282 7281 7282 7283 7283 7282 7284 7283 7284 7285 7285 7284 7286 7285 7286 7287 7287 7286 7288 7287 7288 7289 7289 7288 7290 7289 7290 7291 7291 7290 7292 7291 7292 7293 7294 7295 7296 7296 7295 7273 7273 7275 7296 7296 7275 7277 7296 7277 7297 7297 7277 7279 7297 7279 7298 7298 7279 7281 7298 7281 7299 7299 7281 7283 7299 7283 7300 7300 7283 7285 7300 7285 7301 7301 7285 7287 7301 7287 7302 7302 7287 7289 7302 7289 7303 7303 7289 7291 7303 7291 7304 7304 7291 7293 7304 7293 7305 7306 7307 7294 7294 7296 7306 7306 7296 7297 7306 7297 7308 7308 7297 7298 7308 7298 7309 7309 7298 7299 7309 7299 7310 7310 7299 7300 7310 7300 7311 7311 7300 7301 7311 7301 7312 7312 7301 7302 7312 7302 7313 7313 7302 7303 7313 7303 7314 7314 7303 7304 7314 7304 7315 7315 7304 7305 7315 7305 7316 7317 7318 7319 7320 7321 7322 7320 7322 7323 7323 7322 7318 7318 7322 7324 7318 7324 7319 7319 7324 7325 7319 7325 7326 7326 7325 7327 7326 7327 7328 7328 7327 7329 7328 7329 7330 7330 7329 7331 7330 7331 7332 7332 7331 7333 7332 7333 7334 7334 7333 7335 7334 7335 7336 7336 7335 7337 7336 7337 7338 7338 7337 7339 7338 7339 7340 7317 7319 7341 7341 7319 7326 7341 7326 7342 7342 7326 7328 7342 7328 7343 7343 7328 7330 7343 7330 7344 7344 7330 7332 7344 7332 7345 7345 7332 7334 7345 7334 7346 7346 7334 7336 7346 7336 7347 7347 7336 7338 7347 7338 7348 7348 7338 7340 7348 7340 7349 7350 7351 7317 7317 7351 7352 7317 7352 7318 7318 7352 7353 7318 7353 7323 7350 7317 7354 7354 7317 7341 7354 7341 7355 7355 7341 7342 7355 7342 7356 7356 7342 7343 7356 7343 7357 7357 7343 7344 7357 7344 7358 7358 7344 7345 7358 7345 7359 7359 7345 7346 7359 7346 7360 7360 7346 7347 7360 7347 7361 7361 7347 7348 7361 7348 7362 7362 7348 7349 7362 7349 7363 7292 7364 7293 7293 7364 7365 7293 7365 7305 7305 7365 7366 7305 7366 7316 7364 7367 7365 7365 7367 7368 7365 7368 7366 7366 7368 7369 7366 7369 7316 7370 7371 7372 7372 7371 7373 7372 7373 7374 7374 7373 7375 7374 7375 7376 7376 7375 7377 7376 7377 7378 7371 7379 7373 7373 7379 7380 7373 7380 7375 7375 7380 7381 7375 7381 7377 7377 7381 7382 7377 7382 7378 7383 7384 7385 7386 7387 7388 7389 7390 7391 7390 7392 7393 7394 7395 7396 7390 7393 7391 7391 7393 7397 7391 7397 7396 7396 7397 7398 7396 7398 7394 7399 7400 7401 7394 7402 7395 7395 7402 7403 7395 7403 7404 7404 7403 7405 7404 7405 7401 7401 7405 7406 7401 7406 7399 7399 7407 7400 7400 7407 7408 7400 7408 7409 7410 7411 7389 7389 7391 7410 7410 7391 7396 7410 7396 7412 7412 7396 7395 7412 7395 7413 7413 7395 7404 7413 7404 7414 7414 7404 7401 7414 7401 7415 7415 7401 7400 7415 7400 7388 7388 7400 7409 7388 7409 7386 7416 7417 7411 7411 7410 7416 7416 7410 7412 7416 7412 7418 7418 7412 7413 7418 7413 7419 7419 7413 7414 7419 7414 7420 7420 7414 7415 7420 7415 7421 7421 7415 7388 7421 7388 7385 7385 7388 7387 7385 7387 7383 7422 7423 7417 7417 7416 7422 7422 7416 7418 7422 7418 7424 7424 7418 7419 7424 7419 7425 7425 7419 7420 7425 7420 7426 7426 7420 7421 7426 7421 7427 7427 7421 7385 7427 7385 7428 7428 7385 7384 7428 7384 7429 7430 7431 7432 7433 7434 7435 7436 7437 7438 7438 7437 7439 7438 7439 7440 7440 7439 7441 7440 7441 7442 7442 7441 7443 7442 7443 7444 7444 7443 7445 7444 7445 7446 7446 7445 7447 7446 7447 7448 7448 7447 7449 7448 7449 7450 7450 7449 7432 7450 7432 7451 7451 7432 7431 7451 7431 7435 7435 7431 7452 7435 7452 7433 7430 7432 7453 7453 7432 7449 7453 7449 7454 7454 7449 7447 7454 7447 7455 7455 7447 7445 7455 7445 7456 7456 7445 7443 7456 7443 7457 7457 7443 7441 7457 7441 7458 7458 7441 7439 7458 7439 7459 7459 7439 7437 7459 7437 7460 7461 7462 7430 7430 7462 7463 7430 7463 7431 7431 7463 7464 7431 7464 7452 7436 7465 7437 7437 7465 7466 7437 7466 7460 7460 7466 7467 7460 7467 7468 7461 7430 7469 7469 7430 7453 7469 7453 7470 7470 7453 7454 7470 7454 7471 7471 7454 7455 7471 7455 7472 7472 7455 7456 7472 7456 7473 7473 7456 7457 7473 7457 7474 7474 7457 7458 7474 7458 7475 7475 7458 7459 7475 7459 7476 7476 7459 7460 7476 7460 7477 7477 7460 7468 7477 7468 7478 7408 7479 7409 7409 7479 7480 7481 7387 7480 7480 7387 7386 7480 7386 7409 7479 7482 7480 7480 7482 7483 7480 7483 7481 7481 7483 7484 7481 7484 7429 7429 7384 7481 7481 7384 7383 7481 7383 7387 7485 7486 7487 7486 7488 7489 7490 7491 7492 7486 7489 7487 7487 7489 7493 7487 7493 7492 7492 7493 7494 7492 7494 7490 7495 7496 7497 7490 7498 7491 7491 7498 7499 7491 7499 7500 7500 7499 7501 7500 7501 7497 7497 7501 7502 7497 7502 7495 7495 7503 7496 7496 7503 7504 7496 7504 7505 7506 7507 7485 7485 7487 7506 7506 7487 7492 7506 7492 7508 7508 7492 7491 7508 7491 7509 7509 7491 7500 7509 7500 7510 7510 7500 7497 7510 7497 7511 7511 7497 7496 7511 7496 7512 7512 7496 7505 7512 7505 7513 7514 7515 7507 7507 7506 7514 7514 7506 7508 7514 7508 7516 7516 7508 7509 7516 7509 7517 7517 7509 7510 7517 7510 7518 7518 7510 7511 7518 7511 7519 7519 7511 7512 7519 7512 7520 7520 7512 7513 7520 7513 7521 7522 7523 7515 7515 7514 7522 7522 7514 7516 7522 7516 7524 7524 7516 7517 7524 7517 7525 7525 7517 7518 7525 7518 7526 7526 7518 7519 7526 7519 7527 7527 7519 7520 7527 7520 7528 7528 7520 7521 7528 7521 7529 7530 7531 7532 7533 7534 7535 7534 7536 7537 7534 7537 7535 7535 7537 7538 7535 7538 7539 7540 7541 7542 7542 7541 7539 7542 7539 7543 7543 7539 7538 7532 7544 7545 7545 7544 7533 7530 7532 7545 7533 7535 7545 7545 7535 7539 7545 7539 7530 7530 7539 7541 7530 7541 7531 7546 7547 7548 7547 7549 7550 7551 7552 7553 7547 7550 7548 7548 7550 7554 7548 7554 7553 7553 7554 7555 7553 7555 7551 7556 7557 7558 7551 7559 7552 7552 7559 7560 7552 7560 7561 7561 7560 7562 7561 7562 7558 7558 7562 7563 7558 7563 7556 7556 7564 7557 7557 7564 7565 7557 7565 7566 7567 7568 7546 7546 7548 7567 7567 7548 7553 7567 7553 7569 7569 7553 7552 7569 7552 7570 7570 7552 7561 7570 7561 7571 7571 7561 7558 7571 7558 7572 7572 7558 7557 7572 7557 7573 7573 7557 7566 7573 7566 7574 7575 7576 7568 7568 7567 7575 7575 7567 7569 7575 7569 7577 7577 7569 7570 7577 7570 7578 7578 7570 7571 7578 7571 7579 7579 7571 7572 7579 7572 7580 7580 7572 7573 7580 7573 7581 7581 7573 7574 7581 7574 7582 7583 7584 7576 7576 7575 7583 7583 7575 7577 7583 7577 7585 7585 7577 7578 7585 7578 7586 7586 7578 7579 7586 7579 7587 7587 7579 7580 7587 7580 7588 7588 7580 7581 7588 7581 7589 7589 7581 7582 7589 7582 7590 7591 7592 7593 7594 7595 7596 7594 7596 7597 7597 7596 7592 7592 7596 7598 7592 7598 7593 7593 7598 7599 7593 7599 7600 7600 7599 7601 7600 7601 7602 7602 7601 7603 7602 7603 7604 7604 7603 7605 7604 7605 7606 7606 7605 7607 7606 7607 7608 7608 7607 7609 7608 7609 7610 7610 7609 7611 7610 7611 7612 7612 7611 7532 7612 7532 7613 7591 7593 7614 7614 7593 7600 7614 7600 7615 7615 7600 7602 7615 7602 7616 7616 7602 7604 7616 7604 7617 7617 7604 7606 7617 7606 7618 7618 7606 7608 7618 7608 7619 7619 7608 7610 7619 7610 7620 7620 7610 7612 7620 7612 7621 7621 7612 7613 7621 7613 7622 7623 7624 7591 7591 7624 7625 7591 7625 7592 7592 7625 7626 7592 7626 7597 7623 7591 7627 7627 7591 7614 7627 7614 7628 7628 7614 7615 7628 7615 7629 7629 7615 7616 7629 7616 7630 7630 7616 7617 7630 7617 7631 7631 7617 7618 7631 7618 7632 7632 7618 7619 7632 7619 7633 7633 7619 7620 7633 7620 7634 7634 7620 7621 7634 7621 7635 7635 7621 7622 7635 7622 7636 7637 7638 7639 7640 7641 7642 7640 7642 7643 7643 7642 7638 7638 7642 7644 7638 7644 7639 7639 7644 7645 7639 7645 7646 7646 7645 7647 7646 7647 7648 7648 7647 7649 7648 7649 7650 7650 7649 7651 7650 7651 7652 7652 7651 7653 7652 7653 7654 7654 7653 7655 7654 7655 7656 7656 7655 7657 7656 7657 7658 7658 7657 7659 7658 7659 7660 7637 7639 7661 7661 7639 7646 7661 7646 7662 7662 7646 7648 7662 7648 7663 7663 7648 7650 7663 7650 7664 7664 7650 7652 7664 7652 7665 7665 7652 7654 7665 7654 7666 7666 7654 7656 7666 7656 7667 7667 7656 7658 7667 7658 7668 7668 7658 7660 7668 7660 7669 7670 7671 7637 7637 7671 7672 7637 7672 7638 7638 7672 7673 7638 7673 7643 7670 7637 7674 7674 7637 7661 7674 7661 7675 7675 7661 7662 7675 7662 7676 7676 7662 7663 7676 7663 7677 7677 7663 7664 7677 7664 7678 7678 7664 7665 7678 7665 7679 7679 7665 7666 7679 7666 7680 7680 7666 7667 7680 7667 7681 7681 7667 7668 7681 7668 7682 7682 7668 7669 7682 7669 7683 7684 7685 7659 7684 7659 7686 7687 7686 7659 7688 7687 7659 7688 7689 7690 7689 7691 7692 7689 7692 7690 7690 7692 7693 7690 7693 7694 7693 7695 7694 7694 7695 7696 7694 7696 7697 7698 7699 7700 7700 7699 7697 7700 7697 7701 7701 7697 7696 7688 7690 7687 7687 7690 7694 7687 7694 7686 7686 7694 7697 7686 7697 7684 7684 7697 7699 7684 7699 7685 7256 7128 7255 7255 7128 7702 7255 7702 7254 7254 7702 7703 7254 7703 7253 7253 7703 7704 7253 7704 7252 7252 7704 7705 7252 7705 7251 7251 7705 7706 7251 7706 7250 7250 7706 7707 7250 7707 7249 7249 7707 7708 7249 7708 7248 7248 7708 7709 7248 7709 7247 7247 7709 7710 7247 7710 7246 7246 7710 7711 7246 7711 7245 7245 7711 7712 7245 7712 7244 7244 7712 7713 7244 7713 7243 7243 7713 7714 7243 7714 7242 7242 7714 7715 7242 7715 7241 7241 7715 7716 7241 7716 7189 7189 7716 7123 7670 7549 7717 7717 7549 7718 7717 7718 7719 7719 7718 7720 7719 7720 7721 7721 7720 7722 7721 7722 7723 7723 7722 7724 7723 7724 7725 7725 7724 7726 7725 7726 7727 7727 7726 7728 7729 7730 7731 7731 7730 7732 7731 7732 7733 7733 7732 7734 7733 7734 7735 7735 7734 7736 7735 7736 7728 7728 7736 7737 7728 7737 7727 7623 7488 7738 7738 7488 7739 7738 7739 7740 7740 7739 7741 7740 7741 7742 7742 7741 7743 7742 7743 7744 7744 7743 7745 7744 7745 7746 7746 7745 7747 7746 7747 7748 7748 7747 7749 7750 7751 7752 7752 7751 7753 7752 7753 7754 7754 7753 7755 7754 7755 7756 7756 7755 7757 7756 7757 7749 7749 7757 7758 7749 7758 7748 7759 7760 7761 7759 7761 7762 7762 7761 7763 7762 7763 7764 7764 7763 7765 7764 7765 7766 7766 7765 7767 7766 7767 7768 7768 7767 7769 7768 7769 7770 7770 7769 7771 7770 7771 7772 7773 7774 7775 7773 7775 7776 7776 7775 7777 7776 7777 7778 7778 7777 7779 7778 7779 7780 7780 7779 7781 7780 7781 7782 7782 7781 7783 7782 7783 7784 7784 7783 7785 7784 7785 7786 7786 7785 7787 7786 7787 7788 7789 7790 7791 7789 7791 7792 7792 7791 7793 7792 7793 7794 7794 7793 7795 7794 7795 7796 7796 7795 7797 7796 7797 7798 7798 7797 7799 7798 7799 7800 7800 7799 7801 7800 7801 7802 7802 7801 7803 7802 7803 7804 7000 6999 7805 7805 7806 7000 7000 7806 7807 7000 7807 7001 7001 7807 7808 7001 7808 7003 7003 7808 7809 7003 7809 7005 7005 7809 7810 7005 7810 7007 7007 7810 7811 7007 7811 7009 7009 7811 7812 7009 7812 7011 7011 7812 7813 7011 7813 7013 7013 7813 7814 7013 7814 7015 7015 7814 7815 7816 7021 7817 7817 7021 7019 7817 7019 7815 7815 7019 7017 7815 7017 7015 6956 7818 7819 6956 7819 6957 6957 7819 7820 6957 7820 6958 6958 7820 7821 6958 7821 6960 6960 7821 7822 6960 7822 6961 7822 7823 6961 6961 7823 7824 6961 7824 6963 6963 7824 7825 6963 7825 6965 6965 7825 7826 6965 7826 6966 7826 7827 6966 6966 7827 7828 6966 7828 6968 6968 7828 7829 6968 7829 6969 6969 7829 7830 6969 7830 6971 6971 7830 7831 6971 7831 6972 6972 7831 7832 6972 7832 6973 6973 7832 7833 7104 6912 6911 7104 6911 7105 7105 6911 6909 7105 6909 7101 7101 6909 6908 7101 6908 7099 7099 6908 6907 7099 6907 7097 6912 7104 6914 6914 7104 7112 6914 7112 6916 6916 7112 7111 6916 7111 6917 6917 7111 7109 6917 7109 6919 6919 7109 7107 6919 7107 6920 6920 7107 7106 6920 7106 6921 6921 7106 7077 6921 7077 6905 6905 7077 7076 6905 7076 6906 6906 7076 7834 6906 7834 7835 6859 7069 6860 6860 7069 7068 6860 7068 6861 6861 7068 7071 6861 7071 6863 6863 7071 7070 6863 7070 6864 7070 7048 6864 6864 7048 7047 6864 7047 6866 6866 7047 7836 6866 7836 6868 6868 7836 7837 6868 7837 6869 7838 6858 7839 7839 6858 6857 7837 7840 6869 6869 7840 7841 6869 7841 6871 6871 7841 7842 6871 7842 6872 6872 7842 7843 6872 7843 6873 6873 7843 7844 6873 7844 6857 6857 7844 7845 6857 7845 7839 7846 7847 7848 7849 7850 7851 7852 7853 7854 7849 7855 7850 7850 7855 7856 7850 7856 7857 7858 7859 7860 7854 7853 7861 7861 7853 7862 7861 7862 7863 7860 7859 7864 7865 7866 7867 7867 7866 7868 7848 7850 7846 7846 7850 7857 7846 7857 7869 7869 7857 7870 7869 7870 7871 7871 7870 7872 7851 7873 7849 7849 7873 7874 7849 7874 7875 7875 7874 7867 7875 7867 7876 7876 7867 7868 7847 7877 7848 7848 7877 7878 7848 7878 7879 7879 7878 7852 7879 7852 7880 7880 7852 7854 7859 7881 7864 7864 7881 7882 7864 7882 7883 7883 7882 7884 7883 7884 7870 7870 7884 7885 7870 7885 7872 7865 7886 7866 7866 7886 7887 7866 7887 7888 7862 7889 7863 7863 7889 7890 7863 7890 7891 7891 7890 7858 7891 7858 7892 7892 7858 7860 7893 7894 7895 7896 7897 7898 7898 7897 7899 7898 7899 7900 7901 7902 7903 7903 7902 7904 7903 7904 7905 7906 7907 7908 7908 7909 7906 7906 7909 7910 7906 7910 7911 7912 7913 7914 7896 7898 7915 7915 7898 7916 7915 7916 7913 7913 7916 7917 7913 7917 7914 7895 7918 7893 7893 7918 7919 7893 7919 7911 7911 7919 7920 7911 7920 7906 7914 7921 7912 7912 7921 7922 7912 7922 7923 7922 7905 7923 7923 7905 7904 7923 7904 7924 7924 7904 7925 7924 7925 7907 7907 7925 7926 7907 7926 7908 7927 7928 7929 7930 7931 7932 7932 7931 7929 7932 7929 7933 7933 7929 7928 7929 7934 7927 7927 7934 7935 7927 7935 7936 7936 7937 7927 7927 7937 7938 7927 7938 7939 7940 7928 7941 7941 7928 7942 7940 7943 7928 7928 7943 7944 7928 7944 7933 7945 7946 7947 7947 7946 7948 7949 7950 7951 7951 7950 7952 7950 7953 7952 7952 7953 7954 7953 7955 7954 7954 7955 7956 7954 7956 7957 7958 7893 7959 7959 7893 7957 7959 7957 7960 7960 7957 7956 7946 7945 7961 7961 7945 7962 7961 7962 7963 7963 7962 7964 7964 7962 7965 7964 7965 7966 7966 7965 7967 7967 7965 7898 7967 7898 7968 7948 7969 7947 7947 7969 7970 7969 7971 7970 7970 7971 7972 7970 7972 7973 7974 7927 7975 7975 7927 7973 7975 7973 7976 7976 7973 7972 7949 7951 7977 7949 7977 7978 7978 7977 7979 7978 7979 7980 7980 7979 7981 7980 7981 7982 7982 7981 7928 7982 7928 7983 7984 7985 7945 7947 7986 7945 7945 7986 7987 7945 7987 7988 7989 7990 7991 7991 7990 7986 7991 7986 7992 7992 7986 7947 7992 7947 7993 7947 7994 7995 7988 7996 7945 7945 7996 7997 7945 7997 7984 7995 7998 7947 7947 7998 7999 7947 7999 7993 7951 7952 8000 8001 8002 8003 8003 8002 8000 8003 8000 8004 8004 8000 7952 8004 7952 8005 7952 8006 8007 8000 8008 7951 7951 8008 8009 7951 8009 8010 8010 8011 7951 7951 8011 8012 7951 8012 8013 8007 8014 7952 7952 8014 8015 7952 8015 8005 8016 6858 7838 7838 8017 8016 8016 8017 8018 8016 8018 8019 8019 8018 8020 8019 8020 8021 8021 8020 8022 8021 8022 8023 8023 8022 8024 8023 8024 8025 8025 8024 8026 8025 8026 8027 8027 8026 8028 8027 8028 8029 8029 8028 8030 8029 8030 8031 8031 8030 8032 8031 8032 8033 8033 8032 8034 8033 8034 8035 8035 8034 8036 8035 8036 8037 8037 8036 8038 8037 8038 6859 6859 8038 7069 8039 6906 7835 7835 8040 8039 8039 8040 8041 8039 8041 8042 8042 8041 8043 8042 8043 8044 8044 8043 8045 8044 8045 8046 8045 8047 8046 8046 8047 8048 8046 8048 8049 8049 8048 8050 8049 8050 8051 8051 8050 8052 8051 8052 8053 8052 8054 8053 8053 8054 8055 8053 8055 8056 8056 8055 8057 8056 8057 8058 8058 8057 8059 8058 8059 8060 8060 8059 8061 8060 8061 8062 8062 8061 8063 8062 8063 6907 6907 8063 7097 6973 7833 8064 6973 8064 8065 8065 8064 8066 8065 8066 8067 8067 8066 8068 8068 8066 8069 8068 8069 8070 8070 8069 8071 8071 8069 8072 8071 8072 8073 8073 8072 8074 8073 8074 8075 8075 8074 8076 8075 8076 8077 8077 8076 8078 8077 8078 8079 8079 8078 8080 8079 8080 8081 8081 8080 8082 8081 8082 8083 7818 6956 8084 8084 6956 8083 8084 8083 8085 8085 8083 8082 7021 7816 8086 8086 7816 8087 8086 8087 8088 8088 8087 8089 8088 8089 8090 8090 8089 8091 8090 8091 8092 8091 8093 8092 8092 8093 8094 8092 8094 8095 8095 8094 8096 8095 8096 8097 8097 8096 8098 8097 8098 8099 8099 8098 8100 8099 8100 8101 8100 8102 8101 8101 8102 8103 8101 8103 8104 8104 8103 8105 8104 8105 8106 7805 6999 8107 8107 6999 8108 8107 8108 8109 8109 8108 8106 8109 8106 8110 8110 8106 8105 8111 8112 8113 8113 8112 8114 8111 8115 8112 8112 8115 8116 8112 8116 8117 8118 8119 8120 8120 8119 8121 8120 8121 8122 8118 8120 8123 8123 8120 8124 8123 8124 8125 8122 8121 8126 8126 8121 8127 8126 8127 8128 8128 8127 8129 8128 8129 8130 8131 8132 8133 8133 8132 8134 8124 8135 8125 8125 8135 8136 8125 8136 8137 8137 8136 8138 8137 8138 8131 8131 8138 8139 8131 8139 8132 8140 8141 8142 8142 8141 8143 8142 8143 8144 8144 8143 8145 8146 8147 8148 8148 8149 8150 8146 8148 8151 8151 8148 8150 8151 8150 8152 8153 8154 8155 8156 7950 8153 8153 7950 7949 8153 7949 8154 8154 7949 8157 8155 8158 8153 8153 8158 8159 8153 8159 8160 8161 8162 8163 8163 8162 8164 8163 8164 8156 8156 8164 8165 8156 8165 7950 8166 8167 8168 8168 8167 8169 8168 8169 8157 8157 8169 8170 8157 8170 8154 8171 7948 8172 8172 7948 7946 8172 7946 8173 8173 7946 8174 8175 8172 8176 8176 8172 8173 8176 8173 8177 8177 8173 8178 8179 8180 8181 8181 8180 8182 8181 8182 8171 8171 8182 8183 8171 8183 7948 8184 8185 8186 8186 8185 8187 8186 8187 8174 8174 8187 8188 8174 8188 8173 7893 7958 7894 7894 7958 7968 7894 7968 7900 7900 7968 7898 8189 8190 8191 8189 8192 8190 8190 8192 8193 8190 8193 8194 8191 8195 8196 8197 8196 8198 8198 8196 8199 8198 8199 8200 8195 8191 8201 8201 8191 8202 8201 8202 8203 8204 8189 8205 8205 8189 8191 8205 8191 8206 8206 8191 8196 8206 8196 8207 8207 8196 8197 8208 8209 8194 8194 8209 8210 8194 8210 8190 8211 8212 8213 8213 8212 8209 8214 8215 8216 8216 8215 8217 8216 8217 8218 8219 8220 8221 8221 8220 8200 8221 8200 8216 8216 8200 8199 8216 8199 8214 8222 8223 8208 8208 8223 8224 8208 8224 8209 8209 8224 8225 8209 8225 8213 8226 8227 8228 8228 8227 8229 8228 8229 8230 8231 8232 8233 8233 8232 8203 8233 8203 8229 8229 8203 8202 8229 8202 8230 7974 7983 7927 7927 7983 7928 8234 8235 8236 8237 8238 8239 8240 8241 8242 8237 8239 8242 8241 8243 8242 8242 8243 8244 8242 8244 8245 8245 8244 8246 8245 8246 8247 8247 8246 8248 8248 8246 8249 8249 8246 8250 8249 8250 8251 8236 8235 8252 8252 8235 8253 8252 8253 8254 8240 8242 8255 8255 8242 8239 8255 8239 8236 8236 8239 8256 8236 8256 8234 8257 8258 8259 8260 8261 7590 7528 7529 8262 7590 8261 7589 8263 8262 8264 8264 8262 8265 7585 7586 8266 8266 7586 7587 8266 7587 8261 8261 7587 7588 8261 7588 7589 8263 8267 7524 8268 8269 8259 8259 8269 8270 8259 8270 8271 7524 7525 8263 8263 7525 7526 8263 7526 8262 8262 7526 7527 8262 7527 7528 8271 8272 8259 8259 8272 8273 8259 8273 8257 8274 8275 8276 8276 8275 7584 8276 7584 8266 8266 7584 7583 8266 7583 7585 7590 8277 8260 8260 8277 8278 8260 8278 8279 8280 8281 8282 8282 8281 8283 8283 8284 8282 8282 8284 7523 8282 7523 8267 8267 7523 7522 8267 7522 7524 8272 8285 8273 8273 8285 8286 8273 8286 8276 8276 8286 8287 8276 8287 8274 8279 8288 8260 8260 8288 8289 8260 8289 8282 8282 8289 8290 8282 8290 8280 7181 7180 8291 7180 7179 8292 8293 8291 8294 8294 8291 7180 8294 7180 8295 8295 7180 8292 8296 7187 8297 8297 7187 7186 8297 7186 7185 7185 7184 8297 8297 7184 7183 8297 7183 8291 8291 7183 7182 8291 7182 7181 8298 8299 8300 8301 8302 8303 8296 8304 8305 8306 8307 7187 7187 8307 8308 7187 8308 7188 7188 8308 8309 7188 8309 8310 8310 8309 8311 8300 8299 8312 8312 8299 8313 8312 8313 8314 8305 8315 8296 8296 8315 8316 8296 8316 7187 7187 8316 8317 7187 8317 8306 8298 8300 8309 8309 8300 8318 8309 8318 8311 8319 8320 8321 8303 8322 8301 8301 8322 8323 8301 8323 8324 8324 8323 8314 8324 8314 8325 8325 8314 8313 8326 8327 8328 7179 7178 8292 8292 7178 7177 8292 7177 8328 8328 7177 8329 8328 8329 8326 8330 8328 8331 8331 8328 8327 8331 8327 8321 8321 8327 8332 8321 8332 8319 8320 8333 8321 8321 8333 8334 8321 8334 8323 8323 8334 8335 8323 8335 8314 7846 7869 7884 7862 7853 7889 7889 7853 7852 7889 7852 7890 7877 7847 7878 7878 7847 7846 7871 7872 7869 7869 7872 7885 7869 7885 7884 7881 7859 7882 7882 7859 7858 7882 7858 7884 7884 7858 7890 7884 7890 7846 7846 7890 7852 7846 7852 7878 8336 8337 8338 8338 8337 8339 8338 8339 8340 8340 8339 8341 8342 8343 8344 8343 8345 8344 8344 8345 8346 8344 8346 8339 8339 8346 8347 8339 8347 8341 8342 8344 8348 8348 8344 8349 8348 8349 8350 8351 7691 8352 8352 7691 8353 8354 7536 8355 8355 7536 8356 8357 8358 8359 8359 8358 8360 8361 8362 8363 8363 8362 8364 8365 8366 8367 8368 8369 8370 8371 8370 8372 8372 8370 8373 8374 8375 8376 8377 8378 8376 8376 8378 8371 8379 7659 8380 8380 7659 7657 8380 7657 8381 8378 8382 8371 8371 8382 8383 8371 8383 8370 8370 8383 8384 8370 8384 8368 7532 7611 8367 8367 7611 7609 8367 7609 7607 7598 7596 8385 8385 7596 7595 8385 7595 8376 8376 7595 8386 8376 8386 8374 7657 7655 8381 8381 7655 7653 8381 7653 8387 7607 7605 8367 8367 7605 8388 8367 8388 8365 7653 7651 8387 8387 7651 7649 8387 7649 8375 8375 7649 7647 8375 7647 7645 7605 7603 8388 8388 7603 7601 8388 7601 8385 8385 7601 7599 8385 7599 7598 7645 7644 8375 8375 7644 7642 8375 7642 8376 8376 7642 7641 8376 7641 8377 8389 8390 8391 8391 8390 8392 8393 8394 8395 8396 7265 8397 8398 8397 8399 8399 8397 8400 8401 8402 7378 7378 8402 8403 8398 8404 8405 7378 7339 8401 8401 7339 7337 8401 7337 7335 8405 8406 8398 8398 8406 8407 8398 8407 8397 8397 8407 8408 8397 8408 8396 8409 8410 8411 8411 8410 8412 8411 8412 8402 8402 8412 8413 8402 8413 8403 7335 7333 8401 8401 7333 7331 8401 7331 8414 8414 7331 7329 7436 7438 8395 8395 7438 7440 8395 7440 7442 7329 7327 8414 8414 7327 7325 8414 7325 7324 7324 7322 8414 8414 7322 7321 8414 7321 8404 8404 7321 8415 8404 8415 8405 7442 7444 8395 8395 7444 8416 8395 8416 8393 7451 7435 8417 8417 7435 7434 8417 7434 8411 8411 7434 8418 8411 8418 8409 7444 7446 8416 8416 7446 7448 8416 7448 8417 8417 7448 7450 8417 7450 7451 8419 8420 8421 8421 8420 8422 8423 8424 8425 8425 8424 8426 7428 7429 8424 8427 8428 8429 8429 8428 8430 8431 7422 7424 8431 7424 8423 8432 8433 8428 8428 8433 8434 8428 8434 8430 8434 8435 8430 8430 8435 8436 8430 8436 8437 8437 8436 8438 7424 7425 8423 8423 7425 7426 8423 7426 8424 8424 7426 7427 8424 7427 7428 7308 7309 8431 8438 8439 8437 8437 8439 7307 8437 7307 8431 8431 7307 7306 8431 7306 7308 8440 8441 7316 7316 8441 8442 7316 8442 7315 7315 8442 7314 8443 8444 7309 7309 8444 8445 7309 8445 8431 8431 8445 7423 8431 7423 7422 7314 8442 7313 7313 8442 8446 7313 8446 7312 7312 8446 8447 7312 8447 7311 7311 8447 7310 7310 8447 8448 7310 8448 7309 7309 8448 8449 7309 8449 8443 8450 8451 8452 8452 8451 8453 8454 8455 8456 8456 8455 8457 8458 8459 8460 8460 8459 8461 8462 8463 8464 8464 8463 8465 8466 8467 8468 8468 8467 8469 8470 7761 8471 8471 7761 7760 7760 8472 8471 8471 8472 8473 8471 8473 8474 8475 8476 8477 8477 8476 8478 8477 8478 8479 8479 8478 8480 8481 8482 8480 8480 8482 8471 8480 8471 8479 8479 8471 8474 8479 8474 8483 8483 8474 8484 8483 8484 8485 8485 8484 8486 8485 8486 7774 7774 8486 7771 7774 7771 7775 7775 7771 7769 7775 7769 7777 7777 7769 7779 7779 7769 7767 7779 7767 7765 8481 8487 8482 8482 8487 7803 8482 7803 8488 8488 7803 7801 8488 7801 7799 7781 7779 8488 8488 7779 7765 8488 7765 8470 8470 7765 7763 8470 7763 7761 7783 7795 7785 7785 7795 7793 7785 7793 7787 7787 7793 7791 7787 7791 8475 8475 7791 7790 8475 7790 8476 7799 7797 8488 8488 7797 7795 8488 7795 7781 7781 7795 7783 8489 8490 8491 8491 8490 8492 8493 8494 8495 8495 8494 8496 8495 8496 8497 8498 8499 8500 8500 8499 8501 8500 8501 8502 8502 8501 8493 8502 8493 8503 8503 8493 8495 8503 8495 8504 8504 8495 8505 8504 8505 8506 8507 8508 8509 8509 8508 8510 8509 8510 8511 8512 8513 8514 8514 8513 8515 8514 8515 8516 8516 8515 8507 8516 8507 8517 8517 8507 8509 8517 8509 8518 8518 8509 8519 8518 8519 8520 7804 7803 8487 7804 8487 8521 8521 8487 8481 8521 8481 8522 8522 8481 8480 8522 8480 8523 8523 8480 8478 8523 8478 8524 8524 8478 8476 8524 8476 8525 8525 8476 7790 8525 7790 7789 8524 8525 8523 8523 8525 7789 8523 7789 8522 8522 7789 8521 7789 7792 8521 8521 7792 7794 8521 7794 7796 7802 7804 7800 7800 7804 8521 7800 8521 7798 7798 8521 7796 7788 7787 8475 7788 8475 8526 8526 8475 8477 8526 8477 8527 8527 8477 8479 8527 8479 8528 8528 8479 8483 8528 8483 8529 8529 8483 8485 8529 8485 8530 8530 8485 7774 8530 7774 7773 7788 8530 7786 7786 8530 7773 7786 7773 7776 7784 7786 7782 7782 7786 7776 7782 7776 7780 7780 7776 7778 8528 8529 8527 8527 8529 8530 8527 8530 8526 8526 8530 7788 7772 7771 8486 7772 8486 8531 8531 8486 8484 8531 8484 8532 8532 8484 8474 8532 8474 8533 8533 8474 8473 8533 8473 8534 8534 8473 8472 8534 8472 8535 8535 8472 7760 8535 7760 7759 7768 7770 8535 8531 8532 8533 7770 7772 8535 8535 7772 8531 8535 8531 8534 8534 8531 8533 7764 7766 7762 7762 7766 7768 7762 7768 7759 7759 7768 8535 7363 7292 7362 7362 7292 7290 7362 7290 7361 7361 7290 7288 7361 7288 7360 7360 7288 7286 7360 7286 7359 7359 7286 7284 7359 7284 7358 7358 7284 7282 7358 7282 7357 7357 7282 7280 7357 7280 7356 7356 7280 7278 7356 7278 7355 7355 7278 7276 7355 7276 7354 7354 7276 7272 7354 7272 7350 7350 7272 7271 7350 7271 8536 8536 7271 8537 8536 8537 8538 8538 8537 8539 8538 8539 8540 8540 8539 8541 8540 8541 8542 8542 8541 8543 8542 8543 8544 8544 8543 8545 8544 8545 8546 8546 8545 8547 8546 8547 8548 8548 8547 8549 8548 8549 8550 8550 8549 8551 8550 8551 8552 8552 8551 8553 8552 8553 8554 8554 8553 8555 8554 8555 7257 7257 8555 8556 8557 7370 8558 8558 7370 8559 8558 8559 8560 8560 8559 8561 8560 8561 8562 8562 8561 8563 8562 8563 8564 8563 8565 8564 8564 8565 8566 8564 8566 8567 8567 8566 8568 8567 8568 8569 8569 8568 8570 8569 8570 8571 8571 8570 8572 8571 8572 8573 8573 8572 8574 8573 8574 8575 8575 8574 8576 8575 8576 7392 7392 8576 7461 7392 7461 7393 7393 7461 7469 7393 7469 7397 7397 7469 7470 7397 7470 7398 7398 7470 7471 7398 7471 7394 7394 7471 7472 7394 7472 7402 7402 7472 7473 7478 7408 7477 7477 7408 7407 7477 7407 7476 7476 7407 7399 7476 7399 7475 7475 7399 7406 7475 7406 7474 7474 7406 7405 7474 7405 7473 7473 7405 7403 7473 7403 7402 7636 7504 7635 7635 7504 7503 7635 7503 7634 7634 7503 7495 7634 7495 7633 7633 7495 7502 7633 7502 7632 7488 7623 7489 7489 7623 7627 7489 7627 7493 7493 7627 7628 7493 7628 7494 7494 7628 7629 7494 7629 7490 7490 7629 7630 7490 7630 7498 7498 7630 7631 7498 7631 7499 7499 7631 7632 7499 7632 7501 7501 7632 7502 7683 7565 7682 7682 7565 7564 7682 7564 7681 7681 7564 7556 7681 7556 7680 7680 7556 7563 7680 7563 7679 7549 7670 7550 7550 7670 7674 7550 7674 7554 7554 7674 7675 7554 7675 7555 7555 7675 7676 7555 7676 7551 7551 7676 7677 7551 7677 7559 7559 7677 7678 7559 7678 7560 7560 7678 7679 7560 7679 7562 7562 7679 7563 7189 7123 8577 8577 7123 7122 8577 7122 8578 8578 7122 7148 8578 7148 8579 8579 7148 7153 8579 7153 8580 7153 7152 8580 8580 7152 7151 8580 7151 8581 8581 7151 7146 8581 7146 8582 8582 7146 7144 8582 7144 8583 8583 7144 7143 8583 7143 8584 8584 7143 7141 8584 7141 8585 8585 7141 7140 8585 7140 8586 7128 7256 7129 7129 7256 8587 7129 8587 7130 7130 8587 8588 7130 8588 7132 7132 8588 8589 7132 8589 7133 7133 8589 8590 7133 8590 7135 7135 8590 8591 7135 8591 7137 7137 8591 8586 7137 8586 7138 7138 8586 7140 7214 7212 8592 8593 8594 8592 7220 7218 8592 8592 7218 7216 8592 7216 7214 7194 8595 7200 7212 7210 8592 8592 7210 7208 8592 7208 8596 8596 7208 8597 8597 7208 8598 8598 7208 7206 8598 7206 7204 7204 7202 8598 8598 7202 7200 8598 7200 8599 8599 7200 8595 8600 8601 8592 8594 7224 8592 8592 7224 7222 8592 7222 7220 7198 7196 7200 7200 7196 7195 7200 7195 7194 8601 8602 8592 8592 8602 8603 8592 8603 8593 8600 8592 8604 8604 8592 8605 8604 8605 8606 8607 8608 8609 8607 8609 8610 8611 8612 8613 8613 8612 8614 8613 8614 8615 8615 8614 8616 8615 8616 8609 8609 8616 8617 8609 8617 8610 8618 8619 8620 8620 8619 8621 8622 8623 8624 8624 8625 8622 8622 8625 8626 8622 8626 8627 8627 8626 8628 8627 8628 8629 8630 8631 8628 8628 8631 8632 8628 8632 8629 8633 8634 8635 8635 8634 8636 8635 8636 8637 8637 8636 8638 8636 8639 8638 8638 8639 8640 8638 8640 8641 8641 8640 8642 8641 8642 8643 8643 8642 8644 8643 8644 8645 8645 8644 8631 8645 8631 8646 8646 8631 8630 8647 8648 8649 8650 8651 8652 8649 8653 8654 8654 8655 8649 8649 8655 8656 8649 8656 8647 8647 8656 8657 8647 8657 8658 8652 8659 8650 8650 8659 8660 8650 8660 8661 8653 8662 8654 8654 8662 8663 8654 8663 8651 8651 8663 8664 8651 8664 8652 8665 8666 8667 8667 8666 8668 8669 8670 8671 8671 8670 8672 8673 8674 8675 8675 8674 8676 8675 8676 8677 8677 8676 8678 8677 8678 8672 8672 8678 8679 8672 8679 8671 8680 8681 8682 8683 8684 8685 8686 8687 8688 8688 8687 8682 8688 8682 8689 8689 8682 8681 8690 8691 8685 8685 8691 8692 8685 8692 8683 8684 8693 8685 8685 8693 8694 8685 8694 8682 8682 8694 8695 8682 8695 8680 8696 8697 8698 8698 8697 8686 8698 8686 8699 8699 8686 8688 8700 8701 8702 8702 8701 8703 8704 8705 8706 8706 8705 8707 8708 8709 8710 8710 8709 8711 8712 8713 8714 8714 8713 8715 8716 8717 8718 8718 8717 8719 8720 8721 8722 8722 8721 8723 8722 8723 8724 8724 8723 8725 8726 8727 8728 8728 8727 8729 8729 8730 8728 8728 8730 8731 8728 8731 8732 8733 8734 8735 8725 8736 8724 8724 8736 8737 8724 8737 8734 8734 8737 8738 8734 8738 8735 8733 8735 8739 8739 8735 8740 8739 8740 8741 8741 8740 8742 8741 8742 8743 8743 8742 8744 8743 8744 8745 8745 8744 8746 8745 8746 8747 8747 8746 8748 8747 8748 8749 8749 8748 8750 8749 8750 8751 8751 8750 8752 8751 8752 8753 8753 8752 8754 8753 8754 8755 8755 8754 8756 8755 8756 8757 8757 8756 8758 8757 8758 8759 8759 8758 8760 8759 8760 8761 8761 8760 8762 8761 8762 8763 8763 8762 8764 8763 8764 8730 8730 8764 8765 8730 8765 8731 8766 8767 8768 8768 8767 8769 8768 8769 8770 8770 8769 8771 8770 8771 8772 8772 8771 8773 8772 8773 8774 8774 8773 8775 8774 8775 8776 8776 8775 8777 8776 8777 8778 8778 8777 8779 8778 8779 8780 8780 8779 8781 8780 8781 8782 8782 8781 8783 8782 8783 8784 8784 8783 8785 8784 8785 8786 8786 8785 8787 8786 8787 8788 8788 8787 8789 8788 8789 8790 8790 8789 8791 8792 8793 8794 8794 8793 8795 8794 8795 8796 8796 8795 8797 8796 8797 8798 8798 8797 8799 8798 8799 8800 8800 8799 8801 8800 8801 8802 8802 8801 8803 8802 8803 8804 8804 8803 8805 8804 8805 8806 8806 8805 8807 8806 8807 8808 8808 8807 8809 8808 8809 8810 8810 8809 8811 8810 8811 8812 8812 8811 8813 8812 8813 8814 8814 8813 8815 8814 8815 8816 8815 8817 8816 8816 8817 8818 8816 8818 8819 8819 8818 8820 8819 8820 8821 8822 8823 8824 8824 8823 8825 8826 8827 8828 8828 8827 8829 8830 8831 8832 8832 8831 8833 8834 8835 8836 8836 8835 8837 8836 8837 8838 8839 8840 8841 8841 8840 8842 8841 8842 8843 8844 8845 8846 8846 8845 8847 8848 8849 8850 8850 8849 8851 8852 8853 8854 8854 8853 8855 8856 8857 8858 8858 8857 8859 8858 8859 8860 8861 8862 8863 8863 8862 8864 8863 8864 8865 8866 8867 8868 8868 8867 8869 8870 8871 8872 8872 8871 8873 8874 8875 7079 8874 7079 8876 8876 7079 7096 8876 7096 8877 8878 8879 8880 8880 8879 8881 7096 7095 8877 8877 7095 7093 8877 7093 8882 8882 7093 7091 8882 7091 8883 8883 7091 7089 8883 7089 8884 8884 7089 8885 7089 7087 8885 8885 7087 7085 8885 7085 8886 8886 7085 8887 8886 8887 8878 8878 8887 8888 8878 8888 8879 8889 8890 8891 8891 8890 8892 8893 8894 8895 8895 8894 8896 8897 8898 7060 8899 8900 8901 8901 8900 8902 8903 8904 8905 8905 8904 8906 8905 8906 8907 8907 8906 8908 8907 8908 8899 8899 8908 8909 8899 8909 8900 8897 7060 8910 8910 7060 7059 8910 7059 8911 8905 8912 8903 8903 8912 8913 8903 8913 8914 8914 8913 8915 8914 8915 7061 7061 8915 8911 7061 8911 7058 7058 8911 7059 8916 8917 8918 8918 8917 8919 8920 8921 8922 8922 8921 8923 8924 8925 8926 8926 8925 8927 8926 8927 8928 8928 8927 8929 8930 8931 8932 8932 8931 8933 8934 8935 8936 8936 8935 8937 8938 8939 8940 8941 8942 8943 8943 8942 8944 8938 8940 8945 8945 8940 8946 8945 8946 8947 8948 8949 8950 8951 8952 8953 8953 8952 8954 8953 8954 8955 8955 8954 8956 8955 8956 8941 8941 8956 8957 8941 8957 8942 8953 8948 8951 8951 8948 8950 8951 8950 8958 8958 8950 8947 8958 8947 8959 8959 8947 8946 6948 8960 6944 8960 8961 6944 6944 8961 8962 6944 8962 8963 8963 8964 6944 6944 8964 8965 6944 8965 8966 8966 8967 6944 6944 8967 8968 6944 8968 8969 6945 6946 6944 6944 6946 6947 6944 6947 6948 6941 6943 6942 6942 6943 6944 6942 6944 8970 8970 6944 8969 6900 8971 6896 8971 8972 6896 6896 8972 8973 6896 8973 8974 8974 8975 6896 6896 8975 8976 6896 8976 8977 8977 8978 6896 6896 8978 8979 6896 8979 8980 6893 6895 6894 6894 6895 6896 6894 6896 8981 8981 6896 8980 6897 6898 6896 6896 6898 6899 6896 6899 6900 6989 6990 6991 6987 6988 6989 8982 8983 8984 8984 8983 8985 8984 8985 8986 6993 8986 6992 6992 8986 8985 6992 8985 6991 6991 8985 8987 6991 8987 6989 6989 8987 6949 6989 6949 6987 6994 7034 8988 6994 8988 8989 7034 7035 8988 8988 7035 7036 8988 7036 7037 8990 8991 8992 7043 7044 7037 7037 7044 7045 7037 7045 8988 8990 8992 8988 8988 8992 8993 8988 8993 8989 7039 7040 7038 7038 7040 7041 7038 7041 7037 7037 7041 7042 7037 7042 7043 8992 8994 8995 8995 8994 8996 8991 8997 8992 8992 8997 8998 8992 8998 8994 8922 8923 8999 8999 8923 9000 8999 9000 9001 9001 9000 9002 9001 9002 8916 8916 9002 8917 7989 7991 9003 9003 7991 9004 9003 9004 9005 9005 9004 9006 9006 9004 9007 9006 9007 9008 9009 9010 9011 9011 9010 9012 9011 9012 9007 9007 9012 9013 9007 9013 9008 9009 9011 9014 9014 9011 8891 9014 8891 8892 9015 9016 9017 9017 9016 9018 9017 9018 9019 9019 9018 9020 9019 9020 9021 9021 9020 8204 9021 8204 8205 9015 9022 9016 9016 9022 9023 9016 9023 9024 9024 9023 9025 7990 7989 9026 9026 7989 9025 9026 9025 9027 9027 9025 9023 8921 8920 9028 9028 8920 9029 9030 9031 9029 9029 9031 9032 9029 9032 9028 9033 9034 9030 9030 9034 9035 9030 9035 9031 9030 9036 9033 9033 9036 7986 9033 7986 7990 7903 9037 7901 7901 9037 9038 9037 9039 9038 9038 9039 9040 9038 9040 9041 8918 8919 9042 9042 8919 9041 9042 9041 9043 9043 9041 9040 8895 8896 9044 9044 8896 9045 9044 9045 9046 9046 9045 9047 9046 9047 8889 8889 9047 8890 8893 9048 8894 8894 9048 9049 9048 9050 9049 9049 9050 9051 9049 9051 9052 7929 7931 9053 9053 7931 9052 9053 9052 9054 9054 9052 9051 8868 8869 9055 8868 9055 9056 9056 9055 9057 9056 9057 9058 9058 9057 9059 9058 9059 9060 9060 9059 7930 9060 7930 7932 8872 8873 9061 9061 8873 9062 9061 9062 9063 9063 9062 9064 9063 9064 8866 8866 9064 8867 8000 8002 9065 9065 8002 9066 9065 9066 9067 9067 9066 9068 9067 9068 9069 9069 9068 9070 9069 9070 9071 9071 9070 9072 9071 9072 9073 9073 9072 9074 9073 9074 8870 8870 9074 8871 8003 9075 8001 8001 9075 9076 9075 9077 9076 9076 9077 9078 9076 9078 9079 8932 8933 9080 9080 8933 9079 9080 9079 9081 9081 9079 9078 7904 7902 9082 9082 7902 9083 9082 9083 9084 9084 9083 9085 9084 9085 9086 9086 9085 9087 9086 9087 9088 9088 9087 9089 9088 9089 9090 9090 9089 9091 9090 9091 8934 8934 9091 8935 8936 8937 9092 9092 8937 9093 9092 9093 9094 9094 9093 9095 9094 9095 8930 8930 9095 8931 8006 7952 9096 9096 7952 7954 9096 7954 9097 9097 7954 7957 9097 7957 9098 7893 7911 7957 7957 7911 9099 7957 9099 9098 8248 8249 9100 9100 8249 9101 9100 9101 9102 9102 9101 9103 9103 9101 9104 9103 9104 9105 9105 9104 9106 9106 9104 9107 9106 9107 9108 9108 9107 9109 9109 9107 8153 9109 8153 8160 8696 8698 9110 9110 8698 9111 9110 9111 9112 9113 9114 9115 9115 9114 9116 9115 9116 9111 9111 9116 9117 9111 9117 9112 9113 9115 9118 9118 9115 9119 9118 9119 9120 9120 9119 9121 9121 9119 8237 9121 8237 8242 8239 8238 9122 9122 8238 9123 9122 9123 9124 9124 9123 9125 9125 9123 9126 9126 9123 9127 9126 9127 9128 9128 9127 9129 9128 9129 9130 9130 9129 8647 9130 8647 8658 9131 9132 8173 8173 9132 9133 8173 9133 8178 9134 9135 9136 9136 9135 9137 9136 9137 9131 9131 9137 9138 9131 9138 9132 9136 9139 9134 9134 9139 8253 9134 8253 8235 7985 9140 7945 7945 9140 7962 9140 9141 7962 7962 9141 9142 7962 9142 7965 7916 7898 9143 9143 7898 7965 9143 7965 9144 9144 7965 9142 9145 9146 9147 9147 9148 9145 9145 9148 9149 9145 9149 8154 8154 9149 9150 8154 9150 8155 9151 9152 9146 9146 9152 9153 9146 9153 9147 9146 9154 9151 9151 9154 8349 9151 8349 8344 7994 7947 9155 9155 7947 7970 9155 7970 9156 9156 7970 9157 9157 7970 7973 9157 7973 9158 9158 7973 9159 9159 7973 7927 9159 7927 7939 8339 8337 9160 9160 8337 9161 9160 9161 9162 9162 9161 9163 9163 9161 9164 9163 9164 9165 9165 9164 9166 9166 9164 9167 9166 9167 9168 9168 9167 9169 9169 9167 8172 9169 8172 8175 7977 7951 8013 7942 7928 9170 9170 7928 7981 9170 7981 9171 9171 7981 7979 9171 7979 9172 9172 7979 7977 9172 7977 9173 9173 7977 8013 9174 9175 9176 9176 9175 9177 9176 9177 8685 8685 9177 9178 8685 9178 8690 9179 9180 9181 9181 9180 9174 9181 9174 9182 9182 9174 9176 8702 8703 9183 9183 8703 9180 9183 9180 9184 9184 9180 9179 8701 8700 9185 9185 8700 9186 9187 9188 9189 9189 9188 9190 9189 9190 9186 9186 9190 9191 9186 9191 9185 9192 9193 9194 9194 9193 9188 9194 9188 9195 9195 9188 9187 9192 9196 9193 9193 9196 9197 9193 9197 9198 9198 9197 8651 9198 8651 8650 7698 9199 7699 7699 9199 9200 7699 9200 7685 7685 9200 9201 7685 9201 7659 9199 7683 9200 9200 7683 7669 9200 7669 9201 9201 7669 7660 9201 7660 7659 9202 8353 7691 9202 7691 9203 9203 7691 7689 9203 7689 9204 9204 7689 7688 9204 7688 9205 9205 7688 9206 9206 7688 7659 9206 7659 8379 7692 7691 8351 7692 8351 7693 7693 8351 9207 7693 9207 7695 7695 9207 9208 7695 9208 7696 7696 9208 7701 7701 9208 9209 7701 9209 7700 7700 9209 7698 7698 9209 9210 7698 9210 9199 9199 9210 7565 9199 7565 7683 7719 7721 9211 7723 7725 9212 7737 7736 9213 7734 7732 9214 9215 8377 7641 9216 9217 9218 8369 8368 9219 9219 8368 9216 9219 9216 9220 9220 9216 9218 7641 7640 9215 9215 7640 7643 9215 7643 9221 7732 7730 9214 9214 7730 9222 9214 9222 9217 9217 9222 9223 9217 9223 9218 8368 8384 9216 9216 8384 9224 9216 9224 9217 9217 9224 9225 9217 9225 9214 9214 9225 9213 9214 9213 7734 7734 9213 7736 7727 7737 9226 9226 7737 9213 9226 9213 9227 9227 9213 9225 9227 9225 9228 9228 9225 9224 9228 9224 8383 8383 9224 8384 8383 8382 9228 9228 8382 9229 9228 9229 9227 9227 9229 9230 9227 9230 9226 9226 9230 9212 9226 9212 7727 7727 9212 7725 8382 8378 9229 9229 8378 9231 9229 9231 9230 9230 9231 9232 9230 9232 9212 9212 9232 9211 9212 9211 7723 7723 9211 7721 7717 7719 9233 9233 7719 9211 9233 9211 9221 9221 9211 9232 9221 9232 9215 9215 9232 9231 9215 9231 8377 8377 9231 8378 7643 7673 9221 9221 7673 7672 9221 7672 9233 9233 7672 7671 9233 7671 7717 7717 7671 7670 9234 8372 8373 8371 9235 8376 8376 9235 9236 9237 9238 9239 9239 9240 9237 9237 9240 9241 9237 9241 9235 9235 9241 9242 9235 9242 9236 7968 9239 7967 7967 9239 9238 7967 9238 7966 7963 7964 9243 9243 7964 7966 7946 7961 9244 9244 7961 9245 9244 9245 9246 9246 9245 9247 8373 9248 9234 9234 9248 9249 9234 9249 9250 9250 9249 9251 7961 7963 9245 9245 7963 9243 9245 9243 9247 9247 9243 9250 9247 9250 9252 9252 9250 9251 7966 9238 9243 9243 9238 9237 9243 9237 9250 9250 9237 9235 9250 9235 9234 9234 9235 8371 9234 8371 8372 8385 8376 9253 9253 8376 9236 9253 9236 9254 9254 9236 9242 9254 9242 9255 9255 9242 9241 9255 9241 9256 9256 9241 9240 9256 9240 9257 9257 9240 9239 9257 9239 7958 7958 9239 7968 9258 9206 8379 9206 9258 9205 9259 9260 8353 9261 9260 9262 9262 9260 9259 9262 9259 9263 9263 9259 9264 9263 9264 9265 9204 9264 9203 9203 9264 9259 9203 9259 9202 9202 9259 8353 9266 9267 9268 9268 9267 9269 9268 9269 9270 9270 9269 9271 9270 9271 9272 9272 9271 9273 9272 9273 8379 9267 9261 9269 9269 9261 9262 9269 9262 9271 9271 9262 9263 9271 9263 9273 9273 9263 9265 9273 9265 8379 7751 9266 9274 9274 9266 9268 9274 9268 9275 9275 9268 9270 9275 9270 9276 9276 9270 9272 9276 9272 8379 9204 9205 9264 9264 9205 9258 9264 9258 9265 9265 9258 8379 9277 9278 7590 9278 9277 9279 9280 9207 8351 9208 9207 9281 9281 9207 9280 9281 9280 9282 9282 9280 9283 9282 9283 9284 9285 9283 9286 9286 9283 9280 9286 9280 9287 9287 9280 8351 9210 9209 9288 9288 9209 9289 9288 9289 9290 9290 9289 9291 9290 9291 9292 9292 9291 9293 9292 9293 7590 9209 9208 9289 9289 9208 9281 9289 9281 9291 9291 9281 9282 9291 9282 9293 9293 9282 9284 9293 9284 7590 7565 9210 7566 7566 9210 9288 7566 9288 7574 7574 9288 9290 7574 9290 7582 7582 9290 9292 7582 9292 7590 9285 9279 9283 9283 9279 9277 9283 9277 9284 9284 9277 7590 9294 9295 8369 9296 9297 9298 9299 9300 9297 9301 9302 9300 7730 9302 9222 9222 9302 9301 9222 9301 9223 9223 9301 9218 9300 9299 9301 9301 9299 9303 9301 9303 9218 9295 9294 9304 9298 8389 9304 9304 8389 9305 9304 9305 9295 9295 9305 9306 9295 9306 8369 8369 9219 9303 9303 9219 9220 9303 9220 9218 9297 9296 9299 9299 9296 9307 9299 9307 9303 9303 9307 8369 9298 9304 9296 9296 9304 9294 9296 9294 9307 9307 9294 8369 9308 9309 7946 9310 9311 9312 9311 9310 9313 9314 8186 8174 9315 9313 9316 9316 9313 9310 9316 9310 9317 8373 9315 9248 9248 9315 9316 9248 9316 9249 9249 9316 9317 9249 9317 9251 9251 9317 9252 9308 9318 9309 9309 9318 9319 9309 9319 9320 9247 9252 9321 9321 9252 9317 9321 9317 9322 9322 9317 9310 9322 9310 9314 9314 9310 9312 9314 9312 8186 7946 9244 9308 9308 9244 9246 9308 9246 9318 9318 9246 9247 9247 9321 9318 9318 9321 9322 9318 9322 9319 9319 9322 9314 9319 9314 9320 9320 9314 8174 9320 8174 9309 9309 8174 7946 9254 9255 9323 9256 9257 9324 9324 9257 7958 9325 9326 9327 9328 8366 8365 9326 9328 9327 9327 9328 8365 9327 8365 9329 9329 8365 8388 9329 8388 9253 9253 8388 8385 9330 9331 9332 7950 9331 7953 7953 9331 9330 7953 9330 7955 7955 9330 9333 7958 7959 9324 9324 7959 7960 9324 7960 9333 9333 7960 7956 9333 7956 7955 9253 9254 9329 9329 9254 9323 9329 9323 9327 9327 9323 9334 9327 9334 9325 9325 9334 9335 9255 9256 9323 9323 9256 9324 9323 9324 9334 9334 9324 9333 9334 9333 9335 9335 9333 9330 9335 9330 9332 7740 7742 9336 7744 7746 9337 7758 7757 9338 7755 7753 9339 9340 8386 7595 7595 7594 9340 9340 7594 7597 9340 7597 9341 8379 8380 9276 9276 8380 9342 9276 9342 9275 9275 9342 9343 9275 9343 9274 9274 9343 9339 9274 9339 7751 7751 9339 7753 8380 8381 9342 9342 8381 9344 9342 9344 9343 9343 9344 9345 9343 9345 9339 9339 9345 9338 9339 9338 7755 7755 9338 7757 7748 7758 9346 9346 7758 9338 9346 9338 9347 9347 9338 9345 9347 9345 9348 9348 9345 9344 9348 9344 8387 8387 9344 8381 8387 8375 9348 9348 8375 9349 9348 9349 9347 9347 9349 9350 9347 9350 9346 9346 9350 9337 9346 9337 7748 7748 9337 7746 8375 8374 9349 9349 8374 9351 9349 9351 9350 9350 9351 9352 9350 9352 9337 9337 9352 9336 9337 9336 7744 7744 9336 7742 7738 7740 9353 9353 7740 9336 9353 9336 9341 9341 9336 9352 9341 9352 9340 9340 9352 9351 9340 9351 8386 8386 9351 8374 7597 7626 9341 9341 7626 7625 9341 7625 9353 9353 7625 7624 9353 7624 7738 7738 7624 7623 7751 7750 9354 7751 9354 9266 9266 9354 9355 9266 9355 9267 9267 9355 9356 9267 9356 9261 9261 9356 9357 9261 9357 9260 9260 9357 8352 9260 8352 8353 9287 8351 8352 9287 8352 9286 9286 8352 9358 9286 9358 9285 9285 9358 9279 9279 9358 9359 9279 9359 9278 9278 9359 8277 9278 8277 7590 8268 9360 9361 7568 7576 9362 9360 9363 9364 7547 7546 9365 9363 7729 7731 9363 7731 9364 9364 7731 7733 9364 7733 9366 9366 7733 7735 9366 7735 9367 9367 7735 7728 9367 7728 9368 9368 7728 7726 9368 7726 9369 9369 7726 7724 9369 7724 9370 9370 7724 7722 9370 7722 9371 9371 7722 7720 9371 7720 9372 9372 7720 7718 9372 7718 9365 9365 7718 7549 9365 7549 7547 9360 9364 9361 9361 9364 9366 9361 9366 9373 9373 9366 9367 9373 9367 9374 9374 9367 9368 9374 9368 9375 9375 9368 9369 9375 9369 9376 9376 9369 9370 9376 9370 9377 9377 9370 9371 9377 9371 9378 9378 9371 9372 9378 9372 9379 9379 9372 9365 9379 9365 9362 9362 9365 7546 9362 7546 7568 8268 9361 8269 8269 9361 9373 8269 9373 8270 8270 9373 9374 8270 9374 8271 8271 9374 9375 8271 9375 8272 8272 9375 9376 8272 9376 8285 8285 9376 9377 8285 9377 8286 8286 9377 9378 8286 9378 8287 8287 9378 9379 8287 9379 8274 8274 9379 9362 8274 9362 8275 8275 9362 7576 8275 7576 7584 7730 7729 9380 7730 9380 9302 9302 9380 9381 9302 9381 9300 9300 9381 9382 9300 9382 9297 9297 9382 9383 9297 9383 9298 9298 9383 8390 9298 8390 8389 8391 9384 8389 8389 9384 9305 9384 9385 9305 9305 9385 9386 9305 9386 9306 8370 8369 9387 9387 8369 9306 9387 9306 9388 9388 9306 9386 8373 8370 9315 9315 8370 9389 9315 9389 9313 9313 9389 9390 9313 9390 9311 9311 9390 9391 9311 9391 9312 9312 9391 9392 9312 9392 8186 8186 9392 9393 8186 9393 8184 9394 9395 9396 8165 8164 9397 7950 8165 9398 9398 8165 9399 9400 9401 9331 9402 8366 9394 9394 8366 9328 9394 9328 9395 9395 9328 9326 9325 9335 9401 9401 9335 9332 9401 9332 9331 9402 9394 9403 9403 9394 9396 9403 9396 9404 9404 9396 9405 9404 9405 9406 9399 9407 9398 9398 9407 9408 9398 9408 7950 8165 9397 9399 9399 9397 9409 9399 9409 9407 9407 9409 9400 9407 9400 9408 9408 9400 9331 9408 9331 7950 9326 9325 9395 9395 9325 9401 9395 9401 9396 9396 9401 9400 9396 9400 9405 9405 9400 9409 9405 9409 9406 9406 9409 9397 9406 9397 9410 9410 9397 8164 7540 9411 7541 7541 9411 9412 7541 9412 7531 7531 9412 9413 7531 9413 7532 9411 7636 9412 9412 7636 7622 9412 7622 9413 9413 7622 7613 9413 7613 7532 9414 9415 8277 9414 8277 9416 9417 9416 8277 9418 9417 8277 9359 9418 8277 9359 9358 9419 9358 8352 9357 9358 9357 9419 9419 9357 9356 9419 9356 9420 9420 9356 9355 9420 9355 9421 9421 9355 9354 9421 9354 9422 9422 9354 7750 9422 7750 9423 9359 9419 9418 9418 9419 9420 9418 9420 9417 9417 9420 9421 9417 9421 9416 9416 9421 9422 9416 9422 9414 9414 9422 9423 9414 9423 9415 9424 9360 8268 9424 8268 9425 9426 9425 8268 9427 9426 8268 9428 9427 8268 9428 9429 9430 9429 8390 9383 9429 9383 9430 9430 9383 9382 9430 9382 9431 9431 9382 9381 9431 9381 9432 9432 9381 9380 9432 9380 9433 9433 9380 7729 9433 7729 9363 9428 9430 9427 9427 9430 9431 9427 9431 9426 9426 9431 9432 9426 9432 9425 9425 9432 9433 9425 9433 9424 9424 9433 9363 9424 9363 9360 9434 9389 8370 9435 9436 8184 8391 9437 9384 9384 9437 9438 9384 9438 9385 9385 9438 9439 9385 9439 9386 9386 9439 9388 9437 9436 9438 9438 9436 9435 9438 9435 9439 9439 9435 9440 8370 9387 9441 9441 9387 9388 9434 8370 9441 8184 9393 9435 9435 9393 9392 9435 9392 9440 9440 9392 9391 9440 9391 9390 9388 9439 9441 9441 9439 9440 9441 9440 9434 9434 9440 9390 9434 9390 9389 8164 8162 9442 8164 9442 9410 9410 9442 9443 9410 9443 9406 9444 8367 8366 8366 9402 9444 9444 9402 9403 9444 9403 9443 9443 9403 9404 9443 9404 9406 8356 7536 7534 8356 7534 9445 9445 7534 7533 9445 7533 9446 9446 7533 7544 9446 7544 9447 9447 7544 7532 9447 7532 8367 7536 8354 9448 7536 9448 7537 7537 9448 9449 7537 9449 7538 7538 9449 7543 7543 9449 9450 7543 9450 7542 7542 9450 7540 7540 9450 9451 7540 9451 9411 9411 9451 7504 9411 7504 7636 8277 9415 9452 7507 7515 9453 9415 9423 9454 7486 7485 9455 9423 7750 7752 9423 7752 9454 9454 7752 7754 9454 7754 9456 9456 7754 7756 9456 7756 9457 9457 7756 7749 9457 7749 9458 9458 7749 7747 9458 7747 9459 9459 7747 7745 9459 7745 9460 9460 7745 7743 9460 7743 9461 9461 7743 7741 9461 7741 9462 9462 7741 7739 9462 7739 9455 9455 7739 7488 9455 7488 7486 9415 9454 9452 9452 9454 9456 9452 9456 9463 9463 9456 9457 9463 9457 9464 9464 9457 9458 9464 9458 9465 9465 9458 9459 9465 9459 9466 9466 9459 9460 9466 9460 9467 9467 9460 9461 9467 9461 9468 9468 9461 9462 9468 9462 9469 9469 9462 9455 9469 9455 9453 9453 9455 7485 9453 7485 7507 8277 9452 8278 8278 9452 9463 8278 9463 8279 8279 9463 9464 8279 9464 8288 8288 9464 9465 8288 9465 8289 8289 9465 9466 8289 9466 8290 8290 9466 9467 8290 9467 8280 8280 9467 9468 8280 9468 8281 8281 9468 9469 8281 9469 8283 8283 9469 9453 8283 9453 8284 8284 9453 7515 8284 7515 7523 8392 8390 9429 8392 9429 9470 9470 9429 9428 9470 9428 9471 9471 9428 8268 9471 8268 8259 8185 8184 9436 8185 9436 9472 9472 9436 9437 9472 9437 9473 9473 9437 8391 9473 8391 8392 9474 9475 9476 9476 9475 9477 9476 9477 9478 9478 9477 9479 9478 9479 9480 9480 9479 9481 9480 9481 8367 9475 8356 9477 9477 8356 9445 9477 9445 9479 9479 9445 9446 9479 9446 9481 9481 9446 9447 9481 9447 8367 8162 9474 9442 9442 9474 9476 9442 9476 9443 9443 9476 9478 9443 9478 9444 9444 9478 9480 9444 9480 8367 9482 9483 7529 9483 9482 9484 9485 9448 8354 9449 9448 9486 9486 9448 9485 9486 9485 9487 9487 9485 9488 9487 9488 9489 9490 9488 9491 9491 9488 9485 9491 9485 9492 9492 9485 8354 9451 9450 9493 9493 9450 9494 9493 9494 9495 9495 9494 9496 9495 9496 9497 9497 9496 9498 9497 9498 7529 9450 9449 9494 9494 9449 9486 9494 9486 9496 9496 9486 9487 9496 9487 9498 9498 9487 9489 9498 9489 7529 7504 9451 7505 7505 9451 9493 7505 9493 7513 7513 9493 9495 7513 9495 7521 7521 9495 9497 7521 9497 7529 9490 9484 9488 9488 9484 9482 9488 9482 9489 9489 9482 7529 9499 9500 9501 9501 9500 9502 9501 9502 9503 9503 9502 9504 9503 9504 8392 9500 8185 9502 9502 8185 9472 9502 9472 9504 9504 9472 9473 9504 9473 8392 8259 9499 9471 9471 9499 9501 9471 9501 9470 9470 9501 9503 9470 9503 8392 8162 8161 9505 8162 9505 9474 9474 9505 9506 9474 9506 9475 9475 9506 8355 9475 8355 8356 8354 8355 9492 9492 8355 9507 9492 9507 9491 9491 9507 9490 9490 9507 9508 9490 9508 9484 9484 9508 9483 9483 9508 8262 9483 8262 7529 8187 8185 9500 9499 9509 9500 9500 9509 9510 9500 9510 8187 8259 8258 9499 9499 8258 9511 9511 9512 9499 9499 9512 9513 9499 9513 9509 9514 9507 8355 9514 8355 9515 9516 9515 8355 9506 9516 8355 9506 9505 9517 9505 8161 9518 9505 9518 9517 9517 9518 9519 9517 9519 9520 9520 9519 9521 9520 9521 9522 9522 9521 8262 9522 8262 9508 9506 9517 9516 9516 9517 9520 9516 9520 9515 9515 9520 9522 9515 9522 9514 9514 9522 9508 9514 9508 9507 9523 9524 9525 9526 9527 9528 9529 9524 9530 9530 9524 9523 9530 9523 9531 8188 8187 9532 8173 8188 9533 9533 8188 9534 9535 8173 9533 9527 9536 9528 9528 9536 9537 9528 9537 9538 8258 9531 9511 9511 9531 9523 9511 9523 9512 9512 9523 9525 9512 9525 9513 9513 9525 9539 9513 9539 9509 9540 9535 9541 9541 9535 9533 9541 9533 9542 9542 9533 9534 8188 9532 9534 9534 9532 9543 9534 9543 9542 9542 9543 9538 9542 9538 9541 9541 9538 9537 9541 9537 9540 9529 9526 9524 9524 9526 9528 9524 9528 9525 9525 9528 9538 9525 9538 9539 9539 9538 9543 9539 9543 9509 9509 9543 9532 9509 9532 9510 9510 9532 8187 8161 8163 9544 8161 9544 9518 9518 9544 9545 9518 9545 9519 9519 9545 9546 9519 9546 9521 9521 9546 8262 8262 9546 8265 9536 9527 9547 9131 8173 9535 9139 9548 8253 8253 9548 9549 9549 9548 9550 9550 9548 9551 9550 9551 9552 9552 9551 9553 9553 9551 9554 9553 9554 9555 8276 9555 8273 8273 9555 9554 8273 9554 8257 8258 8257 9531 9531 8257 9556 9531 9556 9530 9530 9556 9529 9536 9547 9537 9131 9535 9547 9547 9535 9540 9547 9540 9537 9529 9556 9526 9526 9556 9557 9526 9557 9527 9527 9557 9558 9527 9558 9547 9547 9558 9136 9547 9136 9131 8257 9554 9556 9556 9554 9551 9556 9551 9557 9557 9551 9548 9557 9548 9558 9558 9548 9139 9558 9139 9136 9559 9560 9561 9562 9563 9564 9564 9563 8265 9565 9566 9559 9559 9566 9567 9559 9567 9560 9560 9567 9562 9568 9569 9570 9570 9569 9571 9570 9571 9565 8153 9572 9573 9573 9572 9574 9573 9574 9575 8265 9546 9564 9564 9546 9576 9576 9546 9545 9576 9545 9544 9574 9568 9575 9575 9568 9570 9575 9570 9573 9573 9570 9577 9573 9577 9578 9562 9564 9560 9560 9564 9576 9560 9576 9561 9561 9576 9544 9561 9544 9579 9579 9544 8163 9579 8163 8156 9565 9559 9570 9570 9559 9561 9570 9561 9577 9577 9561 9579 9577 9579 9578 9578 9579 8156 9578 8156 9573 9573 8156 8153 9555 8276 8266 9555 8266 9553 9553 8266 9580 9553 9580 9552 9552 9580 9550 9550 9580 9581 9550 9581 9549 9549 9581 8254 9549 8254 8253 9101 8249 9582 9583 9584 9585 9586 8264 8265 8264 9586 8263 9587 8267 9588 9588 8267 8263 9585 9584 9588 9588 9584 9589 9588 9589 9587 9583 9585 9582 9582 9585 9590 9582 9590 9101 9565 9571 9591 9591 9571 9569 9569 9568 9591 9591 9568 9574 9591 9574 9107 9107 9574 9572 9107 9572 8153 8265 9563 9586 9586 9563 9562 9586 9562 9592 9592 9562 9567 9592 9567 9566 9566 9565 9592 9592 9565 9591 9592 9591 9593 9593 9591 9107 9593 9107 9104 8263 9586 9588 9588 9586 9592 9588 9592 9585 9585 9592 9593 9585 9593 9590 9590 9593 9104 9590 9104 9101 9594 9595 9596 9595 9594 8857 8857 9594 9597 8857 9597 8859 9598 9599 9596 9596 9599 9600 9596 9600 9594 9596 9601 9598 9598 9601 8266 9598 8266 8261 8249 8251 9582 9582 8251 9602 9582 9602 9583 9583 9602 9603 9583 9603 9584 9584 9603 9604 9584 9604 9589 9589 9604 9605 9589 9605 9587 9587 9605 9606 9587 9606 8267 8267 9606 8282 9607 9608 9609 8260 9610 8261 8261 9610 9611 9611 9610 9607 9607 9610 9612 9607 9612 9608 8846 8847 9613 9613 8847 9614 9613 9614 9609 9609 9614 9615 9609 9615 9607 8260 8282 9616 8260 9616 9617 9617 9616 9618 9617 9618 9619 9619 9618 9620 9619 9620 9621 8864 8862 9620 9620 8862 9622 9620 9622 9621 8169 8167 9623 8169 9623 9624 9624 9623 9625 9624 9625 9626 9627 8395 8394 8394 9628 9627 9627 9628 9629 9627 9629 9625 9625 9629 9630 9625 9630 9626 9631 9632 9633 9634 9635 9636 9637 9632 9638 9638 9632 9631 9638 9631 9639 8170 8169 9640 8154 8170 9641 9641 8170 9642 9643 8154 9641 9635 9644 9636 9636 9644 9645 9636 9645 9646 8394 9639 9628 9628 9639 9631 9628 9631 9629 9629 9631 9633 9629 9633 9630 9630 9633 9647 9630 9647 9626 9648 9643 9649 9649 9643 9641 9649 9641 9650 9650 9641 9642 8170 9640 9642 9642 9640 9651 9642 9651 9650 9650 9651 9646 9650 9646 9649 9649 9646 9645 9649 9645 9648 9637 9634 9632 9632 9634 9636 9632 9636 9633 9633 9636 9646 9633 9646 9647 9647 9646 9651 9647 9651 9626 9626 9651 9640 9626 9640 9624 9624 9640 8169 9652 9653 8395 9625 9623 9654 9623 8167 9655 9623 9655 9654 9654 9655 9656 9654 9656 9657 8395 9627 9658 9658 9627 9625 9652 8395 9658 9656 8360 9657 9657 8360 9659 9657 9659 9660 9625 9654 9658 9658 9654 9657 9658 9657 9652 9652 9657 9660 9652 9660 9653 7436 8395 9653 7436 9653 9661 9661 9653 9660 9661 9660 9662 9662 9660 9659 9662 9659 9663 9663 9659 8360 9663 8360 8358 9639 8394 8393 9664 9665 9666 9667 9668 9669 9145 8154 9643 9668 8349 9669 9669 8349 9154 9669 9154 9670 9670 9154 9146 9670 9146 9671 9671 9146 9145 9634 9637 9672 9672 9637 9638 9638 9639 9672 9672 9639 8393 9672 8393 9673 9673 8393 8416 9673 8416 9674 9674 8416 8417 9145 9643 9671 9671 9643 9648 9671 9648 9645 9674 9664 9673 9673 9664 9666 9673 9666 9672 9672 9666 9675 9672 9675 9634 9634 9675 9635 9665 9667 9666 9666 9667 9669 9666 9669 9675 9675 9669 9670 9675 9670 9635 9635 9670 9671 9635 9671 9644 9644 9671 9645 8167 8166 9676 8167 9676 9655 9655 9676 9677 9655 9677 9656 9656 9677 8359 9656 8359 8360 7429 9678 8424 8424 9678 9679 9679 9678 9680 9680 9678 9681 9680 9681 9682 9682 9681 9683 9682 9683 9684 9684 9683 9685 9684 9685 9686 9685 9687 9686 9686 9687 8357 9686 8357 8359 7479 7408 9688 9688 7408 7478 7479 9688 7482 7482 9688 9689 7482 9689 9690 9690 9689 9691 9691 9689 9692 9691 9692 9693 9693 9692 9694 9694 9692 9695 9694 9695 9696 9696 9695 9697 9697 9695 8358 9697 8358 8357 9698 7465 7436 9699 9688 7478 9689 9688 9700 9700 9688 9699 9700 9699 9701 9701 9699 9702 9701 9702 9703 7466 9702 7467 7467 9702 9699 7467 9699 7468 7468 9699 7478 9695 9692 9704 9704 9692 9705 9704 9705 9706 9706 9705 9707 9706 9707 9708 9708 9707 9709 9708 9709 7436 9692 9689 9705 9705 9689 9700 9705 9700 9707 9707 9700 9701 9707 9701 9709 9709 9701 9703 9709 9703 7436 8358 9695 9663 9663 9695 9704 9663 9704 9662 9662 9704 9706 9662 9706 9661 9661 9706 9708 9661 9708 7436 7466 7465 9702 9702 7465 9698 9702 9698 9703 9703 9698 7436 8350 8349 9710 9710 8349 9668 9710 9668 9711 9711 9668 9667 9711 9667 9712 9712 9667 9665 9712 9665 9713 9713 9665 9664 9713 9664 9714 9714 9664 9674 9714 9674 8411 8411 9674 8417 9686 8359 9715 8424 9679 9716 9716 9679 9717 9718 9716 9719 9719 9716 9717 9719 9717 9720 9720 9717 9715 9720 9715 8359 9679 9680 9717 9717 9680 9682 9717 9682 9715 9715 9682 9684 9715 9684 9686 8166 9718 9676 9676 9718 9719 9676 9719 9677 9677 9719 9720 9677 9720 8359 9678 7429 9721 9693 9694 9722 9690 9691 9723 8357 9687 9697 9697 9687 9724 9697 9724 9696 7482 9690 7483 7483 9690 9723 7483 9723 7484 7484 9723 9725 7484 9725 7429 9694 9696 9722 9722 9696 9724 9722 9724 9726 9726 9724 9721 9726 9721 7429 9687 9685 9724 9724 9685 9683 9724 9683 9721 9721 9683 9681 9721 9681 9678 9691 9693 9723 9723 9693 9722 9723 9722 9725 9725 9722 9726 9725 9726 7429 8574 8572 9727 8570 8568 9728 8565 8563 9729 8561 8559 9730 9731 8418 7434 7434 7433 9731 9731 7433 7452 9731 7452 9732 7378 8403 7376 7376 8403 9733 7376 9733 7374 7374 9733 9734 7374 9734 7372 7372 9734 9730 7372 9730 7370 7370 9730 8559 8403 8413 9733 9733 8413 9735 9733 9735 9734 9734 9735 9736 9734 9736 9730 9730 9736 9729 9730 9729 8561 8561 9729 8563 8566 8565 9737 9737 8565 9729 9737 9729 9738 9738 9729 9736 9738 9736 9739 9739 9736 9735 9739 9735 8412 8412 9735 8413 8412 8410 9739 9739 8410 9740 9739 9740 9738 9738 9740 9741 9738 9741 9737 9737 9741 9728 9737 9728 8566 8566 9728 8568 8410 8409 9740 9740 8409 9742 9740 9742 9741 9741 9742 9743 9741 9743 9728 9728 9743 9727 9728 9727 8570 8570 9727 8572 8576 8574 9744 9744 8574 9727 9744 9727 9732 9732 9727 9743 9732 9743 9731 9731 9743 9742 9731 9742 8418 8418 9742 8409 7452 7464 9732 9732 7464 7463 9732 7463 9744 9744 7463 7462 9744 7462 8576 8576 7462 7461 9745 9746 9747 9746 9745 8840 8840 9745 9748 8840 9748 8842 9749 9750 9747 9747 9750 9751 9747 9751 9745 9747 9752 9749 9749 9752 8411 9749 8411 8402 9716 9718 9753 9753 9718 8166 9753 8166 8168 9753 9754 9716 9716 9754 9755 9716 9755 8424 8424 9755 9756 8424 9756 8426 8440 9757 9758 7411 7417 9759 9757 9760 9761 7390 7389 9762 9760 8557 8558 9760 8558 9761 9761 8558 8560 9761 8560 9763 9763 8560 8562 9763 8562 9764 9764 8562 8564 9764 8564 9765 9765 8564 8567 9765 8567 9766 9766 8567 8569 9766 8569 9767 9767 8569 8571 9767 8571 9768 9768 8571 8573 9768 8573 9769 9769 8573 8575 9769 8575 9762 9762 8575 7392 9762 7392 7390 9757 9761 9758 9758 9761 9763 9758 9763 9770 9770 9763 9764 9770 9764 9771 9771 9764 9765 9771 9765 9772 9772 9765 9766 9772 9766 9773 9773 9766 9767 9773 9767 9774 9774 9767 9768 9774 9768 9775 9775 9768 9769 9775 9769 9776 9776 9769 9762 9776 9762 9759 9759 9762 7389 9759 7389 7411 8440 9758 8441 8441 9758 9770 8441 9770 8442 8442 9770 9771 8442 9771 8446 8446 9771 9772 8446 9772 8447 8447 9772 9773 8447 9773 8448 8448 9773 9774 8448 9774 8449 8449 9774 9775 8449 9775 8443 8443 9775 9776 8443 9776 8444 8444 9776 9759 8444 9759 8445 8445 9759 7417 8445 7417 7423 7370 8557 9777 8364 9778 8363 8363 9778 9779 9778 9780 9779 9779 9780 9781 9779 9781 9782 9781 9783 9782 9782 9783 9784 9782 9784 9785 9784 9786 9785 9785 9786 7379 9785 7379 9777 9777 7379 7371 9777 7371 7370 9780 9778 9787 9783 9781 9788 9786 9784 9789 7379 9786 7380 7380 9786 9789 7380 9789 7381 7381 9789 9790 7381 9790 7382 7382 9790 9791 7382 9791 7378 9781 9780 9788 9788 9780 9787 9788 9787 9792 9792 9787 9793 9792 9793 9794 9794 9793 9795 9794 9795 7378 9778 8364 9787 9787 8364 9796 9787 9796 9793 9793 9796 9797 9793 9797 9795 9795 9797 9798 9795 9798 7378 9784 9783 9789 9789 9783 9788 9789 9788 9790 9790 9788 9792 9790 9792 9791 9791 9792 9794 9791 9794 7378 9799 9800 9801 8401 9802 8402 8402 9802 9803 9803 9802 9799 9799 9802 9804 9799 9804 9800 8832 8833 9805 9805 8833 9806 9805 9806 9801 9801 9806 9807 9801 9807 9799 9808 9809 8426 9810 9811 9812 9813 9814 9811 9814 9813 9815 9815 9813 9816 9815 9816 9817 9818 9819 9816 9816 9819 9820 9816 9820 9817 7949 9821 9822 9822 9821 9823 8157 7949 9822 8157 9824 9825 8426 9756 9808 9808 9756 9755 9808 9755 9826 9811 9810 9813 9813 9810 9827 9813 9827 9816 9827 9828 9816 9816 9828 9822 9816 9822 9818 9818 9822 9823 9818 9823 9819 9755 9754 9826 9826 9754 9753 9826 9753 9825 9825 9753 8168 9825 8168 8157 8157 9822 9824 9824 9822 9828 9824 9828 9825 9825 9828 9827 9825 9827 9826 9826 9827 9810 9826 9810 9808 9808 9810 9812 9808 9812 9809 9829 9830 8440 9831 9785 9777 9832 9782 9785 9833 9779 9782 8363 9779 9834 9834 9779 9833 9834 9833 9835 9835 9833 9836 9782 9832 9833 9833 9832 9837 9833 9837 9836 9830 9829 9838 9777 8557 9838 9838 8557 9760 9838 9760 9830 9830 9760 9757 9830 9757 8440 8440 9839 9837 9837 9839 9840 9837 9840 9836 9785 9831 9832 9832 9831 9841 9832 9841 9837 9837 9841 8440 9777 9838 9831 9831 9838 9829 9831 9829 9841 9841 9829 8440 7339 7378 9798 7339 9798 9842 9842 9798 9797 9842 9797 9843 9843 9797 9796 9843 9796 9844 9844 9796 8364 9844 8364 8362 8401 8414 9845 8401 9845 9846 9846 9845 9847 9846 9847 9848 9848 9847 9849 9848 9849 9850 8837 8835 9849 9849 8835 9851 9849 9851 9850 7982 7983 9852 9853 9854 9855 9856 8425 8426 8425 9856 8423 9857 8431 9858 9858 8431 8423 9855 9854 9858 9858 9854 9859 9858 9859 9857 9853 9855 9852 9852 9855 9860 9852 9860 7982 9815 9817 9861 9861 9817 9820 9820 9819 9861 9861 9819 9823 9861 9823 7978 7978 9823 9821 7978 9821 7949 8426 9809 9856 9856 9809 9812 9856 9812 9862 9862 9812 9811 9862 9811 9814 9814 9815 9862 9862 9815 9861 9862 9861 9863 9863 9861 7978 9863 7978 7980 8423 9856 9858 9858 9856 9862 9858 9862 9855 9855 9862 9863 9855 9863 9860 9860 9863 7980 9860 7980 7982 7316 9864 8440 8440 9864 9839 9839 9864 9840 9840 9864 9865 9840 9865 9836 9836 9865 9866 9836 9866 9835 9835 9866 9867 9835 9867 9834 9867 9868 9834 9834 9868 8361 9834 8361 8363 7364 7292 9869 9869 7292 7363 7364 9869 7367 7367 9869 9870 7367 9870 9871 9871 9870 9872 9872 9870 9873 9872 9873 9874 9874 9873 9875 9875 9873 9876 9875 9876 9877 9877 9876 9878 9878 9876 8362 9878 8362 8361 9879 7340 7339 9879 7339 9880 9881 9880 7339 9843 9844 9882 9844 8362 9876 9844 9876 9882 9882 9876 9873 9882 9873 9883 9883 9873 9870 9883 9870 9884 9884 9870 9869 9884 9869 9885 9885 9869 7363 9885 7363 7349 7339 9842 9886 9886 9842 9843 9881 7339 9886 9843 9882 9886 9886 9882 9883 9886 9883 9881 9881 9883 9884 9881 9884 9880 9880 9884 9885 9880 9885 9879 9879 9885 7349 9879 7349 7340 8337 8336 9887 9887 8336 9888 9887 9888 9889 9889 9888 9890 9889 9890 9891 9891 9890 9892 9891 9892 9893 9893 9892 9894 9893 9894 9895 9895 9894 9896 9895 9896 8404 8404 9896 8414 7983 7974 9852 9852 7974 9897 9852 9897 9853 9853 9897 9898 9853 9898 9854 9854 9898 9899 9854 9899 9859 9859 9899 9900 9859 9900 9857 9857 9900 9901 9857 9901 8431 8431 9901 8437 9864 7316 9902 9874 9875 9903 9871 9872 9904 8361 9868 9878 9878 9868 9905 9878 9905 9877 7367 9871 7368 7368 9871 9904 7368 9904 7369 7369 9904 9906 7369 9906 7316 9875 9877 9903 9903 9877 9905 9903 9905 9907 9907 9905 9902 9907 9902 7316 9868 9867 9905 9905 9867 9866 9905 9866 9902 9902 9866 9865 9902 9865 9864 9872 9874 9904 9904 9874 9903 9904 9903 9906 9906 9903 9907 9906 9907 7316 8538 8540 9908 8542 8544 9909 8548 8550 9910 8552 8554 9911 9912 8415 7321 7321 7320 9912 9912 7320 7323 9912 7323 9913 7265 8396 7263 7263 8396 9914 7263 9914 7261 7261 9914 9915 7261 9915 7259 7259 9915 9911 7259 9911 7257 7257 9911 8554 8396 8408 9914 9914 8408 9916 9914 9916 9915 9915 9916 9917 9915 9917 9911 9911 9917 9910 9911 9910 8552 8552 9910 8550 8546 8548 9918 9918 8548 9910 9918 9910 9919 9919 9910 9917 9919 9917 9920 9920 9917 9916 9920 9916 8407 8407 9916 8408 8407 8406 9920 9920 8406 9921 9920 9921 9919 9919 9921 9922 9919 9922 9918 9918 9922 9909 9918 9909 8546 8546 9909 8544 8406 8405 9921 9921 8405 9923 9921 9923 9922 9922 9923 9924 9922 9924 9909 9909 9924 9908 9909 9908 8542 8542 9908 8540 8536 8538 9925 9925 8538 9908 9925 9908 9913 9913 9908 9924 9913 9924 9912 9912 9924 9923 9912 9923 8415 8415 9923 8405 7323 7353 9913 9913 7353 7352 9913 7352 9925 9925 7352 7351 9925 7351 8536 8536 7351 7350 9926 9927 9928 9161 8337 9887 9167 9164 9929 9927 9930 9931 9931 9930 9932 9931 9932 9933 9928 9927 9929 9929 9927 9931 9929 9931 9167 9167 9931 9933 9167 9933 8172 9934 8399 8400 8400 9935 9934 9934 9935 9936 9934 9936 9928 9928 9936 9937 9928 9937 9926 8398 9938 8404 8404 9938 9895 9939 9891 9938 9938 9891 9893 9938 9893 9895 9164 9161 9940 9940 9161 9887 9940 9887 9939 9939 9887 9889 9939 9889 9891 9164 9940 9929 9929 9940 9939 9929 9939 9928 9928 9939 9938 9928 9938 9934 9934 9938 8398 9934 8398 8399 8429 8430 9941 8427 8429 9942 9942 8429 9943 9942 9943 9944 9944 9943 9945 9945 9943 9946 9945 9946 9947 9947 9946 9948 9947 9948 9949 9949 9950 9951 9951 9952 9949 9949 9952 9947 7948 9950 7969 7969 9950 9949 7969 9949 7971 7971 9949 9948 7971 9948 7972 9897 7974 9953 9953 7974 7975 9953 7975 7976 9897 9953 9898 9898 9953 9954 9898 9954 9899 9899 9954 9900 9900 9954 9941 9900 9941 9901 9901 9941 8430 9901 8430 8437 8429 9941 9943 9943 9941 9954 9943 9954 9946 9946 9954 9953 9946 9953 9948 9948 9953 7976 9948 7976 7972 7295 7294 9955 7274 7273 9956 9957 9958 9959 9958 8556 8555 8549 9960 9961 9958 8555 9959 9959 8555 8553 9959 8553 9961 9961 8553 8551 9961 8551 8549 8539 9962 9963 8549 8547 9960 9960 8547 8545 9960 8545 9964 9964 8545 8543 9964 8543 9963 9963 8543 8541 9963 8541 8539 8539 8537 9962 9962 8537 7271 9962 7271 7270 9965 9966 9967 9967 9966 9957 9957 9959 9967 9967 9959 9961 9967 9961 9968 9968 9961 9960 9968 9960 9969 9969 9960 9964 9969 9964 9970 9970 9964 9963 9970 9963 9971 9971 9963 9962 9971 9962 9956 9956 9962 7270 9956 7270 7274 8432 9972 9973 9973 9972 9965 9965 9967 9973 9973 9967 9968 9973 9968 9974 9974 9968 9969 9974 9969 9975 9975 9969 9970 9975 9970 9976 9976 9970 9971 9976 9971 9977 9977 9971 9956 9977 9956 9955 9955 9956 7273 9955 7273 7295 8432 9973 8433 8433 9973 9974 8433 9974 8434 8434 9974 9975 8434 9975 8435 8435 9975 9976 8435 9976 8436 8436 9976 9977 8436 9977 8438 8438 9977 9955 8438 9955 8439 8439 9955 7294 8439 7294 7307 7257 8556 9978 9979 9980 9981 9981 9980 8421 9981 8421 8422 9982 9983 9979 9979 9983 9984 9979 9984 9980 9982 9985 9983 9983 9985 7266 9983 7266 9978 9978 7266 7258 9978 7258 7257 9979 9981 9986 9985 9982 9987 9982 9979 9987 9987 9979 9986 9987 9986 9988 9988 9986 9989 9988 9989 9990 9990 9989 9991 9990 9991 7265 9981 8422 9986 9986 8422 9992 9986 9992 9989 9989 9992 9993 9989 9993 9991 9991 9993 9994 9991 9994 7265 7266 9985 7267 7267 9985 9987 7267 9987 7268 7268 9987 9988 7268 9988 7269 7269 9988 9990 7269 9990 7265 9927 9926 9995 9996 9997 9998 9936 9935 9999 9995 10000 10001 10002 10003 10004 10004 10003 10005 9997 9996 10006 10006 9996 9999 10006 9999 9935 10006 9935 8400 9995 9926 10000 10000 9926 9937 10000 9937 9936 9936 9999 10000 10000 9999 9996 10000 9996 10001 10001 9996 9998 10001 9998 10007 10007 9998 8181 10007 8181 8171 8172 9933 10004 10004 9933 10008 10004 10008 10002 9933 9932 10008 10008 9932 9930 10008 9930 10002 10002 9930 9927 9927 9995 10002 10002 9995 10001 10002 10001 10003 10003 10001 10007 10003 10007 10005 10005 10007 8171 10005 8171 10004 10004 8171 8172 10009 10010 10011 8183 8182 10012 7948 8183 10013 10013 8183 10014 9950 7948 10013 10015 10016 9951 10017 8427 10009 10009 8427 9942 10009 9942 10010 10010 9942 9944 9945 9947 10016 10016 9947 9952 10016 9952 9951 10017 10009 10018 10018 10009 10011 10018 10011 10019 10019 10011 10020 10019 10020 10021 10014 10022 10013 10013 10022 10023 10013 10023 9950 8183 10012 10014 10014 10012 10024 10014 10024 10022 10022 10024 10015 10022 10015 10023 10023 10015 9951 10023 9951 9950 9944 9945 10010 10010 9945 10016 10010 10016 10011 10011 10016 10015 10011 10015 10020 10020 10015 10024 10020 10024 10021 10021 10024 10012 10021 10012 10025 10025 10012 8182 9972 8432 10026 8421 9980 10027 10027 9980 10028 8556 9958 9978 9978 9958 10029 10030 10031 10028 10028 10031 10032 10028 10032 10027 9980 9984 10028 10028 9984 10033 10028 10033 10030 10030 10033 10034 10030 10034 8432 9983 9978 10035 10035 9978 10029 10035 10029 10036 10036 10029 10026 10036 10026 8432 8432 10037 10030 10030 10037 10038 10030 10038 10031 9958 9957 10029 10029 9957 9966 10029 9966 10026 10026 9966 9965 10026 9965 9972 9984 9983 10033 10033 9983 10035 10033 10035 10034 10034 10035 10036 10034 10036 8432 8397 7265 9994 8397 9994 10039 10039 9994 9993 10039 9993 10040 10040 9993 9992 10040 9992 10041 10041 9992 8422 10041 8422 8420 8179 8181 9998 8179 9998 10042 10042 9998 9997 10042 9997 10043 10043 9997 10006 10043 10006 10044 10044 10006 8397 8397 10006 8400 8182 8180 10045 8182 10045 10025 10025 10045 10046 10025 10046 10021 10047 8428 8427 8427 10017 10047 10047 10017 10018 10047 10018 10046 10046 10018 10019 10046 10019 10021 8428 10048 8432 8432 10048 10037 10037 10048 10038 10038 10048 10049 10038 10049 10031 10031 10049 10050 10031 10050 10032 10032 10050 10051 10032 10051 10027 10051 10052 10027 10027 10052 8419 10027 8419 8421 8420 10053 10041 10041 10053 10054 10041 10054 10040 10040 10054 10055 10040 10055 10039 10039 10055 10056 10039 10056 8397 10057 10058 10059 10059 10058 10060 10059 10060 10061 10061 10060 10062 10061 10062 10063 10063 10062 10064 10063 10064 8397 10058 8179 10060 10060 8179 10042 10060 10042 10062 10062 10042 10043 10062 10043 10064 10064 10043 10044 10064 10044 8397 10053 10057 10054 10054 10057 10059 10054 10059 10055 10055 10059 10061 10055 10061 10056 10056 10061 10063 10056 10063 8397 10046 10045 10065 10066 10067 10068 10068 10067 10065 10068 10065 10069 10069 10065 10045 10069 10045 8180 10066 8419 10052 8428 10047 10070 10070 10047 10046 10071 8428 10070 10066 10052 10067 10067 10052 10051 10067 10051 10050 10046 10065 10070 10070 10065 10067 10070 10067 10071 10071 10067 10050 10071 10050 10049 10049 10048 10071 10071 10048 8428 8180 8179 10058 8180 10058 10069 10069 10058 10057 10069 10057 10068 10068 10057 10053 10068 10053 10066 10066 10053 8420 10066 8420 8419 8260 10072 10073 9612 9610 10073 10073 9610 8260 10074 10072 8260 10075 10076 10077 10077 10076 10078 10077 10078 10079 10080 10077 10081 10081 10077 10079 10081 10079 10082 10083 10084 10085 10085 10084 10086 10087 10080 10088 10088 10080 10081 10088 10081 10089 10089 10081 10082 10089 10082 10090 10090 10082 10091 10092 9619 10093 10093 9619 9621 8862 10094 9622 9622 10094 10095 9622 10095 9621 9621 10095 10096 9621 10096 10093 9617 10074 8260 10073 10083 9612 9612 10083 10085 9612 10085 9608 9608 10085 10086 9608 10086 9609 9609 10086 9613 10094 10091 10095 10095 10091 10082 10095 10082 10096 10096 10082 10079 10096 10079 10093 10093 10079 10078 10093 10078 10092 10092 10078 10076 8846 9613 10087 10087 9613 10086 10087 10086 10080 10080 10086 10084 10080 10084 10077 10077 10084 10083 10077 10083 10075 10075 10083 10073 10075 10073 10076 10076 10073 10072 10076 10072 10092 10092 10072 10074 10092 10074 9619 9619 10074 9617 8862 8861 10094 10094 8861 10097 10094 10097 10091 10091 10097 10098 10091 10098 10090 10090 10098 10099 10090 10099 10089 10089 10099 10100 10089 10100 10088 10088 10100 10101 10088 10101 10087 10087 10101 8844 10087 8844 8846 10102 10097 8861 10102 8861 10103 10104 10103 8861 10105 10106 8844 8848 10107 10108 10108 10107 10109 10108 10109 10110 10110 10109 10111 10107 10106 10109 10109 10106 10105 10109 10105 10111 10111 10105 10112 10104 10113 10111 10111 10113 10114 10111 10114 10110 8844 10101 10105 10105 10101 10100 10105 10100 10112 10112 10100 10099 10112 10099 10098 10104 10111 10103 10103 10111 10112 10103 10112 10102 10102 10112 10098 10102 10098 10097 8261 10115 10116 9599 9598 10116 10116 9598 8261 10117 10115 8261 10118 10119 10120 10120 10119 10121 10120 10121 10122 10123 10120 10124 10124 10120 10122 10124 10122 10125 10126 10127 10128 10128 10127 10129 10130 10123 10131 10131 10123 10124 10131 10124 10132 10132 10124 10125 10132 10125 10133 10133 10125 10134 10135 9607 10136 10136 9607 9615 8847 10137 9614 9614 10137 10138 9614 10138 9615 9615 10138 10139 9615 10139 10136 9611 10117 8261 10116 10126 9599 9599 10126 10128 9599 10128 9600 9600 10128 10129 9600 10129 9594 9594 10129 9597 10137 10134 10138 10138 10134 10125 10138 10125 10139 10139 10125 10122 10139 10122 10136 10136 10122 10121 10136 10121 10135 10135 10121 10119 8859 9597 10130 10130 9597 10129 10130 10129 10123 10123 10129 10127 10123 10127 10120 10120 10127 10126 10120 10126 10118 10118 10126 10116 10118 10116 10119 10119 10116 10115 10119 10115 10135 10135 10115 10117 10135 10117 9607 9607 10117 9611 8848 10108 8849 8849 10108 10140 10108 10110 10140 10140 10110 10114 10140 10114 10141 10141 10114 10113 10141 10113 8863 8863 10113 10104 8863 10104 8861 8845 8844 10106 8845 10106 10142 10142 10106 10107 10142 10107 10143 10143 10107 8848 10143 8848 8850 8847 8845 10137 10137 8845 10144 10137 10144 10134 10134 10144 10145 10134 10145 10133 10133 10145 10146 10133 10146 10132 10132 10146 10147 10132 10147 10131 10131 10147 10148 10131 10148 10130 10130 10148 8860 10130 8860 8859 9605 9604 10149 8251 10150 10151 10152 10150 8251 10153 10152 8251 9603 9602 10151 10151 9602 8251 10153 10154 10152 10152 10154 10155 10152 10155 10150 10150 10155 10156 10150 10156 10151 10151 10156 10149 10151 10149 9603 9603 10149 9604 10154 10157 10155 10155 10157 10158 10155 10158 10156 10156 10158 10159 10156 10159 10149 10149 10159 10160 10149 10160 9605 9605 10160 9606 10157 8864 10158 10158 8864 9620 10158 9620 10159 10159 9620 9618 10159 9618 10160 10160 9618 9616 10160 9616 9606 9606 9616 8282 10161 10141 8863 8852 8849 10162 10162 8849 10140 10141 10161 10140 10140 10161 10163 10140 10163 10162 10148 10164 8860 8845 10142 10144 10144 10142 10165 10144 10165 10145 10145 10165 10166 10145 10166 10146 10164 10148 10166 10166 10148 10147 10166 10147 10146 10142 10143 10165 10165 10143 10167 10165 10167 10166 10166 10167 10168 10166 10168 10164 10164 10168 10169 10164 10169 8860 10143 8850 10167 10167 8850 10170 10167 10170 10168 10168 10170 10171 10168 10171 10169 10169 10171 10172 10169 10172 8860 8865 8864 10157 8865 10157 10173 10173 10157 10154 10173 10154 10174 10174 10154 10153 10174 10153 10175 10175 10153 8251 10175 8251 8250 8853 8852 10162 8853 10162 10176 10176 10162 10163 10176 10163 10177 10177 10163 10161 10177 10161 10178 10178 10161 8863 10178 8863 8865 8849 8852 8851 8851 8852 8854 8850 8851 10179 8850 10179 10170 10170 10179 10180 10170 10180 10171 10171 10180 10181 10171 10181 10172 10172 10181 8858 10172 8858 8860 10182 8853 10176 10183 10184 10185 10186 10187 10188 8241 10186 8243 8243 10186 10188 8243 10188 8244 8244 10188 10189 8244 10189 8246 8246 10189 10190 8246 10190 8250 10173 10174 10190 10190 10174 10175 10190 10175 8250 10187 10183 10188 10188 10183 10185 10188 10185 10189 10189 10185 10191 10189 10191 10190 10190 10191 10192 10190 10192 10173 10184 10182 10185 10185 10182 10176 10185 10176 10191 10191 10176 10177 10191 10177 10192 10192 10177 10178 10192 10178 10173 10173 10178 8865 8851 8854 10179 10179 8854 10193 10179 10193 10180 10180 10193 10194 10180 10194 10181 10181 10194 10195 10181 10195 8858 8241 8240 10186 10186 8240 10196 10186 10196 10187 10187 10196 10197 10187 10197 10183 10183 10197 10198 10183 10198 10184 10184 10198 10199 10184 10199 10182 10182 10199 10200 10182 10200 8853 8853 10200 8855 8854 8855 10201 8854 10201 10193 10193 10201 10202 10193 10202 10194 10194 10202 10203 10194 10203 10195 10195 10203 8856 10195 8856 8858 10204 10197 8255 8255 10197 10196 8255 10196 8240 8252 10205 8236 8236 10205 10206 8236 10206 8255 8255 10206 10204 10204 10206 10207 10204 10207 10208 10208 10201 8855 8855 10200 10208 10208 10200 10199 10208 10199 10204 10204 10199 10198 10204 10198 10197 10205 10209 10206 10206 10209 10210 10206 10210 10207 10207 10210 10211 10207 10211 10212 10201 10208 10202 10202 10208 10207 10202 10207 10203 10203 10207 10212 10203 10212 8856 8857 8856 10213 10213 8856 10212 10213 10212 10214 10214 10212 10211 10214 10211 10215 10215 10211 10210 10215 10210 10216 10216 10210 10209 10216 10209 10217 10217 10209 10205 10217 10205 8254 8254 10205 8252 10218 9580 8266 10213 10214 10219 10215 10216 10220 8254 10221 10220 10216 10217 10220 10220 10217 8254 9581 10221 8254 9581 9580 10221 10221 9580 10218 10221 10218 10220 10220 10218 10219 10220 10219 10215 10215 10219 10214 8857 10213 9595 9595 10213 10219 9595 10219 9596 9596 10219 10218 9596 10218 9601 9601 10218 8266 10222 10223 10224 8402 10225 10226 10227 10225 8402 10228 10229 10230 10222 10224 10228 10231 10223 10232 10232 10223 10222 10232 10222 10233 10233 10222 10228 10233 10228 10234 10234 10228 10230 9750 10235 9751 9751 10235 10236 9751 10236 9745 9745 10236 9748 10237 9799 10238 10238 9799 9807 8833 10239 9806 9806 10239 10240 9806 10240 9807 9807 10240 10241 9807 10241 10238 9803 10227 8402 8842 9748 10242 10242 9748 10236 10242 10236 10243 10243 10236 10235 10243 10235 10244 10244 10235 9750 10244 9750 10226 10239 10231 10240 10240 10231 10232 10240 10232 10241 10241 10232 10233 10241 10233 10238 10238 10233 10234 10238 10234 10237 10237 10234 10230 10223 10242 10224 10224 10242 10243 10224 10243 10228 10228 10243 10244 10228 10244 10229 10229 10244 10226 10229 10226 10230 10230 10226 10225 10230 10225 10237 10237 10225 10227 10237 10227 9799 9799 10227 9803 9750 9749 10226 10226 9749 8402 8843 8842 10242 8843 10242 10245 10242 10223 10245 10245 10223 10231 10245 10231 10246 10246 10231 10239 10246 10239 10247 10247 10239 8833 10247 8833 8831 10248 10249 10250 8401 10251 10252 10253 10251 8401 10254 10255 10256 10248 10250 10254 10257 10249 10258 10258 10249 10248 10258 10248 10259 10259 10248 10254 10259 10254 10260 10260 10254 10256 9804 10261 9800 9800 10261 10262 9800 10262 9801 9801 10262 9805 10263 9848 10264 10264 9848 9850 8835 10265 9851 9851 10265 10266 9851 10266 9850 9850 10266 10267 9850 10267 10264 9846 10253 8401 8832 9805 10268 10268 9805 10262 10268 10262 10269 10269 10262 10261 10269 10261 10270 10270 10261 9804 10270 9804 10252 10265 10257 10266 10266 10257 10258 10266 10258 10267 10267 10258 10259 10267 10259 10264 10264 10259 10260 10264 10260 10263 10263 10260 10256 10249 10268 10250 10250 10268 10269 10250 10269 10254 10254 10269 10270 10254 10270 10255 10255 10270 10252 10255 10252 10256 10256 10252 10251 10256 10251 10263 10263 10251 10253 10263 10253 9848 9848 10253 9846 9804 9802 10252 10252 9802 8401 10271 10272 8843 10246 10247 10273 10247 8831 10274 10247 10274 10273 10273 10274 10275 10273 10275 10276 10276 10275 8827 10276 8827 10277 8843 10245 10278 10278 10245 10246 10271 8843 10278 10246 10273 10278 10278 10273 10276 10278 10276 10271 10271 10276 10277 10271 10277 10272 8835 8834 10279 8835 10279 10265 10265 10279 10280 10265 10280 10257 10257 10280 10281 10257 10281 10249 10249 10281 10268 10268 10281 8830 10268 8830 8832 8829 8827 10275 8829 10275 10282 10282 10275 10274 10282 10274 10283 10283 10274 8831 10283 8831 8830 8841 8843 10272 8841 10272 10284 10284 10272 10277 10284 10277 10285 10285 10277 8827 10285 8827 8826 10286 10279 8834 10286 8834 10287 10288 10287 8834 10288 10289 10290 10289 8829 10282 10289 10282 10290 10290 10282 10283 10290 10283 10291 10283 8830 10291 10291 8830 10281 10291 10281 10280 10288 10290 10287 10287 10290 10291 10287 10291 10286 10286 10291 10280 10286 10280 10279 10285 8826 8823 8823 10292 10285 10285 10292 10293 10285 10293 10284 10284 10293 10294 10284 10294 8841 10295 10296 8350 10297 10298 10296 10296 10298 8350 10299 10295 8350 10300 10301 10302 9713 9714 10303 8840 10304 9746 9746 10304 10305 9746 10305 9747 9747 10305 10306 9747 10306 9752 9752 10306 10303 9752 10303 8411 8411 10303 9714 10304 10300 10305 10305 10300 10302 10305 10302 10306 10306 10302 10307 10306 10307 10303 10303 10307 10308 10303 10308 9713 9710 9711 10308 10308 9711 9712 10308 9712 9713 10301 10297 10302 10302 10297 10296 10302 10296 10307 10307 10296 10295 10307 10295 10308 10308 10295 10299 10308 10299 9710 9710 10299 8350 8834 8836 10309 8834 10309 10288 10288 10309 10310 10288 10310 10289 10289 10310 8828 10289 8828 8829 8823 8826 8825 8825 8826 8828 8839 8841 10294 8839 10294 10311 10311 10294 10293 10311 10293 10312 10312 10293 10292 10312 10292 10313 10313 10292 8823 10313 8823 8822 8348 8350 10314 10314 8350 10298 10314 10298 10315 10315 10298 10297 10315 10297 10316 10316 10297 10301 10316 10301 10317 10317 10301 10300 10317 10300 10318 10318 10300 10304 10318 10304 8839 8839 10304 8840 8825 8828 10319 10319 8828 10310 10319 10310 10320 10320 10310 10309 10320 10309 8836 8822 10321 10313 10313 10321 10322 10313 10322 10312 10312 10322 10323 10312 10323 10311 10311 10323 10324 10311 10324 8839 10316 10317 10324 10324 10317 10318 10324 10318 8839 10321 10325 10322 10322 10325 10326 10322 10326 10323 10323 10326 10327 10323 10327 10324 10324 10327 10328 10324 10328 10316 10316 10328 10315 10325 10329 10326 10326 10329 10330 10326 10330 10327 10327 10330 10331 10327 10331 10328 10328 10331 10332 10328 10332 10315 10315 10332 10314 10329 8346 10330 10330 8346 8345 10330 8345 10331 10331 8345 8343 10331 8343 10332 10332 8343 8342 10332 8342 10314 10314 8342 8348 8836 8838 10333 8836 10333 10320 10320 10333 10334 10320 10334 10319 10319 10334 8824 10319 8824 8825 8347 8346 10329 8347 10329 10335 10335 10329 10325 10335 10325 10336 10336 10325 10321 10336 10321 10337 10337 10321 8822 10337 8822 8824 10336 10337 10338 8838 10339 10333 10333 10339 10340 10333 10340 10334 10334 10340 10338 10334 10338 8824 8824 10338 10337 10339 10341 10340 10340 10341 10342 10340 10342 10338 10338 10342 10343 10338 10343 10336 10336 10343 10335 10341 8338 10342 10342 8338 8340 10342 8340 10343 10343 8340 8341 10343 8341 10335 10335 8341 8347 8837 10344 8838 8838 10344 10339 10344 10345 10339 10339 10345 10346 10339 10346 10341 8336 8338 10347 10347 8338 10341 10347 10341 10348 10348 10341 10346 10349 10350 8336 9890 9888 10350 10350 9888 8336 10351 10349 8336 9894 9892 10352 10345 10344 10353 8414 9896 9845 9845 9896 10354 9845 10354 9847 9847 10354 10355 9847 10355 9849 9849 10355 10353 9849 10353 8837 8837 10353 10344 9896 9894 10354 10354 9894 10352 10354 10352 10355 10355 10352 10356 10355 10356 10353 10353 10356 10357 10353 10357 10345 10347 10348 10357 10357 10348 10346 10357 10346 10345 9892 9890 10352 10352 9890 10350 10352 10350 10356 10356 10350 10349 10356 10349 10357 10357 10349 10351 10357 10351 10347 10347 10351 8336 7256 7240 10358 7240 7225 10359 7225 7224 8594 7225 8594 10359 10359 8594 8593 10359 8593 10360 10360 8593 8603 10360 8603 10361 10361 8603 8602 10361 8602 10362 10362 8602 8601 10362 8601 10363 10363 8601 8600 10363 8600 10364 10364 8600 8604 10364 8604 10365 10365 8604 8606 10365 8606 10366 10366 8606 8605 10366 8605 10367 10367 8605 8592 10367 8592 10368 10368 8592 8596 10368 8596 10369 10369 8596 8597 10369 8597 10370 10370 8597 8598 10370 8598 10371 10371 8598 8599 10371 8599 10372 10372 8599 8595 10372 8595 10373 10373 8595 7194 10373 7194 7192 7240 10359 10358 10358 10359 10360 10358 10360 10374 10374 10360 10361 10374 10361 10375 10375 10361 10362 10375 10362 10376 10376 10362 10363 10376 10363 10377 10377 10363 10364 10377 10364 10378 10378 10364 10365 10378 10365 10379 10379 10365 10366 10379 10366 10380 10380 10366 10367 10380 10367 10381 10381 10367 10368 10381 10368 10382 10382 10368 10369 10382 10369 10383 10383 10369 10370 10383 10370 10384 10384 10370 10371 10384 10371 10385 10385 10371 10372 10385 10372 10386 10386 10372 10373 10386 10373 10387 10387 10373 7192 10387 7192 7190 7256 10358 8587 8587 10358 10374 8587 10374 8588 8588 10374 10375 8588 10375 8589 8589 10375 10376 8589 10376 8590 8590 10376 10377 8590 10377 8591 8591 10377 10378 8591 10378 8586 8586 10378 10379 8586 10379 8585 8585 10379 10380 8585 10380 8584 8584 10380 10381 8584 10381 8583 8583 10381 10382 8583 10382 8582 8582 10382 10383 8582 10383 8581 8581 10383 10384 8581 10384 8580 8580 10384 10385 8580 10385 8579 8579 10385 10386 8579 10386 8578 8578 10386 10387 8578 10387 8577 8577 10387 7190 8577 7190 7189 7176 7188 8310 10388 10389 10390 7164 7163 10391 7704 7703 10388 7124 7123 7716 7163 7124 10391 10391 7124 7716 10391 7716 10392 10392 7716 7715 10392 7715 10393 10393 7715 7714 10393 7714 10394 10394 7714 7713 10394 7713 10395 10395 7713 7712 10395 7712 10396 10396 7712 7711 10396 7711 10397 10397 7711 7710 10397 7710 10398 10398 7710 7709 10398 7709 10399 10399 7709 7708 10399 7708 10400 10400 7708 7707 10400 7707 10401 10401 7707 7706 10401 7706 10402 10402 7706 7705 10402 7705 10403 10388 7703 10389 10389 7703 7702 10389 7702 7128 7165 7164 10404 10404 7164 10391 10404 10391 10405 10405 10391 10392 10405 10392 10406 10406 10392 10393 10406 10393 10407 10407 10393 10394 10407 10394 10408 10408 10394 10395 10408 10395 10409 10409 10395 10396 10409 10396 10410 10410 10396 10397 10410 10397 10411 10411 10397 10398 10411 10398 10412 10412 10398 10399 10412 10399 10413 10413 10399 10400 10413 10400 10414 10414 10400 10401 10414 10401 10415 10415 10401 10402 10415 10402 10416 10416 10402 10403 10416 10403 10417 7128 7126 10389 10389 7126 7125 10389 7125 10390 10390 7125 7120 10390 7120 7119 7177 7165 8329 8329 7165 10404 8329 10404 8326 8326 10404 10405 8326 10405 8327 8327 10405 10406 8327 10406 8332 8332 10406 10407 8332 10407 8319 8319 10407 10408 8319 10408 8320 8320 10408 10409 8320 10409 8333 8333 10409 10410 8333 10410 8334 8334 10410 10411 8334 10411 8335 8335 10411 10412 8335 10412 8314 8314 10412 10413 8314 10413 8312 8312 10413 10414 8312 10414 8300 8300 10414 10415 8300 10415 8318 8318 10415 10416 8318 10416 8311 8311 10416 10417 8311 10417 8310 7705 7704 10403 10403 7704 10388 10403 10388 10417 10417 10388 10390 10417 10390 8310 8310 10390 7119 8310 7119 7176 8767 8766 10418 8767 10418 10419 10419 10418 10420 10419 10420 10421 10421 10420 8717 10421 8717 8716 8706 8707 10422 8706 10422 10423 10423 10422 10424 10423 10424 10425 10425 10424 8790 10425 8790 8791 8821 8820 10426 10426 8820 10427 10426 10427 10428 10428 10427 10429 10428 10429 10430 10430 10429 10431 10430 10431 8708 8708 10431 8709 8714 8715 10432 10432 8715 10433 10432 10433 10434 10434 10433 10435 10434 10435 10436 10436 10435 10437 10436 10437 8792 8792 10437 8793 10438 10439 8323 10440 10441 8648 10441 10440 10442 8705 10443 10444 10444 10443 10445 10444 10445 10446 10446 10445 10447 10446 10447 10448 10448 10447 10449 10443 10442 10445 10445 10442 10440 10445 10440 10447 10447 10440 10450 8323 10451 10452 10452 10451 10449 10438 8323 10452 8648 10453 10440 10440 10453 10454 10440 10454 10450 10450 10454 10455 10450 10455 10456 10449 10447 10452 10452 10447 10450 10452 10450 10438 10438 10450 10456 10438 10456 10439 8321 8323 10457 10457 8323 10439 10457 10439 10458 10458 10439 10456 10458 10456 10459 10459 10456 10455 10459 10455 10460 10460 10455 10454 10460 10454 10461 10461 10454 10453 10461 10453 8647 8647 10453 8648 8323 8322 10451 10451 8322 10462 10451 10462 10449 10449 10462 10463 10449 10463 10448 10448 10463 10464 10448 10464 10446 10446 10464 10465 10446 10465 10444 10444 10465 10466 10444 10466 8705 8705 10466 8707 8705 8704 10467 8705 10467 10443 10443 10467 10468 10443 10468 10442 10442 10468 10469 10442 10469 10441 10441 10469 8649 10441 8649 8648 9127 9123 10470 10471 8331 8321 8321 10457 10471 10471 10457 10458 10471 10458 10472 8328 8330 10473 10473 8330 10474 10473 10474 10475 10475 10474 10476 10475 10476 10477 10477 10476 10470 10477 10470 8238 8238 10470 9123 9129 9127 10478 10478 9127 10470 10478 10470 10472 10472 10470 10476 10472 10476 10471 10471 10476 10474 10471 10474 8331 8331 10474 8330 10458 10459 10472 10472 10459 10460 10472 10460 10478 10478 10460 10461 10478 10461 9129 9129 10461 8647 10479 8302 8301 8322 8303 10462 10462 8303 10480 10462 10480 10463 10463 10480 10481 8301 10482 10479 10479 10482 10483 10479 10483 10484 10485 10465 10481 10481 10465 10464 10481 10464 10463 10422 8707 10485 10485 8707 10466 10485 10466 10465 8303 8302 10480 10480 8302 10479 10480 10479 10481 10481 10479 10484 10481 10484 10485 10485 10484 10486 10485 10486 10422 10422 10486 10424 10483 10487 10484 10484 10487 10488 10484 10488 10486 10486 10488 10489 10486 10489 10424 10424 10489 8790 8727 10490 10491 8663 8662 10492 10492 8662 10493 10491 10490 10494 10490 10495 10494 10494 10495 10496 10494 10496 10493 10493 10496 10497 10493 10497 10492 8653 8649 10498 10498 8649 10469 10498 10469 10499 10499 10469 10468 10499 10468 10500 10500 10468 10467 10501 10502 10491 10491 10502 10503 10491 10503 8727 8662 8653 10493 10493 8653 10498 10493 10498 10494 10494 10498 10499 10494 10499 10491 10491 10499 10500 10491 10500 10501 10501 10500 10467 10501 10467 8704 8292 8328 10473 8292 10473 10504 10504 10473 10475 10504 10475 10505 10505 10475 10477 10505 10477 10506 10506 10477 8238 10506 8238 8237 10482 8301 8324 8315 10507 10508 10487 10483 10509 10507 10510 10511 10489 10488 10512 10510 8766 8768 10510 8768 10511 10511 8768 8770 10511 8770 10513 10513 8770 8772 10513 8772 10514 10514 8772 8774 10514 8774 10515 10515 8774 8776 10515 8776 10516 10516 8776 8778 10516 8778 10517 10517 8778 8780 10517 8780 10518 10518 8780 8782 10518 8782 10519 10519 8782 8784 10519 8784 10520 10520 8784 8786 10520 8786 10521 10521 8786 8788 10521 8788 10512 10512 8788 8790 10512 8790 10489 10507 10511 10508 10508 10511 10513 10508 10513 10522 10522 10513 10514 10522 10514 10523 10523 10514 10515 10523 10515 10524 10524 10515 10516 10524 10516 10525 10525 10516 10517 10525 10517 10526 10526 10517 10518 10526 10518 10527 10527 10518 10519 10527 10519 10528 10528 10519 10520 10528 10520 10529 10529 10520 10521 10529 10521 10530 10530 10521 10512 10530 10512 10509 10509 10512 10488 10509 10488 10487 8315 10508 8316 8316 10508 10522 8316 10522 8317 8317 10522 10523 8317 10523 8306 8306 10523 10524 8306 10524 8307 8307 10524 10525 8307 10525 8308 8308 10525 10526 8308 10526 8309 8309 10526 10527 8309 10527 8298 8298 10527 10528 8298 10528 8299 8299 10528 10529 8299 10529 8313 8313 10529 10530 8313 10530 8325 8325 10530 10509 8325 10509 8324 8324 10509 10483 8324 10483 10482 8704 8706 10531 8704 10531 10501 10501 10531 10532 10501 10532 10502 10502 10532 10533 10502 10533 10503 10503 10533 8729 10503 8729 8727 8727 8726 10490 10490 8726 10534 10490 10534 10495 10495 10534 10535 10495 10535 10496 10496 10535 10536 10496 10536 10497 10497 10536 10537 10497 10537 10492 10492 10537 10538 10492 10538 8663 8663 10538 8664 8710 8711 10539 10539 8711 10540 10539 10540 10541 10541 10540 10542 10542 10540 10543 10542 10543 10544 10544 10543 10545 10545 10543 8661 10545 8661 8660 10546 10540 8711 10546 8711 10547 10548 10547 8711 10549 10548 8711 10549 10550 10551 10550 7848 10552 10550 10552 10551 10551 10552 10553 10551 10553 10554 10554 10553 10555 10554 10555 10556 10556 10555 8661 10556 8661 10543 10549 10551 10548 10548 10551 10554 10548 10554 10547 10547 10554 10556 10547 10556 10546 10546 10556 10543 10546 10543 10540 8291 8293 10557 10557 8293 10558 10557 10558 10559 10559 10558 10560 10561 10562 10560 10560 10562 10563 10560 10563 10559 9111 8698 10561 10561 8698 10564 10561 10564 10562 8293 8294 10558 10558 8294 10565 10558 10565 10560 10560 10565 10566 10560 10566 10561 10561 10566 10567 10561 10567 9111 9111 10567 9115 8294 8295 10565 10565 8295 10568 10565 10568 10566 10566 10568 10569 10566 10569 10567 10567 10569 10570 10567 10570 9115 9115 10570 9119 8295 8292 10568 10568 8292 10504 10568 10504 10569 10569 10504 10505 10569 10505 10570 10570 10505 10506 10570 10506 9119 9119 10506 8237 10571 8304 8296 8315 8305 10507 10507 8305 10572 10507 10572 10510 10510 10572 10573 10510 10573 8766 8766 10573 10418 8305 8304 10572 10572 8304 10571 10572 10571 10573 10573 10571 10574 10573 10574 10418 10418 10574 10420 8296 10575 10571 10571 10575 10576 10571 10576 10574 10574 10576 10577 10574 10577 10420 10420 10577 8717 10578 10579 10580 10581 10582 10583 10425 8791 10584 10531 8706 10581 10581 8706 10423 10581 10423 10582 10585 10532 10531 10423 10425 10582 10582 10425 10584 10582 10584 10583 10583 10584 10586 10583 10586 10587 10533 10532 10588 10588 10532 10585 10588 10585 10580 10531 10581 10585 10585 10581 10583 10585 10583 10580 10580 10583 10587 10580 10587 10578 10579 8761 10580 10580 8761 8763 10580 8763 10588 10588 8763 8730 10588 8730 10533 10533 8730 8729 10589 10590 10591 10592 8710 10539 10593 8652 8664 10594 10595 10542 8660 8659 10545 10545 8659 10594 10545 10594 10544 10544 10594 10542 8664 10538 10593 10593 10538 10537 10593 10537 10596 10534 10597 10535 10535 10597 10596 10535 10596 10536 10536 10596 10537 10590 10592 10591 10591 10592 10539 10591 10539 10595 10595 10539 10541 10595 10541 10542 10598 10589 10597 10597 10589 10591 10597 10591 10596 10596 10591 10595 10596 10595 10593 10593 10595 10594 10593 10594 8652 8652 10594 8659 10534 8726 10597 10597 8726 10599 10597 10599 10598 8711 8709 10600 8711 10600 10549 10549 10600 10601 10549 10601 10550 10550 10601 7850 10550 7850 7848 7848 7879 10602 7848 10602 10552 10552 10602 10603 10552 10603 10553 10553 10603 10604 10553 10604 10555 10555 10604 8650 10555 8650 8661 8698 8699 10564 10564 8699 10605 10564 10605 10562 10562 10605 10606 10562 10606 10563 10563 10606 10607 10563 10607 10559 10559 10607 10608 10559 10608 10557 10557 10608 10609 10557 10609 8291 8291 10609 8297 8719 8717 10577 8719 10577 10610 10610 10577 10576 10610 10576 10611 10611 10576 10575 10611 10575 10612 10612 10575 8296 10612 8296 8297 10584 8791 8789 10587 10586 10613 10579 10578 10614 8761 10579 8759 8759 10579 10614 8759 10614 8757 8757 10614 10615 8757 10615 8755 8755 10615 10616 8755 10616 8753 8753 10616 10617 8753 10617 8751 8751 10617 10618 8751 10618 8749 8749 10618 10619 8749 10619 8747 8747 10619 10620 8747 10620 8745 8745 10620 10621 8745 10621 8743 8743 10621 10622 8743 10622 8741 8741 10622 10623 8741 10623 8739 8739 10623 10624 8739 10624 8733 8733 10624 10625 10578 10587 10614 10614 10587 10613 10614 10613 10615 10615 10613 10626 10615 10626 10616 10616 10626 10627 10616 10627 10617 10617 10627 10628 10617 10628 10618 10618 10628 10629 10618 10629 10619 10619 10629 10630 10619 10630 10620 10620 10630 10631 10620 10631 10621 10621 10631 10632 10621 10632 10622 10622 10632 10633 10622 10633 10623 10623 10633 10634 10623 10634 10624 10624 10634 10635 10624 10635 10625 10625 10635 10636 10586 10584 10613 10613 10584 8789 10613 8789 10626 10626 8789 8787 10626 8787 10627 10627 8787 8785 10627 8785 10628 10628 8785 8783 10628 8783 10629 10629 8783 8781 10629 8781 10630 10630 8781 8779 10630 8779 10631 10631 8779 8777 10631 8777 10632 10632 8777 8775 10632 8775 10633 10633 8775 8773 10633 8773 10634 10634 8773 8771 10634 8771 10635 10635 8771 8769 10635 8769 10636 10636 8769 8767 8708 8710 10637 10637 8710 10592 10637 10592 10638 10638 10592 10590 10638 10590 10639 10639 10590 10589 10639 10589 10640 10640 10589 10598 10640 10598 10641 10641 10598 10599 10641 10599 8728 8728 10599 8726 7850 10601 10642 10643 10644 10645 10601 10600 10646 10647 10648 10649 10600 8709 10431 10600 10431 10646 10646 10431 10429 10646 10429 10650 10650 10429 10427 10650 10427 10649 10649 10427 8820 10649 8820 10647 10601 10646 10642 10642 10646 10650 10642 10650 10651 10651 10650 10649 10651 10649 10645 10645 10649 10648 10645 10648 10643 7850 10642 7851 7851 10642 10651 7851 10651 7873 7873 10651 10645 7873 10645 7874 7874 10645 10644 7874 10644 7867 10652 10604 10603 7863 10653 10654 10654 10653 10655 10654 10655 10656 7861 10657 7854 7854 10657 10658 7854 10658 7880 10602 7879 7880 10659 10658 10656 10656 10658 10657 10656 10657 10654 10654 10657 7861 10654 7861 7863 8701 9185 10660 10660 9185 10661 10660 10661 10662 9185 9191 10661 10661 9191 9190 10661 9190 10663 10663 9190 9188 10663 9188 10664 10664 9188 9193 7880 10658 10602 10602 10658 10659 10602 10659 10603 10603 10659 10665 10603 10665 10652 8650 10604 9198 9198 10604 10652 9198 10652 9193 9193 10652 10665 9193 10665 10664 10664 10665 10659 10664 10659 10663 10663 10659 10656 10663 10656 10661 10661 10656 10655 10661 10655 10662 10662 10655 10653 10609 10666 8297 10667 10668 10669 10670 10671 10672 8699 10673 10605 10605 10673 10674 10605 10674 10606 10606 10674 10675 10606 10675 10607 10666 10609 10675 10675 10609 10608 10675 10608 10607 10671 10667 10672 10672 10667 10669 10672 10669 10676 10676 10669 10677 10676 10677 10678 10678 10677 10679 10678 10679 8297 10668 8719 10669 10669 8719 10610 10669 10610 10677 10677 10610 10611 10677 10611 10679 10679 10611 10612 10679 10612 8297 10673 10670 10674 10674 10670 10672 10674 10672 10675 10675 10672 10676 10675 10676 10666 10666 10676 10678 10666 10678 8297 10421 8716 10680 10636 8767 10681 10681 8767 10419 10681 10419 10682 10682 10683 10681 10681 10683 10684 10681 10684 10636 10636 10684 10625 10419 10421 10682 10682 10421 10680 10682 10680 10683 10683 10680 10685 10683 10685 10686 10686 8722 10683 10683 8722 8724 10683 8724 10684 10684 8724 8734 10684 8734 10625 10625 8734 8733 10637 10638 10687 10639 10640 10688 10641 8728 8732 8764 10689 8765 8765 10689 10690 8765 10690 8731 8731 10690 10691 8731 10691 8732 8732 10691 10688 8732 10688 10641 10641 10688 10640 10689 10692 10690 10690 10692 10693 10690 10693 10691 10691 10693 10694 10691 10694 10688 10688 10694 10687 10688 10687 10639 10639 10687 10638 10692 8821 10693 10693 8821 10426 10693 10426 10694 10694 10426 10428 10694 10428 10687 10687 10428 10430 10687 10430 10637 10637 10430 8708 8817 8815 10695 8813 8811 10696 8809 8807 10697 8805 8803 10698 8801 8799 10699 7875 7876 10700 10700 7876 10701 10700 10701 10702 10702 10701 10703 10704 10705 10703 10703 10705 10706 10703 10706 10702 7876 7868 10701 10701 7868 10707 10701 10707 10703 10703 10707 10708 10703 10708 10704 10704 10708 10699 8795 8793 10704 10704 8793 10709 10704 10709 10705 10699 8799 10704 10704 8799 8797 10704 8797 8795 7868 7866 10707 10707 7866 10710 10707 10710 10708 10708 10710 10711 10708 10711 10699 10699 10711 10698 10699 10698 8801 8801 10698 8803 7866 7888 10710 10710 7888 10712 10710 10712 10711 10711 10712 10713 10711 10713 10698 10698 10713 10697 10698 10697 8805 8805 10697 8807 8811 8809 10696 10696 8809 10697 10696 10697 10714 10714 10697 10713 10714 10713 10715 10715 10713 10712 10715 10712 7887 7887 10712 7888 8815 8813 10695 10695 8813 10696 10695 10696 10716 10716 10696 10714 10716 10714 10717 10717 10714 10715 10717 10715 7886 7886 10715 7887 8818 8817 10718 10718 8817 10695 10718 10695 10719 10719 10695 10716 10719 10716 10720 10720 10716 10717 10720 10717 7865 7865 10717 7886 8820 8818 10647 10647 8818 10718 10647 10718 10648 10648 10718 10719 10648 10719 10643 10643 10719 10720 10643 10720 10644 10644 10720 7865 10644 7865 7867 10662 10653 10721 10721 10653 7863 10721 7863 7891 10721 10722 10662 10662 10722 10723 10662 10723 10660 10660 10723 10724 10660 10724 8701 8701 10724 8703 8719 10668 8718 8718 10668 10725 10668 10667 10725 10725 10667 10671 10725 10671 10726 8699 8688 10673 10673 8688 10726 10673 10726 10670 10670 10726 10671 8716 8718 10727 8716 10727 10680 10680 10727 10728 10680 10728 10685 10685 10728 10729 10685 10729 10686 10686 10729 8720 10686 8720 8722 8821 10692 8819 8819 10692 10730 8819 10730 8816 8816 10730 10731 8816 10731 8814 8814 10731 10732 8814 10732 8812 8812 10732 10733 8812 10733 8810 8810 10733 10734 8810 10734 8808 8808 10734 10735 8808 10735 8806 8806 10735 10736 8806 10736 8804 8804 10736 10737 8804 10737 8802 8802 10737 10738 8802 10738 8800 8800 10738 10739 8800 10739 8798 8798 10739 10740 8798 10740 8796 8796 10740 10741 8796 10741 8794 8794 10741 10742 8794 10742 8792 8792 10742 10743 10692 10689 10730 10730 10689 10744 10730 10744 10731 10731 10744 10745 10731 10745 10732 10732 10745 10746 10732 10746 10733 10733 10746 10747 10733 10747 10734 10734 10747 10748 10734 10748 10735 10735 10748 10749 10735 10749 10736 10736 10749 10750 10736 10750 10737 10737 10750 10751 10737 10751 10738 10738 10751 10752 10738 10752 10739 10739 10752 10753 10739 10753 10740 10740 10753 10754 10740 10754 10741 10741 10754 10755 10741 10755 10742 10742 10755 10756 10742 10756 10743 10743 10756 10757 10689 8764 10744 10744 8764 8762 10744 8762 10745 10745 8762 8760 10745 8760 10746 10746 8760 8758 10746 8758 10747 10747 8758 8756 10747 8756 10748 10748 8756 8754 10748 8754 10749 10749 8754 8752 10749 8752 10750 10750 8752 8750 10750 8750 10751 10751 8750 8748 10751 8748 10752 10752 8748 8746 10752 8746 10753 10753 8746 8744 10753 8744 10754 10754 8744 8742 10754 8742 10755 10755 8742 8740 10755 8740 10756 10756 8740 8735 10756 8735 10757 10757 8735 8738 10709 8793 10437 10706 10705 10758 10758 10705 10709 10709 10437 10758 10758 10437 10435 10758 10435 10759 10759 10435 10433 10759 10433 10760 10760 10433 8715 10760 8715 10761 10700 10702 10762 10762 10702 10706 10706 10758 10762 10762 10758 10759 10762 10759 10763 10763 10759 10760 10763 10760 10764 10764 10760 10761 10764 10761 10765 7849 7875 10700 10700 10762 7849 7849 10762 10763 7849 10763 7855 7855 10763 10764 7855 10764 7856 7856 10764 10765 7856 10765 7857 9178 9177 10766 7860 10767 10768 7860 10768 7892 7892 10768 10721 7892 10721 7891 7864 7883 10769 10769 7883 10770 10769 10770 10771 10771 10770 10772 10771 10772 10773 10722 10721 10774 10774 10721 10768 10774 10768 10775 10775 10768 10767 10776 10777 9180 9180 10777 10778 9180 10778 9174 9174 10778 9175 9180 8703 10776 10776 8703 10724 10776 10724 10723 9177 9175 10766 10766 9175 10778 10766 10778 10779 10779 10778 10777 10779 10777 10775 10775 10777 10776 10775 10776 10774 10774 10776 10723 10774 10723 10722 8690 9178 10780 10780 9178 10766 10780 10766 10773 10773 10766 10779 10773 10779 10771 10771 10779 10775 10771 10775 10769 10769 10775 10767 10769 10767 7864 7864 10767 7860 8718 10725 10781 10725 10726 10782 10726 8688 8689 10726 8689 10782 10782 8689 8681 10782 8681 10783 10783 8681 8680 10783 8680 10784 8680 8695 10784 10784 8695 10785 10784 10785 10786 10725 10782 10781 10781 10782 10783 10781 10783 10787 10787 10783 10784 10787 10784 10788 10788 10784 10786 10788 10786 10789 8718 10781 10727 10727 10781 10787 10727 10787 10728 10728 10787 10788 10728 10788 10729 10729 10788 10789 10729 10789 8720 8723 10790 8725 8725 10790 10791 8725 10791 8736 8736 10791 10792 8736 10792 8737 8737 10792 10793 8737 10793 8738 8738 10793 10757 10790 10794 10791 10791 10794 10795 10791 10795 10792 10792 10795 10796 10792 10796 10793 10793 10796 10797 10793 10797 10757 10757 10797 10743 10794 8714 10795 10795 8714 10432 10795 10432 10796 10796 10432 10434 10796 10434 10797 10797 10434 10436 10797 10436 10743 10743 10436 8792 8715 8713 10798 8715 10798 10761 10761 10798 10799 10761 10799 10765 10799 10800 10765 10765 10800 10801 10765 10801 7857 7857 10801 10802 7857 10802 7870 7883 7870 10803 7883 10803 10770 10770 10803 10804 10770 10804 10772 10772 10804 10805 10772 10805 10773 10773 10805 10806 10773 10806 10780 10780 10806 8690 8690 10806 10807 8690 10807 8691 8721 8720 10789 8721 10789 10808 10808 10789 10786 10808 10786 10809 10809 10786 10785 10809 10785 10810 10810 10785 8695 10810 8695 8694 10811 8712 8714 10811 8714 10812 10812 8714 10794 10812 10794 10813 10813 10794 10790 10813 10790 10814 10814 10790 10815 10815 10790 8723 10815 8723 8721 10816 10803 7870 10817 10818 8691 8713 10819 10798 10798 10819 10820 10798 10820 10799 10799 10820 10821 10799 10821 10800 10800 10821 10801 10819 10818 10820 10820 10818 10817 10820 10817 10821 10821 10817 10822 7870 10802 10823 10823 10802 10801 10816 7870 10823 8691 10807 10817 10817 10807 10806 10817 10806 10822 10822 10806 10805 10822 10805 10804 10801 10821 10823 10823 10821 10822 10823 10822 10816 10816 10822 10804 10816 10804 10803 10814 10815 10824 10825 8683 8692 8693 8684 10826 10826 8684 10827 10826 10827 10828 10828 10827 10829 10828 10829 10824 10824 10829 10830 8684 8683 10827 10827 8683 10825 10827 10825 10829 10829 10825 10831 10829 10831 10830 10830 10831 10832 8692 10833 10825 10825 10833 10834 10825 10834 10831 10831 10834 10835 10831 10835 10832 10832 10835 10836 10832 10836 10837 8694 8693 10810 10810 8693 10826 10810 10826 10809 10809 10826 10828 10809 10828 10808 10808 10828 10824 10808 10824 8721 8721 10824 10815 10814 10824 10813 10813 10824 10830 10813 10830 10812 10812 10830 10832 10812 10832 10811 10811 10832 10837 10811 10837 8712 8712 10837 8713 8713 10837 10819 10837 10836 10819 10819 10836 10835 10819 10835 10818 8692 8691 10833 10833 8691 10818 10833 10818 10834 10834 10818 10835 10838 10839 10840 10841 10842 10843 8674 10844 10845 10845 10844 10846 10845 10846 10847 8676 10848 8678 8678 10848 10849 8678 10849 8679 10850 8671 8679 10851 10849 10847 10847 10849 10848 10847 10848 10845 10845 10848 8676 10845 8676 8674 9102 10843 9100 9100 10843 10842 9100 10842 8248 9102 9103 10843 10843 9103 9105 10843 9105 10852 10852 9105 9106 10852 9106 10853 10853 9106 9108 8679 10849 10850 10850 10849 10851 10850 10851 10840 10840 10851 10854 10840 10854 10838 8160 10839 9109 9109 10839 10838 9109 10838 9108 9108 10838 10854 9108 10854 10853 10853 10854 10851 10853 10851 10852 10852 10851 10847 10852 10847 10843 10843 10847 10846 10843 10846 10841 10841 10846 10844 8247 8248 10842 8247 10842 10855 10855 10842 10841 10855 10841 10856 10856 10841 10844 10856 10844 10857 10857 10844 10858 10858 10844 8674 10858 8674 8673 8160 8159 10859 8160 10859 10839 10839 10859 10860 10839 10860 10840 10840 10860 10861 10840 10861 10850 10850 10861 8669 10850 8669 8671 10862 10863 8242 8245 8247 10864 10864 8247 10855 10864 10855 10865 10865 10855 10856 10865 10856 10857 8673 10866 10867 10868 10869 10870 10870 10869 10871 10870 10871 10862 10862 10871 10872 10862 10872 10863 10866 10873 10867 10867 10873 10868 10867 10868 10874 10874 10868 10870 10874 10870 10875 10875 10870 10862 10875 10862 10876 10876 10862 8242 8242 8245 10876 10876 8245 10864 10876 10864 10875 10875 10864 10865 10875 10865 10874 10874 10865 10857 10874 10857 10867 10867 10857 10858 10867 10858 8673 10877 8666 8669 8669 10861 10877 10877 10861 10860 10877 10860 10878 10878 10860 10859 10878 10859 8159 10879 10880 10881 8677 8672 10882 10882 8672 10883 10882 10883 10884 10866 8673 10881 10881 8673 8675 10866 10881 10873 10873 10881 10880 10873 10880 10868 10868 10880 10885 10868 10885 10869 10886 9120 9121 8242 10863 9121 9121 10863 10872 9121 10872 10886 10886 10872 10871 8696 9110 10887 9112 9117 10888 10888 9117 9116 10888 9116 10889 10889 9116 9114 10889 9114 10890 10890 9114 9113 10890 9113 10886 10886 9113 9118 10886 9118 9120 8675 8677 10881 10881 8677 10882 10881 10882 10879 10879 10882 10884 10879 10884 10887 10887 10884 10891 10887 10891 8696 9110 9112 10887 10887 9112 10888 10887 10888 10879 10879 10888 10889 10879 10889 10880 10880 10889 10890 10880 10890 10885 10885 10890 10886 10885 10886 10869 10869 10886 10871 8159 8158 10892 8159 10892 10878 10878 10892 10893 10878 10893 10877 10877 10893 8668 10877 8668 8666 8669 8666 8670 8670 8666 8665 8697 8696 10894 10894 8696 10891 10894 10891 10895 10895 10891 10884 10895 10884 10896 10896 10884 10883 10896 10883 8670 8670 10883 8672 10897 10892 8158 8634 8668 10898 10898 8668 10893 10892 10897 10893 10893 10897 10899 10893 10899 10898 10900 10901 10894 10894 10901 8686 10894 8686 8697 10900 10894 10902 10902 10894 10895 10902 10895 10903 10903 10895 10896 10903 10896 10904 10904 10896 8670 10904 8670 8665 8158 8155 10897 10897 8155 10905 10905 10906 10897 10897 10906 10907 10897 10907 10899 10899 10907 10908 10899 10908 10898 10898 10908 8636 10898 8636 8634 8668 8634 8667 8667 8634 8633 8686 10901 8687 8687 10901 10909 10901 10900 10909 10909 10900 10902 10909 10902 10910 10910 10902 10903 10910 10903 8667 8667 10903 10904 8667 10904 8665 9150 9149 10911 8640 10912 10913 8640 10913 8642 8642 10913 10914 8642 10914 8644 8639 8636 10915 10915 8636 10908 10915 10908 10916 10916 10908 10907 10916 10907 10906 10917 10914 10918 10918 10914 10913 10918 10913 10919 10919 10913 10912 10920 10921 9147 9147 9153 10920 10920 9153 9152 10920 9152 9151 10922 10920 10923 10923 10920 9151 10923 9151 8344 9149 9148 10911 10911 9148 9147 10911 9147 10924 10924 9147 10921 10924 10921 10919 10919 10921 10920 10919 10920 10918 10918 10920 10922 10918 10922 10917 8155 9150 10905 10905 9150 10911 10905 10911 10906 10906 10911 10924 10906 10924 10916 10916 10924 10919 10916 10919 10915 10915 10919 10912 10915 10912 8639 8639 10912 8640 8682 8687 10909 8682 10909 10925 10925 10909 10910 10925 10910 10926 10926 10910 8667 10926 8667 8633 8344 8339 10923 10923 8339 10927 10923 10927 10922 10922 10927 10928 10922 10928 10917 10917 10928 10914 10928 10929 10914 10914 10929 8631 10914 8631 8644 8685 8682 10930 10930 8682 10925 10930 10925 10931 8633 8635 10926 10926 8635 10932 10926 10932 10925 10925 10932 10933 10925 10933 10931 8235 8234 10934 10934 8234 10935 10934 10935 10936 10936 10935 10937 10937 10935 10938 10937 10938 10939 8608 8607 10940 10940 8607 10939 10940 10939 10941 10941 10939 10938 9133 9132 10942 9138 9137 10943 10943 9137 9135 8617 10944 10945 8617 10945 8610 8610 10945 10939 8610 10939 8607 8616 8614 10946 10946 8614 10947 10946 10947 10948 10948 10947 10949 10948 10949 10950 10937 10939 10951 10951 10939 10945 10951 10945 10952 10952 10945 10944 9134 10953 9135 9135 10953 10954 9135 10954 10943 10936 10953 10934 10934 10953 9134 10934 9134 8235 9132 9138 10942 10942 9138 10943 10942 10943 10955 10955 10943 10954 10955 10954 10952 10952 10954 10953 10952 10953 10951 10951 10953 10936 10951 10936 10937 8178 9133 10956 10956 9133 10942 10956 10942 10950 10950 10942 10955 10950 10955 10948 10948 10955 10952 10948 10952 10946 10946 10952 10944 10946 10944 8616 8616 10944 8617 10928 10927 10957 8627 8629 10958 8632 8631 10959 10959 8631 10929 10959 10929 10960 10961 8622 8627 10960 10962 10959 10959 10962 10963 10959 10963 8632 8632 10963 8629 9162 10957 9160 9160 10957 10927 9160 10927 8339 9162 9163 10957 10957 9163 9165 10957 9165 10964 10964 9165 9166 10964 9166 9168 8629 10963 10958 10958 10963 10962 10958 10962 10965 10965 10962 10966 10965 10966 10967 8627 10958 10961 10961 10958 10965 10961 10965 10968 10968 10965 10967 10968 10967 10969 8175 10969 9169 9169 10969 10967 9169 10967 9168 9168 10967 10966 9168 10966 10964 10964 10966 10962 10964 10962 10957 10957 10962 10960 10957 10960 10928 10928 10960 10929 10970 10971 10972 10973 10974 10975 8641 8643 10976 10976 8643 10977 8637 8638 10978 10978 8638 10975 10978 10975 10979 10979 10975 10974 10979 10974 10980 9184 10981 9183 9183 10981 10982 9183 10982 8702 9181 9182 10983 10983 9182 9176 10931 10971 10930 10930 10971 10970 10930 10970 8685 9184 9179 10981 10981 9179 9181 10981 9181 10972 10972 9181 10983 10972 10983 10970 10970 10983 9176 10970 9176 8685 8638 8641 10975 10975 8641 10976 10975 10976 10973 10973 10976 10977 10973 10977 10984 8635 8637 10932 10932 8637 10978 10932 10978 10933 10933 10978 10979 10933 10979 10931 10931 10979 10980 10931 10980 10971 10971 10980 10974 10971 10974 10972 10972 10974 10973 10972 10973 10981 10981 10973 10984 10981 10984 10982 10985 10938 10935 8608 10940 10986 10986 10940 10987 10986 10987 10988 10988 10987 10989 10988 10989 10990 8239 10991 10992 10992 10991 10993 10992 10993 10994 10989 10995 10994 10994 10995 10996 10994 10996 10992 10992 10996 8239 10993 10997 10994 10994 10997 10998 10994 10998 10989 10989 10998 10999 10989 10999 10990 8234 8256 10935 10935 8256 11000 10935 11000 10985 10940 10941 10987 10987 10941 10938 10987 10938 10989 10989 10938 10985 10989 10985 10995 10995 10985 11000 10995 11000 10996 10996 11000 8256 10996 8256 8239 8612 11001 8614 8614 11001 10947 10947 11001 10949 10949 11001 11002 10949 11002 10950 8177 8178 11002 11002 8178 10956 11002 10956 10950 8621 11003 8620 8620 11003 11004 11004 11003 11005 11005 11003 11006 11005 11006 11007 11007 11006 11008 11007 11008 11009 11009 11008 11010 11009 11010 11011 11010 11012 11011 11011 11012 8176 11011 8176 8177 8623 8622 10961 8623 10961 11013 11013 10961 10968 11013 10968 11014 11014 10968 10969 11014 10969 11015 11015 10969 8175 11015 8175 8176 8643 8645 10977 10977 8645 11016 10977 11016 10984 11016 11017 10984 10984 11017 11018 10984 11018 10982 10982 11018 11019 10982 11019 8702 8702 11019 8700 11020 8609 8608 10991 8239 9122 9122 9124 11021 10991 9122 10993 10993 9122 11021 10993 11021 10997 8608 10986 11020 11020 10986 10988 11020 10988 11022 11022 10988 10990 11022 10990 11023 11023 10990 10999 11023 10999 10998 9126 9128 11024 11024 11025 9126 9126 11025 11021 9126 11021 9125 9125 11021 9124 8615 8609 11026 11026 8609 11020 11026 11020 11027 11027 11020 11022 11027 11022 11025 11025 11022 11023 11025 11023 11021 11021 11023 10998 11021 10998 10997 9130 8658 11028 11028 8658 11029 11028 11029 11030 11030 11029 11031 11030 11031 11032 8613 8615 11033 11033 8615 11026 11033 11026 11032 11032 11026 11027 11032 11027 11030 11030 11027 11025 11030 11025 11028 11028 11025 11024 11028 11024 9130 9130 11024 9128 11011 8177 11002 8612 8620 11001 11001 8620 11004 11004 11005 11001 11001 11005 11007 11001 11007 11002 11002 11007 11009 11002 11009 11011 8621 8623 11003 11003 8623 11013 8176 11012 11015 11015 11012 11010 11015 11010 11014 11014 11010 11008 11014 11008 11013 11013 11008 11006 11013 11006 11003 8626 11034 11035 11036 8628 8626 11036 8626 11037 11038 11039 11040 11040 11039 8630 11038 11041 11042 11038 11042 11043 9196 9192 11044 11044 9192 9194 11044 9194 11045 11046 8651 11047 11047 8651 9197 8645 8646 11016 11016 8646 8630 11016 8630 11017 11017 8630 11039 11017 11039 11018 11018 11039 11019 9194 9195 11045 11045 9195 9187 11045 9187 11048 11048 9187 9189 11048 9189 11049 11049 9189 9186 8626 8625 11050 11050 8625 11051 11050 11051 11052 11052 11051 11053 11052 11053 11054 8630 8628 11040 11040 8628 11036 11040 11036 11038 11038 11036 11037 11038 11037 11055 11055 11037 8626 11055 8626 11035 11055 11035 11038 11038 11035 11034 11038 11034 11041 11041 11034 8626 11041 8626 11042 11042 8626 11050 11042 11050 11043 11043 11050 11052 11043 11052 11047 11047 11052 11054 11047 11054 11046 9197 9196 11047 11047 9196 11044 11047 11044 11043 11043 11044 11045 11043 11045 11038 11038 11045 11048 11038 11048 11039 11039 11048 11049 11039 11049 11019 11019 11049 9186 11019 9186 8700 8658 8657 11029 11029 8657 11056 11029 11056 11031 11031 11056 11057 11031 11057 11032 11032 11057 11058 11032 11058 11033 11033 11058 11059 11033 11059 8613 8613 11059 11060 8613 11060 8611 8620 8612 8618 8618 8612 8611 8623 8621 8624 8624 8621 8619 8651 11046 8654 8654 11046 11061 11046 11054 11061 11061 11054 11053 11061 11053 11062 11062 11053 11051 11062 11051 8624 8624 11051 8625 8656 11063 8657 8657 11063 11056 11056 11063 11057 11057 11063 11064 11057 11064 11058 11058 11064 11065 11058 11065 11059 11059 11065 11066 11059 11066 11060 11066 11067 11060 11060 11067 8618 11060 8618 8611 8655 8654 11061 8655 11061 11068 11068 11061 11062 11068 11062 11069 11069 11062 8624 11069 8624 8619 11063 8656 8655 11063 8655 11064 11064 8655 11068 11064 11068 11065 11065 11068 11069 11065 11069 11066 11066 11069 11067 11067 11069 8619 11067 8619 8618 8515 8513 11070 8515 11070 11071 11071 11070 11072 11071 11072 11073 11073 11072 11074 11073 11074 11075 11075 11074 8467 11075 8467 8466 8471 8482 11076 11076 8482 11077 11076 11077 11078 11078 11077 11079 11078 11079 11080 11080 11079 11081 11080 11081 11082 11082 11081 11083 11082 11083 11084 11084 11083 11085 11084 11085 8467 8467 11085 8469 11086 8507 8515 8510 8508 11087 11087 8508 11088 11089 8458 11090 11090 8458 11091 11090 11091 11088 11088 11091 11092 11088 11092 11087 8508 8507 11088 11088 8507 11086 11088 11086 11090 11090 11086 11093 11090 11093 11089 11089 11093 11094 8515 11071 11086 11086 11071 11073 11086 11073 11093 11093 11073 11075 11093 11075 11094 11094 11075 8466 8498 8500 11095 8498 11095 11096 11096 11095 11097 11096 11097 11098 11098 11097 11099 11098 11099 11100 11100 11099 8468 11100 8468 8469 8459 8458 11101 11101 8458 11089 11101 11089 11102 11102 11089 11094 11102 11094 8468 8468 11094 8466 8511 8510 11087 8511 11087 11103 11103 11087 11092 11103 11092 11104 11104 11092 11091 11104 11091 11105 11105 11091 8458 11105 8458 8460 8459 11101 11106 11106 11101 11107 11106 11107 11108 11108 11107 11109 11108 11109 11110 11110 11109 11111 11110 11111 8504 8504 11111 8503 11101 11102 11107 11107 11102 11112 11107 11112 11109 11109 11112 11113 11109 11113 11111 11111 11113 11114 11111 11114 8503 8503 11114 8502 11102 8468 11112 11112 8468 11099 11112 11099 11113 11113 11099 11097 11113 11097 11114 11114 11097 11095 11114 11095 8502 8502 11095 8500 11115 11116 8460 11117 11118 11119 11120 11121 11122 8455 11123 11124 11124 11123 11125 11124 11125 11126 11126 11125 11127 11126 11127 11128 11116 11115 11127 11127 11115 11129 11127 11129 11128 11121 11117 11122 11122 11117 11119 11122 11119 11130 11130 11119 11131 11130 11131 11132 11132 11131 11133 11132 11133 8460 11118 8511 11119 11119 8511 11103 11119 11103 11131 11131 11103 11104 11131 11104 11133 11133 11104 11105 11133 11105 8460 11123 11120 11125 11125 11120 11122 11125 11122 11127 11127 11122 11130 11127 11130 11116 11116 11130 11132 11116 11132 8460 8504 8506 11134 8504 11134 11110 11110 11134 11135 11110 11135 11108 11108 11135 11136 11108 11136 11106 11106 11136 8461 11106 8461 8459 8460 8461 11115 11115 8461 11137 11115 11137 11129 11129 11137 11138 11129 11138 11128 11128 11138 11139 11128 11139 11126 11126 11139 11140 11126 11140 11124 11124 11140 11141 11124 11141 8455 8455 11141 8457 8511 11118 8509 8509 11118 11142 11118 11117 11142 11142 11117 11121 11142 11121 11143 8455 8454 11123 11123 8454 11143 11123 11143 11120 11120 11143 11121 8519 8509 11144 8519 11144 11145 11145 11144 11146 11145 11146 11147 11147 11146 11148 11147 11148 11149 11149 11148 7920 11149 7920 7919 11150 11137 8461 11150 8461 11151 11136 11151 8461 11152 11153 8457 8506 11154 11134 11134 11154 11155 11134 11155 11135 11135 11155 11156 11135 11156 11136 11154 11153 11155 11155 11153 11152 11155 11152 11156 11156 11152 11157 8457 11141 11152 11152 11141 11140 11152 11140 11157 11157 11140 11139 11157 11139 11138 11136 11156 11151 11151 11156 11157 11151 11157 11150 11150 11157 11138 11150 11138 11137 7907 7906 11158 11159 7924 7907 11159 7907 11160 11161 11162 11163 11146 11158 11148 11148 11158 7906 11148 7906 7920 11160 7907 11163 11163 7907 11158 11163 11158 11161 11161 11158 11146 11161 11146 11144 8454 11164 11162 11162 11164 11165 11162 11165 11163 11163 11165 11166 11163 11166 11160 11144 8509 11161 11161 8509 11142 11161 11142 11162 11162 11142 11143 11162 11143 8454 8506 8505 11167 8506 11167 11154 11154 11167 11168 11154 11168 11153 11153 11168 8456 11153 8456 8457 8454 8456 11164 11164 8456 11169 11164 11169 11165 11165 11169 11170 11165 11170 11166 11166 11170 11171 11166 11171 11160 11160 11171 11172 11160 11172 11159 11159 11172 11173 11159 11173 7924 7924 11173 7923 11174 11175 11176 11177 11178 11179 7923 11173 7912 7912 11173 11178 7912 11178 7913 7913 11178 11177 11175 11180 11177 11177 11180 11181 11177 11181 7913 7913 11181 11182 7913 11182 7915 11168 11167 11176 11176 11167 8505 11176 8505 11174 11173 11172 11178 11178 11172 11171 11178 11171 11179 11179 11171 11170 11179 11170 11169 11175 11177 11176 11176 11177 11179 11176 11179 11168 11168 11179 11169 11168 11169 8456 8505 8495 11174 11174 8495 11183 11174 11183 11175 11175 11183 11184 11175 11184 11180 11180 11184 11185 11180 11185 11181 11181 11185 11186 11181 11186 11182 11182 11186 11187 11182 11187 7915 7915 11187 7896 11188 11189 11190 11190 11189 11191 11190 11191 11192 11192 11191 11193 11192 11193 11194 11194 11193 11195 11194 11195 11196 11189 7911 11191 11191 7911 7910 11191 7910 11193 11193 7910 7909 11193 7909 11195 11197 11198 11199 11200 11196 11195 11198 11200 11199 11199 11200 11195 11199 11195 11201 11201 11195 7909 7909 7908 11201 11201 7908 11202 11201 11202 11199 11199 11202 11203 11199 11203 11197 11197 11203 11204 11205 11206 11207 11208 11209 11210 11211 11212 11213 11213 11212 11214 11215 11216 11217 11217 11216 11218 11219 11211 11220 11220 11211 11213 11220 11213 11221 11209 8942 11210 11210 8942 11222 11207 11223 11205 11205 11223 11210 11205 11210 11224 11224 11210 11222 11214 11218 11213 11213 11218 11216 11213 11216 11221 11221 11216 11215 11221 11215 11225 11208 11210 11226 11226 11210 11223 11226 11223 11204 11204 11223 11207 11204 11207 11197 11197 11207 11206 11197 11206 11198 11198 11206 11227 11198 11227 11200 11200 11227 11228 11200 11228 11196 11222 11225 11224 11224 11225 11215 11224 11215 11205 11205 11215 11217 11205 11217 11206 11206 11217 11218 11206 11218 11227 11227 11218 11214 11227 11214 11228 11228 11214 11212 11211 11219 11229 11211 11230 11212 11212 11230 11231 11212 11231 11228 11229 7807 11232 11232 7807 7806 11232 7806 11233 11233 7806 7805 11233 7805 11234 11211 11229 11230 11230 11229 11232 11230 11232 11231 11231 11232 11233 11231 11233 11228 11228 11233 11234 11228 11234 11196 11235 11236 11237 11236 11235 11238 11237 11239 11235 11235 11239 11240 11235 11240 11241 11241 11240 11242 11241 11242 11243 11243 11244 11241 11241 11244 11245 11241 11245 11235 11235 11245 11246 11235 11246 11238 11234 7805 11244 11244 7805 8107 11244 8107 11245 11245 8107 8109 11245 8109 11246 11243 11247 11244 11244 11247 11248 11244 11248 11234 11234 11248 11196 11249 11250 11251 11251 11250 11252 11253 11254 11249 11249 11254 11250 11250 11254 11255 11250 11255 11252 11256 8098 11253 11253 8098 8096 11253 8096 11254 11254 8096 8094 11254 8094 11255 11251 11257 11249 11249 11257 11258 11249 11258 11253 11253 11258 11259 11253 11259 11256 11256 11259 11260 11261 11262 11263 11264 11265 11266 11267 11268 11269 11269 11268 11259 11269 11259 11258 11260 11259 11270 11270 11259 11268 11270 11268 11271 11271 11268 11267 11271 11267 11272 11265 11264 11273 11273 11264 11261 11273 11261 11274 11274 11261 11263 11274 11263 11275 11262 11261 11276 11276 11261 11264 11276 11264 11277 11277 11264 11266 11277 11266 11278 8940 11262 11279 11279 11262 11276 11279 11276 11280 11280 11276 11277 11280 11277 11281 11281 11277 11278 11281 11278 11282 11275 11272 11274 11274 11272 11267 11274 11267 11273 11273 11267 11269 11273 11269 11265 11265 11269 11258 11265 11258 11266 11266 11258 11257 11266 11257 11278 11278 11257 11251 11278 11251 11282 11282 11251 11252 11275 11283 11272 11272 11283 11284 11272 11284 11271 11271 11284 11285 11271 11285 11270 11270 11285 11286 11270 11286 11260 11283 8015 11284 11284 8015 8014 11284 8014 11285 11285 8014 8007 11285 8007 11286 11287 11288 11289 11290 11260 11286 11288 11290 11289 11289 11290 11286 11289 11286 11291 11291 11286 8007 8007 8006 11291 11291 8006 11292 11291 11292 11289 11289 11292 11293 11289 11293 11287 11287 11293 11294 11295 11296 11297 11298 11299 11300 11300 11299 11301 11300 11302 11298 11298 11302 11303 11298 11303 11304 11304 11303 11305 11306 11307 11297 11297 11307 11308 11297 11308 11295 11309 11310 11311 11311 11310 11312 11311 11312 11313 11313 11312 11314 11313 11314 11315 11315 11314 11316 11305 11316 11304 11304 11316 11314 11304 11314 11298 11298 11314 11312 11298 11312 11299 11299 11312 11310 11317 11295 11318 11318 11295 11308 11318 11308 11294 11294 11308 11307 11294 11307 11287 11287 11307 11306 11287 11306 11288 11317 8114 11295 11295 8114 11309 11295 11309 11296 11296 11309 11311 11296 11311 11297 11297 11311 11313 11297 11313 11306 11306 11313 11315 11306 11315 11288 11288 11315 11316 11288 11316 11290 11290 11316 11305 11290 11305 11260 11319 11320 11321 11322 11323 11324 8953 11325 8948 8948 11325 11326 8948 11326 8949 8949 11326 11327 8949 11327 8950 8950 11327 11328 11325 11322 11326 11326 11322 11324 11326 11324 11327 11327 11324 11329 11327 11329 11328 11328 11329 11330 11323 11319 11324 11324 11319 11321 11324 11321 11329 11329 11321 11331 11329 11331 11330 11330 11331 11332 11320 8936 11321 11321 8936 9092 11321 9092 11331 11331 9092 9094 11331 9094 11332 11332 9094 8930 8930 8932 11333 8930 11333 11332 11332 11333 11334 11332 11334 11330 11330 11334 11335 11330 11335 11328 11328 11335 8947 11328 8947 8950 8934 8936 11336 11336 8936 11320 11336 11320 11337 11337 11320 11319 11337 11319 11338 11338 11319 11323 11338 11323 11339 11339 11323 11322 11339 11322 11340 11340 11322 11325 11340 11325 8955 8955 11325 8953 8945 8947 11335 8938 8945 11341 8939 8938 11342 11342 8938 11343 11342 11343 11344 11344 11343 11345 11345 11343 11346 11345 11346 11347 11347 11346 11348 11347 11348 11349 11350 11351 11349 11349 11351 11347 8003 11350 9075 9075 11350 11349 9075 11349 9077 9077 11349 11348 9077 11348 9078 11352 9080 9081 8945 11335 11341 11341 11335 11334 11341 11334 11353 11353 11334 11333 11353 11333 11352 11352 11333 8932 11352 8932 9080 8938 11341 11343 11343 11341 11353 11343 11353 11346 11346 11353 11352 11346 11352 11348 11348 11352 9081 11348 9081 9078 9084 9086 11354 11354 9086 9088 7904 9082 11355 11355 9082 11356 11355 11356 11357 11357 11356 11358 11359 11360 11361 11361 11360 11362 11361 11362 11363 9082 9084 11356 11356 9084 11354 11356 11354 11358 11358 11354 11360 11358 11360 11364 11364 11360 11359 8941 8943 11362 11362 8943 8944 11362 8944 11363 11340 8955 11365 11365 8955 8941 11366 11367 11336 11336 11367 9090 11336 9090 8934 11336 11337 11366 11366 11337 11338 11366 11338 11365 11365 11338 11339 11365 11339 11340 8941 11362 11365 11365 11362 11360 11365 11360 11366 11366 11360 11354 11366 11354 11367 11367 11354 9088 11367 9088 9090 11368 11369 11370 8004 8005 11371 8003 8004 11372 11372 8004 11373 11374 11375 11350 11344 11369 11342 11342 11369 11368 11342 11368 8939 11345 11347 11375 11375 11347 11351 11375 11351 11350 8939 11368 11376 11376 11368 11370 11376 11370 11377 11377 11370 11378 11377 11378 11379 11373 11380 11372 11372 11380 11381 11372 11381 8003 8004 11371 11373 11373 11371 11382 11373 11382 11380 11380 11382 11374 11380 11374 11381 11381 11374 11350 11381 11350 8003 11344 11345 11369 11369 11345 11375 11369 11375 11370 11370 11375 11374 11370 11374 11378 11378 11374 11382 11378 11382 11379 11379 11382 11371 11379 11371 11383 11383 11371 8005 7925 7904 11384 11385 7926 11386 11386 7926 7925 11386 7925 11387 11388 11389 11390 11390 11389 11391 11390 11391 11392 11392 11391 11393 11393 11391 11361 11393 11361 11363 7904 11355 11394 11394 11355 11357 11394 11357 11388 11390 11395 11388 11388 11395 11384 11388 11384 11394 11394 11384 7904 11357 11358 11388 11388 11358 11389 11389 11358 11364 11389 11364 11391 11391 11364 11359 11391 11359 11361 7925 11384 11387 11387 11384 11395 11387 11395 11386 11386 11395 11390 11386 11390 11385 11385 11390 11392 11385 11392 11396 11396 11392 11393 11396 11393 11397 11397 11393 11363 11397 11363 8944 11398 11399 11400 8113 11401 8111 8111 11401 11400 8111 11400 8115 8115 11400 11399 8115 11399 8116 8116 11399 8117 11402 11403 11398 11404 11401 11405 11405 11401 8113 11405 8113 8114 11398 11400 11402 11402 11400 11401 11402 11401 11406 11406 11401 11404 11406 11404 11407 8006 9096 11407 11407 9096 9097 11407 9097 11406 11406 9097 9098 11406 9098 11402 11402 9098 9099 11402 9099 11403 11403 9099 7911 11294 11293 11407 11407 11293 11292 11407 11292 8006 11407 11404 11294 11294 11404 11405 11294 11405 11318 11318 11405 8114 11318 8114 11317 8940 8939 11262 11262 8939 11376 11262 11376 11263 11263 11376 11377 11263 11377 11275 11377 11379 11275 11275 11379 11383 11275 11383 11283 8005 8015 11383 11383 8015 11283 11282 11252 11408 7807 11229 7808 7808 11229 11409 7808 11409 7809 7809 11409 7810 7810 11409 11410 7810 11410 7811 7811 11410 7812 7812 11410 11411 7812 11411 7813 7813 11411 7814 7814 11411 11412 7814 11412 7815 7815 11412 11413 7815 11413 7817 7817 11413 11414 7817 11414 7816 7816 11414 11415 7816 11415 8087 8087 11415 8089 8089 11415 11416 8089 11416 8091 8091 11416 8093 8093 11416 11255 8093 11255 8094 8940 11279 11417 11417 11279 11280 11417 11280 11281 11220 11221 11418 11418 11221 8957 11418 8957 11419 11419 8957 8956 11419 8956 11420 11420 8956 8954 11420 8954 11421 11421 8954 8952 11421 8952 11422 11422 8952 8951 11422 8951 11423 11423 8951 8958 11423 8958 11424 11424 8958 8959 11424 8959 11417 11417 8959 8946 11417 8946 8940 11222 8942 8957 11222 8957 11225 11225 8957 11221 11229 11219 11409 11409 11219 11425 11409 11425 11410 11410 11425 11426 11410 11426 11411 11411 11426 11427 11411 11427 11412 11412 11427 11428 11412 11428 11413 11413 11428 11429 11413 11429 11414 11414 11429 11430 11414 11430 11415 11415 11430 11431 11415 11431 11416 11416 11431 11408 11416 11408 11255 11255 11408 11252 11219 11220 11425 11425 11220 11418 11425 11418 11426 11426 11418 11419 11426 11419 11427 11427 11419 11420 11427 11420 11428 11428 11420 11421 11428 11421 11429 11429 11421 11422 11429 11422 11430 11430 11422 11423 11430 11423 11431 11431 11423 11424 11431 11424 11408 11408 11424 11417 11408 11417 11282 11282 11417 11281 11208 11226 11397 11397 11226 11204 11397 11204 11396 11396 11204 11203 11396 11203 11385 11385 11203 11202 11385 11202 7926 7926 11202 7908 8944 8942 11397 11397 8942 11209 11397 11209 11208 11432 11433 8117 7911 11189 11403 11403 11189 11188 11403 11188 11398 11398 11188 11432 11398 11432 11399 11399 11432 8117 11301 11434 11300 11300 11434 11435 11300 11435 11302 11302 11435 11436 11302 11436 11303 11303 11436 11305 11437 8102 11438 11438 8102 8100 11438 8100 11439 11439 8100 8098 11439 8098 11256 11434 11437 11435 11435 11437 11438 11435 11438 11436 11436 11438 11439 11436 11439 11305 11305 11439 11256 11305 11256 11260 11440 11441 11442 11443 11239 11444 11444 11239 11237 11441 11440 11445 11445 11440 11446 11445 11446 11447 11447 11446 11448 11447 11448 11449 11449 11448 11190 11449 11190 11192 11247 11243 11450 11450 11243 11451 11451 11243 11452 11452 11243 11242 11452 11242 11443 11443 11242 11240 11443 11240 11239 11194 11196 11248 11247 11450 11248 11248 11450 11453 11248 11453 11194 11442 8117 11440 11440 8117 11433 11440 11433 11446 11446 11433 11432 11446 11432 11448 11448 11432 11188 11448 11188 11190 11444 11442 11443 11443 11442 11441 11443 11441 11452 11452 11441 11445 11452 11445 11451 11451 11445 11447 11451 11447 11450 11450 11447 11449 11450 11449 11453 11453 11449 11192 11453 11192 11194 11310 11309 11454 11455 11456 11437 8110 8105 11456 11456 8105 8103 11456 8103 11437 11437 8103 8102 11442 11444 11454 11454 11444 11237 11454 11237 11455 11455 11237 11236 11455 11236 11456 11456 11236 11238 11456 11238 8110 8110 11238 11246 8110 11246 8109 8112 8117 11442 11442 11454 8112 8112 11454 11309 8112 11309 8114 11437 11434 11455 11455 11434 11301 11455 11301 11454 11454 11301 11299 11454 11299 11310 11457 11458 11459 11459 11458 11460 11459 11460 11461 11461 11460 11462 11461 11462 11463 11463 11462 11464 11463 11464 11465 11458 7985 11460 11460 7985 7984 11460 7984 11462 11462 7984 7997 11462 7997 11464 11466 11467 11468 11469 11465 11464 11467 11469 11468 11468 11469 11464 11468 11464 11470 11470 11464 7997 7997 7996 11470 11470 7996 11471 11470 11471 11468 11468 11471 11472 11468 11472 11466 11466 11472 11473 11474 11475 11476 11477 11478 11479 11480 11481 11482 11482 11481 11483 11484 11485 11486 11486 11485 11487 11488 11480 11489 11489 11480 11482 11489 11482 11490 11478 8132 11479 11479 8132 11491 11476 11492 11474 11474 11492 11479 11474 11479 11493 11493 11479 11491 11483 11487 11482 11482 11487 11485 11482 11485 11490 11490 11485 11484 11490 11484 11494 11477 11479 11495 11495 11479 11492 11495 11492 11473 11473 11492 11476 11473 11476 11466 11466 11476 11475 11466 11475 11467 11467 11475 11496 11467 11496 11469 11469 11496 11497 11469 11497 11465 11491 11494 11493 11493 11494 11484 11493 11484 11474 11474 11484 11486 11474 11486 11475 11475 11486 11487 11475 11487 11496 11496 11487 11483 11496 11483 11497 11497 11483 11481 11480 11488 11498 11480 11499 11481 11481 11499 11500 11481 11500 11497 11498 7828 11501 11501 7828 7827 11501 7827 11502 11502 7827 7826 11502 7826 11503 11480 11498 11499 11499 11498 11501 11499 11501 11500 11500 11501 11502 11500 11502 11497 11497 11502 11503 11497 11503 11465 11504 11505 11506 11507 11508 11509 11508 11507 11510 11509 11511 11507 11507 11511 11512 11507 11512 11504 11504 11512 11513 11504 11513 11505 11506 11514 11504 11504 11514 11515 11504 11515 11507 11507 11515 11516 11507 11516 11510 11503 7826 11514 11514 7826 7825 11514 7825 11515 11515 7825 7824 11515 7824 11516 11506 11517 11514 11514 11517 11518 11514 11518 11503 11503 11518 11465 11519 11520 11521 11521 11520 11522 11523 11524 11519 11519 11524 11520 11520 11524 11525 11520 11525 11522 11526 7818 11523 11523 7818 8084 11523 8084 11524 11524 8084 8085 11524 8085 11525 11521 11527 11519 11519 11527 11528 11519 11528 11523 11523 11528 11529 11523 11529 11526 11526 11529 11530 11531 11532 11533 11534 11535 11536 11537 11538 11539 11539 11538 11529 11539 11529 11528 11530 11529 11540 11540 11529 11538 11540 11538 11541 11541 11538 11537 11541 11537 11542 11535 11534 11543 11543 11534 11531 11543 11531 11544 11544 11531 11533 11544 11533 11545 11532 11531 11546 11546 11531 11534 11546 11534 11547 11547 11534 11536 11547 11536 11548 8128 11532 11549 11549 11532 11546 11549 11546 11550 11550 11546 11547 11550 11547 11551 11551 11547 11548 11551 11548 11552 11545 11542 11544 11544 11542 11537 11544 11537 11543 11543 11537 11539 11543 11539 11535 11535 11539 11528 11535 11528 11536 11536 11528 11527 11536 11527 11548 11548 11527 11521 11548 11521 11552 11552 11521 11522 11545 11553 11542 11542 11553 11554 11542 11554 11541 11541 11554 11555 11541 11555 11540 11540 11555 11556 11540 11556 11530 11553 7921 11554 11554 7921 7914 11554 7914 11555 11555 7914 7917 11555 7917 11556 11557 11558 11559 11560 11530 11556 11558 11560 11559 11559 11560 11556 11559 11556 11561 11561 11556 7917 7917 7916 11561 11561 7916 11562 11561 11562 11559 11559 11562 11563 11559 11563 11557 11557 11563 11564 11565 11566 11567 11568 11569 11570 11570 11569 11571 11570 11572 11568 11568 11572 11573 11568 11573 11574 11574 11573 11575 11576 11577 11567 11567 11577 11578 11567 11578 11565 11579 11580 11581 11581 11580 11582 11581 11582 11583 11583 11582 11584 11583 11584 11585 11585 11584 11586 11575 11586 11574 11574 11586 11584 11574 11584 11568 11568 11584 11582 11568 11582 11569 11569 11582 11580 11587 11565 11588 11588 11565 11578 11588 11578 11564 11564 11578 11577 11564 11577 11557 11557 11577 11576 11557 11576 11558 11587 8924 11565 11565 8924 11579 11565 11579 11566 11566 11579 11581 11566 11581 11567 11567 11581 11583 11567 11583 11576 11576 11583 11585 11576 11585 11558 11558 11585 11586 11558 11586 11560 11560 11586 11575 11560 11575 11530 8125 11589 8123 8123 11589 11590 8123 11590 8118 8118 11590 11591 8118 11591 8119 8119 11591 11592 11589 11593 11590 11590 11593 11594 11590 11594 11591 11591 11594 11595 11591 11595 11592 11592 11595 11596 11593 8922 11594 11594 8922 8999 11594 8999 11595 11595 8999 9001 11595 9001 11596 11596 9001 8916 8918 11597 8916 8916 11597 11596 11597 11598 11596 11596 11598 11599 11596 11599 11592 8121 8119 11600 11600 8119 11592 11600 11592 11601 11601 11592 11599 8920 8922 11602 11602 8922 11593 11602 11593 11603 11603 11593 11604 11604 11593 11589 11604 11589 11605 11605 11589 11606 11606 11589 8125 11606 8125 8137 8129 8127 11607 8130 8129 11608 11608 8129 11609 11608 11609 11610 11611 11612 11613 11613 11612 11614 11613 11614 11615 11611 11613 11616 11616 11613 9037 11616 9037 7903 11617 9040 9039 11597 8918 11618 11618 8918 9042 11618 9042 9043 11597 11618 11598 11598 11618 11619 11598 11619 11599 11599 11619 11601 11601 11619 11607 11601 11607 11600 11600 11607 8127 11600 8127 8121 11610 11609 11620 11620 11609 11621 11620 11621 11615 11615 11621 11617 11615 11617 11613 11613 11617 9039 11613 9039 9037 8129 11607 11609 11609 11607 11619 11609 11619 11621 11621 11619 11618 11621 11618 11617 11617 11618 9043 11617 9043 9040 9036 9030 11622 11623 11624 11625 11625 11624 11626 11625 11626 11627 11628 11629 11630 11630 11629 11631 11630 11631 11632 11628 11633 11629 11629 11633 11623 11629 11623 11622 11622 11623 11625 11622 11625 9036 9036 11625 11627 9036 11627 7986 8131 8133 11631 11631 8133 8134 11631 8134 11632 11606 8137 11634 11634 8137 8131 11635 11636 11602 11602 11636 9029 11602 9029 8920 11602 11603 11635 11635 11603 11604 11635 11604 11634 11634 11604 11605 11634 11605 11606 8131 11631 11634 11634 11631 11629 11634 11629 11635 11635 11629 11622 11635 11622 11636 11636 11622 9030 11636 9030 9029 11637 11638 11639 7905 7922 11640 7903 7905 11641 11641 7905 11642 11616 7903 11641 11643 11644 11611 8130 11608 11637 11637 11608 11638 11638 11608 11610 11638 11610 11620 11615 11614 11644 11644 11614 11612 11644 11612 11611 8130 11637 11645 11645 11637 11639 11645 11639 11646 11646 11639 11647 11646 11647 11648 11642 11649 11641 11641 11649 11650 11641 11650 11616 7905 11640 11642 11642 11640 11651 11642 11651 11649 11649 11651 11643 11649 11643 11650 11650 11643 11611 11650 11611 11616 11620 11615 11638 11638 11615 11644 11638 11644 11639 11639 11644 11643 11639 11643 11647 11647 11643 11651 11647 11651 11648 11648 11651 11640 11648 11640 11652 11652 11640 7922 11653 7988 11654 11654 7988 7987 11654 7987 11655 11656 11657 11658 11658 11657 11659 11658 11659 11660 11660 11659 11661 11661 11659 11630 11661 11630 11632 11626 11624 11662 11662 11624 11656 11663 7986 11627 11658 11664 11656 11656 11664 11663 11656 11663 11662 11662 11663 11627 11662 11627 11626 7987 7986 11663 11624 11623 11656 11656 11623 11657 11657 11623 11633 11657 11633 11659 11659 11633 11628 11659 11628 11630 7987 11663 11655 11655 11663 11664 11655 11664 11654 11654 11664 11658 11654 11658 11653 11653 11658 11660 11653 11660 11665 11665 11660 11661 11665 11661 11666 11666 11661 11632 11666 11632 8134 9144 9142 11667 9143 11668 7916 7916 11668 11669 11669 11668 11670 11670 11668 11671 11670 11671 11672 11671 11673 11672 11672 11673 8925 11672 8925 8924 8928 8929 11674 11674 8929 11675 11674 11675 11676 11676 11675 11677 11676 11677 11678 11677 11679 11678 11678 11679 9140 11678 9140 7985 8929 8927 11675 11675 8927 11680 11675 11680 11677 11677 11680 11681 11677 11681 11679 11679 11681 11667 11667 9142 11679 11679 9142 9141 11679 9141 9140 9143 9144 11668 11668 9144 11667 11668 11667 11671 11671 11667 11681 11671 11681 11673 11673 11681 11680 11673 11680 8925 8925 11680 8927 7916 11669 11562 11562 11669 11563 11563 11669 11670 11563 11670 11564 11564 11670 11672 11564 11672 11588 11588 11672 8924 11588 8924 11587 8128 8130 11532 11532 8130 11645 11532 11645 11533 11533 11645 11646 11533 11646 11545 11646 11648 11545 11545 11648 11652 11545 11652 11553 7922 7921 11652 11652 7921 11553 11552 11522 11682 7828 11498 7829 7829 11498 11683 7829 11683 7830 7830 11683 7831 7831 11683 11684 7831 11684 7832 7832 11684 7833 7833 11684 11685 7833 11685 8064 8064 11685 8066 8066 11685 11686 8066 11686 8069 8069 11686 11687 8069 11687 8072 8072 11687 11688 8072 11688 8074 8074 11688 11689 8074 11689 8076 8076 11689 8078 8078 11689 11690 8078 11690 8080 8080 11690 8082 8082 11690 11525 8082 11525 8085 8128 11549 11691 11691 11549 11550 11691 11550 11551 11489 11490 11692 11692 11490 8139 11692 8139 11693 11693 8139 8138 11693 8138 11694 11694 8138 8136 11694 8136 11695 11695 8136 8135 11695 8135 11696 11696 8135 8124 11696 8124 11697 11697 8124 8120 11697 8120 11698 11698 8120 8122 11698 8122 11691 11691 8122 8126 11691 8126 8128 11491 8132 8139 11491 8139 11494 11494 8139 11490 11498 11488 11683 11683 11488 11699 11683 11699 11684 11684 11699 11700 11684 11700 11685 11685 11700 11701 11685 11701 11686 11686 11701 11702 11686 11702 11687 11687 11702 11703 11687 11703 11688 11688 11703 11704 11688 11704 11689 11689 11704 11705 11689 11705 11690 11690 11705 11682 11690 11682 11525 11525 11682 11522 11488 11489 11699 11699 11489 11692 11699 11692 11700 11700 11692 11693 11700 11693 11701 11701 11693 11694 11701 11694 11702 11702 11694 11695 11702 11695 11703 11703 11695 11696 11703 11696 11704 11704 11696 11697 11704 11697 11705 11705 11697 11698 11705 11698 11682 11682 11698 11691 11682 11691 11552 11552 11691 11551 11477 11495 11666 11666 11495 11473 11666 11473 11665 11665 11473 11472 11665 11472 11653 11653 11472 11471 11653 11471 7988 7988 11471 7996 8134 8132 11666 11666 8132 11478 11666 11478 11477 11706 11707 8928 7985 11458 11678 11678 11458 11457 11678 11457 11676 11676 11457 11706 11676 11706 11674 11674 11706 8928 11708 11709 11710 11570 11571 11709 11570 11711 11572 11572 11711 11712 11572 11712 11573 11573 11712 11575 11710 7820 11708 11708 7820 7819 11708 7819 11713 11713 7819 7818 11713 7818 11526 11570 11709 11711 11711 11709 11708 11711 11708 11712 11712 11708 11713 11712 11713 11575 11575 11713 11526 11575 11526 11530 11714 11517 11506 11715 11716 11717 11718 11511 11719 11719 11511 11509 11716 11715 11720 11720 11715 11721 11720 11721 11722 11722 11721 11723 11722 11723 11724 11724 11723 11459 11724 11459 11461 11714 11506 11725 11725 11506 11505 11725 11505 11726 11726 11505 11513 11726 11513 11718 11718 11513 11512 11718 11512 11511 11463 11465 11518 11517 11714 11518 11518 11714 11727 11518 11727 11463 11717 8928 11715 11715 8928 11707 11715 11707 11721 11721 11707 11706 11721 11706 11723 11723 11706 11457 11723 11457 11459 11719 11717 11718 11718 11717 11716 11718 11716 11726 11726 11716 11720 11726 11720 11725 11725 11720 11722 11725 11722 11714 11714 11722 11724 11714 11724 11727 11727 11724 11461 11727 11461 11463 11580 11579 11728 11729 11730 11710 7823 7822 11730 11730 7822 7821 11730 7821 11710 11710 7821 7820 11717 11719 11728 11728 11719 11509 11728 11509 11729 11729 11509 11508 11729 11508 11730 11730 11508 11510 11730 11510 7823 7823 11510 11516 7823 11516 7824 8926 8928 11717 11717 11728 8926 8926 11728 11579 8926 11579 8924 11710 11709 11729 11729 11709 11571 11729 11571 11728 11728 11571 11569 11728 11569 11580 11731 11732 11733 11733 11732 11734 11733 11734 11735 11735 11734 11736 11735 11736 11737 11737 11736 11738 11737 11738 11739 11732 8013 11734 11734 8013 8012 11734 8012 11736 11736 8012 8011 11736 8011 11738 11740 11741 11742 11743 11739 11738 11741 11743 11742 11742 11743 11738 11742 11738 11744 11744 11738 8011 8011 8010 11744 11744 8010 11745 11744 11745 11742 11742 11745 11746 11742 11746 11740 11740 11746 11747 11748 11749 11750 11751 11752 11753 11754 11755 11756 11756 11755 11757 11758 11759 11760 11760 11759 11761 11762 11754 11763 11763 11754 11756 11763 11756 11764 11752 8879 11753 11753 8879 11765 11750 11766 11748 11748 11766 11753 11748 11753 11767 11767 11753 11765 11757 11761 11756 11756 11761 11759 11756 11759 11764 11764 11759 11758 11764 11758 11768 11751 11753 11769 11769 11753 11766 11769 11766 11747 11747 11766 11750 11747 11750 11740 11740 11750 11749 11740 11749 11741 11741 11749 11770 11741 11770 11743 11743 11770 11771 11743 11771 11739 11765 11768 11767 11767 11768 11758 11767 11758 11748 11748 11758 11760 11748 11760 11749 11749 11760 11761 11749 11761 11770 11770 11761 11757 11770 11757 11771 11771 11757 11755 11754 11762 11772 11754 11773 11755 11755 11773 11774 11755 11774 11771 11772 8055 11775 11775 8055 8054 11775 8054 11776 11776 8054 8052 11776 8052 11777 11754 11772 11773 11773 11772 11775 11773 11775 11774 11774 11775 11776 11774 11776 11771 11771 11776 11777 11771 11777 11739 11778 11779 11780 11781 11782 11783 11782 11781 11784 11783 11785 11781 11781 11785 11786 11781 11786 11778 11778 11786 11787 11778 11787 11779 11780 11788 11778 11778 11788 11789 11778 11789 11781 11781 11789 11790 11781 11790 11784 11777 8052 11788 11788 8052 8050 11788 8050 11789 11789 8050 8048 11789 8048 11790 11780 11791 11788 11788 11791 11792 11788 11792 11777 11777 11792 11739 11793 11794 11795 11795 11794 7073 11796 11797 11793 11793 11797 11794 11794 11797 7075 11794 7075 7073 11798 7835 11796 11796 7835 7834 11796 7834 11797 11797 7834 7076 11797 7076 7075 11795 11799 11793 11793 11799 11800 11793 11800 11796 11796 11800 11801 11796 11801 11798 11798 11801 11802 11803 11804 11805 11806 11807 11808 11809 11810 11811 11811 11810 11801 11811 11801 11800 11802 11801 11812 11812 11801 11810 11812 11810 11813 11813 11810 11809 11813 11809 11814 11807 11806 11815 11815 11806 11803 11815 11803 11816 11816 11803 11805 11816 11805 11817 11804 11803 11818 11818 11803 11806 11818 11806 11819 11819 11806 11808 11819 11808 11820 7079 11804 7080 7080 11804 11818 7080 11818 7082 7082 11818 11819 7082 11819 7083 7083 11819 11820 7083 11820 7072 11817 11814 11816 11816 11814 11809 11816 11809 11815 11815 11809 11811 11815 11811 11807 11807 11811 11800 11807 11800 11808 11808 11800 11799 11808 11799 11820 11820 11799 11795 11820 11795 7072 7072 11795 7073 11817 11821 11814 11814 11821 11822 11814 11822 11813 11813 11822 11823 11813 11823 11812 11812 11823 11824 11812 11824 11802 11821 7943 11822 11822 7943 7940 11822 7940 11823 11823 7940 7941 11823 7941 11824 11825 11826 11827 11826 11825 11828 11828 11825 11829 11828 11829 11830 11824 7941 11831 11831 7941 7942 7942 11829 11831 11831 11829 11825 11831 11825 11824 11824 11825 11827 11824 11827 11802 11832 11833 11834 11835 11836 11837 11837 11836 11838 11837 11839 11835 11835 11839 11840 11835 11840 11841 11841 11840 11842 11843 11844 11834 11834 11844 11845 11834 11845 11832 11846 11847 11848 11848 11847 11849 11848 11849 11850 11850 11849 11851 11850 11851 11852 11852 11851 11853 11842 11853 11841 11841 11853 11851 11841 11851 11835 11835 11851 11849 11835 11849 11836 11836 11849 11847 11854 11832 11855 11855 11832 11845 11855 11845 11830 11830 11845 11844 11830 11844 11828 11828 11844 11843 11828 11843 11826 11854 8149 11832 11832 8149 11846 11832 11846 11833 11833 11846 11848 11833 11848 11834 11834 11848 11850 11834 11850 11843 11843 11850 11852 11843 11852 11826 11826 11852 11853 11826 11853 11827 11827 11853 11842 11827 11842 11802 11856 11857 11858 8885 11859 8884 8884 11859 11860 8884 11860 8883 8883 11860 11861 8883 11861 8882 8882 11861 11862 11859 11856 11860 11860 11856 11858 11860 11858 11861 11861 11858 11863 11861 11863 11862 11862 11863 11864 11857 8872 11858 11858 8872 9061 11858 9061 11863 11863 9061 9063 11863 9063 11864 11864 9063 8866 8868 11865 8866 8866 11865 11864 11865 11866 11864 11864 11866 11867 11864 11867 11862 8877 8882 11868 11868 8882 11862 11868 11862 11869 11869 11862 11867 8870 8872 11857 8870 11857 11870 11870 11857 11856 11870 11856 11871 11871 11856 11859 11871 11859 11872 11872 11859 8885 11872 8885 8886 8874 8876 11873 8875 8874 11874 11874 8874 11875 11874 11875 11876 11877 11878 11879 11879 11878 11880 11877 11879 11881 11881 11879 9060 11881 9060 7932 11876 11875 11882 11882 11875 11883 11882 11883 11880 11880 11883 11884 11880 11884 11879 11879 11884 9058 11879 9058 9060 9056 11885 8868 8868 11885 11865 11865 11885 11866 11866 11885 11886 11866 11886 11867 11867 11886 11869 11869 11886 11873 11869 11873 11868 11868 11873 8876 11868 8876 8877 8874 11873 11875 11875 11873 11886 11875 11886 11883 11883 11886 11885 11883 11885 11884 11884 11885 9056 11884 9056 9058 9067 9069 11887 11887 9069 9071 8000 9065 11888 11888 9065 11889 11890 11891 11889 11889 11891 11892 11889 11892 11888 11893 11894 11895 11895 11894 11896 11895 11896 11897 9065 9067 11889 11889 9067 11887 11889 11887 11890 11890 11887 11894 11890 11894 11898 11898 11894 11893 8878 8880 11896 11896 8880 8881 11896 8881 11897 8886 8878 11899 8886 11899 11872 11872 11899 11900 11872 11900 11871 11871 11900 11901 11871 11901 11870 11870 11901 9073 11870 9073 8870 8878 11896 11899 11899 11896 11894 11899 11894 11900 11900 11894 11887 11900 11887 11901 11901 11887 9071 11901 9071 9073 11902 11903 11904 7933 7944 11905 7932 7933 11906 11906 7933 11907 11881 7932 11906 11908 11909 11877 11876 11903 11874 11874 11903 11902 11874 11902 8875 11882 11880 11909 11909 11880 11878 11909 11878 11877 8875 11902 11910 11910 11902 11904 11910 11904 11911 11911 11904 11912 11911 11912 11913 11907 11914 11906 11906 11914 11915 11906 11915 11881 7933 11905 11907 11907 11905 11916 11907 11916 11914 11914 11916 11908 11914 11908 11915 11915 11908 11877 11915 11877 11881 11876 11882 11903 11903 11882 11909 11903 11909 11904 11904 11909 11908 11904 11908 11912 11912 11908 11916 11912 11916 11913 11913 11916 11905 11913 11905 11917 11917 11905 7944 11918 8009 11919 11919 8009 8008 11919 8008 11920 11921 11922 11923 11923 11922 11924 11923 11924 11925 11925 11924 11926 11926 11924 11895 11926 11895 11897 11892 11891 11927 11927 11891 11921 11928 8000 11888 11923 11929 11921 11921 11929 11928 11921 11928 11927 11927 11928 11888 11927 11888 11892 8008 8000 11928 11891 11890 11921 11921 11890 11922 11922 11890 11898 11922 11898 11924 11924 11898 11893 11924 11893 11895 8008 11928 11920 11920 11928 11929 11920 11929 11919 11919 11929 11923 11919 11923 11918 11918 11923 11925 11918 11925 11930 11930 11925 11926 11930 11926 11931 11931 11926 11897 11931 11897 8881 11932 11933 11934 8150 11935 8152 8152 11935 11934 8152 11934 8151 8151 11934 11933 8151 11933 8146 8146 11933 8147 11936 11937 11932 11938 11935 11939 11939 11935 8150 11939 8150 8149 11932 11934 11936 11936 11934 11935 11936 11935 11940 11940 11935 11938 11940 11938 11941 7942 9170 11941 11941 9170 9171 11941 9171 11940 11940 9171 9172 11940 9172 11936 11936 9172 9173 11936 9173 11937 11937 9173 8013 7942 11941 11829 11829 11941 11938 11829 11938 11830 11830 11938 11939 11830 11939 11855 11855 11939 8149 11855 8149 11854 7079 8875 11804 11804 8875 11910 11804 11910 11805 11805 11910 11911 11805 11911 11817 11911 11913 11817 11817 11913 11917 11817 11917 11821 7944 7943 11917 11917 7943 11821 11942 8888 11943 11943 8888 8887 11943 8887 7084 7084 8887 7085 11762 11763 11942 11765 8879 8888 11765 8888 11768 11768 8888 11942 11768 11942 11764 11764 11942 11763 11944 8061 11945 11945 8061 8059 11945 8059 8057 7098 7097 11944 11944 7097 8063 11944 8063 8061 11945 11946 11944 11944 11946 11947 11944 11947 7098 7098 11947 7113 7084 7113 11943 11943 7113 11947 11943 11947 11942 11942 11947 11946 11942 11946 11762 11762 11946 11945 11762 11945 11772 11772 11945 8057 11772 8057 8055 11751 11769 11931 11931 11769 11747 11931 11747 11930 11930 11747 11746 11930 11746 11918 11918 11746 11745 11918 11745 8009 8009 11745 8010 8881 8879 11931 11931 8879 11752 11931 11752 11751 11948 11949 8147 8013 11732 11937 11937 11732 11731 11937 11731 11932 11932 11731 11948 11932 11948 11933 11933 11948 8147 11950 11951 11952 11837 11838 11951 11837 11953 11839 11839 11953 11954 11839 11954 11840 11840 11954 11842 11952 8041 11950 11950 8041 8040 11950 8040 11955 11955 8040 7835 11955 7835 11798 11837 11951 11953 11953 11951 11950 11953 11950 11954 11954 11950 11955 11954 11955 11842 11842 11955 11798 11842 11798 11802 11956 11791 11780 11957 11958 11959 11960 11785 11961 11961 11785 11783 11958 11957 11962 11962 11957 11963 11962 11963 11964 11964 11963 11965 11964 11965 11966 11966 11965 11733 11966 11733 11735 11956 11780 11967 11967 11780 11779 11967 11779 11968 11968 11779 11787 11968 11787 11960 11960 11787 11786 11960 11786 11785 11737 11739 11792 11791 11956 11792 11792 11956 11969 11792 11969 11737 11959 8147 11957 11957 8147 11949 11957 11949 11963 11963 11949 11948 11963 11948 11965 11965 11948 11731 11965 11731 11733 11961 11959 11960 11960 11959 11958 11960 11958 11968 11968 11958 11962 11968 11962 11967 11967 11962 11964 11967 11964 11956 11956 11964 11966 11956 11966 11969 11969 11966 11735 11969 11735 11737 11847 11846 11970 11971 11972 11952 8047 8045 11972 11972 8045 8043 11972 8043 11952 11952 8043 8041 11959 11961 11970 11970 11961 11783 11970 11783 11971 11971 11783 11782 11971 11782 11972 11972 11782 11784 11972 11784 8047 8047 11784 11790 8047 11790 8048 8148 8147 11959 11959 11970 8148 8148 11970 11846 8148 11846 8149 11952 11951 11971 11971 11951 11838 11971 11838 11970 11970 11838 11836 11970 11836 11847 7050 7054 11973 11973 7054 11974 11973 11974 11975 11976 11977 11975 11975 11977 11973 11973 11977 7046 11973 7046 7050 11978 7837 11976 11976 7837 7836 11976 7836 11977 11977 7836 7047 11977 7047 7046 11974 11979 11975 11975 11979 11980 11975 11980 11976 11976 11980 11981 11976 11981 11978 11978 11981 11982 11983 11984 11985 11986 11987 11988 11989 11990 11991 11991 11990 11981 11991 11981 11980 11982 11981 11992 11992 11981 11990 11992 11990 11993 11993 11990 11989 11993 11989 11994 11987 11986 11995 11995 11986 11983 11995 11983 11996 11996 11983 11985 11996 11985 11997 11984 11983 11998 11998 11983 11986 11998 11986 11999 11999 11986 11988 11999 11988 12000 7060 11984 7055 7055 11984 11998 7055 11998 7056 7056 11998 11999 7056 11999 7057 7057 11999 12000 7057 12000 7053 11997 11994 11996 11996 11994 11989 11996 11989 11995 11995 11989 11991 11995 11991 11987 11987 11991 11980 11987 11980 11988 11988 11980 11979 11988 11979 12000 12000 11979 11974 12000 11974 7053 7053 11974 7054 11997 12001 11994 11994 12001 12002 11994 12002 11993 11993 12002 12003 11993 12003 11992 11992 12003 12004 11992 12004 11982 12001 7999 12002 12002 7999 7998 12002 7998 12003 12003 7998 7995 12003 7995 12004 12005 12006 12007 12006 12005 12008 12008 12005 12009 12008 12009 12010 12004 7995 12011 12011 7995 7994 7994 12009 12011 12011 12009 12005 12011 12005 12004 12004 12005 12007 12004 12007 11982 12012 12013 12014 12015 12016 12017 12017 12016 12018 12017 12019 12015 12015 12019 12020 12015 12020 12021 12021 12020 12022 12023 12024 12014 12014 12024 12025 12014 12025 12012 12026 12027 12028 12028 12027 12029 12028 12029 12030 12030 12029 12031 12030 12031 12032 12032 12031 12033 12022 12033 12021 12021 12033 12031 12021 12031 12015 12015 12031 12029 12015 12029 12016 12016 12029 12027 12034 12012 12035 12035 12012 12025 12035 12025 12010 12010 12025 12024 12010 12024 12008 12008 12024 12023 12008 12023 12006 12034 8140 12012 12012 8140 12026 12012 12026 12013 12013 12026 12028 12013 12028 12014 12014 12028 12030 12014 12030 12023 12023 12030 12032 12023 12032 12006 12006 12032 12033 12006 12033 12007 12007 12033 12022 12007 12022 11982 12036 12037 12038 12038 12037 12039 12038 12039 12040 12040 12039 12041 12040 12041 12042 12042 12041 12043 12042 12043 12044 12037 7939 12039 12039 7939 7938 12039 7938 12041 12041 7938 7937 12041 7937 12043 12045 12046 12047 12048 12044 12043 12046 12048 12047 12047 12048 12043 12047 12043 12049 12049 12043 7937 7937 7936 12049 12049 7936 12050 12049 12050 12047 12047 12050 12051 12047 12051 12045 12045 12051 12052 12053 12054 12055 12056 12057 12058 12059 12060 12061 12061 12060 12062 12063 12064 12065 12065 12064 12066 12067 12059 12068 12068 12059 12061 12068 12061 12069 12057 8900 12058 12058 8900 12070 12055 12071 12053 12053 12071 12058 12053 12058 12072 12072 12058 12070 12062 12066 12061 12061 12066 12064 12061 12064 12069 12069 12064 12063 12069 12063 12073 12056 12058 12074 12074 12058 12071 12074 12071 12052 12052 12071 12055 12052 12055 12045 12045 12055 12054 12045 12054 12046 12046 12054 12075 12046 12075 12048 12048 12075 12076 12048 12076 12044 12070 12073 12072 12072 12073 12063 12072 12063 12053 12053 12063 12065 12053 12065 12054 12054 12065 12066 12054 12066 12075 12075 12066 12062 12075 12062 12076 12076 12062 12060 12059 12067 12077 12059 12078 12060 12060 12078 12079 12060 12079 12076 12077 8018 12080 12080 8018 8017 12080 8017 12081 12081 8017 7838 12081 7838 12082 12059 12077 12078 12078 12077 12080 12078 12080 12079 12079 12080 12081 12079 12081 12076 12076 12081 12082 12076 12082 12044 12083 12084 12085 12086 12087 12088 12087 12086 12089 12088 12090 12086 12086 12090 12091 12086 12091 12083 12083 12091 12092 12083 12092 12084 12085 12093 12083 12083 12093 12094 12083 12094 12086 12086 12094 12095 12086 12095 12089 12082 7838 12093 12093 7838 7839 12093 7839 12094 12094 7839 7845 12094 7845 12095 12085 12096 12093 12093 12096 12097 12093 12097 12082 12082 12097 12044 12098 12099 12100 8905 12101 8912 8912 12101 12102 8912 12102 8913 8913 12102 12103 8913 12103 8915 8915 12103 12104 12101 12098 12102 12102 12098 12100 12102 12100 12103 12103 12100 12105 12103 12105 12104 12104 12105 12106 12099 8895 12100 12100 8895 9044 12100 9044 12105 12105 9044 9046 12105 9046 12106 12106 9046 8889 8893 8895 12099 8893 12099 12107 12107 12099 12098 12107 12098 12108 12108 12098 12101 12108 12101 12109 12109 12101 8905 12109 8905 8907 8891 12110 8889 8889 12110 12106 12110 12111 12106 12106 12111 12112 12106 12112 12104 8911 8915 12113 12113 8915 12104 12113 12104 12114 12114 12104 12112 9054 9051 12115 12115 9051 9050 7929 9053 12116 12116 9053 12117 12118 12119 12117 12117 12119 12120 12117 12120 12116 12121 12122 12123 12123 12122 12124 12123 12124 12125 9053 9054 12117 12117 9054 12115 12117 12115 12118 12118 12115 12122 12118 12122 12126 12126 12122 12121 8899 8901 12124 12124 8901 8902 12124 8902 12125 8907 8899 12127 8907 12127 12109 12109 12127 12128 12109 12128 12108 12108 12128 12129 12108 12129 12107 12107 12129 9048 12107 9048 8893 8899 12124 12127 12127 12124 12122 12127 12122 12128 12128 12122 12115 12128 12115 12129 12129 12115 9050 12129 9050 9048 8897 8910 12130 8898 8897 12131 12131 8897 12132 12131 12132 12133 12134 12135 12136 12136 12135 12137 12134 12136 12138 12138 12136 9004 12138 9004 7991 12133 12132 12139 12139 12132 12140 12139 12140 12137 12137 12140 12141 12137 12141 12136 12136 12141 9007 12136 9007 9004 9011 12142 8891 8891 12142 12110 12110 12142 12111 12111 12142 12143 12111 12143 12112 12112 12143 12114 12114 12143 12130 12114 12130 12113 12113 12130 8910 12113 8910 8911 8897 12130 12132 12132 12130 12143 12132 12143 12140 12140 12143 12142 12140 12142 12141 12141 12142 9011 12141 9011 9007 12144 7935 12145 12145 7935 7934 12145 7934 12146 12147 12148 12149 12149 12148 12150 12149 12150 12151 12151 12150 12152 12152 12150 12123 12152 12123 12125 12120 12119 12153 12153 12119 12147 12154 7929 12116 12149 12155 12147 12147 12155 12154 12147 12154 12153 12153 12154 12116 12153 12116 12120 7934 7929 12154 12119 12118 12147 12147 12118 12148 12148 12118 12126 12148 12126 12150 12150 12126 12121 12150 12121 12123 7934 12154 12146 12146 12154 12155 12146 12155 12145 12145 12155 12149 12145 12149 12144 12144 12149 12151 12144 12151 12156 12156 12151 12152 12156 12152 12157 12157 12152 12125 12157 12125 8902 9156 9157 12158 7994 9155 12159 8144 8145 12160 12160 8145 12161 12160 12161 12162 12162 12161 12163 12162 12163 12164 12163 12165 12164 12164 12165 9159 12164 9159 7939 8141 8140 12166 12166 8140 12167 12166 12167 12168 12168 12167 12169 12168 12169 12159 12159 12169 12170 12159 12170 7994 8145 8143 12161 12161 8143 12171 12161 12171 12163 12163 12171 12172 12163 12172 12165 12165 12172 12158 12158 9157 12165 12165 9157 9158 12165 9158 9159 9155 9156 12159 12159 9156 12158 12159 12158 12168 12168 12158 12172 12168 12172 12166 12166 12172 12171 12166 12171 8141 8141 12171 8143 12173 12174 12175 7992 7993 12176 7991 7992 12177 12177 7992 12178 12138 7991 12177 12179 12180 12134 12133 12174 12131 12131 12174 12173 12131 12173 8898 12139 12137 12180 12180 12137 12135 12180 12135 12134 8898 12173 12181 12181 12173 12175 12181 12175 12182 12182 12175 12183 12182 12183 12184 12178 12185 12177 12177 12185 12186 12177 12186 12138 7992 12176 12178 12178 12176 12187 12178 12187 12185 12185 12187 12179 12185 12179 12186 12186 12179 12134 12186 12134 12138 12133 12139 12174 12174 12139 12180 12174 12180 12175 12175 12180 12179 12175 12179 12183 12183 12179 12187 12183 12187 12184 12184 12187 12176 12184 12176 12188 12188 12176 7993 12056 12074 12157 12157 12074 12052 12157 12052 12156 12156 12052 12051 12156 12051 12144 12144 12051 12050 12144 12050 7935 7935 12050 7936 8902 8900 12157 12157 8900 12057 12157 12057 12056 12189 12190 8144 7939 12037 12164 12164 12037 12036 12164 12036 12162 12162 12036 12189 12162 12189 12160 12160 12189 8144 7994 12170 12009 12009 12170 12169 12009 12169 12010 12010 12169 12167 12010 12167 12035 12035 12167 8140 12035 8140 12034 7060 8898 11984 11984 8898 12181 11984 12181 11985 11985 12181 12182 11985 12182 11997 12182 12184 11997 11997 12184 12188 11997 12188 12001 7993 7999 12188 12188 7999 12001 12070 8900 8909 12191 12070 8909 12191 8909 12192 12192 8909 8908 12192 8908 12193 12193 8908 8906 12193 8906 12194 12194 8906 8904 12194 8904 12195 12195 8904 8903 12195 8903 12196 12196 8903 8914 12196 8914 7063 7063 8914 7061 12067 12068 12191 12068 12069 12191 12191 12069 12073 12191 12073 12070 12197 8024 12198 12198 8024 8022 12198 8022 8020 12199 8032 12200 12200 8032 8030 12200 8030 12201 12201 8030 8028 12201 8028 12197 12197 8028 8026 12197 8026 8024 12202 8036 12199 12199 8036 8034 12199 8034 8032 7067 7069 12202 12202 7069 8038 12202 8038 8036 12198 12203 12197 12197 12203 12204 12197 12204 12201 12201 12204 12205 12201 12205 12200 12200 12205 12206 12200 12206 12199 12199 12206 12207 12199 12207 12202 12202 12207 12208 12202 12208 7067 7067 12208 7065 7063 7065 12196 12196 7065 12208 12196 12208 12195 12195 12208 12207 12195 12207 12194 12194 12207 12206 12194 12206 12193 12193 12206 12205 12193 12205 12192 12192 12205 12204 12192 12204 12191 12191 12204 12203 12191 12203 12067 12067 12203 12198 12067 12198 12077 12077 12198 8020 12077 8020 8018 12209 12096 12085 12210 12211 12212 12213 12090 12214 12214 12090 12088 12211 12210 12215 12215 12210 12216 12215 12216 12217 12217 12216 12218 12217 12218 12219 12219 12218 12038 12219 12038 12040 12209 12085 12220 12220 12085 12084 12220 12084 12221 12221 12084 12092 12221 12092 12213 12213 12092 12091 12213 12091 12090 12042 12044 12097 12096 12209 12097 12097 12209 12222 12097 12222 12042 12212 8144 12210 12210 8144 12190 12210 12190 12216 12216 12190 12189 12216 12189 12218 12218 12189 12036 12218 12036 12038 12214 12212 12213 12213 12212 12211 12213 12211 12221 12221 12211 12215 12221 12215 12220 12220 12215 12217 12220 12217 12209 12209 12217 12219 12209 12219 12222 12222 12219 12040 12222 12040 12042 12223 12224 12225 12017 12018 12224 12017 12226 12019 12019 12226 12227 12019 12227 12020 12020 12227 12022 12225 7841 12223 12223 7841 7840 12223 7840 12228 12228 7840 7837 12228 7837 11978 12017 12224 12226 12226 12224 12223 12226 12223 12227 12227 12223 12228 12227 12228 12022 12022 12228 11978 12022 11978 11982 7844 7843 12229 7842 7841 12225 8142 8144 12212 8142 12212 12230 8140 8142 12026 12026 8142 12230 12026 12230 12027 12231 12018 12230 12230 12018 12016 12230 12016 12027 7843 7842 12229 12229 7842 12225 12229 12225 12231 12231 12225 12224 12231 12224 12018 12212 12214 12230 12230 12214 12088 12230 12088 12231 12231 12088 12087 12231 12087 12229 12229 12087 12089 12229 12089 7844 7844 12089 12095 7844 12095 7845 12232 12233 12234 9024 9025 12235 12236 12237 12238 12236 12238 12239 12239 12238 9014 12239 9014 8892 12240 12233 12241 12241 12233 12232 12241 12232 12242 9018 9016 12243 12243 9016 9024 12243 9024 12244 12244 9024 12235 12244 12235 12245 12246 12247 12245 12248 8204 9020 9020 12249 12248 12248 12249 12250 12248 12250 12251 12251 12250 12252 12251 12252 12253 12253 12252 12237 12253 12237 12254 12254 12237 12236 12249 12255 12250 12250 12255 12234 12250 12234 12252 12252 12234 12233 12252 12233 12237 12237 12233 12240 12237 12240 12238 12238 12240 9009 12238 9009 9014 12246 7989 9003 9005 9006 12256 12256 9006 9008 12256 9008 12242 12242 9008 9013 12242 9013 12241 12241 9013 9012 12241 9012 12240 12240 9012 9010 12240 9010 9009 12245 12235 12246 12246 12235 7989 9025 7989 12235 9020 9018 12249 12249 9018 12243 12249 12243 12255 12255 12243 12244 12255 12244 12234 12234 12244 12245 12234 12245 12232 12232 12245 12247 12232 12247 12242 12242 12247 12246 12242 12246 12256 12256 12246 9003 12256 9003 9005 8892 8890 12239 12239 8890 12257 12239 12257 12236 12236 12257 12258 12236 12258 12254 12254 12258 12259 12254 12259 12253 12253 12259 12260 12253 12260 12251 12251 12260 12261 12251 12261 12248 12248 12261 8189 12248 8189 8204 12262 8192 8189 8189 12261 12262 12262 12261 12260 12262 12260 12263 8194 8193 12264 12264 8193 12265 12264 12265 12266 12266 12265 12267 12266 12267 12268 12268 12267 12269 12268 12269 8896 8896 12269 9045 8193 8192 12265 12265 8192 12262 12265 12262 12267 12267 12262 12263 12267 12263 12269 12269 12263 12270 12269 12270 9045 9045 12270 9047 12260 12259 12263 12263 12259 12258 12263 12258 12270 12270 12258 12257 12270 12257 9047 9047 12257 8890 8208 8194 12264 8208 12264 12271 12271 12264 12266 12271 12266 12272 12272 12266 12268 12272 12268 12273 12273 12268 8896 12273 8896 8894 12274 9052 7931 7931 12275 12274 12274 12275 12276 12274 12276 12277 8894 9049 12273 12273 9049 12278 12273 12278 12272 12272 12278 12279 12272 12279 12271 12271 12279 12280 12271 12280 8208 8208 12280 8222 9049 9052 12278 12278 9052 12274 12278 12274 12279 12279 12274 12277 12279 12277 12280 12280 12277 12281 12280 12281 8222 8222 12281 8223 12276 12282 12277 12277 12282 12283 12277 12283 12281 12281 12283 12284 12281 12284 8223 8223 12284 8224 8225 8224 12284 8225 12284 12285 12285 12284 12283 12285 12283 12286 12283 12282 12286 12286 12282 12276 12286 12276 7930 7930 12276 12275 7930 12275 7931 8225 12285 12287 12285 12286 12288 12286 7930 9059 12286 9059 12288 12288 9059 9057 12288 9057 12289 12289 9057 9055 12289 9055 12290 12290 9055 8869 12290 8869 12291 12285 12288 12287 12287 12288 12289 12287 12289 12292 12292 12289 12290 12292 12290 12293 12293 12290 12291 12293 12291 12294 8225 12287 8213 8213 12287 12292 8213 12292 8211 8211 12292 12293 8211 12293 8212 8212 12293 12294 8212 12294 8209 8210 8209 12294 8210 12294 12295 12295 12294 12291 12295 12291 12296 12296 12291 8869 12296 8869 8867 8202 8191 12297 12297 8191 12298 9062 8873 12299 12299 8873 12300 12299 12300 12298 12298 12300 12301 12298 12301 12297 8191 8190 12298 12298 8190 12302 12298 12302 12299 12299 12302 12303 12299 12303 9062 9062 12303 9064 8190 8210 12302 12302 8210 12295 12302 12295 12303 12303 12295 12296 12303 12296 9064 9064 12296 8867 8230 8202 12297 8230 12297 12304 12304 12297 12301 12304 12301 12305 12305 12301 12300 12305 12300 12306 12306 12300 8873 12306 8873 8871 8230 12304 12307 12304 12305 12308 12305 12306 12309 12310 9066 8002 12306 8871 9074 12306 9074 12309 12309 9074 9072 12309 9072 12311 12311 9072 9070 12311 9070 12310 12310 9070 9068 12310 9068 9066 12305 12309 12308 12308 12309 12311 12308 12311 12312 12312 12311 12310 12312 12310 12313 8002 12314 12310 12310 12314 12315 12310 12315 12313 12313 12315 12316 12313 12316 12317 12304 12308 12307 12307 12308 12312 12307 12312 12318 12318 12312 12313 12318 12313 12319 12319 12313 12317 12319 12317 12320 8230 12307 8228 8228 12307 12318 8228 12318 8226 8226 12318 12319 8226 12319 8227 8227 12319 12320 8227 12320 8229 8002 8001 12314 12314 8001 12321 12314 12321 12315 12315 12321 12322 12315 12322 12316 12316 12322 12323 12316 12323 12317 12317 12323 12324 12317 12324 12320 12320 12324 12325 12320 12325 8229 8229 12325 8233 12326 9079 8933 8001 9076 12321 12321 9076 12327 12321 12327 12322 12322 12327 12328 8933 12329 12326 12326 12329 12330 12326 12330 12331 12332 12324 12328 12328 12324 12323 12328 12323 12322 8231 8233 12332 12332 8233 12325 12332 12325 12324 9076 9079 12327 12327 9079 12326 12327 12326 12328 12328 12326 12331 12328 12331 12332 12332 12331 12333 12332 12333 8231 8231 12333 8232 12330 12334 12331 12331 12334 12335 12331 12335 12333 12333 12335 12336 12333 12336 8232 8232 12336 8203 8201 8203 12337 12337 8203 12336 12337 12336 12338 12338 12336 12335 12338 12335 12339 12339 12335 12334 12339 12334 12340 12340 12334 12330 12340 12330 12341 12341 12330 12329 12341 12329 8931 8931 12329 8933 12342 8195 8201 8201 12337 12342 12342 12337 12338 12342 12338 12343 8199 8196 12344 12344 8196 12345 12344 12345 12346 12346 12345 12347 12346 12347 12348 12348 12347 12349 12348 12349 8937 8937 12349 9093 8196 8195 12345 12345 8195 12342 12345 12342 12347 12347 12342 12343 12347 12343 12349 12349 12343 12350 12349 12350 9093 9093 12350 9095 12338 12339 12343 12343 12339 12340 12343 12340 12350 12350 12340 12341 12350 12341 9095 9095 12341 8931 8214 8199 12344 8214 12344 12351 12351 12344 12346 12351 12346 12352 12352 12346 12348 12352 12348 12353 12353 12348 8937 12353 8937 8935 9085 9083 12354 9085 12354 9087 8935 9091 12353 12353 9091 12355 12353 12355 12352 12352 12355 12356 12352 12356 12351 12351 12356 12357 12351 12357 8214 8214 12357 8215 9091 9089 12355 12355 9089 12358 12355 12358 12356 12356 12358 12359 12356 12359 12357 12357 12359 12360 12357 12360 8215 8215 12360 8217 9089 9087 12358 12358 9087 12354 12358 12354 12359 12359 12354 12361 12359 12361 12360 12360 12361 12362 12360 12362 8217 8217 12362 8218 9083 7902 12354 12354 7902 12363 12354 12363 12361 12361 12363 12364 12361 12364 12362 12362 12364 12365 12362 12365 8218 8218 12365 8216 8221 8216 12365 8221 12365 12366 12366 12365 12364 12366 12364 12367 12367 12364 12363 12367 12363 12368 12368 12363 7902 12368 7902 7901 7901 9038 12368 12368 9038 12369 12368 12369 12367 12367 12369 12370 8219 8221 12370 12370 8221 12366 12370 12366 12367 9038 9041 12369 12369 9041 12371 12369 12371 12370 12370 12371 12372 12370 12372 8219 8219 12372 8220 9041 8919 12371 12371 8919 12373 12371 12373 12372 12372 12373 12374 12372 12374 8220 8220 12374 8200 8198 8200 12374 8198 12374 12375 12375 12374 12373 12375 12373 12376 12376 12373 8919 12376 8919 8917 8206 8207 12377 12377 8207 12378 9000 8923 12379 12379 8923 12380 12379 12380 12378 12378 12380 12381 12378 12381 12377 8207 8197 12378 12378 8197 12382 12378 12382 12379 12379 12382 12383 12379 12383 9000 9000 12383 9002 8197 8198 12382 12382 8198 12375 12382 12375 12383 12383 12375 12376 12383 12376 9002 9002 12376 8917 8205 8206 12377 8205 12377 12384 12384 12377 12381 12384 12381 12385 12385 12381 12380 12385 12380 12386 12386 12380 12387 12387 12380 8923 12387 8923 8921 12388 12389 12390 12390 12389 12391 12390 12391 12392 9028 9032 12393 12393 9032 12394 12393 12394 12395 12396 12386 12387 12397 12388 12398 12398 12388 12390 12398 12390 12399 12399 12390 12392 12399 12392 12400 9021 12397 9019 9019 12397 12398 9019 12398 9017 9017 12398 12399 9017 12399 9015 9015 12399 12400 9015 12400 9022 9022 12400 12401 9022 12401 9023 9023 12401 9027 12402 7990 9026 12403 7990 12402 9034 9033 12403 12403 9033 7990 12395 12396 12393 12393 12396 12387 12393 12387 9028 9028 12387 8921 9031 9035 12404 12404 9035 9034 12404 9034 12405 12405 9034 12403 12405 12403 12406 12406 12403 12402 12406 12402 12407 12395 12391 12396 12396 12391 12389 12396 12389 12386 12386 12389 12388 12386 12388 12385 12385 12388 12397 12385 12397 12384 12384 12397 9021 12384 9021 8205 9032 9031 12394 12394 9031 12404 12394 12404 12395 12395 12404 12405 12395 12405 12391 12391 12405 12406 12391 12406 12392 12392 12406 12407 12392 12407 12400 12400 12407 12402 12400 12402 12401 12401 12402 9026 12401 9026 9027 8488 8470 12408 12408 8470 12409 12408 12409 12410 12410 12409 12411 12410 12411 12412 12412 12411 12413 12412 12413 12414 12414 12413 12415 12414 12415 12416 12416 12415 12417 12416 12417 8491 8491 12417 8489 8499 12418 8501 8501 12418 12419 12418 12420 12419 12419 12420 12421 12419 12421 12422 12422 12421 8492 8492 12421 12423 8492 12423 8491 12424 8512 8514 12424 8514 12425 8514 12426 12425 12425 12426 12427 12425 12427 12428 12428 12427 12429 12429 12427 8490 12429 8490 8489 8492 8490 12430 12430 8490 12431 12430 12431 12432 12432 12431 12433 12432 12433 8451 8451 12433 8453 12434 8496 8494 8501 12419 12435 12436 12437 12438 12419 12422 12439 12440 12441 12442 12422 8492 12430 12422 12430 12439 12439 12430 12432 12439 12432 12442 12442 12432 8451 12442 8451 12440 12419 12439 12435 12435 12439 12442 12435 12442 12438 12438 12442 12441 12438 12441 12436 8501 12435 8493 8493 12435 12438 8493 12438 8494 8494 12438 12437 8494 12437 12434 12443 8517 8518 8514 8516 12426 12426 8516 12444 12426 12444 12427 12427 12444 12445 12427 12445 8490 8490 12445 12431 8516 8517 12444 12444 8517 12443 12444 12443 12445 12445 12443 12446 12445 12446 12431 12431 12446 12433 8518 12447 12443 12443 12447 12448 12443 12448 12446 12446 12448 12449 12446 12449 12433 12433 12449 8453 8496 12434 8497 8497 12434 12450 12450 12434 12451 12451 12434 12437 12451 12437 12452 12452 12437 12436 12452 12436 12453 12453 12436 12441 12453 12441 12454 12441 12440 12454 12454 12440 8451 12454 8451 8450 8518 8520 12455 8518 12455 12447 12447 12455 12456 12447 12456 12448 12448 12456 12457 12448 12457 12449 12449 12457 8452 12449 8452 8453 8463 8462 12458 8463 12458 12459 12459 12458 12460 12459 12460 12461 12461 12460 12462 12461 12462 12463 12463 12462 8450 12463 8450 8452 8482 12464 12465 12466 12464 8482 11100 12467 12468 11100 12468 11098 11098 12468 12469 11098 12469 11096 11096 12469 12470 11096 12470 8498 11081 11079 12471 12471 11079 11077 12471 11077 8482 12472 12465 12473 12473 12465 12464 12473 12464 12474 12474 12464 12466 11083 11081 12472 12472 11081 12471 12472 12471 12465 12465 12471 8482 11100 8469 12467 12467 8469 11085 12467 11085 11083 12466 12475 12474 12474 12475 12476 12474 12476 12477 11083 12472 12467 12467 12472 12473 12467 12473 12468 12468 12473 12474 12468 12474 12469 12469 12474 12477 12469 12477 12470 8499 8498 12478 12478 8498 12470 12478 12470 12479 12479 12470 12477 12479 12477 12480 12480 12477 12476 12480 12476 12481 12481 12476 12475 12481 12475 12482 12482 12475 12466 12482 12466 8488 8488 12466 8482 8488 12483 12484 12485 12483 8488 12420 12418 12486 12420 12486 12421 12486 12487 12421 12421 12487 12488 12421 12488 12423 12423 12488 12416 12423 12416 8491 12479 12480 12489 12489 12480 12481 12481 12484 12489 12489 12484 12483 12489 12483 12490 12490 12483 12485 12490 12485 12491 12481 12482 12484 12484 12482 8488 12418 8499 12486 12486 8499 12478 12486 12478 12479 8488 12408 12485 12485 12408 12410 12485 12410 12491 12491 12410 12412 12491 12412 12414 12479 12489 12486 12486 12489 12490 12486 12490 12487 12487 12490 12491 12487 12491 12488 12488 12491 12414 12488 12414 12416 12492 8463 12493 12493 8463 12459 12493 12459 12494 12494 12459 12461 12494 12461 12495 12495 12496 12494 12494 12496 12497 12494 12497 12493 12493 12497 12498 12493 12498 12492 12492 12498 12499 8520 12499 12455 12455 12499 12498 12455 12498 12456 12456 12498 12497 12456 12497 12457 12457 12497 12496 12457 12496 8452 12495 8452 12496 12461 12463 12495 12495 12463 8452 8520 8519 12500 8520 12500 12499 12499 12500 12501 12499 12501 12492 12492 12501 8465 12492 8465 8463 7895 7894 12502 7918 7895 12503 7919 7918 12504 7919 12504 11149 11149 12504 12505 11149 12505 11147 11147 12505 12506 11147 12506 11145 11145 12506 12500 11145 12500 8519 7918 12503 12504 12504 12503 12507 12504 12507 12505 12505 12507 12508 12505 12508 12506 12506 12508 12501 12506 12501 12500 7895 12502 12503 12503 12502 12509 12503 12509 12507 12507 12509 12510 12507 12510 12508 12508 12510 8465 12508 8465 12501 8464 8465 12510 8464 12510 12511 12511 12510 12509 12511 12509 12512 12512 12509 12502 12512 12502 12513 12513 12502 7894 12513 7894 7900 12514 12515 12516 7896 11187 7897 7897 11187 12515 7897 12515 7899 7899 12515 12514 7899 12514 7900 12511 12512 12514 12514 12512 12513 12514 12513 7900 8464 12511 12517 12517 12511 12518 12517 12518 12519 11187 11186 12515 12515 11186 11185 12515 11185 12516 12516 11185 11184 12516 11184 11183 12511 12514 12518 12518 12514 12516 12518 12516 12519 12519 12516 11183 12519 11183 8495 8495 8497 12520 8495 12520 12519 12519 12520 12521 12519 12521 12517 12517 12521 8462 12517 8462 8464 12522 12453 12454 12453 12522 12452 12452 12522 12523 12452 12523 12451 12451 12523 12450 12450 12523 12520 12450 12520 8497 12521 12520 12524 12524 12520 12523 12524 12523 12525 12525 12523 12522 12525 12522 8450 12454 8450 12522 8450 12462 12525 12525 12462 12460 12525 12460 12524 12524 12460 12458 12524 12458 12521 12521 12458 8462 8471 12526 12527 12528 12526 8471 11070 12529 12530 11070 12530 11072 11072 12530 12531 11072 12531 11074 11074 12531 11084 11074 11084 8467 12532 12533 12534 12534 12533 12535 12535 12527 12534 12534 12527 12526 12534 12526 12536 12536 12526 12528 12536 12528 12537 12535 12538 12527 12527 12538 8471 11070 8513 12529 12529 8513 12539 12529 12539 12532 8471 11076 12528 12528 11076 11078 12528 11078 12537 12537 11078 11080 12537 11080 11082 12532 12534 12529 12529 12534 12536 12529 12536 12530 12530 12536 12537 12530 12537 12531 12531 12537 11082 12531 11082 11084 8513 8512 12539 12539 8512 12540 12539 12540 12532 12532 12540 12541 12532 12541 12533 12533 12541 12542 12533 12542 12535 12535 12542 12543 12535 12543 12538 12538 12543 12544 12538 12544 8471 8471 12544 8470 8470 12545 12546 12544 12545 8470 12547 12548 12429 12429 12548 12428 12428 12548 12425 12425 12548 12549 12425 12549 12424 12424 12549 12540 12424 12540 8512 12413 12411 12550 12550 12411 12409 12550 12409 8470 12551 12546 12552 12552 12546 12545 12552 12545 12553 12553 12545 12544 12415 12413 12551 12551 12413 12550 12551 12550 12546 12546 12550 8470 12429 8489 12547 12547 8489 12417 12547 12417 12415 12544 12543 12553 12553 12543 12542 12553 12542 12541 12415 12551 12547 12547 12551 12552 12547 12552 12548 12548 12552 12553 12548 12553 12549 12549 12553 12541 12549 12541 12540 7045 7033 12554 7033 7022 12555 7022 7021 8086 7022 8086 12555 12555 8086 8088 12555 8088 12556 12556 8088 8090 12556 8090 12557 12557 8090 8092 12557 8092 12558 12558 8092 8095 12558 8095 12559 12559 8095 8097 12559 8097 12560 12560 8097 8099 12560 8099 12561 12561 8099 8101 12561 8101 12562 12562 8101 8104 12562 8104 12563 12563 8104 8106 12563 8106 12564 12564 8106 8108 12564 8108 12565 12565 8108 6999 12565 6999 6997 7033 12555 12554 12554 12555 12556 12554 12556 12566 12566 12556 12557 12566 12557 12567 12567 12557 12558 12567 12558 12568 12568 12558 12559 12568 12559 12569 12569 12559 12560 12569 12560 12570 12570 12560 12561 12570 12561 12571 12571 12561 12562 12571 12562 12572 12572 12562 12563 12572 12563 12573 12573 12563 12564 12573 12564 12574 12574 12564 12565 12574 12565 12575 12575 12565 6997 12575 6997 6995 7045 12554 8988 8988 12554 12566 8988 12566 8990 8990 12566 12567 8990 12567 8991 8991 12567 12568 8991 12568 8997 8997 12568 12569 8997 12569 8998 8998 12569 12570 8998 12570 8994 8994 12570 12571 8994 12571 8996 8996 12571 12572 8996 12572 8995 8995 12572 12573 8995 12573 8992 8992 12573 12574 8992 12574 8993 8993 12574 12575 8993 12575 8989 8989 12575 6995 8989 6995 6994 6993 6986 12576 6986 6980 12577 6980 6974 12578 6974 6973 8065 6974 8065 12578 12578 8065 8067 12578 8067 12579 8067 8068 12579 12579 8068 8070 12579 8070 12580 12580 8070 8071 12580 8071 12581 8071 8073 12581 12581 8073 8075 12581 8075 12582 8075 8077 12582 12582 8077 8079 12582 8079 12583 12583 8079 8081 8081 8083 12583 12583 8083 6956 12583 6956 6954 6980 12578 12577 12577 12578 12579 12577 12579 12584 12584 12579 12580 12584 12580 12585 12585 12580 12581 12585 12581 12586 12586 12581 12582 12586 12582 12587 12587 12582 12583 12587 12583 12588 12588 12583 6954 12588 6954 6952 6986 12577 12576 12576 12577 12584 12576 12584 12589 12589 12584 12585 12589 12585 12590 12590 12585 12586 12590 12586 12591 12591 12586 12587 12591 12587 12592 12592 12587 12588 12592 12588 12593 12593 12588 6952 12593 6952 6950 6993 12576 8986 8986 12576 12589 8986 12589 8984 8984 12589 12590 8984 12590 8982 8982 12590 12591 8982 12591 8983 8983 12591 12592 8983 12592 8985 8985 12592 12593 8985 12593 8987 8987 12593 6950 8987 6950 6949 6931 6906 8039 6933 6932 12594 12594 6932 6931 6931 8039 12594 12594 8039 8042 12594 8042 12595 12595 8042 8044 12595 8044 12596 12596 8044 8046 12596 8046 12597 12597 8046 8049 12597 8049 12598 12598 8049 8051 12598 8051 12599 12599 8051 8053 12599 8053 12600 12600 8053 8056 12600 8056 12601 12601 8056 8058 12601 8058 12602 12602 8058 8060 12602 8060 12603 12603 8060 8062 12603 8062 12604 8062 6907 6902 6940 6934 12605 12605 6934 6933 8062 6902 12604 12604 6902 6901 12604 6901 6923 6933 12594 12605 12605 12594 12595 12605 12595 12606 12606 12595 12596 12606 12596 12607 12607 12596 12597 12607 12597 12608 12608 12597 12598 12608 12598 12609 12609 12598 12599 12609 12599 12610 12610 12599 12600 12610 12600 12611 12611 12600 12601 12611 12601 12612 12612 12601 12602 12612 12602 12613 12613 12602 12603 12613 12603 12614 12614 12603 12604 12614 12604 12615 12615 12604 6923 12615 6923 6930 8960 6948 6940 6940 12605 8960 8960 12605 12606 8960 12606 8961 8961 12606 12607 8961 12607 8962 8962 12607 12608 8962 12608 8963 8963 12608 12609 8963 12609 8964 8964 12609 12610 8964 12610 8965 8965 12610 12611 8965 12611 8966 8966 12611 12612 8966 12612 8967 8967 12612 12613 8967 12613 8968 8968 12613 12614 8968 12614 8969 8969 12614 12615 8969 12615 8970 8970 12615 6930 8970 6930 6942 6883 6858 8016 6885 6884 12616 12616 6884 6883 6883 8016 12616 12616 8016 8019 12616 8019 12617 12617 8019 8021 12617 8021 12618 12618 8021 8023 12618 8023 12619 12619 8023 8025 12619 8025 12620 12620 8025 8027 12620 8027 12621 12621 8027 8029 12621 8029 12622 12622 8029 8031 12622 8031 12623 12623 8031 8033 12623 8033 12624 12624 8033 8035 12624 8035 12625 12625 8035 8037 12625 8037 12626 8037 6859 6854 6892 6886 12627 12627 6886 6885 8037 6854 12626 12626 6854 6853 12626 6853 6875 6885 12616 12627 12627 12616 12617 12627 12617 12628 12628 12617 12618 12628 12618 12629 12629 12618 12619 12629 12619 12630 12630 12619 12620 12630 12620 12631 12631 12620 12621 12631 12621 12632 12632 12621 12622 12632 12622 12633 12633 12622 12623 12633 12623 12634 12634 12623 12624 12634 12624 12635 12635 12624 12625 12635 12625 12636 12636 12625 12626 12636 12626 12637 12637 12626 6875 12637 6875 6882 8971 6900 6892 6892 12627 8971 8971 12627 12628 8971 12628 8972 8972 12628 12629 8972 12629 8973 8973 12629 12630 8973 12630 8974 8974 12630 12631 8974 12631 8975 8975 12631 12632 8975 12632 8976 8976 12632 12633 8976 12633 8977 8977 12633 12634 8977 12634 8978 8978 12634 12635 8978 12635 8979 8979 12635 12636 8979 12636 8980 8980 12636 12637 8980 12637 8981 8981 12637 6882 8981 6882 6894 12638 12639 12640 12641 12642 12643 12643 12642 12644 12643 12644 12639 12639 12644 12645 12639 12645 12640 12640 12646 12638 12638 12646 12647 12638 12647 12648 12648 12647 12649 12648 12649 12650 12651 12652 12641 12641 12652 12653 12641 12653 12642 12654 12655 12656 12656 12655 12657 12656 12657 12658 12659 12660 12661 12661 12660 12662 12661 12662 12651 12651 12662 12663 12651 12663 12652 12664 12665 12654 12654 12665 12666 12654 12666 12655 12667 12668 12669 12669 12668 12670 12669 12670 12664 12664 12670 12671 12664 12671 12665 12672 12673 12674 12674 12673 12675 12674 12675 12676 12677 12678 12659 12659 12678 12679 12659 12679 12660 12657 12680 12658 12658 12680 12681 12658 12681 12682 12682 12681 12683 12682 12683 12677 12677 12683 12684 12677 12684 12678 12685 12686 12672 12672 12686 12687 12672 12687 12673 12649 12688 12650 12650 12688 12689 12650 12689 12690 12690 12689 12691 12690 12691 12685 12685 12691 12692 12685 12692 12686 12675 12693 12676 12676 12693 12694 12676 12694 12667 12667 12694 12695 12667 12695 12668 12696 12697 12698 12698 12697 12699 12698 12699 12700 12701 12702 12703 12703 12702 12704 12703 12704 12705 12706 12707 12708 12708 12707 12709 12708 12709 12710 12711 12712 12696 12696 12712 12713 12696 12713 12697 12704 12714 12705 12705 12714 12715 12705 12715 12716 12717 12718 12701 12701 12718 12719 12701 12719 12702 12720 12721 12706 12706 12721 12722 12706 12722 12707 12723 12724 12725 12725 12724 12726 12725 12726 12711 12711 12726 12727 12711 12727 12712 12715 12728 12716 12716 12728 12729 12716 12729 12730 12730 12729 12731 12730 12731 12723 12723 12731 12732 12723 12732 12724 12733 12734 12735 12735 12734 12736 12735 12736 12717 12717 12736 12737 12717 12737 12718 12738 12739 12740 12740 12739 12741 12740 12741 12720 12720 12741 12742 12720 12742 12721 12699 12743 12700 12700 12743 12744 12700 12744 12738 12738 12744 12745 12738 12745 12739 12746 12747 12733 12733 12747 12748 12733 12748 12734 12709 12749 12710 12710 12749 12750 12710 12750 12751 12751 12750 12752 12751 12752 12746 12746 12752 12753 12746 12753 12747 12719 12652 12702 12702 12652 12663 12702 12663 12704 12704 12663 12662 12704 12662 12714 12714 12662 12660 12714 12660 12715 12715 12660 12679 12715 12679 12728 12728 12679 12678 12728 12678 12729 12729 12678 12684 12729 12684 12731 12731 12684 12683 12731 12683 12732 12732 12683 12681 12732 12681 12724 12724 12681 12680 12724 12680 12726 12726 12680 12657 12726 12657 12727 12727 12657 12655 12727 12655 12712 12712 12655 12666 12712 12666 12713 12713 12666 12665 12713 12665 12697 12697 12665 12671 12697 12671 12699 12699 12671 12670 12699 12670 12743 12743 12670 12668 12743 12668 12744 12744 12668 12695 12744 12695 12745 12745 12695 12694 12745 12694 12739 12739 12694 12693 12739 12693 12741 12741 12693 12675 12741 12675 12742 12742 12675 12673 12742 12673 12721 12721 12673 12687 12721 12687 12722 12722 12687 12686 12722 12686 12707 12707 12686 12692 12707 12692 12709 12709 12692 12691 12709 12691 12749 12749 12691 12689 12749 12689 12750 12750 12689 12688 12750 12688 12752 12752 12688 12649 12752 12649 12753 12753 12649 12647 12753 12647 12747 12747 12647 12646 12747 12646 12748 12748 12646 12640 12748 12640 12734 12734 12640 12645 12734 12645 12736 12736 12645 12644 12736 12644 12737 12737 12644 12642 12737 12642 12718 12718 12642 12653 12718 12653 12719 12719 12653 12652 12641 12701 12651 12651 12701 12703 12651 12703 12661 12661 12703 12705 12661 12705 12659 12659 12705 12716 12659 12716 12677 12677 12716 12730 12677 12730 12682 12682 12730 12723 12682 12723 12658 12658 12723 12725 12658 12725 12656 12656 12725 12711 12656 12711 12654 12654 12711 12696 12654 12696 12664 12664 12696 12698 12664 12698 12669 12669 12698 12700 12669 12700 12667 12667 12700 12738 12667 12738 12676 12676 12738 12740 12676 12740 12674 12674 12740 12720 12674 12720 12672 12672 12720 12706 12672 12706 12685 12685 12706 12708 12685 12708 12690 12690 12708 12710 12690 12710 12650 12650 12710 12751 12650 12751 12648 12648 12751 12746 12648 12746 12638 12638 12746 12733 12638 12733 12639 12639 12733 12735 12639 12735 12643 12643 12735 12717 12643 12717 12641 12641 12717 12701 12754 12755 12756 12756 12755 12757 12756 12757 12758 12759 12760 12761 12761 12760 12762 12761 12762 12763 12764 12765 12766 12766 12765 12767 12766 12767 12768 12769 12770 12754 12754 12770 12771 12754 12771 12755 12772 12773 12764 12764 12773 12774 12764 12774 12765 12757 12775 12758 12758 12775 12776 12758 12776 12777 12777 12776 12778 12777 12778 12772 12772 12778 12779 12772 12779 12773 12780 12781 12759 12759 12781 12782 12759 12782 12760 12783 12784 12785 12785 12784 12786 12785 12786 12780 12780 12786 12787 12780 12787 12781 12767 12788 12768 12768 12788 12789 12768 12789 12783 12783 12789 12790 12783 12790 12784 12791 12792 12793 12793 12792 12794 12793 12794 12769 12769 12794 12795 12769 12795 12770 12762 12796 12763 12763 12796 12797 12763 12797 12798 12798 12797 12799 12798 12799 12800 12801 12802 12791 12791 12802 12803 12791 12803 12792 12804 12805 12806 12806 12805 12807 12806 12807 12801 12801 12807 12808 12801 12808 12802 12799 12809 12800 12800 12809 12810 12800 12810 12804 12804 12810 12811 12804 12811 12805 12812 12813 12814 12814 12813 12815 12814 12815 12816 12817 12818 12812 12812 12818 12819 12812 12819 12813 12820 12821 12822 12822 12821 12823 12822 12823 12824 12825 12826 12820 12820 12826 12827 12820 12827 12821 12828 12829 12830 12830 12829 12831 12830 12831 12832 12833 12834 12835 12835 12834 12836 12835 12836 12825 12825 12836 12837 12825 12837 12826 12838 12839 12840 12840 12839 12841 12840 12841 12842 12831 12843 12832 12832 12843 12844 12832 12844 12845 12845 12844 12846 12845 12846 12817 12817 12846 12847 12817 12847 12818 12848 12849 12828 12828 12849 12850 12828 12850 12829 12851 12852 12853 12853 12852 12854 12853 12854 12848 12848 12854 12855 12848 12855 12849 12856 12857 12858 12858 12857 12859 12858 12859 12833 12833 12859 12860 12833 12860 12834 12823 12861 12824 12824 12861 12862 12824 12862 12851 12851 12862 12863 12851 12863 12852 12841 12864 12842 12842 12864 12865 12842 12865 12856 12856 12865 12866 12856 12866 12857 12815 12867 12816 12816 12867 12868 12816 12868 12838 12838 12868 12869 12838 12869 12839 12863 12789 12852 12852 12789 12788 12852 12788 12854 12854 12788 12767 12854 12767 12855 12855 12767 12765 12855 12765 12849 12849 12765 12774 12849 12774 12850 12850 12774 12773 12850 12773 12829 12829 12773 12779 12829 12779 12831 12831 12779 12778 12831 12778 12843 12843 12778 12776 12843 12776 12844 12844 12776 12775 12844 12775 12846 12846 12775 12757 12846 12757 12847 12847 12757 12755 12847 12755 12818 12818 12755 12771 12818 12771 12819 12819 12771 12770 12819 12770 12813 12813 12770 12795 12813 12795 12815 12815 12795 12794 12815 12794 12867 12867 12794 12792 12867 12792 12868 12868 12792 12803 12868 12803 12869 12869 12803 12802 12869 12802 12839 12839 12802 12808 12839 12808 12841 12841 12808 12807 12841 12807 12864 12864 12807 12805 12864 12805 12865 12865 12805 12811 12865 12811 12866 12866 12811 12810 12866 12810 12857 12857 12810 12809 12857 12809 12859 12859 12809 12799 12859 12799 12860 12860 12799 12797 12860 12797 12834 12834 12797 12796 12834 12796 12836 12836 12796 12762 12836 12762 12837 12837 12762 12760 12837 12760 12826 12826 12760 12782 12826 12782 12827 12827 12782 12781 12827 12781 12821 12821 12781 12787 12821 12787 12823 12823 12787 12786 12823 12786 12861 12861 12786 12784 12861 12784 12862 12862 12784 12790 12862 12790 12863 12863 12790 12789 12783 12851 12768 12768 12851 12853 12768 12853 12766 12766 12853 12848 12766 12848 12764 12764 12848 12828 12764 12828 12772 12772 12828 12830 12772 12830 12777 12777 12830 12832 12777 12832 12758 12758 12832 12845 12758 12845 12756 12756 12845 12817 12756 12817 12754 12754 12817 12812 12754 12812 12769 12769 12812 12814 12769 12814 12793 12793 12814 12816 12793 12816 12791 12791 12816 12838 12791 12838 12801 12801 12838 12840 12801 12840 12806 12806 12840 12842 12806 12842 12804 12804 12842 12856 12804 12856 12800 12800 12856 12858 12800 12858 12798 12798 12858 12833 12798 12833 12763 12763 12833 12835 12763 12835 12761 12761 12835 12825 12761 12825 12759 12759 12825 12820 12759 12820 12780 12780 12820 12822 12780 12822 12785 12785 12822 12824 12785 12824 12783 12783 12824 12851</p>
                </triangles>
            </mesh>
        </geometry>
    </library_geometries>
    <library_visual_scenes>
        <visual_scene id="VisualSceneNode" name="VisualScene">
            <node id="node" name="node">
                <instance_geometry url="#shape0-lib"/>
            </node>
        </visual_scene>
    </library_visual_scenes>
    <scene>
        <instance_visual_scene url="#VisualSceneNode"/>
    </scene>
</COLLADA>
