<?xml version="1.0" encoding="UTF-8"?>
<COLLADA xmlns="http://www.collada.org/2005/11/COLLADASchema" version="1.4.1">
    <asset>
        <contributor>
            <author>VCGLab</author>
            <authoring_tool>VCGLib | MeshLab</authoring_tool>
        </contributor>
        <created>Mon Jul 6 22:41:14 2026 GMT</created>
        <modified>Mon Jul 6 22:41:14 2026 GMT</modified>
        <up_axis>Y_UP</up_axis>
    </asset>
    <library_geometries>
        <geometry id="shape0-lib" name="shape0">
            <mesh>
                <source id="shape0-lib-positions" name="position">
                    <float_array id="shape0-lib-positions-array" count="7101">0.00174259 -0.0494465 0.00941735 0.00192567 -0.0495945 0.00855204 0.00273031 -0.0397427 0.00703743 0.00278094 -0.0398828 0.00615314 0.00254724 -0.0395947 0.00790274 0.00180299 -0.0392884 0.00949994 0.000998348 -0.0491402 0.0110145 0.000614326 -0.038991 0.0108028 -0.000190314 -0.0488428 0.0123174 -0.000913132 -0.038729 0.0116955 -0.00171777 -0.0485808 0.0132101 -0.00264367 -0.0385256 0.0120988 -0.00344831 -0.0483775 0.0136134 -0.00442352 -0.038399 0.0119769 -0.00522816 -0.0482508 0.0134915 -0.00609453 -0.0383604 0.0113405 -0.00689917 -0.0482122 0.0128551 -0.00750822 -0.0384131 0.0102462 -0.00831286 -0.048265 0.0117608 -0.00853899 -0.0385526 0.00879127 -0.00934363 -0.0484045 0.0103059 -0.00909524 -0.0387664 0.00710496 -0.00989988 -0.0486183 0.00861956 -0.00912755 -0.0390356 0.00533712 -0.00993219 -0.0488874 0.00685172 -0.00863306 -0.0393362 0.00364481 -0.0094377 -0.049188 0.00515942 -0.00765568 -0.0396414 0.00217842 -0.00846032 -0.0494932 0.00369303 -0.00628229 -0.0399243 0.00106823 -0.00708693 -0.0497761 0.00258283 -0.00463489 -0.0401596 0.000412887 -0.00543953 -0.0500114 0.00192749 -0.00285987 -0.0403264 0.000270626 -0.00366451 -0.0501782 0.00178523 -0.00111495 -0.04041 0.000654085 -0.00191959 -0.0502618 0.00216869 0.000444818 -0.0404028 0.00152919 -0.000359822 -0.0502547 0.0030438 0.00168085 -0.0403056 0.0028182 0.000876214 -0.0501574 0.00433279 0.00248333 -0.040127 0.00440656 0.00167869 -0.0499788 0.00592115 0.0019763 -0.0497346 0.00766773 -0.00174281 -0.0680727 0.0118558 -0.00157946 -0.0681951 0.0111464 -0.000372499 -0.0534174 0.00887449 -0.000343759 -0.0535318 0.00814582 -0.000535842 -0.053295 0.00958386 -0.00123969 -0.0530429 0.0108495 -0.00244665 -0.0678207 0.0131215 -0.00236024 -0.0528096 0.0117719 -0.0035672 -0.0675873 0.0140439 -0.00374616 -0.0526265 0.0122265 -0.00495312 -0.0674043 0.0144984 -0.00521027 -0.0525184 0.0121518 -0.00641723 -0.0672962 0.0144237 -0.00655484 -0.0524999 0.0115579 -0.0077618 -0.0672777 0.0138298 -0.00759827 -0.0525735 0.0105251 -0.00880523 -0.0673512 0.012797 -0.00819964 -0.0527292 0.00919276 -0.00940661 -0.0675069 0.0114647 -0.00827774 -0.052946 0.00774096 -0.0094847 -0.0677237 0.0100129 -0.00782202 -0.0531947 0.00636569 -0.00902898 -0.0679724 0.00863759 -0.00689402 -0.0534416 0.00525269 -0.00810098 -0.0682193 0.00752459 -0.00561908 -0.0536534 0.0045523 -0.00682604 -0.0684311 0.00682421 -0.00416938 -0.0538015 0.00435909 -0.00537634 -0.0685792 0.006631 -0.00274071 -0.0538659 0.00469918 -0.00394767 -0.0686436 0.00697109 -0.00152603 -0.0538379 0.00552662 -0.00273299 -0.0686156 0.00779854 -0.00068938 -0.0537212 0.00672966 -0.00189634 -0.068499 0.00900157 -0.00155072 -0.0683095 0.0104177 -0.00643738 -0.0668435 0.0173572 -0.0119137 -0.0670479 0.0131183 -0.0070811 -0.074725 0.0185689 -0.0125574 -0.0749294 0.0143299 -5.58013e-05 -0.067755 0.0148186 -0.000699513 -0.0756365 0.0160303 0.0008495 -0.0688709 0.00804101 0.000205789 -0.0767524 0.0092527 -0.00462678 -0.0690753 0.00380207 -0.00527049 -0.0769568 0.00501376 -0.0110084 -0.0681638 0.0063407 -0.0116521 -0.0760453 0.00755238 -0.00640703 -0.0762007 0.00932817 -0.00594456 -0.0754811 0.0142545 -0.00489094 -0.0756179 0.0139243 -0.00409179 -0.0757989 0.0131716 -0.00370541 -0.0759882 0.0121455 -0.00864619 -0.0756936 0.0114371 -0.0082598 -0.0758829 0.010411 -0.00746066 -0.0760639 0.00965838 -0.00854328 -0.0755335 0.0125333 -0.00797146 -0.0754342 0.0134825 -0.00704399 -0.0754155 0.0140968 -0.00380832 -0.0761483 0.0110493 -0.00438013 -0.0762476 0.0101001 -0.0053076 -0.0762663 0.00948582 -0.00505945 -0.0479391 0.015609 -0.0114484 -0.0481776 0.0106636 -0.0053813 -0.0518798 0.0162149 -0.0117703 -0.0521183 0.0112694 0.00238573 -0.0490025 0.0126473 0.00206387 -0.0529432 0.0132532 0.00344191 -0.0503044 0.00474016 0.00312006 -0.0542451 0.005346 -0.00294708 -0.0505429 -0.000205257 -0.00326894 -0.0544836 0.000400579 -0.0103923 -0.0494794 0.00275646 -0.0107141 -0.0534202 0.0033623 -0.00393295 -0.0341465 0.0134886 -0.0103219 -0.034385 0.00854315 -0.00425481 -0.0380872 0.0140944 -0.0106438 -0.0383257 0.009149 0.00351223 -0.0352099 0.0105268 0.00319037 -0.0391506 0.0111327 0.00456841 -0.0365118 0.00261971 0.00424656 -0.0404525 0.00322556 -0.00182058 -0.0367503 -0.00232571 -0.00214244 -0.040691 -0.00171986 -0.00926576 -0.0356869 0.00063601 -0.00958762 -0.0396276 0.00124185 -0.00733383 -0.0357007 0.00157258 -0.00596043 -0.0359835 0.000462389 -0.00431303 -0.0362188 -0.000192957 -0.00253801 -0.0363857 -0.000335218 -0.00718636 -0.0344724 0.00964035 -0.00821713 -0.0346119 0.00818543 -0.00577267 -0.0344196 0.0107346 -0.00410166 -0.0344583 0.011371 0.00212485 -0.0353476 0.0088941 0.000936184 -0.0350502 0.0101969 -0.000591278 -0.0347882 0.0110897 -0.00232181 -0.0345849 0.011493 -0.00877338 -0.0348257 0.00649913 -0.0088057 -0.0350949 0.00473128 -0.0083112 -0.0353954 0.00303897 -0.0007931 -0.0364692 4.82411e-05 0.000766676 -0.0364621 0.000923349 0.00200271 -0.0363649 0.00221235 0.00280519 -0.0361862 0.0038007 0.00310279 -0.035942 0.00554728 0.00305216 -0.0358019 0.00643159 0.00286909 -0.035654 0.0072969 0.000826519 -0.0246838 0.00494133 0.000972804 -0.0247882 0.00434045 0.000478726 -0.0247587 0.0042696 0.000989526 -0.0248848 0.00372098 0.000375818 -0.0249188 0.0031734 0.000637058 -0.0250384 0.00253425 -0.000195999 -0.0250181 0.00222415 -0.00016994 -0.0251182 0.00158633 -0.00112347 -0.0250367 0.00160988 -0.00129193 -0.0251104 0.00104111 -0.00222289 -0.0249712 0.00145223 -0.00253491 -0.0250163 0.000992885 -0.00327652 -0.0248344 0.00178243 -0.00368396 -0.0248522 0.00144998 -0.00407567 -0.0246534 0.0025351 -0.00454039 -0.0246464 0.00233336 -0.00446205 -0.0244641 0.00356114 -0.00495613 -0.0244346 0.0034903 -0.00435914 -0.024304 0.00465734 -0.00485928 -0.0242534 0.00472072 -0.00378733 -0.0242047 0.00560659 -0.00426659 -0.024134 0.0058119 -0.00285986 -0.024186 0.00622086 -0.00328055 -0.0240972 0.00657514 -0.00176043 -0.0242516 0.00637852 -0.00207165 -0.0241493 0.00687849 -0.000706803 -0.0243884 0.00604831 -0.000848916 -0.0242813 0.00666949 9.23423e-05 -0.0245694 0.00529565 0.000176225 -0.0244704 0.00598428 2.18785e-05 -0.0345357 0.00645594 0.000168163 -0.03464 0.00585505 -0.000628416 -0.0343222 0.00749889 -0.00165356 -0.0341331 0.00818409 -0.00287629 -0.0340011 0.00839309 -0.00408519 -0.033949 0.00808975 -0.00507123 -0.0339858 0.0073265 -0.00566392 -0.0341052 0.00623531 -0.00576077 -0.0342865 0.0050049 -0.00534504 -0.0344983 0.00384797 -0.0044886 -0.034704 0.00296458 -0.00333956 -0.0348681 0.00250749 -0.00209657 -0.0349623 0.00255572 -0.000974581 -0.0349701 0.00310093 -0.000167582 -0.0348902 0.00404885 0.000184886 -0.0347366 0.0052356 -0.00402119 -0.0334731 0.0112196 -0.00224135 -0.0335997 0.0113415 -0.000510812 -0.0338031 0.0109382 -0.00725337 -0.0347155 0.00142111 -0.00823073 -0.0344102 0.00288751 -0.00872524 -0.0341097 0.00457981 -0.00869292 -0.0338405 0.00634765 -0.00813667 -0.0336267 0.00803396 -0.0071059 -0.0334872 0.00948889 -0.0056922 -0.0334345 0.0105832 0.00288565 -0.0352011 0.00364925 0.00208318 -0.0353797 0.00206089 0.000847138 -0.0354769 0.000771894 -0.000712633 -0.0354841 -0.000103214 -0.00245755 -0.0354005 -0.000486673 -0.00423257 -0.0352337 -0.000344412 -0.00587996 -0.0349984 0.000310926 0.00101665 -0.0340651 0.0100455 0.00220531 -0.0343624 0.00874263 0.00294956 -0.0346688 0.00714545 0.00313263 -0.0348168 0.00628014 0.00318326 -0.0349568 0.00539583 0.0078554 -0.000313711 0.00170853 0.00784507 -0.000440289 0.00172799 0.00797737 -0.000538253 0.000736921 0.00799749 -0.00043535 -0.000262239 0.0080047 -0.000308873 -0.000240812 -0.00770689 -0.00103048 -0.00165897 -0.00788452 -0.000229889 -0.00107861 -0.00787129 -0.000146563 -0.00117551 -0.00765505 0.0022178 0.000635034 -0.00785839 0.00140716 7.75144e-05 -0.00787157 0.00133025 0.00017958 -0.00793749 0.000574616 -0.000479208 -0.00789759 -0.000300077 -0.000971788 -0.00784548 0.00147033 -3.36184e-05 -0.00762944 0.00234315 0.000414527 -0.00729275 0.0031793 0.000858171 -0.00783305 0.00151873 -0.000151993 -0.00773283 -0.00116975 -0.00144702 -0.0074458 -0.00202069 -0.00189739 -0.00791029 -0.000355975 -0.000856803 -0.0078328 0.000167618 -0.00139173 -0.00760426 -0.000241735 -0.00228029 -0.0076289 -0.000467506 -0.00216447 -0.00760477 0.00243917 0.000179654 -0.00725624 0.00332143 0.000510497 -0.00679297 0.0041516 0.00083532 -0.00782131 0.00155154 -0.000275651 -0.00775802 -0.00128066 -0.00121886 -0.00748309 -0.00218487 -0.00155965 -0.00708983 -0.00305433 -0.00187382 -0.0079224 -0.000396664 -0.000735538 -0.00729196 -0.00098119 -0.0029594 -0.00732986 -0.00129048 -0.00274654 -0.00758147 0.00250429 -6.5723e-05 -0.00722175 0.00341783 0.000147282 -0.00674782 0.00427775 0.000359988 -0.00616717 0.0050705 0.000569052 -0.00781044 0.00156825 -0.000402579 -0.00778205 -0.0013614 -0.000978233 -0.00751867 -0.00230438 -0.00120348 -0.00713639 -0.00321073 -0.0014077 -0.00664126 -0.00406617 -0.0015877 -0.00793372 -0.000421477 -0.00060998 -0.0068893 -0.00188388 -0.00342706 -0.00693994 -0.0022494 -0.00309885 -0.00755991 0.00253744 -0.000317575 -0.00718983 0.00346689 -0.00022553 -0.00670606 0.00434196 -0.000127891 -0.00611621 0.00514884 -2.62051e-05 -0.00542958 0.00587481 7.79242e-05 -0.00780063 0.00156857 -0.000530684 -0.00780453 -0.00141064 -0.000729108 -0.00755194 -0.00237726 -0.000834705 -0.00717993 -0.00330611 -0.000925103 -0.00669439 -0.00418253 -0.000998878 -0.00610295 -0.00499271 -0.00105488 -0.00794409 -0.000430006 -0.000482203 -0.00640156 -0.00289325 -0.00365106 -0.00646362 -0.00328403 -0.00319663 -0.00754044 0.00253807 -0.000571766 -0.00716101 0.00346783 -0.0006018 -0.00666834 0.00434318 -0.000620307 -0.00607019 0.00515033 -0.000626998 -0.00537599 0.00587655 -0.000621767 -0.00459671 0.00651037 -0.000604705 -0.00779204 0.00155249 -0.000657873 -0.0065262 0.00314253 0.00350325 -0.00590707 0.00353822 0.00418839 -0.00583572 0.00408662 0.0037564 -0.00782509 -0.00142756 -0.000475565 -0.00758237 -0.00240231 -0.000459397 -0.00721977 -0.0033389 -0.000433946 -0.00674297 -0.00422253 -0.000399628 -0.00615953 -0.00503929 -0.000356966 -0.00547864 -0.00577629 -0.000306645 -0.00795331 -0.000422111 -0.000354299 -0.00583419 -0.00394629 -0.00361442 -0.00590558 -0.00432965 -0.00303099 -0.00752338 0.00250617 -0.000824125 -0.00713577 0.00342061 -0.000975357 -0.0066353 0.0042814 -0.00110917 -0.00602989 0.00507495 -0.00122345 -0.00532905 0.00578875 -0.00131641 -0.00454387 0.00641154 -0.00138658 -0.00368671 0.00693351 -0.00143286 -0.0077848 0.00152029 -0.000782037 -0.00511416 0.00449566 0.00432329 -0.00503282 0.00504523 0.00376181 -0.00784339 -0.0014119 -0.000221768 -0.00760946 -0.00237913 -8.37087e-05 -0.00725521 -0.00330855 5.77034e-05 -0.00678622 -0.00418551 0.000200233 -0.00620991 -0.00499617 0.000341638 -0.00553534 -0.00572776 0.000479689 -0.00477316 -0.00636873 0.000612205 -0.00796124 -0.000397923 -0.000228362 -0.00519279 -0.00497753 -0.00331648 -0.00527084 -0.00532117 -0.00260957 -0.00750903 0.00244227 -0.00107051 -0.00711451 0.00332603 -0.00134006 -0.00660749 0.00415761 -0.00158645 -0.00599595 0.00492392 -0.00180578 -0.00528953 0.00561286 -0.00199461 -0.00449938 0.00621357 -0.00214995 -0.00363796 0.00671657 -0.00226935 -0.00271885 0.00711393 -0.00235093 -0.00777904 0.00147249 -0.000901157 -0.0042225 0.00543631 0.00420876 -0.00413373 0.00595446 0.00352116 -0.00785913 -0.0013639 2.81171e-05 -0.00763276 -0.00230808 0.000286183 -0.0072857 -0.00321557 0.000541768 -0.00682342 -0.00407207 0.00079084 -0.00625322 -0.00486406 0.00102948 -0.00558409 -0.00557905 0.0012539 -0.00482659 -0.00620577 0.00146059 -0.00399265 -0.00673434 0.00164628 -0.00796775 -0.000357837 -0.00010647 -0.00448332 -0.00592319 -0.002773 -0.00456491 -0.0061973 -0.00195608 -0.0074976 0.00234742 -0.00130687 -0.0070976 0.00318562 -0.00168993 -0.00658535 0.00397387 -0.00204431 -0.00596893 0.00469973 -0.00236443 -0.00525807 0.00535176 -0.00264522 -0.00446397 0.00591968 -0.00288226 -0.00359916 0.00639453 -0.00307181 -0.00267727 0.00676882 -0.00321089 -0.00171284 0.00703665 -0.0032973 -0.00777485 0.00140987 -0.00101327 -0.00325014 0.00629722 0.00385448 -0.00315694 0.00675328 0.00305219 -0.00787205 -0.00128436 0.000269985 -0.00765188 -0.00219034 0.000644206 -0.00731073 -0.00306149 0.0010103 -0.00685396 -0.00388407 0.0013625 -0.00628879 -0.00464512 0.00169524 -0.00562413 -0.00533262 0.00200328 -0.00487046 -0.00593573 0.00228175 -0.00403966 -0.00644495 0.00252628 -0.00314484 -0.00685224 0.002733 -0.00797274 -0.000302512 9.38634e-06 -0.00371223 -0.00672525 -0.0020152 -0.00379401 -0.00690439 -0.00110879 -0.00748928 0.00222317 -0.00152932 -0.0070853 0.0030017 -0.00201922 -0.00656926 0.00373317 -0.00247525 -0.00594929 0.00440606 -0.00289021 -0.0052352 0.00500975 -0.00325755 -0.00443823 0.00553472 -0.00357149 -0.00357094 0.00597269 -0.00382707 -0.00264702 0.00631676 -0.00402027 -0.00168106 0.00656149 -0.00414802 -0.000688259 0.00670303 -0.00420834 -0.0077723 0.00133346 -0.00111653 -0.00221702 0.00702032 0.00328576 -0.0021227 0.00738753 0.00238756 -0.00788194 -0.00117458 0.000499866 -0.00766652 -0.00202784 0.000984489 -0.00732988 -0.00284883 0.00145562 -0.00687734 -0.00362461 0.00190583 -0.00631602 -0.00434294 0.00232801 -0.00565477 -0.00499249 0.00271551 -0.00490404 -0.00556303 0.00306222 -0.00407564 -0.00604554 0.00336267 -0.00318266 -0.00643242 0.00361211 -0.00223917 -0.00671757 0.00380663 -0.00797611 -0.000232857 0.000117293 -0.00288664 -0.00733515 -0.0010878 -0.00296526 -0.00739987 -0.000118183 -0.00748423 0.00207156 -0.00173422 -0.00707781 0.00277728 -0.00232253 -0.00655946 0.00343949 -0.00287217 -0.00593734 0.00404774 -0.00337449 -0.00522128 0.00459244 -0.00382155 -0.00442256 0.005065 -0.00420632 -0.00355377 0.00545798 -0.00452272 -0.00262863 0.00576516 -0.00476577 -0.00166172 0.00598171 -0.00493162 -0.000668287 0.00610421 -0.00501765 0.000335999 0.00613073 -0.00502253 -0.00777144 0.00124452 -0.00120925 -0.00114441 0.0075562 0.00254186 -0.00105236 0.00781341 0.00157266 -0.00788863 -0.00103637 0.00071398 -0.00767643 -0.00182325 0.00130144 -0.00734286 -0.0025811 0.0018704 -0.00689316 -0.00329795 0.00241189 -0.00633445 -0.0039625 0.00291739 -0.00567552 -0.00456428 0.00337891 -0.00492677 -0.00509378 0.00378917 -0.00410001 -0.00554267 0.0041417 -0.00320827 -0.00590386 0.00443096 -0.00226563 -0.00617166 0.00465236 -0.00128694 -0.00634184 0.00480242 -0.00797782 -0.000150015 0.000215492 -0.00201463 -0.0077168 -4.61577e-05 -0.00208691 -0.00765492 0.000956303 -0.00748251 0.00189509 -0.0019182 -0.00707527 0.00251606 -0.00259486 -0.00655613 0.00309763 -0.00322857 -0.00593328 0.00363064 -0.00380933 -0.00521655 0.00410668 -0.00432798 -0.00441723 0.00451824 -0.00477634 -0.00354794 0.00485883 -0.00514735 -0.00262238 0.00512309 -0.00543514 -0.00165515 0.00530683 -0.00563519 -0.0006615 0.00540717 -0.00574434 0.000342894 0.00542252 -0.00576086 0.0013422 0.00535264 -0.0056845 -0.00777226 0.00114451 -0.00128991 -5.42329e-05 0.00786732 0.00167338 3.23018e-05 0.00800034 0.000662661 -0.00789203 -0.000871994 0.00090882 -0.00768146 -0.00157993 0.00158985 -0.00734944 -0.00226267 0.00224783 -0.00690119 -0.00290944 0.00287241 -0.00634379 -0.00351003 0.0034537 -0.00568603 -0.00405499 0.00398257 -0.00493829 -0.00453571 0.00445066 -0.00411236 -0.00494461 0.00485059 -0.00322126 -0.00527524 0.00517607 -0.00227903 -0.00552239 0.00542195 -0.00130055 -0.00568217 0.00558434 -0.000301253 -0.00575205 0.0056607 -0.00797784 -5.53469e-05 0.000302351 -0.00110536 -0.00784887 0.00104714 -0.00116852 -0.00765625 0.00204996 -0.00748416 0.00169665 -0.00207824 -0.00707771 0.00222231 -0.00283175 -0.00655932 0.00271322 -0.00353858 -0.00593718 0.00316162 -0.00418757 -0.00522108 0.00356045 -0.00476849 -0.00442233 0.00390341 -0.00527217 -0.00355354 0.0041851 -0.00569068 -0.00262838 0.00440108 -0.00601741 -0.00166145 0.00454794 -0.00624721 -0.000668008 0.00462335 -0.00637645 0.000336286 0.00462615 -0.0064031 0.00133559 0.00455627 -0.00632674 0.00231414 0.00441482 -0.00614858 -0.00777478 0.00103507 -0.00135717 0.0010316 0.00793047 0.000739022 0.00110973 0.007933 -0.000281089 -0.00789206 -0.000684151 0.00108117 -0.00768151 -0.00130188 0.00184499 -0.0073495 -0.00189879 0.00258172 -0.00690127 -0.00246547 0.00327979 -0.00634389 -0.00299297 0.00392815 -0.00568615 -0.003473 0.0045166 -0.00493841 -0.00389796 0.00503585 -0.00411249 -0.00426116 0.00547771 -0.00322139 -0.00455688 0.00583522 -0.00227917 -0.00478044 0.00610274 -0.0013007 -0.00492833 0.00627605 -0.000301395 -0.00499821 0.00635241 0.000702973 -0.00498897 0.00633062 -0.00797616 4.95927e-05 0.000376462 -0.000169214 -0.00772613 0.00212632 -0.000221066 -0.00740693 0.00309697 -0.00748914 0.0014795 -0.0022117 -0.00708509 0.00190087 -0.00302932 -0.00656898 0.00229256 -0.00379713 -0.00594896 0.00264837 -0.00450303 -0.0052348 0.00296271 -0.00513587 -0.00443779 0.00323061 -0.0056857 -0.00357046 0.00344785 -0.00614382 -0.00264652 0.003611 -0.00650301 -0.00168051 0.00371749 -0.00675762 -0.0006877 0.00376563 -0.00690363 0.000316277 0.00375468 -0.00693873 0.00131558 0.00368481 -0.00686237 0.00229445 0.0035571 -0.00667574 0.00323744 0.00337359 -0.00638182 -0.00777893 0.000918003 -0.00140994 0.00209185 0.0077383 -0.000198261 0.00215921 0.00761231 -0.00119504 -0.00788874 -0.000475926 0.00122823 -0.00767659 -0.000993652 0.00206266 -0.00734306 -0.00149542 0.00286659 -0.00689342 -0.00197332 0.00362734 -0.00633474 -0.00241981 0.00433293 -0.00567585 -0.00282785 0.0049722 -0.00492713 -0.00319101 0.00553511 -0.00410039 -0.00350356 0.00601275 -0.00320868 -0.00376057 0.00639759 -0.00226605 -0.00395798 0.00668357 -0.00128736 -0.00409269 0.00686619 -0.000288058 -0.00416257 0.00694255 0.000716101 -0.00416652 0.00691146 0.00170928 -0.00410446 0.0067734 -0.00797283 0.000163082 0.000436603 0.000782035 -0.00735971 0.00312652 0.000742972 -0.0069261 0.00403452 -0.00749739 0.0012472 -0.0023164 -0.00709729 0.00155701 -0.00318431 -0.00658495 0.00184256 -0.00399996 -0.00596844 0.00209933 -0.0047505 -0.0052575 0.00232328 -0.00542408 -0.00446332 0.00251088 -0.0060101 -0.00359845 0.00265917 -0.0064993 -0.00267651 0.00276581 -0.00688397 -0.00171204 0.00282912 -0.00715804 -0.000720259 0.00284809 -0.00731719 0.000283196 0.00282244 -0.00735892 0.0012825 0.00275256 -0.00728256 0.00226189 0.00263956 -0.00708932 0.00320592 0.00248522 -0.00678224 0.00409971 0.00229197 -0.00636616 -0.00778466 0.00079522 -0.00144734 0.0031065 0.00729987 -0.00107537 0.00316142 0.0070555 -0.0020176 -0.00788211 -0.000250737 0.00134756 -0.00766678 -0.000660316 0.0022393 -0.00733023 -0.00105919 0.00309776 -0.00687775 -0.00144108 0.00390939 -0.00631649 -0.00179996 0.00466139 -0.00565531 -0.00213016 0.00534193 -0.00490463 -0.00242648 0.00594024 -0.00407628 -0.00268424 0.00644691 -0.00318333 -0.00289939 0.00685395 -0.00223986 -0.00306853 0.00715491 -0.00126076 -0.00318898 0.00734508 -0.00026146 -0.00325886 0.00742145 0.000742279 -0.00327706 0.00738279 0.00173463 -0.00324329 0.00722974 0.00269993 -0.00315808 0.00696471 -0.00796787 0.000283256 0.000481783 0.0017353 -0.00677632 0.00398792 0.00170969 -0.00624776 0.00480676 -0.00750875 0.00100357 -0.00239063 -0.00711411 0.00119638 -0.00329418 -0.00660696 0.00137061 -0.00414375 -0.0059953 0.00152351 -0.00492593 -0.00528878 0.00165267 -0.00562839 -0.00449853 0.00175605 -0.00624007 -0.00363703 0.00183203 -0.0067513 -0.00271785 0.0018794 -0.00715403 -0.00175549 0.00189742 -0.00744189 -0.000765145 0.0018858 -0.00761037 0.000237591 0.00184473 -0.00765679 0.00123689 0.00177485 -0.00758043 0.002217 0.00167727 -0.00738249 0.00316246 0.00155352 -0.00706609 0.00405836 0.00140556 -0.00663623 0.00489058 0.00123572 -0.00609967 -0.00779187 0.000668743 -0.00146878 0.00405737 0.0066401 -0.00183313 0.00409895 0.00629499 -0.00269309 -0.00787229 -1.22844e-05 0.00143721 -0.00765224 -0.000307345 0.002372 -0.00731119 -0.000597271 0.00327141 -0.00685453 -0.000877491 0.00412127 -0.00628946 -0.00114359 0.00490817 -0.00562488 -0.00139136 0.00561969 -0.00487128 -0.0016169 0.00624461 -0.00404054 -0.00181666 0.0067731 -0.00314577 -0.00198748 0.00719678 -0.00220106 -0.00212667 0.00750902 -0.00122134 -0.00223204 0.00770485 -0.000222035 -0.00230192 0.00778122 0.000781081 -0.0023352 0.00773689 0.00177219 -0.00233138 0.00757259 0.00273568 -0.0022905 0.0072909 0.00365633 -0.00221321 0.00689626 -0.0079614 0.000408143 0.000511265 0.00267621 -0.00601651 0.0046595 0.00266386 -0.00541844 0.0053684 -0.00752305 0.000752611 -0.00243315 -0.00713528 0.000824896 -0.00335713 -0.00663466 0.000884459 -0.00422612 -0.0060291 0.00093036 -0.00502644 -0.00532814 0.000961875 -0.00574545 -0.00454283 0.000978508 -0.00637182 -0.00368558 0.000979996 -0.00689568 -0.00276988 0.000966316 -0.00730875 -0.00181018 0.000937682 -0.00760453 -0.000821624 0.000894548 -0.00777834 0.000180207 0.000837593 -0.00782745 0.00117951 0.000767716 -0.00775109 0.00216052 0.000686018 -0.00755046 0.00310778 0.000593787 -0.00722872 0.00400634 0.000492479 -0.00679094 0.00484203 0.000383692 -0.00624404 0.00560167 0.000269139 -0.00559663 -0.00780043 0.000540649 -0.00147388 0.00492845 0.00579823 -0.00242018 0.00495667 0.00537639 -0.00317544 -0.00785943 0.000235518 0.0014957 -0.00763321 5.94666e-05 0.00245859 -0.00728628 -0.000117236 0.00338474 -0.00682414 -0.000291802 0.00425953 -0.00625407 -0.000461481 0.00506918 -0.00558504 -0.000623594 0.00580092 -0.00482762 -0.000775587 0.00644322 -0.00399375 -0.000915062 0.00698592 -0.00309659 -0.00103982 0.00742049 -0.00215028 -0.00114789 0.00774006 -0.00116974 -0.00123757 0.00793961 -0.000170436 -0.00130745 0.00801596 0.000831868 -0.00135642 0.00796795 0.00182137 -0.00138371 0.00779629 0.00278246 -0.0013889 0.00750372 0.00369998 -0.00137189 0.00709484 0.00455947 -0.00133296 0.0065761 -0.00795349 0.00053569 0.000524564 0.00358931 -0.00513201 0.00510231 0.00358919 -0.00449426 0.00568749 -0.00754005 0.000498442 -0.00244329 -0.00716044 0.000448662 -0.00337212 -0.00666759 0.000392091 -0.00424574 -0.00606928 0.000329626 -0.00505038 -0.00537493 0.000262247 -0.00577333 -0.00459551 0.00019102 -0.0064032 -0.00374329 0.000117067 -0.00693006 -0.00283172 4.15544e-05 -0.0073456 -0.00187519 -3.43269e-05 -0.00764325 -0.000888769 -0.000109379 -0.00781834 0.000111986 -0.000182421 -0.0078681 0.00111129 -0.000252298 -0.00779174 0.00209338 -0.00031791 -0.00759046 0.00304277 -0.000378222 -0.00726745 0.00394449 -0.000432282 -0.0068278 0.00478432 -0.000479238 -0.00627843 0.00554901 -0.000518349 -0.00562801 0.0062265 -0.000548999 -0.00488681 -0.00781022 0.00041304 -0.00146257 0.00570629 0.00482535 -0.0027963 0.00572195 0.00435564 -0.00343114 -0.00784375 0.000488602 0.00152209 -0.00760999 0.000434096 0.00249764 -0.00725591 0.00037303 0.00343583 -0.00678708 0.000306368 0.00432189 -0.0062109 0.000235161 0.00514179 -0.00553646 0.000160533 0.00588266 -0.00477438 8.36586e-05 0.00653277 -0.0039367 5.75254e-06 0.00708191 -0.00303662 -7.19579e-05 0.00752137 -0.00208833 -0.000148246 0.00784427 -0.00110681 -0.00022191 0.00804548 -0.000107505 -0.000291788 0.00812183 0.000893809 -0.000356777 0.00807214 0.00188134 -0.000415853 0.00789718 0.00283951 -0.000468084 0.00759971 0.00375322 -0.000512646 0.00718441 0.00460805 -0.000548837 0.00665785 0.00539053 -0.000576085 0.00602832 -0.0079443 0.000663805 0.00052145 0.00445836 -0.00418236 0.00529179 0.00446866 -0.00353722 0.00574739 -0.00755947 0.000245237 -0.00242084 -0.00718919 7.38536e-05 -0.0033389 -0.00670521 -9.84084e-05 -0.00420228 -0.00611517 -0.000268832 -0.00499734 -0.00542838 -0.000434729 -0.00571157 -0.00465567 -0.000593483 -0.00633369 -0.00380923 -0.00074259 -0.00685389 -0.00290239 -0.000879701 -0.00726397 -0.00194946 -0.00100265 -0.00755745 -0.000965476 -0.0011095 -0.00772973 3.4049e-05 -0.00119857 -0.00777806 0.00103335 -0.00126844 -0.0077017 0.00201667 -0.00131803 -0.00750184 0.0029685 -0.00134655 -0.00718165 0.00387383 -0.00135354 -0.00674617 0.00471838 -0.0013389 -0.00620225 0.00548884 -0.00130285 -0.0055585 0.00617304 -0.00124597 -0.00482505 0.00676021 -0.00116916 -0.00401348 -0.00782106 0.000288012 -0.00143504 0.00638015 0.0037812 -0.00293504 0.00638488 0.00329543 -0.00344145 -0.0078255 0.000742811 0.00151592 -0.00758298 0.00081039 0.00248851 -0.00722056 0.000865475 0.0034239 -0.00674395 0.000907198 0.0043073 -0.00616067 0.0009349 0.00512482 -0.00547992 0.000948146 0.00586355 -0.00471243 0.000946725 0.00651184 -0.00387031 0.000930661 0.00705947 -0.00296684 0.000900206 0.00749779 -0.00201627 0.000855841 0.0078199 -0.00103358 0.000798266 0.00802073 -3.42766e-05 0.000728389 0.00809708 0.000965882 0.000647311 0.00804779 0.00195112 0.000556311 0.00787359 0.00290591 0.000456825 0.00757727 0.00381517 0.000350421 0.00716348 0.00466459 0.000238777 0.00663873 0.00544076 0.000123654 0.00601134 0.00613144 6.86826e-06 0.00529118 -0.00793396 0.000790383 0.000501996 0.00526669 -0.00323106 0.00521944 0.00528493 -0.0026112 0.00554792 0.0069421 0.00273031 -0.00282546 0.00693821 0.00226129 -0.00320371 -0.00780499 0.000993971 0.00147731 -0.00755262 0.00118217 0.00243135 -0.00718082 0.00135201 0.00334909 -0.00669547 0.00150082 0.00421604 -0.0061042 0.00162625 0.00501853 -0.00541636 0.00172631 0.00574392 -0.00464279 0.00179944 0.00638075 -0.00379567 0.00184448 0.00691898 -0.00288839 0.00186071 0.00735013 -0.00193524 0.00184789 0.00766739 -0.000951253 0.00180621 0.00786577 4.80486e-05 0.00173633 0.00794212 0.00104691 0.00163936 0.00789528 0.00202957 0.00151682 0.00772592 0.00298054 0.00137064 0.00743678 0.00388482 0.00120314 0.00703238 0.00472815 0.00101694 0.00651911 0.00549722 0.000815002 0.00590506 0.00617992 0.000600493 0.00519991 0.00676547 0.000376801 0.0044148 -0.00792265 0.000913346 0.000466502 0.00599764 -0.00234141 0.00489326 0.00602086 -0.00177782 0.00510514 0.00738697 0.001738 -0.00247288 0.00737732 0.00131734 -0.00273143 -0.00778254 0.00123796 0.00140688 -0.0075194 0.00154334 0.00232711 -0.00713735 0.00182466 0.00321267 -0.00664242 0.00207749 0.0040496 -0.00604243 0.00229785 0.00482468 -0.00534683 0.00248226 0.00552572 -0.00456659 0.0026278 0.00614165 -0.00371402 0.00273219 0.00666274 -0.00280256 0.00279378 0.00708081 -0.00184659 0.0028116 0.00738922 -0.000861187 0.00278536 0.00758314 0.000138115 0.00271549 0.00765951 0.00113555 0.00260307 0.0076171 0.00211539 0.00244989 0.0074566 0.00306219 0.00225836 0.00718054 0.00396102 0.0020315 0.00679327 0.00479768 0.00177289 0.00630091 0.005559 0.00148661 0.0057112 0.00623296 0.00117716 0.00503346 0.00680894 0.000849445 0.00427836 0.00727786 0.000508616 0.00345783 -0.00791055 0.00103068 0.000415555 0.0066351 -0.00157249 0.00433712 0.00666001 -0.00109245 0.00445044 -0.00758099 -2.84636e-06 -0.00236622 -0.00722105 -0.000293374 -0.00325804 -0.0067469 -0.000578988 -0.00409645 -0.00616604 -0.000855184 -0.00486823 -0.00548762 -0.00111761 -0.00556119 -0.00472235 -0.00136212 -0.00616443 -0.00388229 -0.00158486 -0.00666841 -0.00298069 -0.00178232 -0.00706519 -0.00203176 -0.00195139 -0.00734853 -0.00105048 -0.00208939 -0.00751393 -5.23219e-05 -0.00219416 -0.00755882 0.00094698 -0.00226404 -0.00748246 0.00193166 -0.00229793 -0.00728606 0.00288619 -0.00229528 -0.00697272 0.00379553 -0.00225616 -0.00654739 0.00464531 -0.00218117 -0.00601678 0.00542216 -0.00207149 -0.00538924 0.0061138 -0.00192885 -0.00467467 0.00670934 -0.00175551 -0.00388435 0.00719939 -0.0015542 -0.00303075 0.00724108 -0.00107362 -0.00313658 0.00757621 -0.00132809 -0.00212731 0.00771217 0.000866153 -0.00189859 0.00769997 0.000522293 -0.00205358 -0.00775854 0.00147077 0.0013058 -0.00748387 0.00188795 0.00217748 -0.00709085 0.00227565 0.00301686 -0.00658569 0.00262774 0.00381069 -0.00597636 0.00293868 0.00454645 -0.00527246 0.00320357 0.00521254 -0.0044851 0.00341821 0.00579846 -0.00362669 0.00357924 0.00629498 -0.00271077 0.00368411 0.00669424 -0.00175178 0.00373116 0.00698997 -0.000764858 0.00371966 0.00717749 0.000234444 0.00364978 0.00725385 0.00123036 0.00352263 0.00721784 0.00220719 0.00334021 0.00707005 0.00314953 0.0031054 0.00681278 0.00404251 0.00282191 0.0064501 0.00487205 0.0024942 0.00598773 0.00562507 0.00212744 0.00543296 0.0062897 0.00172741 0.00479455 0.00685544 0.00130043 0.00408256 0.00731339 0.000853233 0.00330821 0.00765632 0.000392861 0.00248372 -0.00789787 0.00114044 0.000350005 0.00716405 -0.000975252 0.00358932 0.00718726 -0.000600623 0.00362837 -0.00725549 -0.00064699 -0.00313084 -0.00679198 -0.00104176 -0.00392999 -0.00622104 -0.0014198 -0.00466513 -0.00555168 -0.00177518 -0.00532466 -0.00479445 -0.00210226 -0.00589819 -0.0039613 -0.00239591 -0.00637667 -0.00306536 -0.00265149 -0.00675255 -0.00212076 -0.00286496 -0.00701991 -0.0011424 -0.00303297 -0.00717453 -0.000145711 -0.00315285 -0.00721397 0.00085359 -0.00322273 -0.00713761 0.00183975 -0.0032415 -0.00694665 0.0027972 -0.00320886 -0.00664411 0.00371086 -0.00312533 -0.00623475 0.0045663 -0.00299222 -0.00572503 0.00535005 -0.00281163 -0.005123 0.00604974 -0.00258642 -0.00443814 0.00665434 -0.00232013 -0.00368126 0.00715431 -0.00201697 -0.00286429 0.00754176 -0.00168171 -0.00200012 0.0078106 -0.00131964 -0.00110237 0.00791747 0.000169293 -0.00113849 0.00790611 -7.43356e-05 -0.00121271 0.00757111 -0.000589304 0.00270001 0.00758936 -0.000335095 0.00269384 -0.00683971 -0.00147911 -0.00370563 -0.00627928 -0.00195342 -0.00439139 -0.0056195 -0.00239664 -0.00500586 -0.00487079 -0.00280177 -0.00553936 -0.00404495 -0.00316243 -0.00598346 -0.003155 -0.00347293 -0.00633116 -0.00221498 -0.00372837 -0.00657699 -0.00123972 -0.00392473 -0.00671706 -0.000244584 -0.00405891 -0.00674918 0.000754718 -0.00412878 -0.00667282 0.00174243 -0.00413326 -0.00648919 0.00270298 -0.00407227 -0.00620119 0.00362122 -0.00394677 -0.00581336 0.00448266 -0.00375873 -0.00533182 0.00527372 -0.00351114 -0.00476416 0.00598193 -0.00320788 -0.00411935 0.00659611 -0.00285375 -0.00340752 0.00710658 -0.00245433 -0.00263994 0.00750529 -0.00201591 -0.00182868 0.00778596 -0.00154541 -0.000986548 0.00794415 -0.00105026 -0.000126833 -0.00744661 0.00221036 0.00198494 -0.00704209 0.00269758 0.00276487 -0.00699187 0.00308351 0.00246086 -0.00646493 0.00361342 0.00313232 -0.00640288 0.00403266 0.00270399 -0.00576345 0.00457487 0.00325758 -0.00569148 0.00499497 0.0027001 -0.00495181 0.00551808 0.00313432 -0.00487245 0.00590645 0.00245112 -0.00404676 0.00638003 0.00277249 -0.00396303 0.00670604 0.00197508 -0.00306721 0.00710265 0.00219764 -0.00298242 0.00733958 0.00130486 -0.00203359 0.00763657 0.00144917 -0.00195112 0.00776333 0.000486022 -0.000967194 0.00794434 0.000577881 -0.0008903 0.00794683 -0.000426137 0.000110429 0.00800288 -0.00035745 0.00017887 0.00787487 -0.0013702 0.00117817 0.00780499 -0.00129384 0.00123579 0.00754856 -0.00228261 0.00221592 0.00735992 -0.00216821 0.00226106 0.00698527 -0.00310179 0.00320512 0.00669276 -0.00292149 0.0032369 0.00621759 -0.00377222 0.00412919 0.00584292 -0.00350246 0.00414758 0.00529132 -0.00424796 0.00497383 0.00486167 -0.00387109 0.00497967 0.00426253 -0.00449571 0.00572728 0.00380887 -0.00400115 0.00572217 0.00319404 -0.00449699 0.00638035 0.0027492 -0.00388198 0.00636662 0.00215146 -0.00424935 0.00692643 0.00174804 -0.00351916 0.00690695 0.001199 -0.00376663 0.00736134 0.000867343 -0.00293426 0.00733933 0.000395394 -0.00307804 0.00768315 0.000161661 -0.00216345 0.00766198 -0.000209823 -0.0022264 0.00789181 -0.000325295 -0.00125524 0.00787481 -0.000579464 -0.00126536 0.00798893 -0.000563445 -0.000267343 0.00797914 -0.000691053 -0.000256041 0.00801043 -0.000186091 -0.000203402 0.00792572 0.000401591 -0.00103378 0.00801458 -6.90187e-05 -0.00015063 0.00771955 0.00118759 -0.00170103 0.0079307 0.000618743 -0.000900315 0.00801709 4.0421e-05 -8.33659e-05 0.00739016 0.00212242 -0.00216287 0.00772199 0.00148134 -0.00146413 0.00793235 0.000817185 -0.000740276 0.00801792 0.00014043 -2.71341e-06 0.00693804 0.00314741 -0.00239062 0.00738683 0.00246427 -0.00180647 0.00771945 0.00174256 -0.0011918 0.00793063 0.000993658 -0.000556299 0.00801706 0.000229368 9.00016e-05 0.00636623 0.00419851 -0.00237103 0.00692609 0.00350573 -0.00190634 0.00737704 0.00275796 -0.00140955 0.00771196 0.00196698 -0.000888498 0.00792557 0.00114526 -0.000351401 0.00801451 0.000305773 0.000193267 0.00568054 0.00521032 -0.00210707 0.00634336 0.00454052 -0.0017587 0.00690645 0.0037994 -0.00138056 0.00736094 0.00299865 -0.000978613 0.00769966 0.0021509 -0.000559205 0.00791726 0.00126951 -0.000128949 0.00801032 0.000368392 0.000305383 0.00488965 0.00612026 -0.00161772 0.00564513 0.0055042 -0.00137476 0.0063119 0.00480161 -0.0011081 0.00687944 0.00402359 -0.00082192 0.0073388 0.0031824 -0.000520752 0.00768274 0.00229131 -0.000209333 0.00790583 0.00136437 0.000107414 0.00800456 0.000416195 0.000424495 0.00400513 0.00687259 -0.000936696 0.0048409 0.00633721 -0.000781225 0.00560064 0.00570217 -0.000611396 0.00627238 0.0049775 -0.0004299 0.0068455 0.00417462 -0.00023959 0.00731099 0.00330618 -4.34681e-05 0.00766149 0.00238589 0.000155373 0.00789148 0.00142826 0.000353797 0.00799733 0.000448399 0.000548667 0.00304129 0.00742185 -0.000110277 0.00394308 0.00698864 -1.85161e-05 0.004783 0.0064455 7.55624e-05 0.00554781 0.005801 0.000170483 0.00622543 0.0050653 0.000264748 0.0068052 0.00425 0.000356867 0.00727795 0.00336797 0.000445394 0.00763625 0.00243311 0.00052893 0.00787442 0.00146016 0.000606155 0.00798873 0.000464474 0.000675848 0.00201495 0.00773581 0.000805764 0.00296684 0.00741943 0.000861822 0.00387225 0.00698634 0.000906332 0.0047169 0.00644336 0.000938571 0.00548749 0.00579904 0.000958046 0.00617184 0.00506356 0.000964439 0.00675918 0.00424851 0.000957659 0.00724024 0.00336675 0.000937811 0.00760743 0.00243217 0.000905199 0.00785495 0.00145953 0.000860347 0.00797892 0.000464156 0.000803954 0.000945069 0.00779744 0.00174975 0.00192978 0.00760488 0.00180054 0.00288437 0.00729267 0.00182497 0.00379379 0.00686574 0.00182266 0.0046437 0.00633082 0.00179364 0.00542068 0.00569634 0.00173836 0.00611249 0.00497232 0.00165769 0.00670822 0.00417017 0.00155292 0.00719847 0.00330254 0.00142569 0.00757551 0.00238311 0.001278 0.00783339 0.00142638 0.0011122 0.00796805 0.00044745 0.000930882 -0.000147756 0.00760598 0.00265811 0.000851545 0.00753611 0.00273447 0.00183773 0.00734767 0.00276974 0.00279525 0.00704364 0.00276336 0.003709 0.00662881 0.00271544 0.00456458 0.00610973 0.00262672 0.00534848 0.00549458 0.0024986 0.00604834 0.00479307 0.00233312 0.00665314 0.00401626 0.00213288 0.00715332 0.00317639 0.00190102 0.00754101 0.00228671 0.00164123 0.00781009 0.00136126 0.00135758 0.00795631 0.000414632 0.00105455 -0.00124183 0.00717692 0.00346957 -0.000246726 0.00722063 0.00360069 0.000752576 0.00715076 0.00367704 0.00174032 0.00696839 0.00369745 0.00270094 0.00667642 0.00366157 0.00361927 0.00627945 0.00356999 0.00448085 0.00578373 0.00342414 0.00527207 0.00519708 0.00322631 0.00598046 0.00452876 0.00297963 0.00659485 0.00378931 0.002688 0.00710555 0.00299038 0.00235601 0.0075045 0.00214458 0.00198889 0.00778542 0.00126524 0.00159245 0.00794388 0.000366239 0.00117291 -0.00231498 0.00654095 0.00412907 -0.001343 0.00668182 0.00434056 -0.000349526 0.00671759 0.00448562 0.000649776 0.00664771 0.00456199 0.00163915 0.00647329 0.00456843 0.00260298 0.00619706 0.00450486 0.00352608 0.00582338 0.00437228 0.00439388 0.00535815 0.00417279 0.0051927 0.00480871 0.00390951 0.00590995 0.00418372 0.00358662 0.0065343 0.00349304 0.00320918 0.00705593 0.00274756 0.00278318 0.00746659 0.00195903 0.0023153 0.00775981 0.00113989 0.00181296 0.00793097 0.000303066 0.00128405 -0.00334528 0.00574194 0.00459136 -0.00241498 0.0059573 0.00490358 -0.00144628 0.006079 0.00514051 -0.000454463 0.00610512 0.00529839 0.000544838 0.00603524 0.00537476 0.00153586 0.00587047 0.00536838 0.00250298 0.00561341 0.00527939 0.00343094 0.0052681 0.00510916 0.0043051 0.00484 0.00486038 0.00511169 0.00433586 0.004537 0.00583797 0.00376363 0.0041441 0.00647251 0.00313233 0.00368786 0.00700527 0.00245191 0.0031755 0.00742788 0.00173312 0.0026151 0.00773366 0.000987275 0.00201548 0.00791779 0.000226152 0.00138612 -0.00431162 0.00483409 0.00482403 -0.00344079 0.00509657 0.00525071 -0.00251537 0.00527896 0.00559662 -0.00154997 0.00537838 0.0058563 -0.000559811 0.00539327 0.00602566 0.000439491 0.0053234 0.00610202 0.00143218 0.00516985 0.00608419 0.00240259 0.00493506 0.00597243 0.00333543 0.00462273 0.00576851 0.00421598 0.00423779 0.00547565 0.00503035 0.00378629 0.00509848 0.00576571 0.00327537 0.00464293 0.00641046 0.00271309 0.00411619 0.00695442 0.0021083 0.00352657 0.00738902 0.00147055 0.00288335 0.00770741 0.000809897 0.00219671 0.00790456 0.000136757 0.00147745 -0.00519447 0.00387839 0.00480953 -0.00439964 0.00415769 0.00535683 -0.00353511 0.0043717 0.0058217 -0.00261451 0.00451706 0.0061968 -0.00165236 0.00459146 0.00647618 -0.000663847 0.00459374 0.00665547 0.000335455 0.00452387 0.00673184 0.00132978 0.00438293 0.00670406 0.00230345 0.00417316 0.00657259 0.00324111 0.00389786 0.0063395 0.00412796 0.00356138 0.00600847 0.00495004 0.00316902 0.00558472 0.00569436 0.00272697 0.00507492 0.00634919 0.0022422 0.00448711 0.0069042 0.00172236 0.00383058 0.00735065 0.00117564 0.00311566 0.00768149 0.000610669 0.00235364 0.00789149 3.63511e-05 0.00155654 0.00787881 -7.34173e-05 0.00162209 0.00786671 -0.000190747 0.00167304 0.00763231 0.000160053 0.0025848 0.00760987 -8.39338e-05 0.00265523 0.00724464 0.000147452 0.00356208 0.00721427 -0.000224329 0.00361924 0.00672573 -0.000109739 0.00448958 0.00669038 -0.000602184 0.00450154 0.00608831 -0.000593961 0.00530575 0.00605125 -0.00119213 0.00524339 0.00534737 -0.00127273 0.00595569 0.00531197 -0.00195483 0.00579469 0.00451963 -0.00210073 0.00639488 0.00448919 -0.00283953 0.00611712 0.00362297 -0.00302278 0.00659188 0.00360047 -0.00378732 0.00618674 0.00267582 -0.0039774 0.00653055 0.00266373 -0.004735 0.00599551 0.00169657 -0.00490077 0.00621103 0.00169671 -0.00561914 0.00555187 0.000703115 -0.00573092 0.00564982 0.000716522 -0.00638019 0.00488023 -0.00028763 -0.00641171 0.00487879 -0.000260756 -0.00696638 0.00401951 -0.00126006 -0.0068965 0.00394314 -0.00122037 -0.00733705 0.00302061 -0.00220011 -0.00715117 0.00289864 -0.00214908 -0.00746534 0.0019433 -0.00309543 -0.00715642 0.00180803 -0.00303524 -0.00733997 0.000852405 -0.00393539 -0.00690897 0.000737107 -0.00386881 -0.00696596 -0.000186303 -0.00471103 -0.00642191 -0.000249462 -0.00464124 -0.00636445 -0.00111026 -0.00541494 -0.00572386 -0.0010922 -0.0053453 -0.00557131 -0.00186406 -0.00604107 -0.00485718 -0.00174062 -0.00597492 -0.00463495 -0.00240296 -0.00658445 -0.00387534 -0.00215641 -0.00652492 -0.00361319 -0.00269567 -0.00704104 -0.00283948 -0.00231581 -0.00699079 -0.00256969 -0.0027264 -0.00740742 -0.00181454 -0.00221113 -0.00736855 -0.0015698 -0.00249574 -0.00768064 -0.000865145 -0.00185124 -0.0076545 -0.000676453 -0.00202067 -0.00785812 -5.14679e-05 -0.00126089 -0.00784521 5.38358e-05 -0.00133336 0.00783587 -0.000568403 0.0017311 0.00755543 -0.000842388 0.00267362 0.00782797 -0.000695952 0.0017178 0.00714502 -0.00134206 0.00350273 0.00754257 -0.00109019 0.00261513 0.00782149 -0.000820837 0.00168832 0.00661607 -0.00203441 0.00416346 0.00713048 -0.00169504 0.00337003 0.00753275 -0.00132864 0.00252548 0.00781653 -0.000941011 0.00164314 0.00598197 -0.00287365 0.00461121 0.00660323 -0.00247064 0.0039323 0.00712067 -0.00202837 0.00319338 0.00752612 -0.00155383 0.00240615 0.0078132 -0.0010545 0.001583 0.00525754 -0.00380422 0.00481467 0.00597411 -0.00336579 0.00426365 0.00659679 -0.002874 0.00364743 0.00711574 -0.0023366 0.00297571 0.0075228 -0.00176206 0.0022591 0.00781152 -0.00115944 0.00150889 0.00445847 -0.00476436 0.00475776 0.00525764 -0.00432128 0.00434023 0.0059742 -0.00380977 0.00385627 0.00659686 -0.00323789 0.00331354 0.0071158 -0.00261465 0.00272057 0.00752283 -0.0019499 0.00208673 0.00781154 -0.00125411 0.00142202 0.00360084 -0.00569009 0.0044408 0.00446899 -0.00527364 0.0041541 0.00526698 -0.00477375 0.00380391 0.00598222 -0.00419828 0.00339576 0.00660343 -0.00355631 0.0029361 0.00712082 -0.00285797 0.00243216 0.00752623 -0.00211428 0.0018919 0.00781325 -0.00133695 0.00132383 0.00270057 -0.00651937 0.00388047 0.00362357 -0.00615933 0.00371386 0.00448974 -0.00570186 0.0034907 0.00528542 -0.00515419 0.00321453 0.00599805 -0.00452494 0.00288969 0.00661641 -0.00382405 0.00252132 0.00713073 -0.00306256 0.00211521 0.00753292 -0.00225249 0.00167778 0.00781662 -0.00140661 0.00121593 0.00177312 -0.00719613 0.0031088 0.00273656 -0.00691878 0.00304408 0.00365715 -0.00653203 0.00293339 0.00452038 -0.00604198 0.00277847 0.00531264 -0.00545636 0.00258176 0.00602143 -0.0047844 0.00234637 0.00663557 -0.00403671 0.00207601 0.00714538 -0.00322506 0.00177494 0.00754281 -0.00236227 0.0014479 0.00782161 -0.00146193 0.00110007 0.000833068 -0.00767387 0.00217118 0.00182253 -0.00750031 0.00218383 0.00278356 -0.00720818 0.00216408 0.00370101 -0.00680208 0.00211222 0.00456041 -0.00628842 0.00202909 0.0053482 -0.0056753 0.00191599 0.00605196 -0.0049724 0.0017747 0.0066606 -0.00419079 0.00160747 0.0071645 -0.0033428 0.00141691 0.00755573 -0.00244181 0.00120604 0.00782812 -0.00150202 0.000978178 -0.000106055 -0.00791874 0.0011235 0.000895236 -0.00786345 0.00118418 0.00188272 -0.00768386 0.00122821 0.00284083 -0.00738281 0.00125491 0.00375445 -0.00696503 0.00126384 0.00460918 -0.00643713 0.00125488 0.00539152 -0.00580742 0.00122816 0.00608916 -0.00508584 0.0011841 0.00669108 -0.00428376 0.0011234 0.0071878 -0.00341385 0.00104701 0.00757147 -0.0024898 0.000956154 0.00783605 -0.00152621 0.000852241 -0.00103192 -0.00791173 2.86163e-05 -3.26188e-05 -0.00798161 0.000104977 0.00096751 -0.00792533 0.000181718 0.0019527 -0.00774377 0.000257625 0.0029074 -0.0074398 0.000331497 0.00381657 -0.00701822 0.000402173 0.00466587 -0.00648566 0.000468543 0.00544189 -0.00585054 0.000529549 0.00613241 -0.00512286 0.000584243 0.00672653 -0.00431411 0.000631756 0.00721489 -0.00343703 0.000671333 0.00758977 -0.00250547 0.000702357 0.00784527 -0.0015341 0.000724337 -0.00193344 -0.00764995 -0.00104762 -0.00094942 -0.00784381 -0.000988887 4.98815e-05 -0.00791369 -0.000912526 0.00104871 -0.00785848 -0.000819737 0.00203131 -0.00767905 -0.000711994 0.0029822 -0.00737823 -0.000590989 0.00388637 -0.00696076 -0.000458629 0.00472956 -0.00643323 -0.000317009 0.00549848 -0.00580395 -0.000168355 0.006181 -0.00508286 -1.50143e-05 0.00676635 -0.00428133 0.000140599 0.00724531 -0.00341198 0.000296025 0.00761033 -0.00248854 0.000448814 0.00785564 -0.00152557 0.000596552 -0.00280068 -0.00714687 -0.00204052 -0.00184464 -0.00745548 -0.00203163 -0.000859209 -0.00764623 -0.00198867 0.000140097 -0.00771611 -0.0019123 0.0011375 -0.00766401 -0.00180375 0.00211728 -0.00749076 -0.00166472 0.00306399 -0.00719909 -0.0014974 0.00396269 -0.0067936 -0.00130444 0.00479921 -0.00628068 -0.00108887 0.00556036 -0.00566843 -0.000854106 0.00623413 -0.0049665 -0.000603834 0.0068099 -0.00418595 -0.000342005 0.00727859 -0.0033391 -7.27489e-05 0.00763281 -0.00243931 0.000199682 0.00786696 -0.00150076 0.000471002 -0.00362479 -0.0064315 -0.00289067 -0.00270877 -0.00683811 -0.00296071 -0.00174972 -0.00713658 -0.00298204 -0.000762761 -0.00732222 -0.0029543 0.000236541 -0.0073921 -0.00287794 0.00123243 -0.00734511 -0.00275416 0.00220919 -0.007182 -0.00258491 0.00315143 -0.00690534 -0.00237286 0.00404428 -0.00651949 -0.00212137 0.00487367 -0.00603054 -0.00183438 0.00562651 -0.00544619 -0.00151643 0.00629093 -0.00477567 -0.00117254 0.00685646 -0.00402955 -0.000808121 0.00731416 -0.00321959 -0.000428924 0.00765684 -0.00235857 -4.09349e-05 0.00787907 -0.00146007 0.000349736 -0.0043978 -0.00554662 -0.00354763 -0.00353314 -0.00602796 -0.0037208 -0.00261243 -0.00641394 -0.00383326 -0.00165022 -0.00669849 -0.00388324 -0.000661668 -0.00687711 -0.00386994 0.000337634 -0.00694699 -0.00379358 0.00133193 -0.00690702 -0.00365535 0.00230553 -0.00675784 -0.00345746 0.00324308 -0.0065018 -0.003203 0.00412981 -0.00614293 -0.00289599 0.00495172 -0.0056869 -0.00254129 0.00569585 -0.00514089 -0.00214447 0.00635047 -0.00451352 -0.0017118 0.00690525 -0.00381469 -0.0012501 0.00735145 -0.00305541 -0.000766659 0.00768203 -0.00224766 -0.000269094 0.00789177 -0.00140417 0.000234751 -0.00511244 -0.00454603 -0.00397317 -0.00430975 -0.00507379 -0.00426723 -0.00343877 -0.00552125 -0.00449197 -0.00251325 -0.00588134 -0.00464383 -0.00154778 -0.0061484 -0.00472042 -0.000557587 -0.00631821 -0.00472054 0.000441715 -0.00638808 -0.00464418 0.00143436 -0.00635693 -0.00449255 0.00240471 -0.00622524 -0.00426803 0.00333744 -0.00599508 -0.00397417 0.00421786 -0.0056701 -0.0036156 0.00503207 -0.0052554 -0.00319798 0.00576724 -0.00475754 -0.0027279 0.00641177 -0.00418436 -0.00221276 0.00695549 -0.0035449 -0.0016607 0.00738984 -0.00284926 -0.00108041 0.00770796 -0.00210839 -0.000481048 0.00790484 -0.00133398 0.000127933 -0.00576193 -0.00349118 -0.00414366 -0.0050311 -0.00403377 -0.00456888 -0.00422061 -0.00451245 -0.00492001 -0.00334325 -0.00491969 -0.00519152 -0.00241285 -0.00524905 -0.00537912 -0.00144408 -0.00549534 -0.00547986 -0.000452228 -0.00565468 -0.00549214 0.000547074 -0.00572456 -0.00541578 0.00153806 -0.00570387 -0.00525198 0.00250511 -0.00559294 -0.00500332 0.00343296 -0.00539352 -0.00467371 0.00430699 -0.00510876 -0.00426838 0.00511341 -0.00474314 -0.00379369 0.0058395 -0.00430243 -0.00325714 0.00647382 -0.00379358 -0.0026672 0.00700635 -0.00322462 -0.00203315 0.00742871 -0.00260451 -0.00136501 0.00773422 -0.00194305 -0.000673318 0.00791807 -0.00125066 3.10303e-05 -0.00633978 -0.00244727 -0.00405151 -0.00568997 -0.00297179 -0.00461003 -0.0049501 -0.00344915 -0.00509381 -0.00413186 -0.00387183 -0.00549523 -0.00324814 -0.00423316 -0.00580796 -0.00231288 -0.00452744 -0.00602705 -0.00134083 -0.00475004 -0.00614907 -0.00034732 -0.00489744 -0.00617208 0.000651982 -0.00496732 -0.00609572 0.00164132 -0.00495857 -0.00592119 0.00260508 -0.00487134 -0.00565125 0.00352808 -0.00470699 -0.00529015 0.00439575 -0.00446813 -0.0048436 0.00519441 -0.00415852 -0.00431863 0.00591146 -0.00378303 -0.00372351 0.0065356 -0.0033476 -0.00306764 0.00705699 -0.00285909 -0.00236137 0.0074674 -0.0023252 -0.00161581 0.00776036 -0.00175436 -0.000842744 0.00793125 -0.00115556 -5.43534e-05 0.00795656 -0.000936475 -0.0001852 0.00783387 -0.00108075 -0.00118829 0.00760807 -0.000960866 -0.00220818 0.0072787 -0.000583123 -0.00318004 0.00680611 -0.000570704 -0.00406651 0.00684629 3.00303e-05 -0.00404257 0.00627329 0.000150629 -0.00485893 0.00631265 0.000841423 -0.00474188 0.00564598 0.00104668 -0.00546488 0.00568119 0.00180151 -0.00523491 0.00492916 0.00206287 -0.00584766 0.00495714 0.00285154 -0.00549218 0.0041297 0.00313716 -0.00598521 0.00414784 0.00392724 -0.00549961 0.00325651 0.00420404 -0.00587141 0.00326281 0.00496294 -0.00525939 0.00232065 0.00519864 -0.00551646 0.00231386 0.00589568 -0.00478978 0.0013353 0.00606085 -0.00494617 0.00131501 0.00666927 -0.00412389 0.000315707 0.00673915 -0.00420025 0.000282358 0.00723778 -0.00330751 -0.000721082 0.0071938 -0.00332967 -0.000766225 0.00756845 -0.00239609 -0.00175655 0.0073994 -0.0023934 -0.00181146 0.00764376 -0.00145117 -0.00277109 0.00734642 -0.0014545 -0.00283314 0.00746247 -0.000536324 -0.00374461 0.0070418 -0.000576073 -0.0038107 0.00703966 0.000286935 -0.00465702 0.00650841 0.000182858 -0.00472383 0.00640571 0.000963165 -0.00548894 0.00578357 0.000771178 -0.00555309 0.00560432 0.0014466 -0.00622225 0.00491659 0.001149 -0.00628054 0.00468964 0.00170413 -0.00684075 0.00396559 0.00129031 -0.00689037 0.00372277 0.00171748 -0.00733067 0.00299375 0.00118458 -0.00736937 0.00276784 0.00148438 -0.00768119 0.00206518 0.000837563 -0.00770745 0.0018878 0.00101878 -0.0078848 0.00124085 0.000270909 -0.00773337 0.00168857 0.00117572 -0.00740824 0.00250527 0.00175263 -0.00694102 0.00342713 0.00210981 -0.00634108 0.00439337 0.00222532 -0.00562097 0.00534001 0.00209311 -0.00479603 0.00620395 0.00172341 -0.00388391 0.00692712 0.001142 -0.00290397 0.00746018 0.000388531 -0.00187667 0.00776574 -0.000486077 -0.000822939 0.00782084 -0.00142292 0.000236492 0.00761843 -0.00235897 0.00128166 0.0071679 -0.00323115 0.00229389 0.0064945 -0.00398046 0.00325624 0.00563781 -0.00455581 0.00415384 0.00464925 -0.00491734 0.00497407 0.0035888 -0.00503905 0.00570672 0.00252124 -0.00491051 0.00634393 0.00151204 -0.00453757 0.00688009 0.000623178 -0.00394206 0.00731163 -9.07558e-05 -0.00316043 0.00763682 -0.000586057 -0.00224139 0.00785539 -0.000832669 -0.00124293 0.00796829 -0.000816081 -0.000228503 0.00905202 -0.0144942 0.00956608 0.00868087 -0.0123729 0.00996242 0.00738241 -0.0140645 0.0114744 0.00744741 -0.0120728 0.0112595 0.0053708 -0.0386941 0.015261 0.00447024 -0.0485245 0.0168636 0.00623577 -0.0489756 0.0148672 0.00704041 -0.0391238 0.0133526 0.00752253 -0.0494392 0.0125358 0.00832717 -0.0395873 0.0110212 0.00827036 -0.0498934 0.00997835 0.009075 -0.0400416 0.00846375 0.00843022 -0.0501104 0.00865199 0.00924893 -0.0404653 0.00579986 0.00706513 -0.0509962 0.00216476 0.00884083 -0.0408388 0.0031541 0.00803619 -0.0506906 0.0046687 0.00844429 -0.0503172 0.00731447 0.0064647 -0.0413592 -0.00149316 0.0085537 -0.014768 -0.0056843 0.00847631 -0.0167296 -0.00527967 0.00960637 -0.0146277 -0.00421251 0.00988137 -0.0165148 -0.00313635 0.00849025 -0.0147745 -0.00576013 0.00557653 -0.0512198 -8.02665e-05 0.00786977 -0.0411444 0.000650159 0.0100423 -0.0145445 -0.00343927 0.0104733 -0.0144379 -0.00251699 0.0108524 -0.0162092 -0.000632414 0.0113845 -0.0139476 0.00115629 0.0112605 -0.0158358 0.00201335 0.0110706 -0.0142094 -0.00071329 0.0110134 -0.0142388 -0.000935332 0.0112475 -0.0134417 0.00437431 0.0110866 -0.015412 0.00467723 0.0114074 -0.0136586 0.00304794 0.0114215 -0.0138654 0.00171044 0.0111389 -0.0133493 0.00491732 0.0105853 -0.0130268 0.00672063 0.0103388 -0.0149578 0.00723468 0.0104997 -0.0129874 0.00693175 0.00975946 -0.0126988 0.00841556 0.00921294 -0.0125239 0.00926316 -0.0126101 -0.0398829 -0.00202436 -0.0117681 -0.0400842 -0.00288641 -0.0114395 -0.0501717 -0.00230243 -0.0105985 -0.0152533 -0.00581087 -0.0101066 -0.0133652 -0.00647315 -0.00975645 -0.0154546 -0.00667292 -0.00869792 -0.0136737 -0.00773122 -0.00846232 -0.0137199 -0.00790647 -0.0143882 -0.0473629 0.0144008 -0.0148207 -0.0377772 0.0104977 -0.0156253 -0.0476291 0.0120123 -0.0155143 -0.0381188 0.00790766 -0.016319 -0.0479706 0.00942226 -0.0156321 -0.0385197 0.00523718 -0.0164367 -0.0483715 0.00675179 -0.0151685 -0.0389613 0.00261112 -0.0159731 -0.0488131 0.00412573 -0.0141452 -0.0394229 0.000152288 -0.0149499 -0.0492747 0.00166689 -0.0134147 -0.0497347 -0.000509755 -0.0108504 -0.0127895 0.0100812 -0.00968839 -0.0107328 0.010872 -0.00989889 -0.0107478 0.0106627 -0.011572 -0.0128815 0.00909966 -0.0126656 -0.0471845 0.016476 -0.0128619 -0.0374191 0.0138677 -0.0135836 -0.0375111 0.0128862 -0.0111301 -0.0108716 0.00920285 -0.0114111 -0.0109111 0.00879675 -0.0128091 -0.0131477 0.00671118 -0.0121246 -0.0110405 0.00757651 -0.0126481 -0.0111773 0.00640826 -0.0128588 -0.0112503 0.00582175 -0.0133158 -0.0114961 0.00397971 -0.0135027 -0.0134892 0.00412114 -0.0133418 -0.0115188 0.00381823 -0.0134847 -0.0117723 0.00209356 -0.0136205 -0.0138901 0.00145066 -0.012996 -0.0123614 -0.00147831 -0.0131569 -0.0143317 -0.00117539 -0.0133615 -0.0120723 0.000207505 -0.0134596 -0.0119198 0.00114775 -0.0129492 -0.0123891 -0.00163424 -0.0122575 -0.0127153 -0.0033885 -0.0121336 -0.0147933 -0.00363422 -0.0119727 -0.012823 -0.00393714 -0.0113025 -0.0130433 -0.00501418 -0.0104375 -0.013283 -0.00611379 -0.00845966 -0.0106718 0.0119217 -0.0105379 -0.0471024 0.018141 -0.00810459 -0.0471202 0.0193179 -0.0068462 -0.0106454 0.0129505 -0.00756068 -0.0106506 0.012537 -0.00250239 -0.0107854 0.0143476 -0.00325103 -0.0107428 0.0142268 -0.00547956 -0.0472371 0.0199516 -0.00509632 -0.0106692 0.0137249 -0.00512742 -0.0106684 0.0137138 -0.0013536 -0.0108643 0.0144444 -0.00278549 -0.0474478 0.0200125 0.000191677 -0.010996 0.0144085 0.000551507 -0.0110309 0.0143726 -0.000148371 -0.0477423 0.0194978 0.00241964 -0.0112388 0.0140131 0.00587171 -0.0117578 0.0124712 0.00528567 -0.0116551 0.0128275 0.0023085 -0.0481069 0.0184315 0.00420701 -0.011483 0.0133743 0.0028288 -0.0112906 0.0138938 0.00737474 -0.0120568 0.011325 0.00715108 -0.0148747 -0.00712356 0.00363998 -0.0513508 -0.00196141 0.00661715 -0.0148991 -0.00756545 0.00562025 -0.0149261 -0.00827085 0.00134605 -0.0513832 -0.00339071 0.00432322 -0.0149315 -0.00899474 -0.00119801 -0.0513154 -0.00430133 0.00213075 -0.0148785 -0.00981514 0.00393363 -0.0149274 -0.00917511 -0.00387324 -0.0511506 -0.0046507 0.00025389 -0.0147807 -0.0101759 0.00177916 -0.0148637 -0.00990537 -0.00354515 -0.0144484 -0.0100328 -0.00165297 -0.0146362 -0.010249 -0.00089607 -0.0146989 -0.0102547 -0.00357739 -0.0144448 -0.0100265 -0.00655456 -0.0508966 -0.00442247 -0.00537828 -0.0142217 -0.00953213 -0.00911657 -0.0505651 -0.00362732 -0.00613939 -0.0141133 -0.00923136 -0.00710939 -0.0139614 -0.00875892 0.00350582 -0.0137934 0.0111782 0.00149422 -0.038423 0.0149647 0.00145517 -0.0135052 0.0119635 -0.000556432 -0.0381348 0.01575 -0.00072508 -0.0132785 0.0122797 -0.00273668 -0.0379081 0.0160662 -0.00292799 -0.0131245 0.0121113 -0.00493959 -0.0377541 0.0158979 -0.0050455 -0.0130506 0.0114667 -0.0070571 -0.0376802 0.0152532 -0.00697376 -0.0130606 0.0103774 -0.00898537 -0.0376902 0.0141639 -0.00587987 -0.0157257 -0.00637669 -0.00789146 -0.0403553 -0.00259018 -0.00382921 -0.0160139 -0.00716195 -0.00584081 -0.0406435 -0.00337543 -0.00164896 -0.0162406 -0.00747816 -0.00366056 -0.0408702 -0.00369164 0.000553947 -0.0163946 -0.00730983 -0.00145766 -0.0410242 -0.00352331 0.00267146 -0.0164685 -0.0066652 0.000659857 -0.0410981 -0.00287869 0.00459972 -0.0164585 -0.0055759 0.00258812 -0.0410881 -0.00178938 -0.00247566 -0.00827838 0.0108615 -0.00124413 -0.00942362 0.00406644 -0.00387808 -0.00822248 0.01048 -0.0023297 -0.00941232 0.00356322 -0.00520798 -0.00820434 0.00989149 -0.00643421 -0.00822439 0.0091096 -0.00752803 -0.00828217 0.00815272 -0.00306132 -0.00949754 0.00262021 -0.00846377 -0.00837631 0.00704327 -0.0101596 -0.00928883 0.000206804 -0.0102532 -0.00906081 0.00164021 -0.0032714 -0.00965976 0.00145344 0.00319245 -0.00884092 0.0102136 0.00445763 -0.00904978 0.00952721 -5.33202e-05 -0.00952885 0.00401458 0.000969942 -0.00970391 0.00341952 -0.00103361 -0.00837073 0.0110268 0.000414274 -0.00849737 0.0109723 0.00183406 -0.00865534 0.010699 -0.0029118 -0.00986182 0.000330201 -0.00859477 -0.0100267 -0.00376167 -0.00932057 -0.00977752 -0.00252617 0.00644772 -0.0113425 -0.0043286 0.00542995 -0.0114187 -0.00536481 0.00118329 -0.0102237 0.000151864 0.00426652 -0.0114577 -0.00623675 0.000247508 -0.0102618 -0.000592889 -0.0101249 -0.00885092 0.00307368 -0.00977759 -0.00866405 0.00447364 -0.00921954 -0.0085046 0.00580725 -0.0098463 -0.00952961 -0.00119292 -0.00206491 -0.0100574 -0.000492179 -0.00661529 -0.0105059 -0.00582663 -0.00768591 -0.0102714 -0.00487049 -0.00126113 -0.0112374 -0.00774017 -0.00269919 -0.0110946 -0.00757579 -0.000924744 -0.0102018 -0.000825317 -0.00409236 -0.0109224 -0.00719532 -0.00540801 -0.0107246 -0.00660768 0.00864732 -0.010714 0.000927879 0.00166823 -0.0100963 0.00123832 0.001702 -0.0100075 0.00183348 0.00741232 -0.00976496 0.00644493 0.00159124 -0.00990869 0.0024176 0.00659259 -0.00951727 0.00762054 0.00559993 -0.009277 0.00865607 0.00298469 -0.0114587 -0.00692398 0.0016145 -0.0114215 -0.0074104 0.000188086 -0.0113472 -0.0076846 0.00840881 -0.010913 -0.000492999 0.00795481 -0.0110866 -0.00186381 0.00729597 -0.0112309 -0.00315241 0.00803993 -0.0100143 0.00515677 0.00846069 -0.0102593 0.00378626 0.00866474 -0.0104944 0.00236554 -0.00719886 -0.0497566 0.00264992 -0.00548032 -0.0500066 0.00193715 -0.00361719 -0.0501816 0.00178866 -0.00621468 -0.0482174 0.0131848 -0.00782355 -0.0482347 0.0122177 -0.00905846 -0.0483505 0.0108086 -0.000182975 -0.0502472 0.00318605 0.00105194 -0.0501315 0.00459513 0.00179201 -0.0499285 0.00630832 -0.00179185 -0.0502645 0.002219 -0.00955993 -0.0491347 0.00544087 -0.0086046 -0.0494562 0.00385722 -0.00979855 -0.0485534 0.00909544 -0.00997133 -0.0488236 0.00724584 -0.00252621 -0.0484753 0.0134666 -0.00438935 -0.0483003 0.0136151 0.000598073 -0.0490257 0.0115465 -0.000807669 -0.0487253 0.0127538 0.0019648 -0.0496583 0.00815792 0.0015534 -0.0493472 0.0099629 0.00210432 -0.00508162 0.00107618 0.00207055 -0.00517036 0.000481023 0.00199356 -0.00498277 0.00166029 0.00137226 -0.00477799 0.00266222 0.000349 -0.00460294 0.00325727 -0.000841811 -0.0044977 0.00330913 -0.00192737 -0.00448641 0.00280592 -0.002659 -0.00457163 0.00186291 -0.00286907 -0.00473385 0.000696144 -0.00250948 -0.0049359 -0.000427098 -0.00166259 -0.0051315 -0.00124949 -0.000522424 -0.00527584 -0.00158262 0.000649828 -0.00533585 -0.00135019 0.00158561 -0.00529778 -0.000605436 -0.000382379 -0.00490773 0.000886163 -0.00916669 -0.0389718 0.00573122 -0.00875529 -0.0392829 0.00392626 -0.00779996 -0.0396044 0.00234263 -0.00639422 -0.0399048 0.00113533 -0.00467568 -0.0401548 0.000422543 -0.00281254 -0.0403298 0.000274053 -0.000987202 -0.0404127 0.000704399 0.000621665 -0.0403954 0.00167144 0.00185658 -0.0402796 0.00308052 0.00259665 -0.0400767 0.00479372 0.00276945 -0.0398065 0.00664332 0.00235804 -0.0394954 0.00844829 0.00140271 -0.0391739 0.0100319 -3.0251e-06 -0.0388735 0.0112392 -0.00172157 -0.0386235 0.011952 -0.00358471 -0.0384485 0.0121005 -0.00541004 -0.0383656 0.0116702 -0.00701891 -0.0383829 0.0107031 -0.00825382 -0.0384986 0.00929403 -0.0089939 -0.0387016 0.00758083 0.0113133 -0.0130206 0.00102694 0.0104128 -0.0135052 -0.00260319 0.00845306 -0.0138379 -0.00580824 0.00561677 -0.0139877 -0.00828946 0.00394996 -0.0139889 -0.0091831 0.000313449 -0.013844 -0.0101722 -0.00525256 -0.0132916 -0.00953593 -0.00696335 -0.0130344 -0.0087718 -0.00853321 -0.01275 -0.00775618 -0.0111072 -0.012127 -0.00507105 -0.013142 -0.0111674 8.93013e-05 -0.0130968 -0.010598 0.0038172 -0.0119196 -0.0101477 0.00737175 -0.0109369 -0.00998085 0.00897899 -0.00829775 -0.00978331 0.0116659 -0.00497391 -0.00978082 0.0134479 -0.00127516 -0.0099736 0.014159 0.000607569 -0.0101383 0.014088 0.00422013 -0.010585 0.0131014 0.00864144 -0.0114645 0.00972964 0.00970737 -0.0117866 0.00820094 0.0105235 -0.0121107 0.00652592 0.0113359 -0.0127351 0.00289637 0.00495739 -0.00911794 0.0103188 0.00356875 -0.0088887 0.0110721 0.00538459 -0.00946874 0.0110773 0.00388458 -0.00922112 0.0118911 0.00569743 -0.0100678 0.0117286 0.00410903 -0.00980562 0.0125904 0.00586528 -0.0108566 0.0122089 -0.00565144 -0.00819 0.0107186 -0.00699733 -0.00821201 0.00986043 -0.00607512 -0.00846637 0.0115092 -0.00752896 -0.00849015 0.0105822 -0.00643754 -0.00900641 0.012186 -0.00797705 -0.00903158 0.0112044 -0.00670324 -0.00975724 0.0126826 -0.011189 -0.00913005 0.00166213 -0.0110863 -0.00938032 8.88468e-05 -0.0120568 -0.00948182 0.00172638 -0.0119459 -0.00975216 2.69176e-05 -0.0127717 -0.0100817 0.00182668 -0.0126542 -0.010368 2.7074e-05 -0.0132637 -0.0108709 0.0019532 -0.0101654 -0.00991669 -0.00291082 -0.00936873 -0.0101902 -0.00426689 -0.0109511 -0.0103316 -0.00321333 -0.0100905 -0.010627 -0.00467818 -0.0116008 -0.0109815 -0.00340411 -0.0106896 -0.0112944 -0.00495527 -0.012051 -0.0118029 -0.00346447 -0.00131944 -0.011519 -0.00863363 0.000271201 -0.0116395 -0.00857264 -0.00139567 -0.0120624 -0.00939515 0.00032255 -0.0121926 -0.00932927 -0.00148236 -0.0128143 -0.00995019 0.000337109 -0.0129522 -0.00988043 -0.00157102 -0.0137012 -0.0102444 0.0080727 -0.0115119 -0.00359817 0.00879584 -0.0113536 -0.00218383 0.00874977 -0.0120548 -0.00395582 0.00953091 -0.0118837 -0.00242803 0.0092609 -0.0128062 -0.00419035 0.0100881 -0.0126251 -0.00257254 0.00955607 -0.0136928 -0.0042788 0.0110706 -0.0124294 0.0047438 0.0107232 -0.0115864 0.00452101 0.0109794 -0.0118815 0.00273731 0.0101307 -0.0109028 0.00427079 0.0103726 -0.0111815 0.00258635 0.00935107 -0.0104455 0.00401762 0.00957505 -0.0107035 0.00245824 0.00888925 -0.0101765 0.00552186 0.00963182 -0.0106122 0.00589569 0.0101949 -0.0112787 0.00624166 0.00940698 -0.0109657 0.00785892 0.00888772 -0.0103167 0.00742294 0.00820041 -0.00990291 0.00693571 0.00837782 -0.0106548 0.00933488 0.00791583 -0.010023 0.00881678 0.00730068 -0.00963106 0.00822605 0.00735066 -0.0111521 0.0110762 0.00713157 -0.0103531 0.0106349 0.00673893 -0.00973814 0.0100445 0.00621116 -0.00936734 0.00936262 0.00245376 -0.0103437 0.0137327 0.00240359 -0.00957263 0.0131999 0.00227404 -0.00900109 0.0124667 0.00207779 -0.00868501 0.011605 0.000519462 -0.00851163 0.0119049 0.000590723 -0.0088138 0.0127906 0.000621084 -0.00937431 0.0135429 -0.0011967 -0.00921531 0.0136114 -0.00112591 -0.00866365 0.0128553 -0.00106971 -0.00837263 0.0119648 -0.00315031 -0.00985351 0.0139439 -0.00300717 -0.00909936 0.0134038 -0.00283563 -0.00855415 0.0126593 -0.00265249 -0.00827126 0.0117833 -0.00419175 -0.00820991 0.0113646 -0.00449836 -0.00848788 0.012207 -0.00476787 -0.00902918 0.0129249 -0.00972007 -0.00985844 0.0104216 -0.00935031 -0.00910412 0.010003 -0.0088258 -0.00855865 0.00944774 -0.00819788 -0.00827542 0.00881016 -0.00922495 -0.00837875 0.00759245 -0.00993524 -0.00867026 0.00813234 -0.0105251 -0.00922231 0.00861011 -0.011474 -0.00938338 0.00705832 -0.0108313 -0.00882237 0.0066669 -0.0100545 -0.00851956 0.00623581 -0.0126453 -0.010355 0.0056376 -0.0121746 -0.00958357 0.00538398 -0.0114929 -0.00901142 0.00508574 -0.010667 -0.00869457 0.00477205 -0.0110481 -0.00889967 0.00323549 -0.0119047 -0.00923296 0.00342594 -0.0126106 -0.00981817 0.00362637 -0.0127346 -0.0114805 -0.00173081 -0.0122609 -0.0106703 -0.00173026 -0.0115744 -0.0100376 -0.00163262 -0.0107424 -0.00964459 -0.00144747 -0.00992538 -0.0124452 -0.00651288 -0.00954853 -0.0116016 -0.00634737 -0.00901299 -0.0109172 -0.00599281 -0.00837118 -0.0104588 -0.00548391 -0.00719608 -0.0107161 -0.00653336 -0.00774365 -0.0111951 -0.00712642 -0.00820439 -0.0118959 -0.00754778 -0.00668867 -0.0121705 -0.00852837 -0.00631228 -0.0114544 -0.00805244 -0.00587099 -0.0109562 -0.00739062 -0.0050369 -0.0124188 -0.00926614 -0.00475242 -0.0116889 -0.00874917 -0.00442695 -0.0111733 -0.00803561 -0.00344097 -0.0135156 -0.0100307 -0.0032878 -0.0126351 -0.00974382 -0.00310065 -0.0118932 -0.00920026 -0.00289783 -0.0113623 -0.00845321 0.00216827 -0.0139407 -0.00981561 0.00212795 -0.0130455 -0.00953617 0.00201374 -0.0122807 -0.00900417 0.00183681 -0.0117211 -0.00827168 0.00334071 -0.0117619 -0.00773779 0.00363824 -0.0123247 -0.00842746 0.00384818 -0.0130921 -0.00892548 0.00545749 -0.0130909 -0.00806267 0.005158 -0.0123236 -0.00761266 0.00474762 -0.0117608 -0.00698349 0.00712962 -0.0139369 -0.00715565 0.00691816 -0.0130419 -0.00696797 0.00653739 -0.0122773 -0.00657887 0.00602459 -0.011718 -0.00602646 0.00714168 -0.0116344 -0.00488914 0.00774407 -0.012187 -0.00535033 0.00819595 -0.0129463 -0.00566703 0.0110031 -0.0132794 -0.000820683 0.010658 -0.012407 -0.000851521 0.0100692 -0.0116778 -0.000802787 0.00929413 -0.011163 -0.000679248 0.00955592 -0.0109446 0.000880292 0.0103519 -0.0114419 0.000881834 0.0109575 -0.0121572 0.000932372 -0.0158626 -0.0935142 -0.00927576 -0.00796783 -0.0909412 0.0116542 -0.00910056 -0.0907568 0.0122521 -0.0259928 -0.0916601 -0.00259752 -0.0230114 -0.0923305 -0.00537423 -0.0196037 -0.0929542 -0.00762073 0.000317499 -0.0948459 -0.00934268 0.00411326 -0.0949063 -0.00771883 -0.00667832 -0.0910392 0.0117017 0.00759545 -0.0948497 -0.00550081 -0.00557758 -0.0910245 0.012382 -0.0118902 -0.0939952 -0.0102942 -0.00779489 -0.0943841 -0.0106481 -0.00368831 -0.0946703 -0.0103281 0.0152687 -0.0940093 0.00404242 -0.00496052 -0.0909011 0.0135128 0.0132503 -0.094395 0.000461115 0.0106691 -0.0946777 -0.00274915 -0.0314347 -0.0877062 0.0202294 -0.0321792 -0.0882639 0.0162066 -0.00980499 -0.0903362 0.0146137 -0.0322472 -0.0888858 0.0121253 -0.00977301 -0.0905353 0.0133354 -0.015083 -0.0863913 0.0374691 -0.00808718 -0.090198 0.0164248 -0.0110772 -0.086567 0.0384545 -0.00679768 -0.0902961 0.0164723 -0.00697063 -0.0868532 0.0387746 0.00824591 -0.0889068 0.0335007 0.00483819 -0.0882831 0.0357472 -0.00566495 -0.0904805 0.0158743 0.00109711 -0.0877231 0.0374022 -0.00287528 -0.0872421 0.0384206 0.0166692 -0.093531 0.00789705 0.0174136 -0.0929734 0.0119199 -0.0049925 -0.090702 0.0147911 0.0174817 -0.0923515 0.0160012 0.0168715 -0.0916823 0.0200296 -0.031637 -0.089555 0.00809683 -0.0303653 -0.0902531 0.00423114 -0.0284666 -0.0909613 0.000633648 -0.0300342 -0.087228 0.024084 -0.00918794 -0.0902127 0.0157445 -0.0280158 -0.0868423 0.0276653 -0.0188788 -0.086331 0.0358453 -0.022361 -0.0863876 0.0336273 -0.0254346 -0.0865596 0.0308756 0.0155998 -0.0909842 0.0238953 0.0137011 -0.090276 0.0274928 0.0112273 -0.0895772 0.030724 -0.0253541 -0.0855744 0.0307241 -0.0222805 -0.0854024 0.0334758 -0.0187983 -0.0853458 0.0356938 -0.0150025 -0.0854062 0.0373177 -0.0109967 -0.0855818 0.0383031 -0.00689016 -0.085868 0.0386231 -0.00279482 -0.0862569 0.0382691 0.00117757 -0.0867379 0.0372507 0.00491865 -0.0872979 0.0355957 0.00832637 -0.0879216 0.0333492 0.0113078 -0.088592 0.0305725 0.0137816 -0.0892908 0.0273413 0.0156802 -0.089999 0.0237438 0.016952 -0.0906971 0.0198781 0.0175622 -0.0913663 0.0158497 0.0174941 -0.0919882 0.0117684 0.0167497 -0.0925459 0.00774559 0.0153491 -0.0930241 0.00389095 0.0133307 -0.0934098 0.00030966 0.0107495 -0.0936925 -0.00290061 0.00767591 -0.0938645 -0.00565227 0.00419373 -0.0939211 -0.00787028 0.000397961 -0.0938608 -0.00949413 -0.00360784 -0.0936851 -0.0104795 -0.00771442 -0.0933989 -0.0107996 -0.0118098 -0.09301 -0.0104456 -0.0157822 -0.092529 -0.00942722 -0.0195232 -0.091969 -0.00777219 -0.022931 -0.0913453 -0.00552569 -0.0259124 -0.0906749 -0.00274898 -0.0283862 -0.0899761 0.000482193 -0.0302848 -0.0892679 0.00407968 -0.0315566 -0.0885698 0.00794537 -0.0321668 -0.0879006 0.0119738 -0.0320987 -0.0872787 0.0160551 -0.0313542 -0.0867211 0.0200779 -0.0299537 -0.0862428 0.0239326 -0.0279353 -0.0858571 0.0275139 -0.000975557 -0.0880472 0.00379526 -0.00270615 -0.0880433 0.00290113 -0.00173117 -0.0880525 0.0033595 -0.00456062 -0.087983 0.00230803 -0.0034749 -0.0880247 0.00261352 -0.00648562 -0.0878681 0.00203305 -0.00531511 -0.087944 0.00216084 -0.00842578 -0.0877018 0.0020841 -0.00720162 -0.0878126 0.0020138 -0.0103253 -0.0874889 0.0024597 -0.00908297 -0.0876339 0.00217642 -0.0121294 -0.0872356 0.00314905 -0.0109078 -0.0874129 0.00264426 -0.0137864 -0.0869491 0.00413233 -0.0126264 -0.0871557 0.00340456 -0.0152485 -0.0866376 0.00538124 -0.0141919 -0.0868692 0.00443657 -0.0164737 -0.0863103 0.00685984 -0.0155615 -0.0865612 0.00571215 -0.0174266 -0.0859763 0.00852562 -0.0166979 -0.0862402 0.00719651 -0.01808 -0.0856455 0.0103306 -0.0175702 -0.0859149 0.00884916 -0.0184149 -0.0853272 0.012223 -0.0181544 -0.0855941 0.010625 -0.0184219 -0.0850306 0.0141482 -0.0184347 -0.0852867 0.0124756 -0.0181006 -0.0847644 0.0160509 -0.0184034 -0.085001 0.0143505 -0.0174603 -0.084536 0.0178764 -0.0180614 -0.0847449 0.0161985 -0.0164908 -0.084348 0.0196145 -0.0165194 -0.0843522 0.0195721 -0.0174181 -0.0845252 0.0179693 -0.0153051 -0.0842181 0.0210893 -0.0138931 -0.0841391 0.0223533 -0.0122934 -0.0841131 0.0233723 -0.0138521 -0.0841377 0.0223843 -0.00870947 -0.0842215 0.0245709 -0.0104034 -0.0841454 0.0241661 -0.0105497 -0.0841408 0.0241182 -0.0122024 -0.0841132 0.0234198 -0.00494162 -0.0845316 0.0245553 -0.00656728 -0.0843745 0.0247141 -0.00682296 -0.084353 0.024718 -0.00850685 -0.0842333 0.0246017 -0.00139815 -0.0850099 0.0233272 -0.00278199 -0.0847987 0.0239656 -0.00311675 -0.0847526 0.0240875 -0.00464052 -0.0845647 0.0245 0.00153694 -0.0856044 0.0210196 0.000520013 -0.0853696 0.0220061 0.000167314 -0.0852964 0.0222952 -0.00104516 -0.0850696 0.0231262 0.00354558 -0.0862507 0.0178826 0.00296149 -0.086022 0.0190596 0.00267336 -0.0859254 0.0195353 0.00186849 -0.0856902 0.0206374 0.00441012 -0.0868788 0.0142561 0.00426351 -0.0866814 0.0154625 0.00412982 -0.0865714 0.0161068 0.00376755 -0.0863556 0.0173179 0.00403686 -0.0874207 0.0105332 0.00427731 -0.0872723 0.0116259 0.00437885 -0.0871645 0.0123813 0.00443507 -0.0869899 0.0135468 0.00246625 -0.0878176 0.00711726 0.00300135 -0.0877274 0.00798815 0.00339348 -0.0876404 0.00876245 0.00379478 -0.0875205 0.0097551 -0.000131503 -0.0880265 0.00437842 0.000581369 -0.0879946 0.00496474 0.00128048 -0.0879475 0.0056425 0.00191984 -0.0878869 0.00637591 -0.011625 -0.0851329 0.00433512 -0.0127552 -0.0849332 0.0050333 -0.0125124 -0.0785113 0.00426026 -0.0132079 -0.0783638 0.00484985 -0.0111049 -0.0787652 0.00335616 -0.0109696 -0.078787 0.00328603 -0.0113124 -0.0851827 0.00417714 -0.00926903 -0.0790296 0.00261176 0.000920638 -0.0857499 0.00698684 0.000363931 -0.0858026 0.00634825 0.000884004 -0.0794349 0.00536929 -0.000244804 -0.0858436 0.00575811 -0.000501525 -0.0795088 0.00415264 -0.00160046 -0.0858894 0.00473982 -0.00114044 -0.0795226 0.00372346 -0.00166051 -0.0858902 0.0047024 -0.00208576 -0.0795249 0.00320644 -0.00310733 -0.085886 0.00396126 -0.003519 -0.0794936 0.00264807 -0.00403908 -0.0858613 0.00362703 -0.00381477 -0.0794826 0.00256289 -0.00472206 -0.0858335 0.00344483 -0.00562965 -0.0793834 0.00224393 -0.00639821 -0.0857335 0.0032054 -0.00608958 -0.07935 0.00221643 -0.00660966 -0.0857177 0.00319538 -0.00746861 -0.0792307 0.00226041 -0.00808756 -0.0855886 0.00324985 -0.00867701 -0.0791016 0.00245795 -0.00919708 -0.0854693 0.00343689 -0.00974149 -0.0854033 0.0035769 0.00186234 -0.0856109 0.00839066 0.00202364 -0.0793057 0.00681494 0.00189629 -0.0856042 0.00845237 0.00241636 -0.0792366 0.00747342 0.0025532 -0.0854308 0.00992919 0.00287858 -0.0791257 0.00844037 0.00283214 -0.0853088 0.0108714 0.00335222 -0.0789411 0.00989245 0.00341969 -0.0789008 0.0101902 0.00297335 -0.0852147 0.0115582 0.00362857 -0.0786389 0.0120049 0.00311071 -0.0849688 0.0132307 0.00310771 -0.0849363 0.0134405 0.00362779 -0.0785686 0.0124615 0.00296133 -0.0847002 0.0148988 0.00349809 -0.0783488 0.0138227 0.00270421 -0.0845122 0.0159845 0.00322429 -0.0781446 0.0150056 0.00252949 -0.0844165 0.0165143 0.0030327 -0.0780404 0.0155816 0.00182763 -0.0841261 0.0180308 0.00224823 -0.0777241 0.0172217 0.00164915 -0.0840655 0.0183302 0.00216923 -0.0776978 0.0173512 0.000875927 -0.0838371 0.0194047 0.00117143 -0.0774109 0.0186872 1.44204e-05 -0.0836264 0.0203176 0.000534493 -0.0772587 0.0193386 -0.000298228 -0.083558 0.0205965 -0.000161059 -0.0771113 0.0199282 -0.00166106 -0.0832967 0.0215718 -0.0015685 -0.0768573 0.0208323 -0.00208857 -0.083225 0.0218113 -0.00170385 -0.0768355 0.0209024 -0.00317336 -0.0830609 0.0223026 -0.00340441 -0.0765929 0.0215767 -0.00451652 -0.0828886 0.0227095 -0.00399644 -0.0765209 0.0217305 -0.00479164 -0.0828572 0.0227679 -0.00520483 -0.0763919 0.0219281 -0.00646932 -0.0826915 0.0229543 -0.00710394 -0.0826402 0.022951 -0.00658387 -0.0762725 0.021972 -0.00815814 -0.0825686 0.0228565 -0.0070438 -0.0762391 0.0219445 -0.00967452 -0.0824966 0.0225194 -0.00885868 -0.0761399 0.0216256 -0.00915445 -0.0761289 0.0215404 -0.00980953 -0.082492 0.0224772 -0.0105877 -0.0760977 0.020982 -0.013728 -0.0847315 0.00582881 -0.0140283 -0.0846621 0.00612075 -0.0138449 -0.0782116 0.00550125 -0.0150951 -0.084377 0.00740822 -0.0148427 -0.0779248 0.00683725 -0.0153628 -0.0842924 0.00781619 -0.0149217 -0.0778984 0.00696677 -0.0159248 -0.0840862 0.00885865 -0.0157061 -0.0775822 0.00860689 -0.0164178 -0.0838456 0.0101618 -0.0158977 -0.077478 0.00918288 -0.0164937 -0.0837982 0.0104303 -0.0161715 -0.0772737 0.0103658 -0.0167854 -0.083521 0.012078 -0.0163012 -0.0770539 0.0117269 -0.0168213 -0.0834216 0.0127059 -0.016302 -0.0769836 0.0121835 -0.0167914 -0.0832628 0.0137544 -0.0160931 -0.0767217 0.0139982 -0.0165457 -0.0830491 0.015275 -0.0160257 -0.0766814 0.014296 -0.0165117 -0.083031 0.0154111 -0.015552 -0.0764969 0.0157481 -0.0159541 -0.0828321 0.0170006 -0.0150898 -0.076386 0.016715 -0.0156099 -0.0827536 0.017694 -0.0146971 -0.0763168 0.0173735 -0.0151349 -0.082672 0.0184771 -0.0135575 -0.0761876 0.0188192 -0.0140775 -0.0825553 0.0197981 -0.0121719 -0.0761138 0.0200358 -0.0128124 -0.0824853 0.0209257 -0.011533 -0.0760999 0.020465 -0.0120531 -0.0824676 0.021444 -0.011376 -0.082464 0.0218274 -0.0111163 -0.0764009 0.00552413 -0.0078936 -0.075979 0.00998022 -0.00988209 -0.0766215 0.00474475 -0.00676087 -0.0761635 0.00938225 -0.00852164 -0.0768156 0.00420533 -0.000399213 -0.0771398 0.00641136 -0.00437061 -0.0762468 0.0101101 0.000512495 -0.0770365 0.00756788 -0.00375356 -0.0761234 0.0112409 0.00119644 -0.0768924 0.00886823 0.00131974 -0.0760242 0.0145812 0.00169205 -0.0762709 0.0131741 -0.00378554 -0.0759242 0.0125192 0.00179644 -0.076503 0.0117199 0.00162934 -0.0767125 0.0102681 0.000692174 -0.0757712 0.0158933 -0.00445799 -0.0757028 0.0136024 -0.000169274 -0.0755206 0.0170657 -0.00527028 -0.0747054 0.0196584 -0.00382995 -0.0748662 0.0193773 -0.00559073 -0.0755183 0.0142004 -0.0024695 -0.0750603 0.0188379 -0.00123527 -0.0752809 0.0180585 -0.0121823 -0.0761612 0.00651693 -0.0130438 -0.0759106 0.00768934 -0.00856605 -0.0757576 0.0110635 -0.00150764 -0.0771989 0.00543804 -0.00277503 -0.0772118 0.00468108 -0.00547137 -0.0762615 0.00942977 -0.00674145 -0.0745832 0.0196716 -0.00688023 -0.0754203 0.0141529 -0.00819336 -0.0745038 0.0194164 -0.00798098 -0.075435 0.0134726 -0.010844 -0.0744829 0.0181446 -0.00957656 -0.07447 0.0189016 -0.0139809 -0.0749692 0.0133145 -0.013548 -0.0747894 0.0147144 -0.00859803 -0.0755584 0.0123418 -0.0128641 -0.0746453 0.0160148 -0.0119524 -0.074542 0.0171713 -0.00415823 -0.0771779 0.00416624 -0.00561013 -0.0770986 0.00391108 -0.0070813 -0.0769764 0.00392425 -0.0136713 -0.0756576 0.00900145 -0.0140436 -0.0754109 0.0104085 -0.014148 -0.0751788 0.0118627 -0.00379157 -0.0787031 0.00259208 -0.0020889 -0.0787447 0.00322582 -0.00557883 -0.0786054 0.00227797 -0.0073898 -0.078455 0.0022942 -0.0091628 -0.078257 0.0026402 -0.0108375 -0.0780182 0.00330421 -0.0123568 -0.0777466 0.00426359 -0.013669 -0.0774515 0.00548571 -0.0147294 -0.077143 0.0069289 -0.0155019 -0.0768316 0.00854407 -0.0159602 -0.0765279 0.0102762 -0.0160887 -0.0762422 0.0120662 -0.015883 -0.0759843 0.0138533 -0.0153501 -0.0757629 0.0155765 -0.0145082 -0.0755855 0.0171772 -0.0133859 -0.0754583 0.0186009 -0.0120215 -0.0753856 0.019799 -0.0104614 -0.0753697 0.0207308 -0.0087587 -0.0754114 0.0213646 -0.00697144 -0.075509 0.0216787 -0.00516048 -0.0756595 0.0216624 -0.00338747 -0.0758575 0.0213164 -0.0017128 -0.0760963 0.0206524 -0.000193495 -0.0763679 0.019693 0.00111871 -0.076663 0.0184709 0.00217912 -0.0769714 0.0170277 0.00295164 -0.0772829 0.0154126 0.00340995 -0.0775866 0.0136805 0.00353844 -0.0778723 0.0118904 0.00333275 -0.0781302 0.0101033 0.00279986 -0.0783516 0.00838008 0.00195795 -0.0785289 0.0067794 0.000835661 -0.0786562 0.00535574 -0.000528775 -0.0787289 0.00415762 0.0016477 -0.0778249 0.00690999 0.00245255 -0.0776554 0.00844023 0.00296197 -0.0774437 0.0100876 0.00315861 -0.0771972 0.011796 0.00303577 -0.076924 0.0135072 0.00259764 -0.0766337 0.0151631 0.00185914 -0.076336 0.0167071 0.000845406 -0.0760411 0.0180868 -0.00040903 -0.075759 0.0192551 -0.00186145 -0.0754994 0.0201723 -0.00346239 -0.075271 0.020807 -0.00515735 -0.0750818 0.0211378 -0.00688858 -0.074938 0.0211533 -0.00859715 -0.0748446 0.020853 -0.0102249 -0.0748048 0.0202472 -0.0117163 -0.0748199 0.0193564 -0.0130207 -0.0748895 0.018211 -0.0140936 -0.0750111 0.0168501 -0.0148984 -0.0751806 0.0153199 -0.0154078 -0.0753923 0.0136725 -0.0156045 -0.0756389 0.0119641 -0.0154816 -0.075912 0.0102528 -0.0150435 -0.0762023 0.00859699 -0.014305 -0.0765 0.00705294 -0.0132913 -0.0767949 0.00567327 -0.0120368 -0.077077 0.00450496 -0.0105844 -0.0773366 0.00358781 -0.00898347 -0.077565 0.00295304 -0.00728851 -0.0777543 0.00262226 -0.00555728 -0.077898 0.00260675 -0.00384871 -0.0779914 0.00290703 -0.00222098 -0.0780312 0.00351287 -0.00072955 -0.0780161 0.00440365 0.000574816 -0.0779465 0.00554903 0.00114012 -0.0773008 0.00718687 0.0018895 -0.077143 0.00861163 0.00236381 -0.0769459 0.0101455 0.0025469 -0.0767163 0.0117361 0.00243253 -0.076462 0.0133294 0.00202459 -0.0761917 0.0148711 0.00133699 -0.0759145 0.0163088 0.000393126 -0.0756399 0.0175934 -0.000774849 -0.0753773 0.0186811 -0.00212717 -0.0751356 0.0195351 -0.00361777 -0.074923 0.0201261 -0.0051959 -0.0747467 0.0204341 -0.00680782 -0.0746129 0.0204485 -0.00839863 -0.0745259 0.0201689 -0.00991416 -0.0744889 0.0196049 -0.0113028 -0.074503 0.0187755 -0.0125173 -0.0745677 0.017709 -0.0135162 -0.0746809 0.0164419 -0.0142656 -0.0748388 0.0150171 -0.0147399 -0.0750358 0.0134833 -0.014923 -0.0752654 0.0118926 -0.0148086 -0.0755197 0.0102993 -0.0144007 -0.0757901 0.00875759 -0.0137131 -0.0760672 0.00731997 -0.0127692 -0.0763418 0.00603539 -0.0116012 -0.0766044 0.0049476 -0.0102489 -0.0768462 0.00409366 -0.00875832 -0.0770588 0.00350264 -0.00718019 -0.077235 0.00319466 -0.00556827 -0.0773689 0.00318022 -0.00397746 -0.0774558 0.00345981 -0.00246192 -0.0774929 0.00402389 -0.00107328 -0.0774788 0.00485328 0.000141188 -0.0774141 0.00591971 -0.0134766 -0.0839738 0.0218769 -0.0119122 -0.0839506 0.0228588 -0.0102063 -0.0839811 0.0235665 -0.0084079 -0.0840645 0.0239796 -0.0065687 -0.0841983 0.0240861 -0.00474165 -0.0843787 0.0238831 -0.0029793 -0.0846006 0.0233764 0.00246696 -0.0857606 0.0187242 0.00323131 -0.086077 0.0170727 0.0037016 -0.0863859 0.0153133 0.00386428 -0.0866784 0.0134968 0.0037147 -0.0869462 0.0116753 0.00325713 -0.0871816 0.0099013 0.00250476 -0.0873777 0.00822577 -0.0114758 -0.0830797 0.0220179 -0.0129275 -0.0831012 0.0211067 -0.013157 -0.0836156 0.0214354 -0.00651697 -0.0833096 0.0231569 -0.00165759 -0.0839213 0.0217596 0.0018682 -0.0847594 0.018181 0.00257752 -0.085053 0.0166483 0.00301395 -0.0853396 0.0150156 0.00302611 -0.0858596 0.0116395 0.00260148 -0.0860781 0.00999322 0.000951562 -0.0864005 0.00701958 -0.00159634 -0.0865415 0.00474866 -0.00311923 -0.0865381 0.00396183 -0.00644511 -0.0863839 0.00319794 -0.00815241 -0.0862375 0.00324286 -0.0114116 -0.0858273 0.00418 -0.0128697 -0.0855752 0.00504526 -0.0152344 -0.085013 0.00744544 -0.016073 -0.0847192 0.0089113 -0.0169427 -0.0841479 0.0121649 -0.0169488 -0.083887 0.0138591 -0.0161026 -0.0834517 0.0171398 -0.0152747 -0.0832899 0.018632 -0.0166661 -0.0836527 0.0155334 -0.016648 -0.084428 0.0104997 -0.0141563 -0.0853011 0.00614428 -0.00982394 -0.0860502 0.00357339 -0.00475114 -0.086485 0.00343992 -0.000226271 -0.0864952 0.00577777 0.00190327 -0.0862601 0.00843833 0.00316492 -0.0856111 0.0133299 -0.000280265 -0.0841853 0.0207739 -0.00482145 -0.083477 0.0229685 -0.00989271 -0.083108 0.0226747 -0.0148543 -0.08405 0.0206489 -0.0144745 -0.0836885 0.0202611 -0.0142061 -0.083172 0.0199671 0.000151828 -0.085142 0.0215183 0.00143053 -0.0854459 0.0202205 0.00109804 -0.0850234 0.0198514 -0.0160058 -0.0841772 0.0192103 -0.0155757 -0.0838101 0.0188854 -0.016898 -0.0843515 0.0176023 -0.0164288 -0.0839768 0.0173478 -0.0175052 -0.084568 0.0158713 -0.0170094 -0.0841838 0.0156925 -0.0178098 -0.0848205 0.0140671 -0.0173008 -0.0844253 0.0139671 -0.0178033 -0.0851017 0.0122415 -0.0172945 -0.0846942 0.0122214 -0.0174856 -0.0854035 0.010447 -0.0169908 -0.0849828 0.0105055 -0.0168661 -0.0857173 0.00873543 -0.0163983 -0.0852828 0.00886871 -0.0159624 -0.0860339 0.00715585 -0.0155342 -0.0855856 0.00735822 -0.0148007 -0.0863444 0.00575375 -0.0144232 -0.0858825 0.00601746 -0.0134143 -0.0866397 0.00456948 -0.0130975 -0.0861649 0.00488497 -0.011843 -0.0869113 0.00363709 -0.011595 -0.0864247 0.00399338 -0.0101322 -0.0871516 0.00298341 -0.00995896 -0.0866544 0.00336829 -0.00833102 -0.0873534 0.00262725 -0.00823655 -0.0868474 0.0030277 -0.00649127 -0.0875111 0.00257885 -0.00647727 -0.0869982 0.00298141 -0.00466589 -0.0876201 0.00283959 -0.00473173 -0.0871025 0.00323075 -0.00290738 -0.0876773 0.00340199 -0.00305014 -0.0871571 0.00376855 -0.00126635 -0.087681 0.00424987 -0.00148088 -0.0871606 0.00457935 0.000210009 -0.0876311 0.00535883 -6.90969e-05 -0.0871129 0.00563979 0.00147922 -0.087529 0.00669695 0.0011446 -0.0870153 0.0069194 0.00212528 -0.0868707 0.00838135 0.00284475 -0.0866831 0.00998358 0.0032823 -0.086458 0.01168 0.00342535 -0.0862019 0.0134218 0.00326978 -0.0859222 0.0151589 0.00282006 -0.0856268 0.0168413 0.00208914 -0.0853243 0.0184206 -0.00133234 -0.0848575 0.0225805 -0.00012473 -0.0847327 0.0210925 0.000906378 -0.0844674 0.0195695 -0.00154399 -0.0844606 0.0221082 -0.00311891 -0.084215 0.0228693 -0.00480418 -0.0840028 0.0233539 -0.00318598 -0.0836829 0.0224982 -0.00655132 -0.0838303 0.023548 -0.00831007 -0.0837023 0.0234461 -0.0100298 -0.0836226 0.0230511 -0.00822376 -0.0831854 0.023058 -0.0116611 -0.0835934 0.0223744</float_array>
                    <technique_common>
                        <accessor count="2367" source="#shape0-lib-positions-array" stride="3">
                            <param name="X" type="float"/>
                            <param name="Y" type="float"/>
                            <param name="Z" type="float"/>
                        </accessor>
                    </technique_common>
                </source>
                <vertices id="shape0-lib-vertices">
                    <input semantic="POSITION" source="#shape0-lib-positions"/>
                </vertices>
                <triangles count="4734">
                    <input offset="0" semantic="VERTEX" source="#shape0-lib-vertices"/>
                    <p>0 1 2 2 1 3 2 4 0 0 4 5 0 5 6 6 5 7 6 7 8 8 7 9 8 9 10 10 9 11 10 11 12 12 11 13 12 13 14 14 13 15 14 15 16 16 15 17 16 17 18 18 17 19 18 19 20 20 19 21 20 21 22 22 21 23 22 23 24 24 23 25 24 25 26 26 25 27 26 27 28 28 27 29 28 29 30 30 29 31 30 31 32 32 31 33 32 33 34 34 33 35 34 35 36 36 35 37 36 37 38 38 37 39 38 39 40 40 39 41 40 41 42 42 41 3 42 3 43 43 3 1 44 45 46 46 45 47 46 48 44 44 48 49 44 49 50 50 49 51 50 51 52 52 51 53 52 53 54 54 53 55 54 55 56 56 55 57 56 57 58 58 57 59 58 59 60 60 59 61 60 61 62 62 61 63 62 63 64 64 63 65 64 65 66 66 65 67 66 67 68 68 67 69 68 69 70 70 69 71 70 71 72 72 71 73 72 73 74 74 73 75 74 75 76 76 75 77 76 77 78 78 77 47 78 47 79 79 47 45 80 81 82 82 81 83 84 80 85 85 80 82 86 84 87 87 84 85 88 86 89 89 86 87 90 88 91 91 88 89 81 90 83 83 90 91 56 58 80 70 88 68 68 88 90 68 90 66 80 58 81 58 60 81 81 60 62 81 62 90 90 62 64 90 64 66 44 50 84 84 50 52 84 52 80 80 52 54 80 54 56 70 72 88 88 72 74 88 74 86 86 74 76 76 78 86 86 78 79 86 79 84 84 79 45 84 45 44 91 89 92 82 93 85 85 93 94 94 95 85 85 95 96 85 96 87 97 83 98 98 83 91 98 91 99 99 91 92 97 100 83 83 100 101 83 101 82 82 101 102 82 102 93 96 103 87 87 103 104 87 104 89 89 104 105 89 105 92 106 107 108 108 107 109 110 106 111 111 106 108 112 110 113 113 110 111 114 112 115 115 112 113 116 114 117 117 114 115 107 116 109 109 116 117 114 32 34 14 16 106 32 114 30 30 114 116 30 116 28 106 16 107 107 16 18 107 18 20 34 36 114 114 36 38 114 38 112 112 38 40 112 40 42 6 8 110 110 8 10 110 10 106 106 10 12 106 12 14 20 22 107 107 22 24 107 24 116 116 24 26 116 26 28 42 43 112 112 43 1 112 1 110 110 1 0 110 0 6 115 71 69 115 69 117 77 75 113 63 109 65 65 109 117 65 117 67 67 117 69 63 61 109 109 61 59 109 59 108 108 59 57 57 55 108 108 55 53 108 53 111 111 53 51 111 51 49 113 75 115 115 75 73 115 73 71 49 48 111 111 48 46 111 46 113 113 46 47 113 47 77 118 119 120 120 119 121 122 118 123 123 118 120 124 122 125 125 122 123 126 124 127 127 124 125 128 126 129 129 126 127 119 128 121 121 128 129 130 131 128 128 131 126 126 131 132 126 132 133 119 134 135 134 119 136 136 119 118 136 118 137 138 139 122 122 139 140 122 140 118 118 140 141 118 141 137 135 142 119 119 142 143 119 143 128 128 143 144 128 144 130 133 145 126 126 145 146 126 146 124 124 146 147 124 147 148 148 149 124 124 149 150 124 150 122 122 150 151 122 151 138 15 13 120 35 127 37 37 127 125 37 125 39 39 125 41 35 33 127 127 33 31 127 31 129 129 31 29 129 29 27 15 120 17 17 120 121 17 121 19 13 11 120 120 11 9 120 9 123 123 9 7 123 7 5 5 4 123 123 4 2 123 2 125 125 2 3 125 3 41 27 25 129 129 25 23 129 23 121 121 23 21 121 21 19 152 153 154 154 153 155 154 155 156 156 155 157 156 157 158 158 157 159 158 159 160 160 159 161 160 161 162 162 161 163 162 163 164 164 163 165 164 165 166 166 165 167 166 167 168 168 167 169 168 169 170 170 169 171 170 171 172 172 171 173 172 173 174 174 173 175 174 175 176 176 175 177 176 177 178 178 177 179 178 179 180 180 179 181 180 181 154 154 181 152 182 183 153 153 183 155 153 152 182 182 152 181 182 181 184 184 181 179 184 179 185 185 179 177 185 177 186 186 177 175 186 175 187 187 175 173 187 173 188 188 173 171 188 171 189 189 171 169 189 169 190 190 169 167 190 167 191 191 167 165 191 165 192 192 165 163 192 163 193 193 163 161 193 161 194 194 161 159 194 159 195 195 159 157 195 157 196 196 157 155 196 155 197 197 155 183 187 198 186 186 198 199 186 199 185 185 199 200 185 200 184 192 201 191 191 201 202 191 202 190 190 202 203 190 203 189 203 204 189 189 204 205 189 205 188 188 205 206 188 206 187 187 206 207 187 207 198 197 208 196 196 208 209 196 209 195 195 209 210 195 210 194 210 211 194 194 211 212 194 212 193 193 212 213 193 213 192 192 213 214 192 214 201 200 215 184 184 215 216 184 216 182 182 216 217 182 217 183 183 217 218 183 218 197 197 218 219 197 219 208 151 150 218 218 150 219 218 217 151 151 217 216 151 216 138 138 216 215 138 215 139 139 215 200 139 200 140 140 200 199 140 199 141 141 199 198 141 198 137 137 198 207 137 207 136 136 207 206 136 206 134 134 206 205 134 205 135 135 205 204 135 204 142 142 204 203 142 203 143 143 203 202 143 202 144 144 202 201 144 201 130 130 201 214 130 214 131 131 214 213 131 213 132 132 213 212 132 212 133 133 212 211 133 211 145 145 211 210 145 210 146 146 210 209 146 209 147 147 209 208 147 208 148 148 208 219 148 219 149 149 219 150 168 97 166 166 97 98 166 98 164 164 98 99 164 99 162 162 99 92 162 92 160 160 92 105 160 105 158 158 105 104 158 104 156 156 104 103 156 103 154 154 103 96 154 96 180 180 96 95 180 95 178 178 95 94 178 94 176 176 94 93 176 93 174 174 93 102 174 102 172 172 102 101 172 101 170 170 101 100 170 100 168 168 100 97 220 221 222 223 224 222 225 226 227 228 229 230 227 226 231 232 231 226 230 229 231 233 231 229 233 229 234 234 229 228 234 228 235 236 231 233 232 226 237 237 226 225 237 225 238 239 231 232 240 241 242 236 233 243 243 233 234 243 234 244 244 234 235 244 235 245 246 231 236 239 232 247 247 232 237 247 237 248 248 237 238 248 238 249 250 231 239 242 251 252 246 236 253 253 236 243 253 243 254 254 243 244 254 244 255 255 244 245 255 245 256 257 231 246 250 239 258 258 239 247 258 247 259 259 247 248 259 248 260 260 248 249 260 249 261 262 231 250 252 263 264 257 246 265 265 246 253 265 253 266 266 253 254 266 254 267 267 254 255 267 255 268 268 255 256 268 256 269 270 231 257 262 250 271 271 250 258 271 258 272 272 258 259 272 259 273 273 259 260 273 260 274 274 260 261 274 261 275 276 231 262 264 277 278 270 257 279 279 257 265 279 265 280 280 265 266 280 266 281 281 266 267 281 267 282 282 267 268 282 268 283 283 268 269 283 269 284 285 231 270 286 287 288 276 262 289 289 262 271 289 271 290 290 271 272 290 272 291 291 272 273 291 273 292 292 273 274 292 274 293 293 274 275 293 275 294 295 231 276 278 296 297 285 270 298 298 270 279 298 279 299 299 279 280 299 280 300 300 280 281 300 281 301 301 281 282 301 282 302 302 282 283 302 283 303 303 283 284 303 284 304 305 231 285 288 306 307 295 276 308 308 276 289 308 289 309 309 289 290 309 290 310 310 290 291 310 291 311 311 291 292 311 292 312 312 292 293 312 293 313 313 293 294 313 294 314 315 231 295 297 316 317 305 285 318 318 285 298 318 298 319 319 298 299 319 299 320 320 299 300 320 300 321 321 300 301 321 301 322 322 301 302 322 302 323 323 302 303 323 303 324 324 303 304 324 304 325 326 231 305 307 327 328 315 295 329 329 295 308 329 308 330 330 308 309 330 309 331 331 309 310 331 310 332 332 310 311 332 311 333 333 311 312 333 312 334 334 312 313 334 313 335 335 313 314 335 314 336 337 231 315 317 338 339 326 305 340 340 305 318 340 318 341 341 318 319 341 319 342 342 319 320 342 320 343 343 320 321 343 321 344 344 321 322 344 322 345 345 322 323 345 323 346 346 323 324 346 324 347 347 324 325 347 325 348 349 231 326 328 350 351 337 315 352 352 315 329 352 329 353 353 329 330 353 330 354 354 330 331 354 331 355 355 331 332 355 332 356 356 332 333 356 333 357 357 333 334 357 334 358 358 334 335 358 335 359 359 335 336 359 336 360 361 231 337 339 362 363 349 326 364 364 326 340 364 340 365 365 340 341 365 341 366 366 341 342 366 342 367 367 342 343 367 343 368 368 343 344 368 344 369 369 344 345 369 345 370 370 345 346 370 346 371 371 346 347 371 347 372 372 347 348 372 348 373 374 231 349 351 375 376 361 337 377 377 337 352 377 352 378 378 352 353 378 353 379 379 353 354 379 354 380 380 354 355 380 355 381 381 355 356 381 356 382 382 356 357 382 357 383 383 357 358 383 358 384 384 358 359 384 359 385 385 359 360 385 360 386 387 231 361 363 388 389 374 349 390 390 349 364 390 364 391 391 364 365 391 365 392 392 365 366 392 366 393 393 366 367 393 367 394 394 367 368 394 368 395 395 368 369 395 369 396 396 369 370 396 370 397 397 370 371 397 371 398 398 371 372 398 372 399 399 372 373 399 373 400 401 231 374 376 402 403 387 361 404 404 361 377 404 377 405 405 377 378 405 378 406 406 378 379 406 379 407 407 379 380 407 380 408 408 380 381 408 381 409 409 381 382 409 382 410 410 382 383 410 383 411 411 383 384 411 384 412 412 384 385 412 385 413 413 385 386 413 386 414 415 231 387 389 416 417 401 374 418 418 374 390 418 390 419 419 390 391 419 391 420 420 391 392 420 392 421 421 392 393 421 393 422 422 393 394 422 394 423 423 394 395 423 395 424 424 395 396 424 396 425 425 396 397 425 397 426 426 397 398 426 398 427 427 398 399 427 399 428 428 399 400 428 400 429 430 231 401 403 431 432 415 387 433 433 387 404 433 404 434 434 404 405 434 405 435 435 405 406 435 406 436 436 406 407 436 407 437 437 407 408 437 408 438 438 408 409 438 409 439 439 409 410 439 410 440 440 410 411 440 411 441 441 411 412 441 412 442 442 412 413 442 413 443 443 413 414 443 414 444 445 231 415 417 446 447 430 401 448 448 401 418 448 418 449 449 418 419 449 419 450 450 419 420 450 420 451 451 420 421 451 421 452 452 421 422 452 422 453 453 422 423 453 423 454 454 423 424 454 424 455 455 424 425 455 425 456 456 425 426 456 426 457 457 426 427 457 427 458 458 427 428 458 428 459 459 428 429 459 429 460 461 231 430 432 462 463 445 415 464 464 415 433 464 433 465 465 433 434 465 434 466 466 434 435 466 435 467 467 435 436 467 436 468 468 436 437 468 437 469 469 437 438 469 438 470 470 438 439 470 439 471 471 439 440 471 440 472 472 440 441 472 441 473 473 441 442 473 442 474 474 442 443 474 443 475 475 443 444 475 444 476 477 231 445 447 478 479 461 430 480 480 430 448 480 448 481 481 448 449 481 449 482 482 449 450 482 450 483 483 450 451 483 451 484 484 451 452 484 452 485 485 452 453 485 453 486 486 453 454 486 454 487 487 454 455 487 455 488 488 455 456 488 456 489 489 456 457 489 457 490 490 457 458 490 458 491 491 458 459 491 459 492 492 459 460 492 460 493 494 231 461 463 495 496 477 445 497 497 445 464 497 464 498 498 464 465 498 465 499 499 465 466 499 466 500 500 466 467 500 467 501 501 467 468 501 468 502 502 468 469 502 469 503 503 469 470 503 470 504 504 470 471 504 471 505 505 471 472 505 472 506 506 472 473 506 473 507 507 473 474 507 474 508 508 474 475 508 475 509 509 475 476 509 476 510 511 231 477 479 512 513 494 461 514 514 461 480 514 480 515 515 480 481 515 481 516 516 481 482 516 482 517 517 482 483 517 483 518 518 483 484 518 484 519 519 484 485 519 485 520 520 485 486 520 486 521 521 486 487 521 487 522 522 487 488 522 488 523 523 488 489 523 489 524 524 489 490 524 490 525 525 490 491 525 491 526 526 491 492 526 492 527 527 492 493 527 493 528 529 231 494 496 530 531 511 477 532 532 477 497 532 497 533 533 497 498 533 498 534 534 498 499 534 499 535 535 499 500 535 500 536 536 500 501 536 501 537 537 501 502 537 502 538 538 502 503 538 503 539 539 503 504 539 504 540 540 504 505 540 505 541 541 505 506 541 506 542 542 506 507 542 507 543 543 507 508 543 508 544 544 508 509 544 509 545 545 509 510 545 510 546 547 231 511 513 548 549 529 494 550 550 494 514 550 514 551 551 514 515 551 515 552 552 515 516 552 516 553 553 516 517 553 517 554 554 517 518 554 518 555 555 518 519 555 519 556 556 519 520 556 520 557 557 520 521 557 521 558 558 521 522 558 522 559 559 522 523 559 523 560 560 523 524 560 524 561 561 524 525 561 525 562 562 525 526 562 526 563 563 526 527 563 527 564 564 527 528 564 528 565 566 231 529 531 567 568 547 511 569 569 511 532 569 532 570 570 532 533 570 533 571 571 533 534 571 534 572 572 534 535 572 535 573 573 535 536 573 536 574 574 536 537 574 537 575 575 537 538 575 538 576 576 538 539 576 539 577 577 539 540 577 540 578 578 540 541 578 541 579 579 541 542 579 542 580 580 542 543 580 543 581 581 543 544 581 544 582 582 544 545 582 545 583 583 545 546 583 546 584 585 231 547 549 586 587 566 529 588 588 529 550 588 550 589 589 550 551 589 551 590 590 551 552 590 552 591 591 552 553 591 553 592 592 553 554 592 554 593 593 554 555 593 555 594 594 555 556 594 556 595 595 556 557 595 557 596 596 557 558 596 558 597 597 558 559 597 559 598 598 559 560 598 560 599 599 560 561 599 561 600 600 561 562 600 562 601 601 562 563 601 563 602 602 563 564 602 564 603 603 564 565 603 565 604 605 231 566 568 606 607 585 547 608 608 547 569 608 569 609 609 569 570 609 570 610 610 570 571 610 571 611 611 571 572 611 572 612 612 572 573 612 573 613 613 573 574 613 574 614 614 574 575 614 575 615 615 575 576 615 576 616 616 576 577 616 577 617 617 577 578 617 578 618 618 578 579 618 579 619 619 579 580 619 580 620 620 580 581 620 581 621 621 581 582 621 582 622 622 582 583 622 583 623 623 583 584 623 584 624 625 231 585 587 626 627 605 566 628 628 566 588 628 588 629 629 588 589 629 589 630 630 589 590 630 590 631 631 590 591 631 591 632 632 591 592 632 592 633 633 592 593 633 593 634 634 593 594 634 594 635 635 594 595 635 595 636 636 595 596 636 596 637 637 596 597 637 597 638 638 597 598 638 598 639 639 598 599 639 599 640 640 599 600 640 600 641 641 600 601 641 601 642 642 601 602 642 602 643 643 602 603 643 603 644 644 603 604 644 604 645 646 231 605 607 647 648 625 585 649 649 585 608 649 608 650 650 608 609 650 609 651 651 609 610 651 610 652 652 610 611 652 611 653 653 611 612 653 612 654 654 612 613 654 613 655 655 613 614 655 614 656 656 614 615 656 615 657 657 615 616 657 616 658 658 616 617 658 617 659 659 617 618 659 618 660 660 618 619 660 619 661 661 619 620 661 620 662 662 620 621 662 621 663 663 621 622 663 622 664 664 622 623 664 623 665 665 623 624 665 624 666 667 231 625 627 668 669 646 605 670 670 605 628 670 628 671 671 628 629 671 629 672 672 629 630 672 630 673 673 630 631 673 631 674 674 631 632 674 632 675 675 632 633 675 633 676 676 633 634 676 634 677 677 634 635 677 635 678 678 635 636 678 636 679 679 636 637 679 637 680 680 637 638 680 638 681 681 638 639 681 639 682 682 639 640 682 640 683 683 640 641 683 641 684 684 641 642 684 642 685 685 642 643 685 643 686 686 643 644 686 644 687 687 644 645 687 645 688 689 231 646 648 690 691 667 625 692 692 625 649 692 649 693 693 649 650 693 650 694 694 650 651 694 651 695 695 651 652 695 652 696 696 652 653 696 653 697 697 653 654 697 654 698 698 654 655 698 655 699 699 655 656 699 656 700 700 656 657 700 657 701 701 657 658 701 658 702 702 658 659 702 659 703 703 659 660 703 660 704 704 660 661 704 661 705 705 661 662 705 662 706 706 662 663 706 663 707 707 663 664 707 664 708 708 664 665 708 665 709 709 665 666 709 666 710 711 231 667 669 712 713 691 714 715 711 667 716 716 667 692 716 692 717 717 692 693 717 693 718 718 693 694 718 694 719 719 694 695 719 695 720 720 695 696 720 696 721 721 696 697 721 697 722 722 697 698 722 698 723 723 698 699 723 699 724 724 699 700 724 700 725 725 700 701 725 701 726 726 701 702 726 702 727 727 702 703 727 703 728 728 703 704 728 704 729 729 704 705 729 705 730 730 705 706 730 706 731 731 706 707 731 707 732 732 707 708 732 708 733 733 708 709 733 709 734 734 709 710 734 710 735 736 231 711 713 737 738 715 739 740 736 711 741 741 711 716 741 716 742 742 716 717 742 717 743 743 717 718 743 718 744 744 718 719 744 719 745 745 719 720 745 720 746 746 720 721 746 721 747 747 721 722 747 722 748 748 722 723 748 723 749 749 723 724 749 724 750 750 724 725 750 725 751 751 725 726 751 726 752 752 726 727 752 727 753 753 727 728 753 728 754 754 728 729 754 729 755 755 729 730 755 730 756 756 730 731 756 731 757 757 731 732 757 732 758 758 732 733 758 733 759 759 733 734 759 734 760 760 734 735 760 735 761 762 231 736 738 763 764 689 646 765 765 646 670 765 670 766 766 670 671 766 671 767 767 671 672 767 672 768 768 672 673 768 673 769 769 673 674 769 674 770 770 674 675 770 675 771 771 675 676 771 676 772 772 676 677 772 677 773 773 677 678 773 678 774 774 678 679 774 679 775 775 679 680 775 680 776 776 680 681 776 681 777 777 681 682 777 682 778 778 682 683 778 683 779 779 683 684 779 684 780 780 684 685 780 685 781 781 685 686 781 686 782 782 686 687 782 687 783 783 687 688 783 688 784 784 688 785 784 785 786 240 231 689 740 787 788 762 736 789 789 736 741 789 741 790 790 741 742 790 742 791 791 742 743 791 743 792 792 743 744 792 744 793 793 744 745 793 745 794 794 745 746 794 746 795 795 746 747 795 747 796 796 747 748 796 748 797 797 748 749 797 749 798 798 749 750 798 750 799 799 750 751 799 751 800 800 751 752 800 752 801 801 752 753 801 753 802 802 753 754 802 754 803 803 754 755 803 755 804 804 755 756 804 756 805 805 756 757 805 757 806 806 757 758 806 758 807 807 758 759 807 759 808 808 759 760 808 760 809 809 760 761 809 761 810 811 231 762 764 812 813 240 689 241 241 689 765 241 765 814 814 765 766 814 766 815 815 766 767 815 767 816 816 767 768 816 768 817 817 768 769 817 769 818 818 769 770 818 770 819 819 770 771 819 771 820 820 771 772 820 772 821 821 772 773 821 773 822 822 773 774 822 774 823 823 774 775 823 775 824 824 775 776 824 776 825 825 776 777 825 777 826 826 777 778 826 778 827 827 778 779 827 779 828 828 779 780 828 780 829 829 780 781 829 781 830 830 781 782 830 782 831 831 782 783 831 783 832 832 783 784 832 784 833 833 784 786 833 786 834 788 835 836 813 837 838 242 241 251 251 241 814 251 814 839 839 814 815 839 815 840 840 815 816 840 816 841 841 816 817 841 817 842 842 817 818 842 818 843 843 818 819 843 819 844 844 819 820 844 820 845 845 820 821 845 821 846 846 821 822 846 822 847 847 822 823 847 823 848 848 823 824 848 824 849 849 824 825 849 825 850 850 825 826 850 826 851 851 826 827 851 827 852 852 827 828 852 828 853 853 828 829 853 829 854 854 829 830 854 830 855 855 830 831 855 831 856 856 831 832 856 832 857 857 832 833 857 833 858 858 833 834 858 834 859 860 861 862 862 861 863 862 863 864 864 863 865 864 865 866 866 865 867 866 867 868 868 867 869 868 869 870 870 869 871 870 871 872 872 871 873 872 873 874 874 873 875 874 875 876 876 875 877 876 877 878 878 877 879 878 879 880 880 879 881 880 881 882 882 881 883 882 883 884 884 883 885 884 885 886 886 885 887 886 887 888 888 887 889 888 889 890 890 889 891 890 891 892 892 891 893 892 893 894 894 893 895 894 895 896 896 895 897 896 897 898 898 897 899 898 899 900 900 899 901 900 901 902 224 223 836 836 835 224 224 835 903 224 903 222 788 787 835 835 787 904 835 904 903 903 904 905 903 905 222 740 739 787 787 739 906 787 906 904 904 906 907 904 907 905 905 907 908 905 908 222 715 714 739 739 714 909 739 909 906 906 909 910 906 910 907 907 910 911 907 911 908 908 911 912 908 912 222 691 690 714 714 690 913 714 913 909 909 913 914 909 914 910 910 914 915 910 915 911 911 915 916 911 916 912 912 916 917 912 917 222 648 647 690 690 647 918 690 918 913 913 918 919 913 919 914 914 919 920 914 920 915 915 920 921 915 921 916 916 921 922 916 922 917 917 922 923 917 923 222 607 606 647 647 606 924 647 924 918 918 924 925 918 925 919 919 925 926 919 926 920 920 926 927 920 927 921 921 927 928 921 928 922 922 928 929 922 929 923 923 929 930 923 930 222 568 567 606 606 567 931 606 931 924 924 931 932 924 932 925 925 932 933 925 933 926 926 933 934 926 934 927 927 934 935 927 935 928 928 935 936 928 936 929 929 936 937 929 937 930 930 937 938 930 938 222 531 530 567 567 530 939 567 939 931 931 939 940 931 940 932 932 940 941 932 941 933 933 941 942 933 942 934 934 942 943 934 943 935 935 943 944 935 944 936 936 944 945 936 945 937 937 945 946 937 946 938 938 946 947 938 947 222 496 495 530 530 495 948 530 948 939 939 948 949 939 949 940 940 949 950 940 950 941 941 950 951 941 951 942 942 951 952 942 952 943 943 952 953 943 953 944 944 953 954 944 954 945 945 954 955 945 955 946 946 955 956 946 956 947 947 956 957 947 957 222 463 462 495 495 462 958 495 958 948 948 958 959 948 959 949 949 959 960 949 960 950 950 960 961 950 961 951 951 961 962 951 962 952 952 962 963 952 963 953 953 963 964 953 964 954 954 964 965 954 965 955 955 965 966 955 966 956 956 966 967 956 967 957 957 967 968 957 968 222 432 431 462 462 431 969 462 969 958 958 969 970 958 970 959 959 970 971 959 971 960 960 971 972 960 972 961 961 972 973 961 973 962 962 973 974 962 974 963 963 974 975 963 975 964 964 975 976 964 976 965 965 976 977 965 977 966 966 977 978 966 978 967 967 978 979 967 979 968 968 979 980 968 980 222 403 402 431 431 402 981 431 981 969 969 981 982 969 982 970 970 982 983 970 983 971 971 983 984 971 984 972 972 984 985 972 985 973 973 985 986 973 986 974 974 986 987 974 987 975 975 987 988 975 988 976 976 988 989 976 989 977 977 989 990 977 990 978 978 990 991 978 991 979 979 991 992 979 992 980 980 992 993 980 993 222 376 375 402 402 375 994 402 994 981 981 994 995 981 995 982 982 995 996 982 996 983 983 996 997 983 997 984 984 997 998 984 998 985 985 998 999 985 999 986 986 999 1000 986 1000 987 987 1000 1001 987 1001 988 988 1001 1002 988 1002 989 989 1002 1003 989 1003 990 990 1003 1004 990 1004 991 991 1004 1005 991 1005 992 992 1005 1006 992 1006 993 993 1006 1007 993 1007 222 351 350 375 375 350 1008 375 1008 994 994 1008 1009 994 1009 995 995 1009 1010 995 1010 996 996 1010 1011 996 1011 997 997 1011 1012 997 1012 998 998 1012 1013 998 1013 999 999 1013 1014 999 1014 1000 1000 1014 1015 1000 1015 1001 1001 1015 1016 1001 1016 1002 1002 1016 1017 1002 1017 1003 1003 1017 1018 1003 1018 1004 1004 1018 1019 1004 1019 1005 1005 1019 1020 1005 1020 1006 1006 1020 1021 1006 1021 1007 1007 1021 1022 1007 1022 222 328 327 350 350 327 1023 350 1023 1008 1008 1023 1024 1008 1024 1009 1009 1024 1025 1009 1025 1010 1010 1025 1026 1010 1026 1011 1011 1026 1027 1011 1027 1012 1012 1027 1028 1012 1028 1013 1013 1028 1029 1013 1029 1014 1014 1029 1030 1014 1030 1015 1015 1030 1031 1015 1031 1016 1016 1031 1032 1016 1032 1017 1017 1032 1033 1017 1033 1018 1018 1033 1034 1018 1034 1019 1019 1034 1035 1019 1035 1020 1020 1035 1036 1020 1036 1021 1021 1036 1037 1021 1037 1022 1022 1037 1038 1022 1038 222 307 306 327 327 306 1039 327 1039 1023 1023 1039 1040 1023 1040 1024 1024 1040 1041 1024 1041 1025 1025 1041 1042 1025 1042 1026 1026 1042 1043 1026 1043 1027 1027 1043 1044 1027 1044 1028 1028 1044 1045 1028 1045 1029 1029 1045 1046 1029 1046 1030 1030 1046 1047 1030 1047 1031 1031 1047 1048 1031 1048 1032 1032 1048 1049 1032 1049 1033 1033 1049 1050 1033 1050 1034 1034 1050 1051 1034 1051 1035 1035 1051 1052 1035 1052 1036 1036 1052 1053 1036 1053 1037 1037 1053 1054 1037 1054 1038 1038 1054 1055 1038 1055 222 288 287 306 306 287 1056 306 1056 1039 1039 1056 1057 1039 1057 1040 1040 1057 1058 1040 1058 1041 1041 1058 1059 1041 1059 1042 1042 1059 1060 1042 1060 1043 1043 1060 1061 1043 1061 1044 1044 1061 1062 1044 1062 1045 1045 1062 1063 1045 1063 1046 1046 1063 1064 1046 1064 1047 1047 1064 1065 1047 1065 1048 1048 1065 1066 1048 1066 1049 1049 1066 1067 1049 1067 1050 1050 1067 1068 1050 1068 1051 1051 1068 1069 1051 1069 1052 1052 1069 1070 1052 1070 1053 1053 1070 1071 1053 1071 1054 1054 1071 1072 1054 1072 1055 1055 1072 1073 1055 1073 222 222 1074 1075 1075 1074 1076 1075 1076 1077 1077 1076 1078 1077 1078 1079 1079 1078 1080 1079 1080 1081 1081 1080 1082 1081 1082 1083 1083 1082 1084 1083 1084 1085 1085 1084 1086 1085 1086 1087 1087 1086 1088 1087 1088 1089 1089 1088 1090 1089 1090 1091 1091 1090 1092 1091 1092 1093 1093 1092 1094 1093 1094 1095 1095 1094 1096 1095 1096 1097 1097 1096 1098 1097 1098 1099 1099 1098 1100 1099 1100 1101 1101 1100 1102 1101 1102 1103 1103 1102 1104 1103 1104 1105 1105 1104 1106 1105 1106 1107 1107 1106 1108 1107 1108 1109 1109 1108 1110 1109 1110 1111 1111 1110 1112 1111 1112 1113 1113 1112 1114 1113 1114 1115 1115 1114 1116 1115 1116 1117 1117 1116 1118 1117 1118 1119 1119 1118 1120 1119 1120 1121 1121 1120 231 221 220 838 838 837 221 221 837 1122 221 1122 222 813 812 837 837 812 1123 837 1123 1122 1122 1123 1124 1122 1124 222 764 763 812 812 763 1125 812 1125 1123 1123 1125 1126 1123 1126 1124 1124 1126 1127 1124 1127 222 738 737 763 763 737 1128 763 1128 1125 1125 1128 1129 1125 1129 1126 1126 1129 1130 1126 1130 1127 1127 1130 1131 1127 1131 222 713 712 737 737 712 1132 737 1132 1128 1128 1132 1133 1128 1133 1129 1129 1133 1134 1129 1134 1130 1130 1134 1135 1130 1135 1131 1131 1135 1136 1131 1136 222 669 668 712 712 668 1137 712 1137 1132 1132 1137 1138 1132 1138 1133 1133 1138 1139 1133 1139 1134 1134 1139 1140 1134 1140 1135 1135 1140 1141 1135 1141 1136 1136 1141 1142 1136 1142 222 627 626 668 668 626 1143 668 1143 1137 1137 1143 1144 1137 1144 1138 1138 1144 1145 1138 1145 1139 1139 1145 1146 1139 1146 1140 1140 1146 1147 1140 1147 1141 1141 1147 1148 1141 1148 1142 1142 1148 1149 1142 1149 222 587 586 626 626 586 1150 626 1150 1143 1143 1150 1151 1143 1151 1144 1144 1151 1152 1144 1152 1145 1145 1152 1153 1145 1153 1146 1146 1153 1154 1146 1154 1147 1147 1154 1155 1147 1155 1148 1148 1155 1156 1148 1156 1149 1149 1156 1157 1149 1157 222 549 548 586 586 548 1158 586 1158 1150 1150 1158 1159 1150 1159 1151 1151 1159 1160 1151 1160 1152 1152 1160 1161 1152 1161 1153 1153 1161 1162 1153 1162 1154 1154 1162 1163 1154 1163 1155 1155 1163 1164 1155 1164 1156 1156 1164 1165 1156 1165 1157 1157 1165 1166 1157 1166 222 513 512 548 548 512 1167 548 1167 1158 1158 1167 1168 1158 1168 1159 1159 1168 1169 1159 1169 1160 1160 1169 1170 1160 1170 1161 1161 1170 1171 1161 1171 1162 1162 1171 1172 1162 1172 1163 1163 1172 1173 1163 1173 1164 1164 1173 1174 1164 1174 1165 1165 1174 1175 1165 1175 1166 1166 1175 1176 1166 1176 222 479 478 512 512 478 1177 512 1177 1167 1167 1177 1178 1167 1178 1168 1168 1178 1179 1168 1179 1169 1169 1179 1180 1169 1180 1170 1170 1180 1181 1170 1181 1171 1171 1181 1182 1171 1182 1172 1172 1182 1183 1172 1183 1173 1173 1183 1184 1173 1184 1174 1174 1184 1185 1174 1185 1175 1175 1185 1186 1175 1186 1176 1176 1186 1187 1176 1187 222 447 446 478 478 446 1188 478 1188 1177 1177 1188 1189 1177 1189 1178 1178 1189 1190 1178 1190 1179 1179 1190 1191 1179 1191 1180 1180 1191 1192 1180 1192 1181 1181 1192 1193 1181 1193 1182 1182 1193 1194 1182 1194 1183 1183 1194 1195 1183 1195 1184 1184 1195 1196 1184 1196 1185 1185 1196 1197 1185 1197 1186 1186 1197 1198 1186 1198 1187 1187 1198 1199 1187 1199 222 417 416 446 446 416 1200 446 1200 1188 1188 1200 1201 1188 1201 1189 1189 1201 1202 1189 1202 1190 1190 1202 1203 1190 1203 1191 1191 1203 1204 1191 1204 1192 1192 1204 1205 1192 1205 1193 1193 1205 1206 1193 1206 1194 1194 1206 1207 1194 1207 1195 1195 1207 1208 1195 1208 1196 1196 1208 1209 1196 1209 1197 1197 1209 1210 1197 1210 1198 1198 1210 1211 1198 1211 1199 1199 1211 1212 1199 1212 222 389 388 416 416 388 1213 416 1213 1200 1200 1213 1214 1200 1214 1201 1201 1214 1215 1201 1215 1202 1202 1215 1216 1202 1216 1203 1203 1216 1217 1203 1217 1204 1204 1217 1218 1204 1218 1205 1205 1218 1219 1205 1219 1206 1206 1219 1220 1206 1220 1207 1207 1220 1221 1207 1221 1208 1208 1221 1222 1208 1222 1209 1209 1222 1223 1209 1223 1210 1210 1223 1224 1210 1224 1211 1211 1224 1225 1211 1225 1212 1212 1225 1226 1212 1226 222 363 362 388 388 362 1227 388 1227 1213 1213 1227 1228 1213 1228 1214 1214 1228 1229 1214 1229 1215 1215 1229 1230 1215 1230 1216 1216 1230 1231 1216 1231 1217 1217 1231 1232 1217 1232 1218 1218 1232 1233 1218 1233 1219 1219 1233 1234 1219 1234 1220 1220 1234 1235 1220 1235 1221 1221 1235 1236 1221 1236 1222 1222 1236 1237 1222 1237 1223 1223 1237 1238 1223 1238 1224 1224 1238 1239 1224 1239 1225 1225 1239 1240 1225 1240 1226 1226 1240 1241 1226 1241 222 339 338 362 362 338 1242 362 1242 1227 1227 1242 1243 1227 1243 1228 1228 1243 1244 1228 1244 1229 1229 1244 1245 1229 1245 1230 1230 1245 1246 1230 1246 1231 1231 1246 1247 1231 1247 1232 1232 1247 1248 1232 1248 1233 1233 1248 1249 1233 1249 1234 1234 1249 1250 1234 1250 1235 1235 1250 1251 1235 1251 1236 1236 1251 1252 1236 1252 1237 1237 1252 1253 1237 1253 1238 1238 1253 1254 1238 1254 1239 1239 1254 1255 1239 1255 1240 1240 1255 1256 1240 1256 1241 1241 1256 1257 1241 1257 222 317 316 338 338 316 1258 338 1258 1242 1242 1258 1259 1242 1259 1243 1243 1259 1260 1243 1260 1244 1244 1260 1261 1244 1261 1245 1245 1261 1262 1245 1262 1246 1246 1262 1263 1246 1263 1247 1247 1263 1264 1247 1264 1248 1248 1264 1265 1248 1265 1249 1249 1265 1266 1249 1266 1250 1250 1266 1267 1250 1267 1251 1251 1267 1268 1251 1268 1252 1252 1268 1269 1252 1269 1253 1253 1269 1270 1253 1270 1254 1254 1270 1271 1254 1271 1255 1255 1271 1272 1255 1272 1256 1256 1272 1273 1256 1273 1257 1257 1273 1274 1257 1274 222 297 296 316 316 296 1275 316 1275 1258 1258 1275 1276 1258 1276 1259 1259 1276 1277 1259 1277 1260 1260 1277 1278 1260 1278 1261 1261 1278 1279 1261 1279 1262 1262 1279 1280 1262 1280 1263 1263 1280 1281 1263 1281 1264 1264 1281 1282 1264 1282 1265 1265 1282 1283 1265 1283 1266 1266 1283 1284 1266 1284 1267 1267 1284 1285 1267 1285 1268 1268 1285 1286 1268 1286 1269 1269 1286 1287 1269 1287 1270 1270 1287 1288 1270 1288 1271 1271 1288 1289 1271 1289 1272 1272 1289 1290 1272 1290 1273 1273 1290 1291 1273 1291 1274 1274 1291 1292 1274 1292 222 278 277 296 296 277 1293 296 1293 1275 1275 1293 1294 1275 1294 1276 1276 1294 1295 1276 1295 1277 1277 1295 1296 1277 1296 1278 1278 1296 1297 1278 1297 1279 1279 1297 1298 1279 1298 1280 1280 1298 1299 1280 1299 1281 1281 1299 1300 1281 1300 1282 1282 1300 1301 1282 1301 1283 1283 1301 1302 1283 1302 1284 1284 1302 1303 1284 1303 1285 1285 1303 1304 1285 1304 1286 1286 1304 1305 1286 1305 1287 1287 1305 1306 1287 1306 1288 1288 1306 1307 1288 1307 1289 1289 1307 1308 1289 1308 1290 1290 1308 1309 1290 1309 1291 1291 1309 1310 1291 1310 1292 1292 1310 1311 1292 1311 222 252 251 263 263 251 839 263 839 1312 1312 839 840 1312 840 1313 1313 840 841 1313 841 1314 1314 841 842 1314 842 1315 1315 842 843 1315 843 1316 1316 843 844 1316 844 1317 1317 844 845 1317 845 1318 1318 845 846 1318 846 1319 1319 846 847 1319 847 1320 1320 847 848 1320 848 1321 1321 848 849 1321 849 1322 1322 849 850 1322 850 1323 1323 850 851 1323 851 1324 1324 851 852 1324 852 1325 1325 852 853 1325 853 1326 1326 853 854 1326 854 1327 1327 854 855 1327 855 1328 1328 855 856 1328 856 1329 1329 856 857 1329 857 1330 1330 857 858 1330 858 1331 1331 858 859 1331 859 222 222 859 1332 1332 859 834 1332 834 1333 1333 834 786 1333 786 1334 1334 786 785 1334 785 1335 1335 785 1336 1335 1336 1337 1337 1336 1338 1337 1338 1339 1339 1338 1340 1339 1340 1341 1341 1340 1342 1341 1342 1343 1343 1342 1344 1343 1344 1345 1345 1344 1346 1345 1346 1347 1347 1346 1348 1347 1348 1349 1349 1348 1350 1349 1350 1351 1351 1350 1352 1351 1352 1353 1353 1352 1354 1353 1354 1355 1355 1354 1356 1355 1356 1357 1357 1356 1358 1357 1358 1359 1359 1358 1360 1359 1360 1361 1361 1360 1362 1361 1362 1363 1363 1362 1364 1363 1364 1365 1365 1364 1366 1365 1366 1367 1367 1366 1368 1367 1368 1369 1369 1368 1370 1369 1370 1371 1371 1370 1372 1371 1372 1373 1373 1372 1374 1373 1374 811 264 263 277 277 263 1312 277 1312 1293 1293 1312 1313 1293 1313 1294 1294 1313 1314 1294 1314 1295 1295 1314 1315 1295 1315 1296 1296 1315 1316 1296 1316 1297 1297 1316 1317 1297 1317 1298 1298 1317 1318 1298 1318 1299 1299 1318 1319 1299 1319 1300 1300 1319 1320 1300 1320 1301 1301 1320 1321 1301 1321 1302 1302 1321 1322 1302 1322 1303 1303 1322 1323 1303 1323 1304 1304 1323 1324 1304 1324 1305 1305 1324 1325 1305 1325 1306 1306 1325 1326 1306 1326 1307 1307 1326 1327 1307 1327 1308 1308 1327 1328 1308 1328 1309 1309 1328 1329 1309 1329 1310 1310 1329 1330 1310 1330 1311 1311 1330 1331 1311 1331 222 811 1375 1373 1373 1375 1376 1373 1376 1371 1371 1376 1377 1371 1377 1369 1369 1377 1378 1369 1378 1367 1367 1378 1379 1367 1379 1365 1365 1379 1380 1365 1380 1363 1363 1380 1381 1363 1381 1361 1361 1381 1382 1361 1382 1359 1359 1382 1383 1359 1383 1357 1357 1383 1384 1357 1384 1355 1355 1384 1385 1355 1385 1353 1353 1385 1386 1353 1386 1351 1351 1386 1387 1351 1387 1349 1349 1387 1388 1349 1388 1347 1347 1388 1389 1347 1389 1345 1345 1389 1390 1345 1390 1343 1343 1390 1391 1343 1391 1341 1341 1391 1392 1341 1392 1339 1339 1392 1393 1339 1393 1337 1337 1393 1394 1337 1394 1335 1335 1394 1395 1335 1395 1334 1334 1395 1396 1334 1396 1333 1333 1396 1397 1333 1397 1332 1332 1397 222 1375 860 1376 1376 860 862 1376 862 1377 1377 862 864 1377 864 1378 1378 864 866 1378 866 1379 1379 866 868 1379 868 1380 1380 868 870 1380 870 1381 1381 870 872 1381 872 1382 1382 872 874 1382 874 1383 1383 874 876 1383 876 1384 1384 876 878 1384 878 1385 1385 878 880 1385 880 1386 1386 880 882 1386 882 1387 1387 882 884 1387 884 1388 1388 884 886 1388 886 1389 1389 886 888 1389 888 1390 1390 888 890 1390 890 1391 1391 890 892 1391 892 1392 1392 892 894 1392 894 1393 1393 894 896 1393 896 1394 1394 896 898 1394 898 1395 1395 898 900 1395 900 1396 1396 900 902 1396 902 1397 1397 902 222 222 1075 220 220 1075 1077 220 1077 838 838 1077 1079 838 1079 813 813 1079 1081 813 1081 764 764 1081 1083 764 1083 738 738 1083 1085 738 1085 713 713 1085 1087 713 1087 669 669 1087 1089 669 1089 627 627 1089 1091 627 1091 587 587 1091 1093 587 1093 549 549 1093 1095 549 1095 513 513 1095 1097 513 1097 479 479 1097 1099 479 1099 447 447 1099 1101 447 1101 417 417 1101 1103 417 1103 389 389 1103 1105 389 1105 363 363 1105 1107 363 1107 339 339 1107 1109 339 1109 317 317 1109 1111 317 1111 297 297 1111 1113 297 1113 278 278 1113 1115 278 1115 264 264 1115 1117 264 1117 252 252 1117 1119 252 1119 242 242 1119 1121 242 1121 240 240 1121 231 901 222 902 861 286 863 863 286 288 863 288 865 865 288 307 865 307 867 867 307 328 867 328 869 869 328 351 869 351 871 871 351 376 871 376 873 873 376 403 873 403 875 875 403 432 875 432 877 877 432 463 877 463 879 879 463 496 879 496 881 881 496 531 881 531 883 883 531 568 883 568 885 885 568 607 885 607 887 887 607 648 887 648 889 889 648 691 889 691 891 891 691 715 891 715 893 893 715 740 893 740 895 895 740 788 895 788 897 897 788 836 897 836 899 899 836 223 899 223 901 901 223 222 1074 810 1076 1076 810 761 1076 761 1078 1078 761 735 1078 735 1080 1080 735 710 1080 710 1082 1082 710 666 1082 666 1084 1084 666 624 1084 624 1086 1086 624 584 1086 584 1088 1088 584 546 1088 546 1090 1090 546 510 1090 510 1092 1092 510 476 1092 476 1094 1094 476 444 1094 444 1096 1096 444 414 1096 414 1098 1098 414 386 1098 386 1100 1100 386 360 1100 360 1102 1102 360 336 1102 336 1104 1104 336 314 1104 314 1106 1106 314 294 1106 294 1108 1108 294 275 1108 275 1110 1110 275 261 1110 261 1112 1112 261 249 1112 249 1114 1114 249 238 1114 238 1116 1116 238 225 1116 225 1118 1118 225 227 1118 227 1120 1120 227 231 811 762 1375 1375 762 789 1375 789 860 860 789 790 860 790 861 861 790 791 861 791 286 286 791 792 286 792 287 287 792 793 287 793 1056 1056 793 794 1056 794 1057 1057 794 795 1057 795 1058 1058 795 796 1058 796 1059 1059 796 797 1059 797 1060 1060 797 798 1060 798 1061 1061 798 799 1061 799 1062 1062 799 800 1062 800 1063 1063 800 801 1063 801 1064 1064 801 802 1064 802 1065 1065 802 803 1065 803 1066 1066 803 804 1066 804 1067 1067 804 805 1067 805 1068 1068 805 806 1068 806 1069 1069 806 807 1069 807 1070 1070 807 808 1070 808 1071 1071 808 809 1071 809 1072 1072 809 810 1072 810 1073 1073 810 1074 1073 1074 222 1374 231 811 785 688 1336 1336 688 645 1336 645 1338 1338 645 604 1338 604 1340 1340 604 565 1340 565 1342 1342 565 528 1342 528 1344 1344 528 493 1344 493 1346 1346 493 460 1346 460 1348 1348 460 429 1348 429 1350 1350 429 400 1350 400 1352 1352 400 373 1352 373 1354 1354 373 348 1354 348 1356 1356 348 325 1356 325 1358 1358 325 304 1358 304 1360 1360 304 284 1360 284 1362 1362 284 269 1362 269 1364 1364 269 256 1364 256 1366 1366 256 245 1366 245 1368 1368 245 235 1368 235 1370 1370 235 228 1370 228 1372 1372 228 230 1372 230 1374 1374 230 231 1398 1399 1400 1400 1399 1401 1400 1401 1402 1403 1404 1405 1405 1404 1406 1405 1406 1407 1407 1406 1408 1407 1408 1409 1409 1408 1410 1409 1410 1411 1412 1413 1414 1414 1413 1411 1414 1411 1415 1415 1411 1410 1416 1417 1418 1418 1417 1419 1418 1419 1420 1421 1417 1422 1422 1417 1416 1422 1416 1412 1412 1416 1423 1412 1423 1413 1419 1424 1420 1420 1424 1425 1420 1425 1426 1427 1428 1429 1429 1428 1426 1429 1426 1430 1430 1426 1425 1431 1432 1433 1433 1432 1428 1433 1428 1434 1434 1428 1427 1431 1435 1432 1432 1435 1436 1432 1436 1437 1436 1438 1437 1437 1438 1439 1437 1439 1398 1398 1439 1440 1398 1440 1399 1441 1442 1443 1444 1445 1446 1446 1445 1447 1446 1447 1448 1449 1450 1451 1451 1450 1452 1451 1452 1453 1453 1452 1454 1453 1454 1455 1455 1454 1456 1455 1456 1457 1457 1456 1458 1457 1458 1459 1459 1458 1441 1459 1441 1460 1460 1441 1443 1461 1462 1463 1461 1463 1464 1465 1466 1449 1449 1466 1467 1449 1467 1450 1463 1468 1464 1464 1468 1469 1464 1469 1470 1470 1469 1471 1470 1471 1472 1472 1473 1470 1470 1473 1474 1470 1474 1475 1474 1476 1475 1475 1476 1477 1475 1477 1478 1479 1480 1481 1481 1480 1478 1481 1478 1482 1482 1478 1477 1479 1483 1480 1480 1483 1484 1480 1484 1485 1484 1486 1485 1485 1486 1487 1485 1487 1444 1444 1487 1488 1444 1488 1445 1461 1466 1462 1462 1466 1465 1462 1465 1489 1489 1465 1490 1491 1492 1490 1490 1492 1493 1490 1493 1489 1494 1495 1496 1496 1495 1497 1496 1497 1491 1491 1497 1498 1491 1498 1492 1494 1496 1499 1499 1496 1500 1499 1500 1501 1501 1500 1502 1502 1500 1503 1502 1503 1504 1505 1506 1507 1507 1506 1508 1507 1508 1503 1503 1508 1509 1503 1509 1504 1405 1402 1403 1403 1402 1401 1403 1401 1507 1507 1401 1510 1507 1510 1505 1421 1422 1511 1511 1422 1512 1511 1512 1513 1513 1512 1514 1514 1512 1515 1514 1515 1516 1517 1518 1515 1515 1518 1519 1515 1519 1516 1520 1521 1517 1517 1521 1522 1517 1522 1518 1523 1524 1520 1520 1524 1525 1520 1525 1521 1523 1520 1526 1526 1520 1527 1526 1527 1528 1528 1527 1529 1528 1529 1530 1530 1529 1531 1531 1529 1443 1531 1443 1448 1448 1443 1442 1448 1442 1446 1532 1533 1534 1534 1533 1535 1534 1535 1536 1536 1535 1537 1536 1537 1538 1538 1537 1539 1538 1539 1540 1540 1539 1541 1540 1541 1542 1542 1541 1543 1544 1545 1546 1546 1545 1547 1546 1547 1548 1548 1547 1549 1548 1549 1550 1550 1549 1551 1550 1551 1552 1552 1551 1553 1552 1553 1554 1554 1553 1555 1556 1557 1558 1558 1557 1559 1558 1559 1560 1560 1559 1561 1561 1559 1562 1562 1559 1563 1562 1563 1564 1565 1566 1567 1568 1569 1570 1570 1569 1571 1556 1572 1557 1557 1572 1573 1557 1573 1570 1570 1573 1574 1570 1574 1568 1575 1576 1577 1578 1579 1580 1580 1579 1581 1580 1581 1582 1566 1583 1567 1567 1583 1584 1567 1584 1563 1563 1584 1585 1563 1585 1564 1575 1577 1567 1567 1577 1586 1567 1586 1565 1587 1588 1575 1575 1588 1589 1575 1589 1576 1590 1591 1592 1592 1591 1593 1592 1593 1587 1587 1593 1594 1587 1594 1588 1595 1596 1597 1598 1599 1600 1600 1599 1571 1600 1571 1601 1601 1571 1569 1581 1602 1582 1582 1602 1603 1582 1603 1592 1592 1603 1604 1592 1604 1590 1595 1605 1596 1596 1605 1606 1596 1606 1580 1580 1606 1607 1580 1607 1578 1598 1608 1599 1599 1608 1609 1599 1609 1597 1597 1609 1610 1597 1610 1595 1611 1529 1612 1612 1529 1527 1612 1527 1613 1614 1490 1615 1615 1490 1465 1615 1465 1616 1617 1422 1618 1618 1422 1412 1618 1412 1619 1527 1520 1613 1613 1520 1517 1613 1517 1620 1620 1517 1515 1620 1515 1617 1617 1515 1512 1617 1512 1422 1621 1459 1622 1622 1459 1460 1622 1460 1611 1611 1460 1443 1611 1443 1529 1465 1449 1616 1616 1449 1451 1616 1451 1623 1623 1451 1453 1623 1453 1624 1624 1453 1455 1624 1455 1621 1621 1455 1457 1621 1457 1459 1625 1500 1626 1626 1500 1496 1626 1496 1614 1614 1496 1491 1614 1491 1490 1627 1403 1628 1628 1403 1507 1628 1507 1625 1625 1507 1503 1625 1503 1500 1412 1414 1619 1619 1414 1415 1619 1415 1629 1415 1410 1629 1629 1410 1408 1629 1408 1630 1630 1408 1406 1630 1406 1627 1627 1406 1404 1627 1404 1403 1599 1597 1631 1631 1597 1632 1631 1633 1599 1599 1633 1634 1599 1634 1571 1571 1634 1635 1571 1635 1570 1570 1635 1636 1570 1636 1557 1557 1636 1637 1557 1637 1559 1559 1637 1638 1559 1638 1563 1563 1638 1639 1563 1639 1567 1567 1639 1640 1567 1640 1575 1575 1640 1641 1575 1641 1587 1587 1641 1642 1587 1642 1592 1592 1642 1643 1592 1643 1582 1582 1643 1644 1582 1644 1580 1580 1644 1632 1580 1632 1596 1596 1632 1597 1631 1632 1645 1631 1645 1633 1636 1635 1645 1645 1635 1634 1645 1634 1633 1639 1638 1645 1645 1638 1637 1645 1637 1636 1642 1641 1645 1645 1641 1640 1645 1640 1639 1632 1644 1645 1645 1644 1643 1645 1643 1642 1646 1624 1647 1647 1624 1621 1647 1621 1648 1648 1621 1622 1648 1622 1649 1649 1622 1611 1649 1611 1650 1650 1611 1612 1650 1612 1651 1651 1612 1613 1651 1613 1652 1652 1613 1620 1652 1620 1653 1653 1620 1617 1653 1617 1654 1654 1617 1618 1654 1618 1655 1655 1618 1619 1655 1619 1656 1656 1619 1629 1656 1629 1657 1657 1629 1630 1657 1630 1658 1658 1630 1627 1658 1627 1659 1659 1627 1628 1659 1628 1660 1660 1628 1625 1660 1625 1661 1661 1625 1626 1661 1626 1662 1662 1626 1614 1662 1614 1663 1663 1614 1615 1663 1615 1664 1664 1615 1616 1664 1616 1665 1665 1616 1623 1665 1623 1646 1646 1623 1624 1532 1550 1552 1552 1554 1532 1532 1554 1398 1532 1398 1400 1536 1538 1548 1550 1532 1548 1548 1532 1534 1548 1534 1536 1544 1546 1542 1542 1546 1548 1542 1548 1540 1540 1548 1538 1461 1464 1542 1542 1464 1470 1418 1420 1554 1554 1420 1426 1554 1426 1428 1428 1432 1554 1554 1432 1437 1554 1437 1398 1470 1475 1542 1542 1475 1478 1542 1478 1480 1446 1544 1444 1444 1544 1542 1444 1542 1485 1485 1542 1480 1663 1664 1543 1533 1656 1657 1653 1654 1555 1663 1543 1662 1665 1646 1454 1657 1658 1533 1533 1658 1659 1533 1659 1535 1535 1659 1660 1535 1660 1537 1537 1660 1661 1537 1661 1539 1539 1661 1662 1539 1662 1541 1541 1662 1543 1454 1646 1456 1456 1646 1647 1456 1647 1458 1458 1647 1648 1458 1648 1441 1533 1402 1656 1656 1402 1405 1656 1405 1407 1653 1555 1652 1466 1543 1467 1467 1543 1664 1467 1664 1450 1450 1664 1665 1450 1665 1452 1452 1665 1454 1416 1555 1423 1423 1555 1654 1423 1654 1413 1413 1654 1655 1413 1655 1411 1411 1655 1656 1411 1656 1409 1409 1656 1407 1555 1553 1652 1652 1553 1551 1652 1551 1651 1651 1551 1549 1651 1549 1650 1650 1549 1547 1650 1547 1649 1649 1547 1545 1649 1545 1648 1648 1545 1442 1648 1442 1441 1542 1543 1461 1461 1543 1466 1545 1544 1442 1442 1544 1446 1532 1400 1533 1533 1400 1402 1555 1416 1554 1554 1416 1418 1434 1427 1666 1430 1425 1667 1417 1421 1668 1513 1514 1669 1516 1519 1670 1522 1521 1671 1526 1528 1672 1530 1531 1673 1448 1447 1674 1488 1487 1675 1479 1481 1676 1476 1474 1677 1472 1471 1678 1469 1468 1679 1462 1489 1680 1498 1497 1681 1494 1499 1682 1501 1502 1683 1509 1508 1684 1401 1399 1685 1440 1439 1686 1438 1436 1687 1431 1433 1688 1569 1568 1689 1689 1568 1690 1689 1690 1691 1691 1690 1692 1691 1692 1693 1693 1692 1694 1693 1694 1695 1695 1694 1684 1560 1561 1696 1696 1561 1697 1696 1697 1698 1698 1697 1699 1698 1699 1700 1700 1699 1701 1700 1701 1702 1702 1701 1680 1566 1565 1703 1703 1565 1704 1703 1704 1705 1705 1704 1706 1705 1706 1707 1707 1706 1708 1707 1708 1709 1709 1708 1676 1577 1576 1710 1710 1576 1711 1710 1711 1712 1712 1711 1713 1712 1713 1714 1714 1713 1715 1714 1715 1716 1716 1715 1675 1590 1604 1717 1717 1604 1718 1717 1718 1719 1719 1718 1720 1719 1720 1721 1721 1720 1722 1721 1722 1723 1723 1722 1671 1607 1606 1724 1724 1606 1725 1724 1725 1726 1726 1725 1727 1726 1727 1728 1728 1727 1729 1728 1729 1730 1730 1729 1667 1435 1431 1731 1731 1431 1688 1731 1688 1732 1732 1688 1733 1732 1733 1734 1734 1733 1735 1734 1735 1736 1736 1735 1737 1736 1737 1609 1609 1737 1610 1609 1608 1736 1736 1608 1738 1736 1738 1734 1734 1738 1739 1734 1739 1732 1732 1739 1740 1732 1740 1731 1731 1740 1687 1731 1687 1435 1435 1687 1436 1439 1438 1686 1686 1438 1687 1686 1687 1741 1741 1687 1740 1741 1740 1742 1742 1740 1739 1742 1739 1743 1743 1739 1738 1743 1738 1598 1598 1738 1608 1399 1440 1685 1685 1440 1686 1685 1686 1744 1744 1686 1741 1744 1741 1745 1745 1741 1742 1745 1742 1746 1746 1742 1743 1746 1743 1600 1600 1743 1598 1510 1401 1747 1747 1401 1685 1747 1685 1748 1748 1685 1744 1748 1744 1749 1749 1744 1745 1749 1745 1750 1750 1745 1746 1750 1746 1601 1601 1746 1600 1601 1569 1750 1750 1569 1689 1750 1689 1749 1749 1689 1691 1749 1691 1748 1748 1691 1693 1748 1693 1747 1747 1693 1695 1747 1695 1510 1510 1695 1505 1684 1508 1695 1695 1508 1506 1695 1506 1505 1504 1509 1751 1751 1509 1684 1751 1684 1752 1752 1684 1694 1752 1694 1753 1753 1694 1692 1753 1692 1754 1754 1692 1690 1754 1690 1574 1574 1690 1568 1574 1573 1754 1754 1573 1755 1754 1755 1753 1753 1755 1756 1753 1756 1752 1752 1756 1757 1752 1757 1751 1751 1757 1683 1751 1683 1504 1504 1683 1502 1499 1501 1682 1682 1501 1683 1682 1683 1758 1758 1683 1757 1758 1757 1759 1759 1757 1756 1759 1756 1760 1760 1756 1755 1760 1755 1572 1572 1755 1573 1495 1494 1761 1761 1494 1682 1761 1682 1762 1762 1682 1758 1762 1758 1763 1763 1758 1759 1763 1759 1764 1764 1759 1760 1764 1760 1556 1556 1760 1572 1556 1558 1764 1764 1558 1765 1764 1765 1763 1763 1765 1766 1763 1766 1762 1762 1766 1767 1762 1767 1761 1761 1767 1681 1761 1681 1495 1495 1681 1497 1492 1498 1702 1702 1498 1681 1702 1681 1700 1700 1681 1767 1700 1767 1698 1698 1767 1766 1698 1766 1696 1696 1766 1765 1696 1765 1560 1560 1765 1558 1680 1489 1702 1702 1489 1493 1702 1493 1492 1463 1462 1768 1768 1462 1680 1768 1680 1769 1769 1680 1701 1769 1701 1770 1770 1701 1699 1770 1699 1771 1771 1699 1697 1771 1697 1562 1562 1697 1561 1562 1564 1771 1771 1564 1772 1771 1772 1770 1770 1772 1773 1770 1773 1769 1769 1773 1774 1769 1774 1768 1768 1774 1679 1768 1679 1463 1463 1679 1468 1471 1469 1678 1678 1469 1679 1678 1679 1775 1775 1679 1774 1775 1774 1776 1776 1774 1773 1776 1773 1777 1777 1773 1772 1777 1772 1585 1585 1772 1564 1473 1472 1778 1778 1472 1678 1778 1678 1779 1779 1678 1775 1779 1775 1780 1780 1775 1776 1780 1776 1781 1781 1776 1777 1781 1777 1584 1584 1777 1585 1584 1583 1781 1781 1583 1782 1781 1782 1780 1780 1782 1783 1780 1783 1779 1779 1783 1784 1779 1784 1778 1778 1784 1677 1778 1677 1473 1473 1677 1474 1477 1476 1709 1709 1476 1677 1709 1677 1707 1707 1677 1784 1707 1784 1705 1705 1784 1783 1705 1783 1703 1703 1783 1782 1703 1782 1566 1566 1782 1583 1676 1481 1709 1709 1481 1482 1709 1482 1477 1483 1479 1785 1785 1479 1676 1785 1676 1786 1786 1676 1708 1786 1708 1787 1787 1708 1706 1787 1706 1788 1788 1706 1704 1788 1704 1586 1586 1704 1565 1586 1577 1788 1788 1577 1710 1788 1710 1787 1787 1710 1712 1787 1712 1786 1786 1712 1714 1786 1714 1785 1785 1714 1716 1785 1716 1483 1483 1716 1484 1675 1487 1716 1716 1487 1486 1716 1486 1484 1445 1488 1789 1789 1488 1675 1789 1675 1790 1790 1675 1715 1790 1715 1791 1791 1715 1713 1791 1713 1792 1792 1713 1711 1792 1711 1589 1589 1711 1576 1589 1588 1792 1792 1588 1793 1792 1793 1791 1791 1793 1794 1791 1794 1790 1790 1794 1795 1790 1795 1789 1789 1795 1674 1789 1674 1445 1445 1674 1447 1531 1448 1673 1673 1448 1674 1673 1674 1796 1796 1674 1795 1796 1795 1797 1797 1795 1794 1797 1794 1798 1798 1794 1793 1798 1793 1594 1594 1793 1588 1528 1530 1672 1672 1530 1673 1672 1673 1799 1799 1673 1796 1799 1796 1800 1800 1796 1797 1800 1797 1801 1801 1797 1798 1801 1798 1593 1593 1798 1594 1523 1526 1802 1802 1526 1672 1802 1672 1803 1803 1672 1799 1803 1799 1804 1804 1799 1800 1804 1800 1805 1805 1800 1801 1805 1801 1591 1591 1801 1593 1591 1590 1805 1805 1590 1717 1805 1717 1804 1804 1717 1719 1804 1719 1803 1803 1719 1721 1803 1721 1802 1802 1721 1723 1802 1723 1523 1523 1723 1524 1671 1521 1723 1723 1521 1525 1723 1525 1524 1518 1522 1806 1806 1522 1671 1806 1671 1807 1807 1671 1722 1807 1722 1808 1808 1722 1720 1808 1720 1809 1809 1720 1718 1809 1718 1603 1603 1718 1604 1603 1602 1809 1809 1602 1810 1809 1810 1808 1808 1810 1811 1808 1811 1807 1807 1811 1812 1807 1812 1806 1806 1812 1670 1806 1670 1518 1518 1670 1519 1514 1516 1669 1669 1516 1670 1669 1670 1813 1813 1670 1812 1813 1812 1814 1814 1812 1811 1814 1811 1815 1815 1811 1810 1815 1810 1581 1581 1810 1602 1511 1513 1816 1816 1513 1669 1816 1669 1817 1817 1669 1813 1817 1813 1818 1818 1813 1814 1818 1814 1819 1819 1814 1815 1819 1815 1579 1579 1815 1581 1579 1578 1819 1819 1578 1820 1819 1820 1818 1818 1820 1821 1818 1821 1817 1817 1821 1822 1817 1822 1816 1816 1822 1668 1816 1668 1511 1511 1668 1421 1419 1417 1730 1730 1417 1668 1730 1668 1728 1728 1668 1822 1728 1822 1726 1726 1822 1821 1726 1821 1724 1724 1821 1820 1724 1820 1607 1607 1820 1578 1667 1425 1730 1730 1425 1424 1730 1424 1419 1429 1430 1823 1823 1430 1667 1823 1667 1824 1824 1667 1729 1824 1729 1825 1825 1729 1727 1825 1727 1826 1826 1727 1725 1826 1725 1605 1605 1725 1606 1605 1595 1826 1826 1595 1827 1826 1827 1825 1825 1827 1828 1825 1828 1824 1824 1828 1829 1824 1829 1823 1823 1829 1666 1823 1666 1429 1429 1666 1427 1433 1434 1688 1688 1434 1666 1688 1666 1733 1733 1666 1829 1733 1829 1735 1735 1829 1828 1735 1828 1737 1737 1828 1827 1737 1827 1610 1610 1827 1595 1830 1831 1832 1833 1834 1832 1832 1834 1835 1832 1835 1830 1836 1837 1838 1838 1837 1839 1838 1839 1840 1830 1841 1831 1831 1841 1842 1831 1842 1838 1838 1842 1843 1838 1843 1836 1844 1845 1846 1846 1845 1840 1846 1840 1847 1847 1840 1839 1848 1849 1850 1850 1849 1851 1850 1851 1852 1853 1854 1855 1855 1854 1856 1855 1856 1857 1858 1859 1860 1860 1859 1861 1860 1861 1856 1856 1861 1862 1856 1862 1857 1844 1863 1845 1845 1863 1864 1845 1864 1865 1865 1864 1866 1865 1866 1867 1851 1868 1852 1852 1868 1869 1852 1869 1832 1832 1869 1870 1832 1870 1833 1848 1850 1871 1871 1850 1872 1871 1872 1873 1853 1874 1854 1854 1874 1875 1854 1875 1872 1872 1875 1876 1872 1876 1873 1867 1877 1865 1865 1877 1878 1865 1878 1860 1860 1878 1879 1860 1879 1858 1880 1875 1881 1881 1875 1874 1881 1874 1882 1882 1874 1853 1882 1853 1883 1883 1853 1855 1883 1855 1884 1884 1855 1857 1884 1857 1885 1885 1857 1862 1885 1862 1886 1886 1862 1861 1886 1861 1887 1887 1861 1859 1887 1859 1888 1888 1859 1858 1888 1858 1889 1889 1858 1879 1889 1879 1890 1890 1879 1878 1890 1878 1891 1891 1878 1877 1891 1877 1892 1892 1877 1867 1892 1867 1893 1893 1867 1866 1893 1866 1894 1894 1866 1864 1894 1864 1895 1895 1864 1863 1895 1863 1896 1896 1863 1844 1896 1844 1897 1897 1844 1846 1897 1846 1898 1898 1846 1847 1898 1847 1899 1899 1847 1839 1899 1839 1900 1900 1839 1837 1900 1837 1901 1901 1837 1836 1901 1836 1902 1902 1836 1843 1902 1843 1903 1903 1843 1842 1903 1842 1904 1904 1842 1841 1904 1841 1905 1905 1841 1830 1905 1830 1906 1906 1830 1835 1906 1835 1907 1907 1835 1834 1907 1834 1908 1908 1834 1833 1908 1833 1909 1909 1833 1870 1909 1870 1910 1910 1870 1869 1910 1869 1911 1911 1869 1868 1911 1868 1912 1912 1868 1851 1912 1851 1913 1913 1851 1849 1913 1849 1914 1914 1849 1848 1914 1848 1915 1915 1848 1871 1915 1871 1916 1916 1871 1873 1916 1873 1917 1917 1873 1876 1917 1876 1880 1880 1876 1875 1900 1901 1918 1902 1919 1901 1901 1919 1920 1901 1920 1918 1903 1921 1902 1902 1921 1922 1902 1922 1919 1904 1923 1903 1903 1923 1924 1903 1924 1921 1905 1925 1904 1904 1925 1926 1904 1926 1923 1906 1927 1905 1905 1927 1928 1905 1928 1925 1907 1929 1906 1906 1929 1930 1906 1930 1927 1908 1931 1907 1907 1931 1932 1907 1932 1929 1909 1933 1908 1908 1933 1934 1908 1934 1931 1910 1935 1909 1909 1935 1936 1909 1936 1933 1911 1937 1910 1910 1937 1938 1910 1938 1935 1912 1939 1911 1911 1939 1940 1911 1940 1937 1913 1941 1912 1912 1941 1942 1912 1942 1939 1914 1943 1913 1913 1943 1944 1913 1944 1941 1915 1945 1914 1914 1945 1946 1914 1946 1943 1916 1947 1915 1915 1947 1948 1915 1948 1945 1949 1950 1916 1916 1950 1951 1916 1951 1947 1916 1917 1949 1949 1917 1880 1949 1880 1952 1952 1880 1881 1952 1881 1953 1882 1954 1881 1881 1954 1955 1881 1955 1953 1883 1884 1956 1956 1957 1883 1883 1957 1958 1883 1958 1882 1882 1958 1959 1882 1959 1954 1885 1886 1960 1960 1961 1885 1885 1961 1962 1885 1962 1884 1884 1962 1963 1884 1963 1956 1887 1888 1964 1964 1965 1887 1887 1965 1966 1887 1966 1886 1886 1966 1967 1886 1967 1960 1889 1890 1968 1968 1969 1889 1889 1969 1970 1889 1970 1888 1888 1970 1971 1888 1971 1964 1891 1892 1972 1972 1973 1891 1891 1973 1974 1891 1974 1890 1890 1974 1975 1890 1975 1968 1893 1894 1976 1976 1977 1893 1893 1977 1978 1893 1978 1892 1892 1978 1979 1892 1979 1972 1895 1896 1980 1980 1981 1895 1895 1981 1982 1895 1982 1894 1894 1982 1983 1894 1983 1976 1897 1898 1984 1984 1985 1897 1897 1985 1986 1897 1986 1896 1896 1986 1987 1896 1987 1980 1918 1988 1900 1900 1988 1989 1900 1989 1899 1899 1989 1990 1899 1990 1898 1898 1990 1991 1898 1991 1984 1992 1993 1994 1994 1993 1995 1994 1996 1992 1992 1996 1997 1992 1997 1998 1998 1997 1999 2000 2001 2002 2002 2001 2003 2002 2003 2004 2004 2003 2005 2004 2005 2006 2006 2005 2007 2006 2007 2008 2008 2007 2009 2008 2009 2010 2010 2009 2011 2010 2011 2012 2012 2011 2013 2012 2013 2014 2014 2013 2015 2014 2015 2016 2016 2015 2017 2016 2017 2018 2018 2017 2019 2018 2019 2020 2020 2019 2021 2020 2021 1999 1999 2021 2022 1999 2022 1998 2000 2002 2023 2023 2002 2024 2023 2024 2025 2025 2024 2026 2025 2026 2027 2027 2026 2028 2027 2028 2029 2028 2030 2029 2029 2030 2031 2029 2031 2032 2032 2031 2033 2032 2033 2034 2034 2033 2035 2035 2033 2036 2035 2036 2037 2037 2036 2038 2037 2038 2039 2039 2038 2040 2039 2040 2041 2041 2040 2042 2041 2042 2043 2043 2042 2044 2043 2044 2045 2045 2044 2046 2045 2046 2047 2047 2046 2048 2047 2048 2049 2049 2048 2050 2049 2050 2051 2051 2050 2052 2051 2052 2053 2053 2052 2054 2053 2054 2055 2055 2054 2056 2055 2056 2057 2057 2056 2058 2057 2058 2059 2059 2058 2060 2059 2060 2061 2061 2060 2062 2061 2062 2063 2063 2062 2064 2064 2062 2065 2064 2065 2066 2066 2065 2067 2066 2067 2068 2067 2069 2068 2068 2069 2070 2068 2070 2071 2071 2070 2072 1993 2073 1995 1995 2073 2074 1995 2074 2075 2075 2074 2076 2075 2076 2077 2077 2076 2078 2077 2078 2079 2079 2078 2080 2079 2080 2081 2081 2080 2082 2081 2082 2083 2083 2082 2084 2083 2084 2085 2085 2084 2086 2085 2086 2087 2087 2086 2088 2087 2088 2089 2089 2088 2090 2089 2090 2091 2091 2090 2092 2091 2092 2093 2093 2092 2094 2093 2094 2095 2095 2094 2096 2095 2096 2097 2097 2096 2098 2097 2098 2099 2099 2098 2100 2099 2100 2101 2101 2100 2102 2101 2102 2103 2103 2102 2104 2103 2104 2105 2105 2104 2106 2105 2106 2072 2072 2106 2107 2072 2107 2071 2108 2109 2110 2110 2109 2111 2110 2111 2112 2113 2114 2115 2115 2114 2116 2115 2116 2117 2118 2119 2120 2120 2119 2121 2120 2121 2116 2116 2121 2122 2116 2122 2117 2118 2120 2123 2123 2120 2124 2123 2124 2125 2126 2127 2128 2128 2127 2129 2128 2129 2124 2124 2129 2130 2124 2130 2125 2108 2131 2109 2109 2131 2132 2109 2132 2133 2113 2134 2114 2114 2134 2135 2114 2135 2136 2126 2128 2137 2137 2128 2138 2137 2138 2139 2140 2141 2138 2138 2141 2142 2138 2142 2139 2143 2144 2145 2145 2144 2146 2145 2146 2140 2140 2146 2147 2140 2147 2141 2135 2148 2136 2136 2148 2149 2136 2149 2111 2111 2149 2150 2111 2150 2112 2132 2151 2133 2133 2151 2152 2133 2152 2145 2145 2152 2153 2145 2153 2143 2109 1832 2111 2111 1832 1831 2111 1831 2136 2136 1831 1838 2136 1838 2114 2114 1838 1840 2114 1840 2116 2116 1840 1845 2116 1845 2120 2120 1845 1865 2120 1865 2124 2124 1865 1860 2124 1860 2128 2128 1860 1856 2128 1856 2138 2138 1856 1854 2138 1854 2140 2140 1854 1872 2140 1872 2145 2145 1872 1850 2145 1850 2133 2133 1850 1852 2133 1852 2109 2109 1852 1832 2010 2154 2155 2010 2012 2154 2154 2012 2014 2154 2014 2156 2156 2014 2016 2156 2016 2157 2157 2016 2018 2157 2018 2158 2158 2018 2020 2020 1999 2158 2158 1999 1997 2158 1997 2159 2159 1997 1996 2159 1996 2160 2160 1996 1994 2160 1994 2161 2161 1994 1995 1995 2075 2161 2161 2075 2077 2161 2077 2162 2077 2079 2162 2162 2079 2081 2162 2081 2163 2163 2081 2083 2163 2083 2164 2083 2085 2164 2164 2085 2087 2164 2087 2165 2087 2089 2165 2165 2089 2091 2165 2091 2166 2166 2091 2093 2166 2093 2167 2167 2093 2095 2167 2095 2168 2168 2095 2097 2097 2099 2168 2168 2099 2101 2168 2101 2169 2169 2101 2103 2169 2103 2170 2170 2103 2105 2170 2105 2171 2105 2072 2171 2171 2072 2070 2171 2070 2172 2070 2069 2172 2172 2069 2067 2172 2067 2173 2173 2067 2065 2173 2065 2174 2174 2065 2062 2174 2062 2175 2175 2062 2060 2060 2058 2175 2175 2058 2056 2175 2056 2176 2176 2056 2054 2176 2054 2177 2054 2052 2177 2177 2052 2050 2177 2050 2178 2050 2048 2178 2178 2048 2046 2178 2046 2179 2046 2044 2179 2179 2044 2042 2179 2042 2180 2180 2042 2040 2180 2040 2181 2040 2038 2181 2181 2038 2036 2181 2036 2182 2036 2033 2182 2182 2033 2031 2182 2031 2183 2183 2031 2030 2183 2030 2184 2184 2030 2028 2184 2028 2185 2185 2028 2026 2026 2024 2185 2185 2024 2002 2185 2002 2186 2186 2002 2004 2186 2004 2187 2187 2004 2006 2187 2006 2155 2155 2006 2008 2155 2008 2010 2186 2188 2185 2185 2188 2189 2185 2189 2184 2184 2189 2190 2184 2190 2183 2183 2190 2191 2183 2191 2182 2182 2191 2192 2182 2192 2181 2181 2192 2193 2181 2193 2180 2180 2193 2194 2180 2194 2179 2179 2194 2195 2179 2195 2178 2178 2195 2196 2178 2196 2177 2177 2196 2197 2177 2197 2176 2176 2197 2198 2176 2198 2175 2175 2198 2199 2175 2199 2174 2174 2199 2200 2174 2200 2173 2173 2200 2201 2173 2201 2172 2172 2201 2202 2172 2202 2171 2171 2202 2203 2171 2203 2170 2170 2203 2204 2170 2204 2169 2169 2204 2205 2169 2205 2168 2168 2205 2206 2168 2206 2167 2167 2206 2207 2167 2207 2166 2166 2207 2208 2166 2208 2165 2165 2208 2209 2165 2209 2164 2164 2209 2210 2164 2210 2163 2163 2210 2211 2163 2211 2162 2162 2211 2212 2162 2212 2161 2161 2212 2213 2161 2213 2160 2160 2213 2214 2160 2214 2159 2159 2214 2215 2159 2215 2158 2158 2215 2216 2158 2216 2157 2157 2216 2217 2157 2217 2156 2156 2217 2218 2156 2218 2154 2154 2218 2219 2154 2219 2155 2155 2219 2220 2155 2220 2187 2187 2220 2221 2187 2221 2186 2186 2221 2188 2221 2222 2188 2188 2222 2223 2188 2223 2189 2189 2223 2224 2189 2224 2190 2190 2224 2225 2190 2225 2191 2191 2225 2226 2191 2226 2192 2192 2226 2227 2192 2227 2193 2193 2227 2228 2193 2228 2194 2194 2228 2229 2194 2229 2195 2195 2229 2230 2195 2230 2196 2196 2230 2231 2196 2231 2197 2197 2231 2232 2197 2232 2198 2198 2232 2233 2198 2233 2199 2199 2233 2234 2199 2234 2200 2200 2234 2235 2200 2235 2201 2201 2235 2236 2201 2236 2202 2202 2236 2237 2202 2237 2203 2203 2237 2238 2203 2238 2204 2204 2238 2239 2204 2239 2205 2205 2239 2240 2205 2240 2206 2206 2240 2241 2206 2241 2207 2207 2241 2242 2207 2242 2208 2208 2242 2243 2208 2243 2209 2209 2243 2244 2209 2244 2210 2210 2244 2245 2210 2245 2211 2211 2245 2246 2211 2246 2212 2212 2246 2247 2212 2247 2213 2213 2247 2248 2213 2248 2214 2214 2248 2249 2214 2249 2215 2215 2249 2250 2215 2250 2216 2216 2250 2251 2216 2251 2217 2217 2251 2252 2217 2252 2218 2218 2252 2253 2218 2253 2219 2219 2253 2254 2219 2254 2220 2220 2254 2255 2220 2255 2221 2221 2255 2222 2255 2115 2222 2222 2115 2117 2222 2117 2223 2223 2117 2122 2223 2122 2224 2224 2122 2121 2224 2121 2225 2225 2121 2119 2225 2119 2226 2226 2119 2118 2226 2118 2227 2227 2118 2123 2227 2123 2228 2228 2123 2125 2228 2125 2229 2229 2125 2130 2229 2130 2230 2230 2130 2129 2230 2129 2231 2231 2129 2127 2231 2127 2232 2232 2127 2126 2232 2126 2233 2233 2126 2137 2233 2137 2234 2234 2137 2139 2234 2139 2235 2235 2139 2142 2235 2142 2236 2236 2142 2141 2236 2141 2237 2237 2141 2147 2237 2147 2238 2238 2147 2146 2238 2146 2239 2239 2146 2144 2239 2144 2240 2240 2144 2143 2240 2143 2241 2241 2143 2153 2241 2153 2242 2242 2153 2152 2242 2152 2243 2243 2152 2151 2243 2151 2244 2244 2151 2132 2244 2132 2245 2245 2132 2131 2245 2131 2246 2246 2131 2108 2246 2108 2247 2247 2108 2110 2247 2110 2248 2248 2110 2112 2248 2112 2249 2249 2112 2150 2249 2150 2250 2250 2150 2149 2250 2149 2251 2251 2149 2148 2251 2148 2252 2252 2148 2135 2252 2135 2253 2253 2135 2134 2253 2134 2254 2254 2134 2113 2254 2113 2255 2255 2113 2115 1953 1955 2256 1954 1959 2257 1958 1957 2258 1956 1963 2259 1962 1961 2260 1960 1967 2261 1966 1965 2262 1974 1973 2263 1972 1979 2264 1978 1977 2265 1976 1983 2266 1982 1981 2267 1980 1987 2268 1986 1985 2269 2270 2271 2272 2061 2063 2273 2051 2053 2274 2041 2043 2275 2039 2041 2276 2035 2037 2277 2029 2032 2278 2025 2027 2279 2001 2000 2280 2007 2005 2281 2011 2009 2282 2017 2015 2283 2021 2019 2284 1992 1998 2285 2073 1993 2286 2078 2076 2287 2082 2080 2288 2088 2086 2289 2092 2090 2290 2098 2096 2291 2102 2100 2292 2098 2291 2100 2096 2094 2293 2293 2094 2092 2088 2289 2090 2086 2084 2294 2294 2084 2082 2078 2287 2080 2076 2074 2295 2295 2074 2073 1992 2285 1993 1998 2022 2296 2296 2022 2021 2017 2283 2019 2015 2013 2297 2297 2013 2011 2007 2281 2009 2005 2003 2298 2298 2003 2001 2000 2023 2299 2299 2023 2025 2029 2278 2027 2032 2034 2300 2300 2034 2035 2039 2276 2037 2047 2049 2301 2057 2059 2302 2066 2068 2303 2104 2271 2106 2106 2271 2270 2106 2270 2107 2107 2270 2071 2304 2272 2305 2305 2272 2271 2305 2271 2306 2306 2271 2104 2306 2104 2102 2307 2308 2309 2310 1950 1949 2102 2292 2306 2306 2292 2311 2306 2311 2305 2305 2311 2310 2305 2310 2304 2304 2310 1949 2304 1949 1952 2312 1947 1951 2100 2291 2292 2292 2291 2313 2292 2313 2311 2311 2313 2312 2311 2312 2310 2310 2312 1951 2310 1951 1950 2314 1945 1948 2096 2293 2291 2291 2293 2315 2291 2315 2313 2313 2315 2314 2313 2314 2312 2312 2314 1948 2312 1948 1947 2316 1943 1946 2092 2290 2293 2293 2290 2317 2293 2317 2315 2315 2317 2316 2315 2316 2314 2314 2316 1946 2314 1946 1945 2318 1941 1944 2090 2289 2290 2290 2289 2319 2290 2319 2317 2317 2319 2318 2317 2318 2316 2316 2318 1944 2316 1944 1943 2320 1939 1942 2086 2294 2289 2289 2294 2321 2289 2321 2319 2319 2321 2320 2319 2320 2318 2318 2320 1942 2318 1942 1941 2322 1937 1940 2082 2288 2294 2294 2288 2323 2294 2323 2321 2321 2323 2322 2321 2322 2320 2320 2322 1940 2320 1940 1939 2324 1935 1938 2080 2287 2288 2288 2287 2325 2288 2325 2323 2323 2325 2324 2323 2324 2322 2322 2324 1938 2322 1938 1937 2326 1933 1936 2076 2295 2287 2287 2295 2327 2287 2327 2325 2325 2327 2326 2325 2326 2324 2324 2326 1936 2324 1936 1935 2328 1931 1934 2073 2286 2295 2295 2286 2329 2295 2329 2327 2327 2329 2328 2327 2328 2326 2326 2328 1934 2326 1934 1933 2330 1929 1932 1993 2285 2286 2286 2285 2331 2286 2331 2329 2329 2331 2330 2329 2330 2328 2328 2330 1932 2328 1932 1931 2332 1927 1930 1998 2296 2285 2285 2296 2333 2285 2333 2331 2331 2333 2332 2331 2332 2330 2330 2332 1930 2330 1930 1929 2334 1925 1928 2021 2284 2296 2296 2284 2335 2296 2335 2333 2333 2335 2334 2333 2334 2332 2332 2334 1928 2332 1928 1927 2336 1923 1926 2019 2283 2284 2284 2283 2337 2284 2337 2335 2335 2337 2336 2335 2336 2334 2334 2336 1926 2334 1926 1925 2338 1921 1924 2015 2297 2283 2283 2297 2339 2283 2339 2337 2337 2339 2338 2337 2338 2336 2336 2338 1924 2336 1924 1923 2340 1919 1922 2011 2282 2297 2297 2282 2341 2297 2341 2339 2339 2341 2340 2339 2340 2338 2338 2340 1922 2338 1922 1921 2342 1918 1920 2009 2281 2282 2282 2281 2343 2282 2343 2341 2341 2343 2342 2341 2342 2340 2340 2342 1920 2340 1920 1919 2344 1989 1988 2005 2298 2281 2281 2298 2345 2281 2345 2343 2343 2345 2344 2343 2344 2342 2342 2344 1988 2342 1988 1918 1984 1991 2346 2346 1991 1990 2001 2280 2298 2298 2280 2347 2298 2347 2345 2345 2347 2346 2345 2346 2344 2344 2346 1990 2344 1990 1989 2000 2299 2280 2280 2299 2348 2280 2348 2347 2347 2348 2269 2347 2269 2346 2346 2269 1985 2346 1985 1984 2025 2279 2299 2299 2279 2349 2299 2349 2348 2348 2349 2268 2348 2268 2269 2269 2268 1987 2269 1987 1986 2027 2278 2279 2279 2278 2350 2279 2350 2349 2349 2350 2267 2349 2267 2268 2268 2267 1981 2268 1981 1980 2032 2300 2278 2278 2300 2351 2278 2351 2350 2350 2351 2266 2350 2266 2267 2267 2266 1983 2267 1983 1982 2035 2277 2300 2300 2277 2352 2300 2352 2351 2351 2352 2265 2351 2265 2266 2266 2265 1977 2266 1977 1976 2037 2276 2277 2277 2276 2353 2277 2353 2352 2352 2353 2264 2352 2264 2265 2265 2264 1979 2265 1979 1978 2041 2275 2276 2276 2275 2354 2276 2354 2353 2353 2354 2263 2353 2263 2264 2264 2263 1973 2264 1973 1972 2275 2309 2354 2354 2309 2308 2354 2308 2263 2263 2308 1975 2263 1975 1974 1964 1971 2355 2355 1971 2307 2355 2307 2356 2356 2307 2309 2356 2309 2357 2357 2309 2275 2357 2275 2045 2045 2275 2043 1971 1970 2307 2307 1970 1969 2307 1969 2308 2308 1969 1968 2308 1968 1975 1965 1964 2262 2262 1964 2355 2262 2355 2358 2358 2355 2356 2358 2356 2301 2301 2356 2357 2301 2357 2047 2047 2357 2045 1967 1966 2261 2261 1966 2262 2261 2262 2359 2359 2262 2358 2359 2358 2274 2274 2358 2301 2274 2301 2051 2051 2301 2049 1961 1960 2260 2260 1960 2261 2260 2261 2360 2360 2261 2359 2360 2359 2361 2361 2359 2274 2361 2274 2055 2055 2274 2053 1963 1962 2259 2259 1962 2260 2259 2260 2362 2362 2260 2360 2362 2360 2302 2302 2360 2361 2302 2361 2057 2057 2361 2055 1957 1956 2258 2258 1956 2259 2258 2259 2363 2363 2259 2362 2363 2362 2273 2273 2362 2302 2273 2302 2061 2061 2302 2059 1959 1958 2257 2257 1958 2258 2257 2258 2364 2364 2258 2363 2364 2363 2365 2365 2363 2273 2365 2273 2064 2064 2273 2063 1955 1954 2256 2256 1954 2257 2256 2257 2366 2366 2257 2364 2366 2364 2303 2303 2364 2365 2303 2365 2066 2066 2365 2064 1952 1953 2304 2304 1953 2256 2304 2256 2272 2272 2256 2366 2272 2366 2270 2270 2366 2303 2270 2303 2071 2071 2303 2068</p>
                </triangles>
            </mesh>
        </geometry>
    </library_geometries>
    <library_visual_scenes>
        <visual_scene id="VisualSceneNode" name="VisualScene">
            <node id="node" name="node">
                <instance_geometry url="#shape0-lib"/>
            </node>
        </visual_scene>
    </library_visual_scenes>
    <scene>
        <instance_visual_scene url="#VisualSceneNode"/>
    </scene>
</COLLADA>
